company_name,cage,email,phone,contact_name,linkID
AUSTIN HARDWARE,008231,,614-228-5781,Brian Wider,008231
BEDFORD PRECISION PARTS,008239,,8613716599952,ROGER RAPIN or CON.BUGDEN,008239
AIR-WAY MANUFACTURING,008245,info@empirefoam.com,734-606-5100,David Rioch,008245
SHIM-IT CORP,008247,marks@washburngarfield.com,814-228-3417,David A. DeLuca,008247
SEMTEX INDUSTRIAL CORPORATION,008250,,757-622-4706, ,008250
BARRY INDUSTRIES,008251,,800-265-8772,SALES,008251
BLUE WAVE ULTRASONICS,008252,scottm@anchoraudio.com,315-622-1800,Norma Redmond,008252
NATEL ENGINEERING COMPANY,008253,addie.roll@crown.com,847-427-8340,Donna Taylor,008253
DUFFY'S EQUIPMENT,008254,info@boaterbarn.com,434-970-7878,SALES,008254
BERKSHIRE TRANSFORMER,008258,,816-537-6777,CUSTOMER SERVICE,008258
BARNES ENGINEERING COMPANY,008263,,231-577-5066,Bill Snyder/SALES,008263
PROPONENT USE #111915,008264,jessica@relectric.com,302-325-9880,Gladys Scott,008264
CRAIG SYSTEMS CORP.,008266,,360.548.3182 DIR,"Krissy Healy, Mgr.",008266
CEN ELECTRONICS,008268,,630-844-1999,MARY AKERS,008268
MINI-CIRCUITS,008269,cs@toolsdirect.com,713-590-5542,Sales,008269
OPT INDUSTRIES INC.,008270,,716-685-9585,CAROL-SUE,008270
M. FARRIS & ASSOCIATES,008273,,0114970839248281,HAROLD BAUER,008273
"ITT INDUSTRIES, INC.",008274,,714-778-1900,JEFF HOLLISTER,008274
SODERBERG MANUFACTURING,008275,AR@TROOPINDUSTRIAL.COM,310-537-2300,Michael Brestol,008275
ALCATEL NETWORK SYSTEMS,008277,,716-667-9090,Robyn O'Leary ,008277
GAS EQUIPMENT ENG. CORP.,008279,sales@aerospacealliance.net,818-786-0300,Dave Gillespie,008279
WESCO AIRCRAFT HARDWARE CORP.,008280,SHARONS@HAYDENCORP.COM,321-926-3115,CINDY WIRTH,008280
GENERAL REGULATOR CORPORATION,008282,HELLO@SHARKCRATES.COM,717-652-5430,Tracy Steinhouse ,008282
ARTISAN ELECTRONICS CORP.,008291,,315-423-7702,Mike Duffy,008291
ASSOCIATED AIRCRAFT SUPPLY,008292,bkaerospace@yahoo.com,800-497-4543,JUDE MASTERS,008292
THE CLAREMONT SALES CORPORATIO,008293,,541-902-0143,Sales,008293
"VIASAT, INC.",008294,s.green@distributionintl.com,585-899-3920,MATT MCCORMICK,008294
CONNECTOR INDUSTRIES,008297,,734-737-5655,SARAH,008297
BARCAR MFG.,008299,burnsd@aproducts.com,212-639-8900,BILL LYCETT,008299
ENGINEERED PRODUCTS CO.,008301,,734-384-4375,DAN ALBERTI,008301
ANAREN MICROWAVE INC,008304,,800-642-4272,Sales,008304
KEROTEST MFG. CO.,008305,springsales@asraymond.com,757-558-3625,Dennis Regan,008305
"FABRICATION SPECIALITY, INC.",008308,simonrayner@pumpsandgearboxes.co.uk ,276-783-4582,Donna,008308
INDUSTRIAL ELECTRONIC ENGINEER,008309,,440-255-2888,,008309
E-Z HOOK,008310,,620-767-7846,Myron / Parts  x 104,008310
GROBET FILE COMPANY,008311,,888-749-5042,GLORIA ALBRIGHT,008311
"ABB INSTRUMENTATION, INC",008312,,909-734-0070,JOHN PAUL,008312
BLACK BOX CORP.,008313,connectorsplus@comcast.net ,800-321-1874,JUSTIN EVANS,008313
THE ROBERT GROUP,008314,,860-524-7811,Paula,008314
"V M PRODUCTS, INC.",008315,sales@american-filter.com,303-871-9400,REID BELL,008315
"FACET USA, INC.",008318,,800-423-5190,Esther Alvarado,008318
AMERICAN RELAYS INC,008319,,951-639-1034,Meagan Ward,008319
REGIONAL DEFENSE SERVICES LLC,008321,Cannew@msn.com,219-229-6142,MARK PETERS,008321
"ROCKWELL COLLINS, INC.",008328,totten@drs.com,815-865-5711,SYNDI,008328
AEROSPACE SPECIALTIES,008332,,716-896-2811,CUSTOMER SERVICE,008332
AMERICAN RING & TOOL,008338,hoseramps@gmail.com,800-421-6815,MARY SOCHA,008338
SPIROL INTERNATIONAL,008350,alexandra.hammond@warfighterfocusedlogistics.com,909.599.5955,GREG,008350
"UNI-GRIP, INC.",008357,geandyking@gmail.com,455-7434,SALES,008357
BENDON GEAR & MACHINE,008360,,716-832-3300,CUSTOMER SERVICE,008360
HYDRIL USA DISTRIBUTIONS LLC,008367,garthur@tecoinc.com / garthur@rumsey.com,585-872-1043,Brandy Ingersoll,008367
ANIXTER PENTACON,008368,,736-6641,ROBERT,008368
MACK BORING COMPANY,008372,khealy@pcconnection.com,248-476-5100,Mike Wolf,008372
FLEXCO INC.,008373,,800-765-7242,TIM MURPHY,008373
AUTODYNE MFG.CO.INC.,008383,,888-265-5467,Ronald Tessmer,008383
SIERRA PRECISION,008384,,422-0464,Pat Davis,008384
FRANK LANGLEY SALES,008385,,201-668-0590,COBY JORDEN,008385
ALLIED SYSTEMS COMPANY,008389,jwalotka@galowmetal.com ,800-554-8466,,008389
"FDH Electronics, LLC",008391,laramy@together.net,413-525-3977,Jewell,008391
"J B ELECTRONIC TRANSFORMERS,",008392,,818-896-6414,TROY JONES,008392
APEX MICROTECHNOLOGY CORP.,008395,jbtoolsales@gmail.com,203-261-6711,Danyelle J. Evans,008395
MOLEX CONNECTOR CORPORATION,008398,info@ikohe.com,412-682-4554,SCOTT HULL,008398
"C & S ANTENNAS, INC.",008401,daryl.daniels@pelican.com,800-626-6622,,008401
REACTEL INC.,008402,,251-368-7777,,008402
U S TERMINALS INC,008403,,336-751-3561,Jeff Greenblatt,008403
MOLEX CONNECTOR CORPORATION,008410,bhaltzman@mathesongas.com,011390813121301,Kevin Palm,008410
CALIFORNIA EASTERN,008411,,210-673-8422,Stacey Neff,008411
SYRACUSE BLUEPRINT CO.,008418,,800-952-1457,MIKE WILLIAMS,008418
AIR INSTRO INC,008431,,800-283-7674,SHARON,008431
MIRAJ CORPORATION,008438,dmc@ascindustries.com,860-678-4034,DAUD SHAHABI,008438
MARTISCO CORPORATION,008439,davidddozier@yahoo.com,315-741-6607,Don Thrasher,008439
THE TITUS COMPANY,008442,ORDERS@HOLMATRO.COM,856-303-1101,Jean Moore,008442
BOYER TRUCK PARTS,008446,ahoffmann@formrite.com,818-727-7800,SALES,008446
"J&M SCHAEFER, INC.",008449,billy@stock-number.com,800-227-7652,Mark,008449
"CASTERS,WHEELS & INDUSTRIAL",008455,,800-225-7800,KEVIN COOPER,008455
RONCO,008456,,866-438-4553,Gary D Bergeron X-185,008456
MAGNA MACHINE CO.,008460,,877-244-8166,CHRIS,008460
"C&D TECHNOLOGIES, INC.",008463,,716-665-5217,REBA FARTHING,008463
CONCURRENT COMPUTER CORP,008465,,305-592-0593,Bill,008465
"HENRY TROEMNER, LLC",008466,,631-582-8249,WENDY,008466
"DILLON CO.,DIV.OF WEIGH-TRONIX",008469,,1-888-520-9090,PAUL DAVIE,008469
HOLT BROTHERS,008470,,985-868-0630,"Heather Howard, AR",008470
"WESTBERG MFG., INC.",008471,*** DO NOT USE ***,814-453-5611,Bernie Thomas,008471
PREMIER METAL PRODUCTS,008472,,412-881-5140,HEATHER THOMPSON,008472
"HYDRAULICS INTERNATIONAL, INC.",008473,michelle.rodgers@dbsantasalo.com,781-344-4464,JASON,008473
ESSEX CRYOGENICS,008474,mike@mpxllc.com,800-806-6580,MIKE,008474
DIRECT MACHINERY,008478,carsten_conrad@beaerospace-systems.com,800-326-5135,STANLEY DEEKE,008478
UNITED DRILL BUSHING,008480,,607-733-9115,Rex Casanover,008480
ERIE ENGINEERED PRODUCTS,008481,lstout@cpsohio.com,925-416-1000,KEN LABAK,008481
"HDL RESEARCH LAB, INC.",008483,,607-732-2909,VERONICA ,008483
CURTIS INDUSTRIES,008484,,909-351-0770,PATRICIA BILLINGSLEY,008484
DYNISCO MEASUREMENT,008486,adam@servapure.com,800-221-3298,Janet,008486
"TECH-GRAPHIC, INC.",008488,,704-399-3102,Kelly Savage,008488
"FLODRAULIC GROUP, INC.",008492,millie.edwards@aquestia.com,800-322-5003,Paul W.,008492
AMERICAN PRECISION IND. API,008496,,800-492-3344,HERB RAY,008496
MICROSEMI CORPORATION,008497,,508-995-5171,DANAHER MOTION ASST CTR,008497
VIKING ELECTRONICS INC.,008498,,800-763-4795,CUSTOMER SERVICE,008498
"MAGNETIKA, INC.    ",008500,mpaiz@wamcoinc.com,800-668-4842,DANIELLE JONES,008500
AMERICAN METAL BEARING,008504,jderosa@geminielec.com,224-678-9388,BRIAN COLLINS,008504
AUDIOSEARS CORP.,008505,taraanderson@moldeddevices.com,305-599-2500,SALES,008505
MATHESON TRI-GAS INC,008507,custsvc@pinnacletextile.com,519-822-8913,PATTY GUINN,008507
PHELPS INDUSTRIAL,008517,PRODUCTSUPPORT@BATTERIESPLUS.COM,215-675-4645,Bill Kelly,008517
GLEASON CORPORATION,008522,,713-584-0539,Joyce Horn,008522
DANTE VALVE,008523,,905-516-1472,Grant Simard,008523
MICRO QUALITY SEMICONDUCTOR ,008529,,461-4300,CLIFF MCBRIDE,008529
SPIRIG ADVANCED TECHNOLOGIES,008531,,201-641-7600,Elliott Silverman,008531
"GIGA, INC.",008532,,888-671-2883,Michael Evers,008532
BELMOR MANUFACTURING,008533,,508-884-9732,SALES,008533
"QUADTECH, INC.",008534,,203-248-8863,Matt,008534
ELECTRONIC MOLDING CORPORATION,008537,,305-235-5401,Michael G Paulina Jr,008537
ELECTRO-FREETO MFG COMPANY,008539,,850-488-6800,TRACY SCHMITT,008539
DIHARD COMPANY,008541,,507-205-9216,Rich Farrar,008541
DICTAPHONE CORPORATION,008545,,330-684-4052,MATT FAJT,008545
VICKERS-WARNICK,008547,,800-631-0168,Dick Keehn,008547
PDI GROUND SUPPORT SYSTEMS INC,008549,,334-649-8287,Mary DeCicco,008549
SOLAR TURBINES INC.,008550,,315-475-0844,Cameron Klein,008550
ESC TECHNOLOGIES INC,008551,,204-694-2191,,008551
DEL AEROSPACE,008552,,800-527-5787,WADE SPICER,008552
JENKINS SUPPLY COMPANY,008554,liverpoolny@embroidme.com,702-871-9227,SALES,008554
WEST AMERICAN RUBBER CO INC,008555,JonR@VULCANSPRING.com,800-231-2501,Gary Foster,008555
"BETA ENGINEERING, INC.",008560,watson@frontiernet.net,253-735-6000,JESSICA MCNAMARA,008560
COMPAC ENGINEERING INC,008567,,800-635-8467,Donnie or Jimmy apple,008567
FRINK AMERICA,008568,,516-765-1460,Tim DeLaere,008568
SPI SPECIALTY PRODUCTS & INSUL,008572,dave@valvetechsales.com,574-264-5575,Kevin Johnson,008572
NY TECH SUPPLY,008580,diane.konkol@mychesapeakeoffice.com,804-458-8200,ADRIENNE BARNES,008580
"VIKING PRODUCTS, INC",008584,,305-395-6316,Charlie Green,008584
NORTHEAST SALES ASSOC.,008590,,937-832-1775,Chris Barth,008590
"A AND A MFG. CO., INC.",008592,,407-514-1511,DONNA WARDZALA,008592
AUBURN ENGINEERED PROD.,008593,,317-362-0701,"Cy Henry/ColleenAdee,OpsD",008593
"OTR WHEEL ENFGINEERING, INC.",008595,,800-766-5154,DON HOUSE,008595
JKL COMPONENTS CORPORATION,008596,,800-552-0632,R.J.Harris,008596
REIKER INSTRUMENT CO.,008597,,603-324-4544,Barbara Albrecht x 122,008597
AYDIN TELEMETRY,008599,,973-575-4742,JOAN / SALES,008599
MEGATOR CORPORATION,008600,,925-454-9500,Will Schafer,008600
"BEAU TECH, INC.",008601,,901-853-3580,Sean Sinclair,008601
ADALET DIVISION,008602,sales@hudsonsupply.com,804-758-9150,,008602
E/M CORPORATION,008603,,800-432-8542,Fred Schaefer,008603
"ROSEMOUNT ANALYTICAL,INC",008604,sales@pvcpipesupplies.com,810-757-4100,MITZI SULLIVAN,008604
CABLETRON SYSTEMS,008605,,810-757-7676,RON PAZERA,008605
TIMES MICROWAVE SYSTEMS,008606,,866-925-6621,Michael J. Wilson ,008606
ADVANCED INTERCONNECTION,008607,,512-339-0504,KRISTINE LANDERS,008607
INSINGER MACHINE COMPANY,008608,kevinv@havilandusa.com,716-674-0500,Rob Winterburn,008608
RAYTHEON ELECTRONIC SYSTEMS,008609,,800-521-7918,Government Sales,008609
"PAPAILIAS, INC.",008610,,518-348-2562,Kim Dillon,008610
HUBBELL ELECTRIC HEATER,008612,,718-849-9000,Sales Department,008612
FRC-ELECTRICAL INDUS.,008613,,817-649-7056,ALAN WOOLFOLK,008613
NEILL AIRCRAFT CO.,008614,Portsha.Smith@estes-express.com,540-720-8400,Matt ,008614
"TRANSICO INC., ECCO SWITCH DIV",008617,,507-455-7100,Andrea Williams,008617
BOLLINGER SHIPYARDS-CHAND,008622,qnpinc@gmail.com,011448000407797,DEBBIE,008622
AEROSPACE PRODUCTS CO.,008623,will.stoddard@titan-intl.com,716-549-0135,SALES,008623
MCLI,008628,,952-473-7115,DOUG SZARO,008628
SYMBOLIC DISPLAYS INC,008629,,518-258-2268,Bill Faherty,008629
"EMERSON SWAN, INC.",008630,vmcnevin@jamaicabearings.com,301-228-3525,John Carreiro,008630
EQUIPTO ELECTRONICS CORP.,008634,labs.ar@industrial-ia.com,732-512-9141,JANICE WALTON,008634
ROYAL ENGINEERED COMPOSTIES,008637,,949-553-1003,Greg Carlson,008637
"LUMINESCENT SYSTEMS, INC",008640,hypermax@earlbeck.com,908-685-1585,Richard Steninger,008640
"H.A. GUDEN CO.,INC.",008643,sales@fplco.com,602-437-0551,Russell Bloch,008643
WABTEC TRANS TECH/WABCO,008644,NGORKA@KOVATCH.COM,315-455-2481,CODY ADKINS,008644
MIN-E-CON,008657,sales@sealandpower.com,877-376-2533,Dave Coble,008657
S A S INDUSTRIES INC,008658,,305-594-7338,DIANNE RUTHERFORD,008658
ROSEMOUNT AEROSPACE INC,008671,,260 238 4442,CSR@atsfurniture.com,008671
N A K ENGINEERING INC.,008674,,704 554-6121,Ming Gang Guo,008674
"ACCESSORIES FOR ELECTRONICS,",008675,,607-257-0007,CUSTOMER SERVICE,008675
MAGNESPEC INC.,008676,,832-399-1032,MARK FIOCCO,008676
SHALLCROSS DIV./IRC,008678,,847-368-9000,PRODESK,008678
"UEMC, INC.    ",008680,,608-297-8500,LISA NASH,008680
GASKET MANUFACTURING COMPANY,008681,sales@krjohnson.com,888-648-4452,MARIA,008681
SMS TECHNOLOGIES COMPANY,008682,,914-478-4300,DOUGLAS C. RELYEA,008682
GENERAL DYNAMICS AEROSPACE,008683,,800-821-0019,MATT,008683
BUTLER PRECISION BELTING INC.,008685,,315-422-2131,SALES,008685
JETTRON PRODUCTS INC.,008692,,800-791-9111,SARA JOHNSON,008692
MICRO PLASTICS INCORPORATED,008694,,201-529-3611,Paul Abelquest,008694
SLATE ENTERPRISES INC.,008697,,800-827-5367,Tricia Sloan,008697
DILL AIR CONTROLS PRODUCTS,008699,,011903122674860,Dan Shipos,008699
MARK ELECTRONICS INC,008700,,800-213-0657,Aimee Downs,008700
THICKSTUN BROTHERS EQUIPMENT,008706,,866-862-7278,RICK BUSH,008706
SPECTRONICS CORPORATION,008710,,800-322-3306,GREG JONES,008710
FISHER SCIENTIFIC CO.,008712,,954-698-6000,Cheryl Miles,008712
THE GERIN CORP.,008713,,517-278-2354,SALES,008713
VIATRAN CORP.,008714,registration@IdenTrust.com,866-439-2227,CUSTOMER SERVICE,008714
RADIO FREQUENCY SYSTEM INC.,008715,,352-684-5173,Josh Eagan,008715
RAPID POWER TECHNOLOGIES,008716,,,BRIAN HOWLETT,008716
MAN B & W DIESEL (HOUSTON) INC,008717,,201-767-9660,PHILLIP BIEDLER,008717
BERGQUIST COMPANY,008718,,914-328-8593,Gus,008718
TELATEMP CORPORATION,008719,,800-262-6412,Brenda Lopez,008719
"EATON CORPORATION, LEBOW PROD.",008720,,716-374-1947,SHELLY DAVOLI,008720
CHAMPION CO.,008721,Liam.Reville@meggitt.com,718-793-6900,Sales,008721
HONEYWELL AIRPORT SYSTEMS,008722,,716-568-4135,Gordon Edwards,008722
GENERAL EASTERN INSTR.,008723,,219-476-0772,T. Ross (as of 6/27/24),008723
DABURN ELECTRONICS CORP.,008724,,773-685-7300,MICHELE BELL,008724
ADVANCED INDUSTRIES,008727,,:+86-510-8378,WILLIAM GODFREY,008727
LOURDES INDUSTRIES,008732,,800-466-3689,Megan,008732
ELECTRO-FILMS INC.,008735,,520-876-5151,JOE LAPIANA,008735
CARP INDUSTRIES,008741,tclark@smythcountymachine.com,973-226-9100,NADINE POTKEWITZ,008741
MOHAWK LTD.,008744,hercoop@netsync.net,215-849-0509,BRYCE MOORE,008744
SHALLCO INC,008749,sales@alliedinter.com,652-8344,PAULA BOLES,008749
AMERICAN BOA,008750,lennycfp@optonline.net,302-326-4803,BOBBY PEELER,008750
MIDWEST MIXING INC.,008755,vdang@asapsemi.com,913-469-5050,CODY O'NEAL,008755
HIGH QUALITY MACHINE CORP.    ,008757,,0114991037953-0,CUSTOMER CARE,008757
TEL-INSTRUMENT,008758,JMIKEL581@GMAIL.COM,716-649-8936,DIANA SCRIVANOS,008758
ROBINSON NUGENT INC.,008759,,609-518-1600,Greg Mitek,008759
KAYDON CORPORATION,008762,orders@4-help.org,800-437-9224,RON RITCHEY ,008762
WOODARD ELECTRIC INC,008768,,215-232-5926,SALES,008768
W.G. HENSCHEN COMPANY,008771,,699-2144, ,008771
R. E. DARLING CO INC,008774,,315-789-4618,Dana Dietz,008774
ICI,008775,orders@zendextool.com,800-752-3513,Mike Picariello,008775
ELLIOTT TOOL TECHNOLOGIES LTD.,008776,averill@aerotechsolutions.com,714-666-2150,DAVID STINCHCOMB,008776
FORMRITE COMPANIES,008777,Jacqueline.m.mcdonough@baesystems.com,717-665-2275,Brian Monnin,008777
HYDRO-MECHANICAL SYSTEMS,008778,wesley.coulter@allfasteners.com,603-432-1700,WALT,008778
API ELECTRONICS INC.,008782,,201-288-8877,John Johnson / Sales,008782
"MICO SEWING SUPPLIES,INC",008785,,631-696-8844,BECKY KATONA,008785
RONCELLI PLASTICS INC,008787,,315-797-9346,Joe Mikoli,008787
EMPIRE STATE SCIENTIFIC CO.INC,008793,William McCullough [WMcCullough@associatedfire.com,01131765085577,Garth Burger,008793
GHX INC,008794,,662-335-2325,Jim Seeberger,008794
GRAPHICO ELECTRONICS GRP,008798,,707-747-5900,PAM TWITCHELL,008798
UNITED AVIONICS INC,008800,,714-549-3041,SALES,008800
ADVANCED TECHNICAL CORPORATION,008805,,800-328-0036,Sales,008805
STERLING MANUFACTURING,008806,,519-622-7363,DAN HUTCHINSON,008806
AERO SUPPORT INC,008808,,518-798-3056,CHERYL,008808
DYNACON INC,008809,,716-332-5915,ANDREW KING,008809
SCHRAMM INDUSTRIES INC,008816,,452-9729,Bruce Sandler,008816
SPACE COMPONENT SUPPLY,008822,,256-547-6918,Mark Bregman,008822
PRESCOTT AEROSPACE INC.,008823,,205-988-9708,Sales,008823
SERRA MFG CORPORATION,008825,,215-464-9300,JOANNE K. HODDE,008825
GRAYGLASS,008831,customer.service@gasketsandmore.com,212-312-6880,Frank Lent,008831
CONVEYER & CASTER CORPORATION,008832,couplingsusa@flender.com,860-589-0049,714-379-4554 (fax),008832
RAYCO ELECTRONICS,008837,,314-631-9200,"CherylVaughn/MichelleF,AR",008837
"CROSS MANUFACTURING, INC",008842,jfinklea@westernliner.com,585-624-4561,Vicki Frazier,008842
"MID-STATE AEROSPACE, INC.",008843,SALES@MBELECT.COM,336-668-4444,SALES DEPT.,008843
CONNECTRONICS INC.,008844,,315-342-4442,Tom Gibbs,008844
KRITECH CORPORATION,008850,,207-646-2156,CLAIBOURNE JACKSON,008850
GENERAL RUBBER CORP,008852,aborman@hutchinsoninc.com,707-542-9996,RON TURPIN,008852
ROXTEC INC.,008867,ghowell@stingersprayers.com,267-328-6600,JAMIE,008867
AEROSPACE PRODUCTS INTL.      ,008870,,314-534-7150,EMMA STEVENSON,008870
"HSC CONTROLS, INC.",008877,,800-757-1092,NICK,008877
AEROFLITE ENTERPRISES,008879,,262-248-4481,JONATHAN OXLEY,008879
ATLAS SPONGE RUBBER,008883,,504-833-7386,Sales Department,008883
"MELRATH GASKET CO., INC.",076281,,410-893-8508,Pete Ptsuleff,076281
INSCOM ELECTRONICS CORP,100002,,437-1181,Scott Stearns,100002
ROCHESTER ELECTRONICS INC,100004,kc.smith@segoviaip.com,800-770-8851,DOUG BLOCKSOM,100004
POWER PARAGON INC; POWER ,100019,,800-610-3422,ELLEN DIETEL,100019
PRECISION COIL SPRING CO.,100025,sales@robertbrooke.com,316-263-2056,"Stacey Peters, Acctg",100025
TRI-STATE TECHNICAL SALES,100027,info@manuals.co.nz,352-861-3616,SALES DEPT.,100027
"SYSTEMS 3, INC.",100032,,713-699-7616,Amy King,100032
LOCKHEED MARTIN FEDERAL SYS.,100034,,716-570-6541,SHANE KINCADE,100034
LINDGREN RF ENCLOSURES,100036,,315-625-7242,ALLEN RETAY,100036
ILS INTEGRATED LOGISTIC,100041,,617-547-7898,WAYNE DUNN,100041
TED MANUFACTURING CORPORATION,100049,swoltman@protectoseal.com,248-879-5020,Teresa Coyne  x1812,100049
"DRS EW & NETWORK SYSTEMS, INC.",100056,accounting@doxnet.com,888-829-7185,Rosie Bernal,100056
EVANS & SUTHERLAND,100060,,419-396-6256,Kim Vincent,100060
NORTH AMERICAN FILTER CORP,100066,lindsaycorp@aol.com,412-487-5511,SONIA KLAMA,100066
J F C ELECTRONICS INC.,100069,,714-973-0657,COREY JARZYNIECKI,100069
FASTENER INNOVATION TECHNOLOGY,100071,***DO NOT USE***DO NOT USE***DO NOT USE***,716-634-3656 ,DAVE,100071
GDE SYSTEMS INC.,100073,,316-663-1231,Kathy Emann,100073
METEX  CORPORATION,100074,,207-883-5218,TONY DONATTO,100074
WESTFIELD HYDRAULICS,100076,,617-445-8910,ALWAYS REQUEST MFG COC,100076
"REV-CAP CO., INC.",100077,,919-372-8413,Tom Lemaster,100077
PIONEER INDUSTRIES INC.,100078,bbodley@protechtool.com,800-233-3861,TIM MULLINS,100078
"GSE SPARES, INC.",100079,mciallelo@indium.com,616-361-2681,Robert Currier,100079
"LEE AIR COMPANY, INC.",100084,,800-843-7637,fanny,100084
GTE GOVERNMENT SYSTEMS CORP.,100085,,800-273-1782,SALES,100085
MEGGIT AVIONICS,100090,,,,100090
TELEDYNE EMS,100100,quotes@divaero.com,800-233-2211,JAMES COOPER,100100
"EIS, INC.",100110,steves@airportlightingcompany.com,315-451-3800,CHAD PETERS,100110
HOME DEPOT,100112,ams@amsprinting.com ,201-869-6600,DAVE GEISEL,100112
ADVANTAGE BATTERY CORPORATION,100113,,713-827-5006,Ari Ali,100113
NYLON MOLDING CORPORATION,100120,mswinhoe@jetech.com,714-258-7283,STEVE GORDON,100120
"REID PRODUCTS, INC.",100126,FRANK@FLUIDGUY.COM,937-298-9994,SALES,100126
"ESSIBUY.COM, INC.",100128,,315-472-7721,Bernie / Dave - Parts,100128
SPACE SPRING AND STAMPING CO.,100133,massimiliano.ruzzi@cobointernational.com,949-859-8999,PAULA HOLTZ,100133
"SCHRADER INTERNATIONAL, INC.",100136,,949.645.4800,BOB OLSEN,100136
FALCON MANUFACTURING CORP.,100137,mstevens@domsinc.com,519-763-3625,Douglas Piskac,100137
ORLOTRONICS CORPORATION,100138,,305-592-4633,Lynne Schlinder,100138
"MARINE ELECTRIC SYSTEMS, INC",100140,hans-ole.labakk@servi.no,774-413-5281,Government Sales,100140
SIGNAL TECHNOLOGIES,100143,,302-633-4600,MARIE LABRECQUE,100143
"TULMAR SAFETY SYSTEMS, INC",100145,atokarski@penflex.com,631-226-7800,Connie Girlando,100145
NEER MFG CO INC,100148,,856-467-3200,Andy,100148
WIN-TRON ELECTRONICS,100149,,801 487-2225,Judy Reifschneider,100149
"STUART INDUSTRIES, INC.",100151,carmen@twotreesproducts.com,914-664-9023,Julie Kimmel,100151
DANFOSS POWER SOLUTIONS II LLC,100152,info@spirol.com,810-471-4440,Bob Mercurio,100152
OSHKOSH TRUCK CORPORATION,100155,cramirez@mcpsrvs.com,877-448-6881,Gary Darling,100155
LINEAR TECHNOLOGY CORP.,100157,,909-946-8220,BILL LAUTERBACH,100157
INDUSTRIAL TUBE CORPORATION,100165,accounting@perlanesales.com,630-736-5500,Rick Hind,100165
"ALLIED POWER PRODUCTS, INC.",100167,,360-671-1514,Christine Patz,100167
"VER SALES, INC.",100170,sconway@brennaninc.com,614-755-7152,BOB HALKOWICZ,100170
"JULIUS KRAFT CO., INC. ",100172,,978-649-7501,CUSTOMER SERVICE,100172
DFP MANUFACTURING CORP.,100175,,011441733891513,SALES,100175
SWISS CONTROLS INC.,100178,,800-633-0405,COLLEEN WHITE,100178
"CRAIG TECHNOLOGIES, INC",100186,,713-473-1114,SALES,100186
SEABEE CORPORATION,100187,,508 459-8911,Paul Johnsrud,100187
JAIDINGER MFG CO INC,100189,jmoore@axi-international.com,800-464-7757,John O'Brien,100189
"PERTECH, INC.",100193,ar@steelobrien.com,731-632-4342,Robert Schaaf,100193
NEW YORK FASTENERS,100199,,973-345-2180,Melissa Spratt,100199
BRIGHT LIGHTS USA INC.,100202,esarno@philagear.com,602-643-7475,Pilar Edens / Rick Sears,100202
ALPHA TECHNOLOGIES,100203,,713-675-6868,SHARON WILLIAMS,100203
AAR CORPORATION,100205,office@heavyfleet.com,763-559-2288,TIM BUSHNELL,100205
ALLIED SIGNAL INC ENGINE SYS.,100211,,718-874-0197,CUSTOMER SERVICE,100211
AEROSPACE MANUFACTURING INC,100214,mike.dormanen@cirrus.com,937-866-2112,SALES,100214
HORIZON AEROSPACE,100219,chase.stone@califone.com,571-405-5000,JOHN TAYLOR,100219
MICHELIN NORTH AMERICA INC.,100222,,708-338-8888,"JOE BATSCHELET/ Jessie,AR",100222
WEST COAST LOCK WASHER,100225,sbocchieri@astrex.net,765-474-2421x300,Jean Miller Ext 384,100225
SCHUTT INDUSTRIES LLC,100228,tfelt@matuse.com,513 771 1516,Scott,100228
"AEROPRODUCTS, INC.",100229,,716-839-2297,SALES,100229
"SENDURE PRODUCTS, INC.",100230,,888-632-2633,ANDREW DEVEGILI,100230
DOMS INC,100232,info@atlanticdrivesnc.com,800-526-4066,Pat Carter,100232
AMERICAN CRANE & EQUIP. CORP.,100234,,870-534-5532,Bob Rankin,100234
CONAX BUFFALO CORPORATION,100237,kgrabher@haygor.com,716-662-7900,GLENN,100237
PB FASTENERS ,100238,,201-935-5400,VLADIMIR MOLINA,100238
MAC PANEL COMPANY,100240,,888-732-3817,Sara,100240
"PALMER INSTRUMENTS, INC.",100242,dave@electrolabinc.com,714-258-7112,James Fletcher,100242
"SERVOMEX CO., INC.",100243,,888-215-1745,KARL ARRON,100243
"CABLE ASSEMBLIES, INC.",100244,,520-792-9077,Bill Pealo,100244
THE EDISON COMPANY,100254,,856-461-1900,Tony Rogers,100254
CARVER SUPPLY,100257,,585-924-4000,SALES,100257
ZO-MIR LLC,100264,chryssaw@magnatrol.com,805-581-4000,SUSAN WANG,100264
G H BERLIN WINDWARD,100265,,541-899-8215,Shane Overgaard,100265
WEGO PRECISION MACHINE INC,100272,,716-634-4194,TRESA FAUSTMAN,100272
ITT SNYDER,100274,,888-273-3084,CUSTOMER SERVICE,100274
COMPONENTS INTERCONTINENTAL,100277,,704-753-4919,Eric,100277
G.L. HUYETT (Flinthills Trdng),100279,ddyer51@charter.net,610-566-8182,GUS ZIMMERMAN,100279
CODALEX LTD.,100282,,210-924-5561,DONNA BRANNAN,100282
"BURKE PRODUCTS, INC",100283,fordyvert@yahoo.com,847-328-0550,"Jackie Mutka, AR Mgr",100283
"FLOYD BELL ASSOC., INC. ",100287,GIBSONGT@AOL.COM,860-848-9271,MAURICE HARRIS,100287
"HAHN AUTOMOTIVE WHSE, INC.",100291,rnasoff@boighill.com,833-861-3136,"Nicole Hackbarth, AR",100291
COMMENCEMENT INTERNATIONAL,100301,,800-523-4503,GARY,100301
FMH CORP,100304,,704-553-7781,Mike Musto X213,100304
F.P. RIESTER,100305,,716-807-1600,SEAMUS LEWIS,100305
MASTER DISTRIBUTORS,100309,lakeshorediecast@yahoo.com,800-678-2956,Mark Beasley,100309
ERIE SPECIALTY PRODUCTS,100314,,504-952-2817,SAM MUHARAY,100314
PROBE MASTER INC,100315,,800-325-0123,"Lacey Smith, AR/Coll",100315
KAMPI COMPONENTS,100321,ginny@ndrives.com,803-324-2658,BRIAN NUTTING,100321
HANES SUPPLY,100322,tfreeman@lyncole.com,800-677-3428,Dan Wandrei,100322
TELEDYNE INDUSTRIES,100326,,210-684-5630,CHESTER,100326
"HARDING WATERCRAFT, INC.",100328,,772-288-4130,SVEN WRAGE,100328
"LOGITEK, INC",100330,,800-233-0896,Sales,100330
"JLG INDUSTRIES, INC.",100333,,321-802-5889,Joe Bott,100333
OLDAKER MFG CORP,100334,,800-334-7916,"Kerry Paul/Ann Fecteau,AR",100334
ENGELHARD-CLAL INDUSTRIAL PDTS,100349,,800-433-6886,John Barwinczok,100349
BEC MACHINE,100351,,413-568-1923,SALES,100351
KIENE DIESEL ACCESSORIES,100352,,773-764-3527,Tina Lopez,100352
"TRI-TECH ELECTRONICS, INC.",100353,,626-967-5151,JOHN AHLERS,100353
D & D INSTRUMENTS,100355,nhayden@revereproducts.com,800-617-3582,Claudette Davis      ,100355
DP MFG INC.,100357,kmills@sayreinc.com,763-784-4600,DEBBIE,100357
"INSUL-FAB, DIV OF CONCOTE CORP",100358,international@trojanuv.com,860-564-1220,Sales Dept,100358
PIVOT POINT,100362,,315-622-2344,JIM BRADLEY,100362
RHOMBUS INDUSTRIES INC,100366,,586-949-9300,Dan Pniak,100366
AIR OIL SYSTEMS,100372,,800-458-5593,Bryan Oneil,100372
HARDWARE PRODUCTS CO INC,100375,,714-898-2269,SALES,100375
DOLLINGER CORP.,100380,,800-556-3864,MAUREEN MOYER,100380
R.S. CORCORAN COMPANY,100382,,605-296-3462,Alan Dunkirk,100382
"CREST/GOOD MFG. CO., INC.",100383,,508-347-4000,WILLIAM MILLER,100383
PARKER HANNIFIN CORP.RACOR DIV,100385,Mark@raulliandsons.com/Rich@raulliandsons.com,480-968-9084,,100385
"KWD MANUFACTURING, INC.",100388,erin.fiscus@verhill.com,817-624-4001,"Sandra, Corp AR",100388
US PLASTIC CORP - use #109501,100391,sales@todaysure.com,855-695-6535,Alec Abruzzo,100391
CEMEN TECH,100395,,231-264-4243,Jim Chronister,100395
OPTIMA BATTERIES,100398,,951-652-6811,Tom LaPorta,100398
MID CONTINENT INSTRUMENTS WEST,100401,,817-548-6780,STEVE GOLDEN,100401
AMPLIFONIX,100403,,877-468-2657,KENNY FAUQUIER,100403
SHIELD RESTRAINT SYSTEMS,100405,www.fournierrubber.com,734-761-5110,ART LONG,100405
MAYO COMPANY INC,100408,,404-267-2200,Carol Braun,100408
U S PARA PLATE CORPORATION,100409,,775-246-1000,Tina Willoughby,100409
SERVICE & SALES INC.,100411,,716-693-8651,ROGER,100411
KROBACH MANUFACTURING CORP.,100420,scott@acrymax.com,404-551-4347,John Piseck,100420
"VICTORY ENGINEERING CORP,",100422,,510-985-7451,Jeff Bell,100422
COIL SPECIALTY COMPANY,100423,SYAN@AMRONINTL.COM,860-447-1077,BRETT KENDALL,100423
MARWILL PRODUCTS COMPANY,100427,,800-672-6225,Patrick McFarland,100427
TROL-MATION INC.-USE 106564,100429,lilianab@magnetsales.com,281-444-1162,JOHN LEHMAN,100429
TRAMEC SLOAN LLC,100431,sales@preeceinc.com,817-396-6623,LAUREN STANARD,100431
GRISWOLD PUMP CO.,100432,greg@cmore.com,610-461-7176,DAWN PETERS,100432
METRO CROWN INTERNATIONAL INC.,100433,customerservice@kal-plastics.com,213-269-3759,SOPIE PANELLA,100433
RAYTHEON T I SYSTEMS,100440,,800-677-8899 ,"Thomas Calandrillo, Owner",100440
NORDEN SYSTEMS,100441,,260-482-4366,CHUCK,100441
GRIFFITH RUBBER MILLS,100445,info@inkjetsuperstore.com,888-803-3193,NANCY BUCEK,100445
CIRCLE GAS AND MFG. CO.,100448,,518-489-2604,Charlie S Markey,100448
"R. E. ATCKISON CO., INC.",100450,,800-289-7318,CUSTOMER SERVICE,100450
WORLD MAGNETICS COMPANY,100463,terry.mullins@hamiltonproductsgroup.com,504-522-9613,DURAND SMITH,100463
BRETT EQUIPMENT CORPORATION,100465,sstoklas@richelieu.com,860-746-6207,"MIKE MARTIN/TerriClark,AR",100465
"POWERTRONIC SYSTEMS FL, INC.",100480,,603-881-4040,Bob Aaserud,100480
WELCO TECHNOLOGIES,100482,,937-277-9364,CUSTOMER SERVICE,100482
FEDERAL-MOGUL CORP,100483,,631-957-7850,CUSTOMER SERVICE,100483
HANSON MACHINE,100484,,315-476-1743,Michele Lawson,100484
STANDARD HORSE NAIL CORP.,100492,sales@kenjones.com,614-276-8141,SALES,100492
LANE FIRE & SAFETY,100519,joe@maverickindustries.com,972-417-1288,Greg Keyes,100519
"ORBITAL, FAIRCHILD DEFENSE DIV",100521,,888-848-5175,DEAN,100521
ROBERT M. HADLEY COMPANY,100526,,011441278458686,DALIBOR CRNIC,100526
AMPHENOL NEXUS TECHNOLOGIES,100527,mrytting@flowserve.com,858-547-3490,REID THOMAS,100527
"HOWELL INSTRUMENTS, INC.",100532,berenice@precisionroller.com,310-823-5491    ,Eric Geesey,100532
"BESWICK ENGINEERING CO., INC.",100533,,954-447-4700,Sales,100533
FIRST ELECTRONICS CORPORATION,100537,,800-456-9340,Ken Barnum,100537
"NORMAN FILTER COMPANY, L.L.C.",100538,gregory.wainwright@krollcorp.com,573-438-5000,Abigail Shepherd,100538
RAPID RIVET & FASTENER CORP,100539,,919-575-6426,Jack Haley,100539
"MID-AMERICA POWER CENTER, INC.",100543,,800 234-9643,JIM CHAMBERS,100543
"CLEAN SEAL, INC.",100544,AR@KNOWBE4.COM,336-870-9959,Doug Fancher,100544
STANDARD WIRE & CABLE CO.,100545,Matt@akrongasket.com,1-800-388-84,Joan Etner,100545
LAKETRONICS INC.,100550,,803-865-7971,Andrew Kalinowski,100550
LASMER INDUSTRIES INC.,100551,S.EDLER@PLMGT.COM,800-457-4257,KIRK ASHBY,100551
MERCER PRODUCTS,100557,Accounting@Plastic-Products.com,315-488-5261,Julio Maldonado,100557
EMPIRE HARDWARE & MACHINERY,100559,anna@inkspotprinting.com,800-322-7352,Sales,100559
SEALTITE CORP.,100562,,714-557-8130,Frank Maring,100562
BOMBARDIER INC.,100563,,1-701-572-7639,David Wright,100563
"NEW ENGLAND DIE CUTTING, INC",100564,SALES@ACEFASTENER.COM,524-2052,GREG FUCILE,100564
"REXNORD CORP., GEAR PDTS. DIV.",100571,USA.ORDERS@HYCO-HYDRAULIC.COM,800-667-8563,JOE HIEMSTRA,100571
HOGENTOGLER AND CO INC,100578,,479-6445,ASIA PARKER / June Streit,100578
R & B ELECTRONICS INC,100580,design@graphixtoday.com,800-537-1512,Danya Chandler,100580
BR COMMUNICATIONS,100589,,978-988-3329,**SEE COMMENTS**,100589
ADVANCED FILTRATION AND,100591,,877-465-7012,MILLIE HODAN,100591
WALKER DESIGN INC.,100593,,256-845-7725,STACY FULTS,100593
NEW YORKER ELECTRONICS,100595,,217-678-2511,SALES,100595
"ETS INTERNATIONAL, LLC",100599,bhiller@coastalsafety.net,877-978-7463,GEORGE OLLEN,100599
MOD-A-CAN INC.,100600,,800-441-8246,SALES,100600
"DERBYSHIRE MARINE PRODUCTS,LLC",100603,brian.barkhimer@cleanairpower.com,936-588-1010,Tom Saccuci,100603
ELECTRO-FLEX HEAT/MCF LLC,100610,,916-837-9995,Maureen,100610
VIZIFLEX SEELS INC,100611,,518-312-4176,Melissa,100611
YOUNG & CUNNINGHAM AMERICA,100612,,913-631-0448,Cristina Imrie,100612
DESPATCH INDUSTRIES INC.,100616,jolene.settegren@rayovac.com,1-949-407-5125,Sales,100616
C E PRECISION ASSEMBLIES INC,100622,,800-848-8707,Rick/Vicki,100622
MAGNETEK,100637,,800-260-2342,FRANK STROBL,100637
DIGI-KEY CORPORATION,100639,jsanglay@biscoind.com,717-684-6721,SALES,100639
FORANNE MANUFACTURING INC.,100641,CELL# 760-622-6374,800-334-7141,Bob Baugham,100641
POLYPHASE INSTRUMENT COMPANY,100645,,718-387-4872,JGB - JOHN SNYDER ONLY ,100645
HAMILTON SUNDSTRAND CORP      ,100652,sales@dbelectrical.com,704-878-9991,Anne Kierych,100652
RELAY SPECIALTIES INC.,100657,,254 675-8651,MARC RINALDI,100657
"AMERICAN FUEL CELL & COASTAL,",100663,,240-404-1263,SALES,100663
W&O SUPPLY,100664,industrial@sealeze.com,262-646-6171,Sonia Arango,100664
"HIGHLAND ENGINEERING, INC.",100668,customer_service@airdelights.com,800-344-3555,CUSTOMER SERVICE,100668
WESCO AIRCRAFT,100669,,800-333-9449,SALES,100669
METHODS & MACHINING SERVICE CO,100670,,800-428-0588,Mike/Danielle,100670
"C. CROUTHAMEL & CO., INC",100674,,516-433-1700,CHRIS KITCHEN,100674
MEGGITT SAFETY SYSTEMS INC.,100682,info@grithappens.com,978-462-2400,VIK SAHNI,100682
D-CEMCO,100688,,315-442-0100,ANN MARIE RAPPA,100688
WALTRON LTD.,100692,USRT@AOL.COM,607-432-3880,DOUGLAS KURZ,100692
"TEGAM, INC.",100693,,404-691-2604,Stan Ward,100693
KRAFT FLUID SYSTEMS,100695,,845-240-3037,JULIE PARK,100695
ALLIED PRECISION PRODUCTS,100696,,480-985-9000,Beth Hancock,100696
MARINE DIESEL INC.,100697,,775-246-0101,MATT SCHATTSCHNEIDER,100697
W.H. SMITH COMPANY,100702,jcarrington@popcornsupply.com,716-649-6000,BEVERLY MODERY,100702
L-COM INC.,100706,gregh@wincogen.com,770-834-7515,"Tye Hogan,AcctMgr/Kim,AR",100706
TRIMAN INDUSTRIES INC.,100709,JHUDSON@CORROSION-PRODUCTS.COM,413-536-0600,Claudia Baerl,100709
HYDRAULIC AND MOTOR CONTROLS ,100712,Aida.Cifric@astrodynetdi.com,716-672-5168,BOB BOEHLY,100712
"CINCH CONNECTORS, INC.",100715,mplickert@tcnind.com,215.639.7112,ADMIR PARATUSIC(SEE NOTES,100715
"W.L. GORE & ASSOCIATES, INC.",100720,,716.625.8000,CUSTOMER SERVICE,100720
"TECH CABLE PRODUCTS, INC.",100722,pamela@nslights.com,419-729-2141,Bill Calbert  x217,100722
NEWARK WIRE CLOTH,100725,,626-961-8822,HANS-OLE LABAKK,100725
WHITTET-HIGGINS COMPANY,100737,crobinson@shinemicro.com,704-588-3365,JOHN WADDINGTON,100737
SPEDE TOOL MFG. CO.,100738,,201-488-0782,SALES,100738
HUMBOLDT MFG CO.,100739,jeremy@therosequipment.com,518-456-1445,***SEE NOTES****,100739
LITTON LASER SYSTEMS,100742,,800-332-8638,PENNY,100742
"WESTFALIA SEPARATOR, INC.",100743,info@cabletiesplus.com,517-684-9581,STEPHANIE SCHAEFFER,100743
COAXIAL DYNAMICS,100745,hooverd1@rushenterprises.com,699-7643,Justin Black,100745
NATIONAL RIVET & MFG. CO.,100746,,888-804-7129,GARY ROSE,100746
INDUSTRIAL TIMER CO.,100749,** USE MACHINE CRAFT MFG V-107926 **,877-208-4163,LOU PELLEGRINO,100749
"GREENE METAL PRODUCTS, INC.",100754,,973-427-3100,Raul Moralez,100754
"SCHEIDL MFG. CO., INC.",100757,,    474-5190,RONALD MINOR,100757
HYTRONICS CORPORATION,100760,Sales@sensorsllc.com,011441202882121,EMRE SAPCI,100760
VOLTAGE MULTIPLIERS INC,100761,charlieg@hahnequipment.com,218-546-6061,CHRIS STEPHEN,100761
MCINTOSH CONTROLS CORPORATION,100762,JEANNE@CLAMPSINC.COM,714-632-8565,Christine Whitt,100762
"HAMILTON SUNSTRAND,",100763,,1800-777-1314,BARB,100763
"ASHLAND ELECTRIC PRODUCTS, INC",100766,sales@beswickcorp.com,453-7303,STEVE SCHUTT,100766
MI-T-M CORPORATION,100768,GWENZLAU@WENZLAU.COM,401-821-4729,Postage Machine Maint/Sup,100768
CENTRAL BRASS MFG. CO.,100770,april.gibson@calicoladders.com,652-3243,CUSTOMER SERVICE,100770
ULTRA ELECTRONICS,100771,,468-1712,Deidre Murphey,100771
"HOOSIER INDUSTRIAL SUPPLY, INC",100773,BANJOORDERS@IDEXCORP.COM;SLIBRA@IDEXCORP.COM,614-851-0002,Marlene Wagner,100773
TECHNICAL SERVICES LABORATORY,100775,,800-969-8625,MONICA,100775
MORRIS & BROMS INC,100781,sales@zeuschel.com,315-699-2592,Bill Hocker,100781
"MODERN ENGINEERING CO., INC.",100782,,804-846-8822,Nick Sarma,100782
ICS ELECTRONICS,100783,,518-383-2244,Pamela Tatom,100783
"MCGILL MFG. CO., INC.",100785,pdavis@cedbaldwinhall.com,305-599-2115,ANNETTE KEATING,100785
"CIRCUIT SYSTEMS CO., INC.",100797,info@ettinger.de,716-685-3770,THALIA CHAMBERS,100797
S. STERLING COMPANY,100798,thjerichow@gnresound.com,877-209-8383,Tony Cortese,100798
L & L FITTINGS,100800,,860-870-6222,Katie,100800
"REICH SUPPLY CO., INC.",100802,BradS@rdfast.com;josiel@rdfast.com,978-927-1060,JENNIFER/Celeste,100802
INLAND MACHINE COMPANY,100810,,661-775-1100,RENA,100810
HAPCO INC.,100827,,704-846-7874,SALES,100827
THERMODYNE INTL LTD.,100828,,315-699-6310,SALES,100828
CONNECTEC,100831,,877-363-4537,Stephanie Mangieri,100831
ATLANTIC SPRING CO.,100835,jj@minitrencher.com,314-968-2282,Ginny / Sales,100835
HONEYWELL AIRCRAFT LANDING SYS,100846,,216-265-8006x109,ROBERT THOMPSON,100846
"LEM PRODUCTS, INC.",100850,,800-315-2852,JORGE BOSQUE,100850
"SPECTRO, INC.",100856,,570-696-2534,Susannah K Gray,100856
D & W DIESEL & ELECTRIC,100857,branchv3@uri.com,800-752-1458,JACK WELCH,100857
RIDER PLASTICS INC.,100858,,844-388-8783,George Pretty,100858
"ADI SERVICES, INC.",100860,ghange@wmrobots.com,407-678-6900,AURORA,100860
"KITCO, INC.",100861,,413-271-8170,KATHY CAMPBELL,100861
KONGSBERG MARITIME INC.,100864,sales@discountfleetsupply.com,717-347-1200,KRISTINE CONE,100864
EDSON INTERNATIONAL,100867,info@cyberweld.com,315-454-8777,Christine Perkins,100867
VICTOR INDUSTRIES INC,100877,,215-699-4431,Lori Lock,100877
"B & E MFG CO., INC",100878,manager@lablind.com,847-683-2954,John Keeler,100878
"EURAMCO SAFETY, INC.",100879,scosta@hydroair.net,516-333-9292x281,Tom Roche,100879
COLE-PARMER INSTRUMENT COMPANY,100885,sales@nmcgroup.com,586.790.4600,CURT IGNACIO,100885
CUSTOM ELECTRONICS INC.,100890,,888-560-1744,LISA SACKETT,100890
FISHER-FAIRCHILD CORPORATION,100895,,800-551-2304,GREG WOOD,100895
TPS AVIATION,100896,eugenio@ratech-electronics.com,888-286-5082,PAUL SUNIARA,100896
"SEAL & DESIGN, INC.",100899,john.chaney@chicagolighthouse.org,471-4146,Gail OR Deb,100899
PROMARK ELECTRONICS,100901,,011442078365746,Rick Bezanilla,100901
SNOWBIRD ENVIRONMENTAL SYS,100902,robin.prince@wfel.com,800-408-2718,Amanda Reese,100902
"ACCURIDE DISTRIBUTING, LLC",100905,,585-377-2740,SALES,100905
DAVID CLARK COMPANY INC,100908,,585-436-9610,Velma McBrayer,100908
DW INDUSTRIES ,100910,,800-771-7500,John Bland,100910
MISCO/MINNEAPOLIS SPEAKER CO.,100911,Mike@polarisenginc.com,402-677-0123,Gal Lipkin,100911
FLUIDYNE CORP.,100916,bobby@perkinsmachine.com,978-975-5445,SALES,100916
FAIRCHILD CONTROLS CORPORATION,100919,sueli@ecs-trading.com,262-654-3516,MARIA ZERMENO,100919
DANIELS MFG. CORPORATION,100920,nheinze@dweplastics.com,732-494-2223,SALES,100920
HAMMONDS TECHNICAL SERVICES   ,100921,techhelp@acsource.com ,814-623-8183,JIM FEW,100921
"SL-MONTEVIDEO TECHNOLOGY, INC.",100922,wlich@becklee.com,800-242-4944,DOUG GIFFORD,100922
AUTOMATED PRODUCTION EQUIPMENT,100924,,914-668-4841,Allen,100924
NORTHERN PARTS,100925,,909-942-3228,SALES,100925
Q-BIT CORPORATION,100935,,0118651985150205,"Kathleen Jones, Accts",100935
"BANNER MACHINE COMPANY, INC",100936,,800-645-6196,Jim Scannell,100936
SPRING MANFACTURING CORP.,100940,,01188634732073,Sonepal Sethi,100940
RAYTHEON ELECTRONIC SYSTEMS,100942,,718-728-0909,Rachel / Sales,100942
"AVALON MACHINE PRODUCTS, INC.",100943,,602-788-5411,"Carol Malinowski, AR",100943
PRECISION OPTICAL,100945,,713-523-5521,Richard,100945
"AC & R COMPONENTS, INC.",100951,,516-678-6224,LESLIE RENTAS,100951
"CAL-GREG COMPONENTS, INC.",100955,info@steamplantsystems.com,773-788-1881,John Braden ,100955
"DAUBERS, INC.",100959,CUSTOMERSERVICE@AMPHENOL-ANTENNAS.COM,82-55-292-6838,HEATHER LEE,100959
"DAICO INDUSTRIES, INC.",100963,,973-628-1363,Jim Mavin,100963
ACI ELECTRONICS CORP.,100967,,440-268-1207,BETSY,100967
ALL AMERICAN,100974,,508-823-0786,Al Dick,100974
"R.E. MICHEL CO., INC.",100975,jamie.johnson@callapg.com,973-882-8405,Sales,100975
AUTO GEAR CO.,100976,BillJ@JWP-Inc.com,412-798-3607,Nora Lawrence,100976
WAYNE DALTON OF SYRACUSE,100979,,518-673-3712,Cheri Dial,100979
SMITH METER INC.,100990,,315-675-8288,CUSTOMER SERVICE,100990
STATE SEAL COMPANY,100992,,812-897-3488,GINA TASSIELLI,100992
RITEC ENTERPRISES,100996,RITCHIE@DIVERSIFIED-SIGNS.COM,813-645-2748,Steve,100996
STANDEN'S LIMITED,101004,jkoser@unitedcoolair.com,425-1801,X 2239,101004
ALKON,101005,lmontecalvo@emiyoshi.com,716-372-6987,Emanuel Rogers,101005
AIRLINE HYDRAULICS CORP,101007,NMontijo@maxweiss.com,731-686-1532,DEREK DUNIFER,101007
GHZ TECHNOLOGY     ,101015,,410-309-1900,John Shah,101015
KW MICROWAVE CORPORATION,101019,,800-693-5504,Christine Barlow,101019
AEROSPACE CONTROL PRODUCTS,101022,,740-335-3443,Georgette Jones,101022
3M CO.- TRAFFIC CONTROL MATLS,101027,,446-9350,GREG ESSENLOHR,101027
SCIBETTA DISTRIBUTORS,101029,,901-525-7897,SCOTT MARCH,101029
ACE GRINDING & MFG. OF TEXAS,101031,,402-723-4501,Shannon Perruzzi,101031
JACO ENGINEERING,101039,,877-775-7705,Cathy Donahower,101039
"YUASA, INC.",101041,,724-225-8000,ERIN EVANS,101041
IDEAL PRECISION METER CO,101042,gvaldez@mgci.com,703-846-4253,Bob Zappolo,101042
GORMAN-RUPP COMPANY,101044,support@sheet-labels.com,201-797-8855,JOHN SAVAGE,101044
"AUTHORIZED PARTS, INC.",101045,,847-683-2621,VINCE CURTIN,101045
"PRO TECHNICAL PRODUCTS, INC.",101049,,585-458-6174,Grant Webb,101049
HONDA CITY,101050,,855-366-4295,,101050
"DNE TECHNOLOGIES, INC.",101052,orders@kromedispense.com,453-7116,SALES,101052
AVIARMS SUPPORT CORP.,101053,,451-4228,BOB MATULA,101053
CAMAR CORPORATION,101057,,01131174525990,CHRIS SEAMAN,101057
ATC GOVERNMENT TURBINE,101063,MIKE@SPAIRES.COM,800-355-1250,Karen Nutter,101063
"FLOWMETRICS, INC.",101065,,973 589-9150,GYANESH DADHICH,101065
AEPCO,101066,,716-836-4393,The Compass Group,101066
"QUALITEK INTERNATIONAL, INC.",101069,min order $1000.00,860-651-6749,Dianne Suit ,101069
SMAR INTERNATIONAL CORP.,101070,,845/986-2271,Janet Kaiser,101070
THOMAS SCIENTIFIC,101073,fgerleve@temprite.com,315-475-0164,"Andy Gardner, AR",101073
SPACECRAFT COMPONENTS CORP.,101076,,818-894-8241,William Tillinger Jr.,101076
"LDI INDUSTRIES, INC.",101077,cecil@metalsdepot.com,888-472-7444,Julie Mayo,101077
LAIRD PLASTICS,101080,michele.kennedy@ecolab.com,856-327-8949,Paul Salmons,101080
TAFT PEIRCE METROLOGY CO.,101083,,503-557-0536,DENISE DIGIOVANNI,101083
INSTRUMENT SALES & SERVICE,101084,ecamacho@balseal.com,714-528-2301,SALES,101084
WESCHLER INSTRUMENTS,101090,JMcAdam@TMLS.Textron.com  -  Joanna McAdam,480-298-0920, ,101090
"AIR FILTERS, INC.",101093,,540-633-3400,DONALD SHANE,101093
NIAGARA POLYMER PRODUCTS,101097,,800-461-4090,Rodney,101097
"IKON OFFICE SOLUTIONS, INC.",101098,,631-924-6600,COURTNEY WATERS,101098
TURBINE TOOL CORPORATION,101103,,540-249-5100,Ted Burke,101103
EZ FORM CABLE CORPORATION ,101107,,818-764-6717,SALES,101107
"STEWART & STEVENSON SERVICES,",101109,phone:011 86-135-86589290,941-358-7400,CATHY,101109
COMPASS WATER SOLUTIONS,101110,sales@betashim.com,800-700-1728,GINA,101110
"HANSOME ENERGY SYSTEMS, INC.",101111,customerservice@800baba.com,800-474-7294,SALIL CHADHA,101111
"BOCK ENGINEERED PRODUCTS, INC.",101120,,315-505-6848,DONALD GALLEY,101120
"WEST ELECTRONICS, INC.",101122,,*GOVT DIRECT*,Mark,101122
JOSLYN ELECTRONIC SYSTEMS CORP,101124,,937-253-6133,Sales,101124
"HOUSTON FEARLESS/76, INC.",101125,,330-535-2100,NICHOLE NEUDORF,101125
"EEV, INC.",101126,maureen.kinch@fluid.contitech.us,413-241-2229,"Mark Terveen, AR",101126
"HARRINGTON, INC.",101130,tammy.zander@quickstart-ether.com,631-563-4224,Jeffery P. Morin,101130
"ABSTON MACHINE SHOP, INC.",101135,,800-237-1165,SALES,101135
LITTON SYSTEMSGOVT DIRECT ONLY,101136,,701-572-1109,JESSE CLAWSON,101136
"KELLSTROM INDUSTRIES, INC.",101152,orders@alliancels.com,800-334-8237,J Lyons,101152
DUTCH VALLEY SUPPLY COMPANY,101153,FINANCE.US@JAMESWALKER.BIZ,913-829-9400,MEG TAAFFE,101153
REID TOOL SUPPLY INC.,101154,mpiecuch@adalet.com,817-265-3367,EILEEN CRAMER,101154
AF TECHNOLOGIES,101160,walter@cti-intl.com,734-722-0100,SALES,101160
AERONAUTICAL INSTRUMENT AND,101161,,847-7590,SALES,101161
"LIFESTREAM WATERSYSTEMS, INC",101166,lee.rasmussen@peterseninc.com,607-756-5961,"Angela Hodges, AR",101166
TIPCO TECHNOLOGY,101172,ORDERS.BAND-IT@IDEXCORP.COM,888-258-0222,CHRISTINE BALLENGER,101172
LARSON METERCRAFT INC,101177,,419-289-6200,ANDREW MCLARNON,101177
"UNIQUE ELECTRONICS, INC.",101182,,413-267-0590,Brian P.Keroy,101182
"AIR CRUISERS CO., LLC",101183,HDOUGAN@NOOKIND.COM,888-977-7468,Gerry Flinn,101183
"PORTACO, INC.",101185,,800-253-2453,ROB CROSS,101185
HARTLAND FARM EQUIPMENT,101187,,0113902530059273,Hy Itzkowicz,101187
BOW ELECTRONIC SOLDERS,101190,jford@sunbeltstudwelding.com,310-638-9318,NELLIE/ERIC/BILL,101190
FOX AVIATION PRODUCTS,101191,StreamlineJM@SBCGlobal.net,415-924-0352,DARIN,101191
"CARBIDE TOOLS FOR INDUSTRY,INC",101198,mail@corvettecentral.com,253-872-0300,BECKY MILLER,101198
ARCON RING & SPECIALTY CORP.,101201,dtorongo@psi4pumps.com,508-583-3241,Jack Umbarger,101201
MAGNETIC CIRCUIT ELEMENTS INC.,101202,,315-699-6168,Wayne Kent,101202
"MICROTECH, INC.",101203,,330-794-1535,"Anne Higgins, AR",101203
INDUSTRIAL PARTS DEPOT INC.,101207,,916-339-1694,STEFANO COLADONATOS,101207
OMNTEC MFG. INC.,101213,,315-858-9050,Scott A. Rager,101213
JAY INDUSTRIAL TECHNOLOGIES,101216,,816-363-4600,DENNIS,101216
CAPTOR CORPORATION,101218,,718-592-7474,BOBBI BERGERON,101218
"JETSEAL, INC.",101223,,215-572-6800,Robin,101223
FLUID HANDLING LLC,101224,SIMON@HONGFEIHOSE.COM,732-302-0660,Tom Derx,101224
"STAMCO AEROSPACE, INC.",101226,,361-739-3414,Gregg,101226
"DB PRODUCTS, INC.",101227,,713-343-5814,"Andria Boyd, AR",101227
"TIM TUSING ENTERPRISES, INC.",101232,,901-362-5470,CUSTOMER SERVICE,101232
COAST/ACM,101236,,631-345-6200,KIRSTIN MARTIN,101236
"MAGNETIC COMPONENTS,INC.",101244,,641-792-9000,SALES,101244
TRANEX INC.,101248,swansonboatoar@aol.com,308-436-5051,CUSTOMER SERVICE,101248
UNIVERSAL AIR FILTER,101250,"""GOV DIRECT""",516-921-7260,THERESA KOEHLER,101250
L&P FINANCIAL SERVICES,101251,,757-644-4465,DAMIEN LIESMAN,101251
"LAMINATED SHIM, INC.",101261,tim@americanafs.com,978-422-3209,Sales Dept,101261
"PRECISION SWITCHING, INC.",101262,,585-265-2010,Bob Nicoloas,101262
DATA DELAY DEVICES INC.,101265,,508-485-1000,SALES,101265
HUTTON COMMUNICATIONS,101266,parts@midwestbusparts.com,704-824-2873,BRANDI BLEVENS,101266
"RENCO ELECTRONICS, INC.",101269,,336 822-5147,DENISE DIMICELLI,101269
"CHATSWORTH DATA CORPORATION,",101281,,978-922-0019, ,101281
AERO SPRING & MANUFACTURING,101677,,773-282-7103,MELISSA CONNOLLY,101677
A B WIBE,101683,jim@jielisi.com,323-245-3761,Tim Hall,101683
DEVCO-SHOWA,101692,,00310413346400,RICK PYNE,101692
ATLAS-AERO CORPORATION,101702,jkelly@meshvac.com,614-252-8422,Ed Moyer,101702
BADGER TRUCK CENTER,101703,info@CXautoparts.com,720-389-9211,KELLY DONAHOE,101703
ALAMO AIRCRAFT LTD.,101704,,315-484-4500,Terry Gross,101704
AIR INDUSTRIES CORPORATION,101705,,800-672-2222,CUSTOMER SERVICE,101705
LA DEAU MFG. CORP.,101706,e_services@FutureElectronics.com,504-362-5901,Onno Van Kammen,101706
RUGGLES-KLINGEMANN MFG. CO.,101707,rezzan.onay@trelleborg.com,454-3131,JOHN HARTE,101707
"ALLIED ENTERPRISES, INC.",101708,,713-590-1100,JEFF HOOVER,101708
CARBONE OF AMERICA,101709,,704-588-6250,VICTORIA LUKINS,101709
"KRAUTKRAMER BRANSON, INC.",101710,,216-464-9430,Janet Espiritu,101710
CENTURY COMPONENTS CORPORATION,101714,,800-537-2107,FAX: 201-423-4094,101714
CERBACO LTD.,101720,,336-272-4503,JOHN S FINNIE,101720
"ELECTRO ENTERPRISES, INC",101728,ORDERS@PLEWS.COM,732-636-4300,JULIANE BRAINARD,101728
ACTRON MFG. INC.,101731,Sales@randrwholesale.com,0118602782632898,JEFF HODGE,101731
A G I RUBBER CO.,101734,,979-823-2690,BRAD OLSEN,101734
"TEMPIL, INC.",101744,,305-476-0111,Kathi Slaughter,101744
PORTER MANUFACTURING CORP.,101747,KEVIN@WARSAWBLACKOXIDE.COM,781-438-5300,SALES DEPT.,101747
"TECHNISERVICES, INC.",101748,,651-454-5504,TOM KLEINATH,101748
"DYNAMATION RESEARCH, INC.",101749,,631-754-5064,Mike VanRemmen,101749
ALTO SHAAM INC.,101755,,740-887-4668,JERMY PRETZSCH,101755
DO-ALL PRECISION COMPONENTS,101761,,215-343-2300,Jeff Moehler,101761
"HISONIC, INC.",101764,,317.421.3180,SALES,101764
NORTHROP GRUMMAN              ,101765,,800-350-1621,SALES,101765
"INTERFAST, INC.",101766,,508-842-0516,Ralph Puopolo,101766
"ATKINS TECHNICAL, INC.",101768,,866-859-0680,Jackie Bristol,101768
"J W STEVENS COMPANY, INC.",101774,,716-877-4040,JILL ZEUGIN,101774
DORN EQUIPMENT CORP,101777,customer@honeywellcentral.com,877-222-6285,Jen Malizia,101777
EATON LIMITED,101778,csr@mfgdirect.com,202-719-7000,VONDA MILLER,101778
AMERLINE ENTERPRISES COMPANY,101779,,215-455-4900,,101779
AACI,101781,,800-323-9403,ERIC LEWANDOWSKI,101781
QUESTRON AEROSPACE LOGISTICS,101782,,847-437-3800,Andy Dant,101782
MARIAN RUBBER PRODUCTS,101784,,716-625-4227,"Jill Rundle, AR",101784
TAT TECHNOLOGIES LTD,101790,,800-356-1932,BELINDA DEAN,101790
LEWIS MARINE SUPPLY,101792,,717-901-8891,DAVID ARNOLD,101792
SEA WIRE & CABLE,101804,Krista.Weber@UniWest.com,716-662-2585,Larry Solinger,101804
HONEYWELL ASCA INC.,101807,,315-263-8918,GARY DOUGLASS,101807
"INCON, INC.",101808,sales@buywheelstoday.com,474-6753,"Jim McMath, Owner",101808
"BULLDOG HOSE COMPANY, LLC",000003,dwalker@ehmkemfg.com,315 475-444,ANDREW,000003
"BAND-IT-IDEX, INC.",000006,REMITTANCE@GOVEXEC.COM,800-537-6788,Todd Reschke    X 6565,000006
B & B HOSE & RUBBER CO.,000010,ACCOUNT #15273591,800-533-8435,MARIA ELISA ALCANTARA,000010
CHASE WALTON ELASTOMERS,000015,,678-861-7728,Tom Clark,000015
COILHOSE PNEUMATICS,000019,Lisa.Chehab@cwst.com,804-672-6501,Terry Angell,000019
CRUSHPROOF TUBING COMPANY,000023,Martina.obregon@vincorion.us,757-857-4071,SALES,000023
Parker IndHosePrd *USE #106164,000024,michele@genfitllc.com_,973-837-8487,SALES,000024
DIXON VALVE & COUPLING COMPANY,000025,GDAVET@SOLONMFG.COM (RFQ),866-322-4078, ,000025
APG/AMERICAN PACKING&GASKET,000030,OFFICE@AUGUSTAINDUSTRIES.COM,800-989-7176,"Ana Fonseca, AR Contact",000030
EDWARD JOY LIGHTING COMPANY,000031,orders@plews.com,315-858-0648,SCOTT MASUCCI,000031
"ETHYLENE, LLC",000033,parts@acepowerparts.com,714-990-9669,"Gregg Reick, Sales",000033
FLEXFAB HORIZONS. INT'L.,000035,rkime@pemltd.com,800-552-3237,Evelyn Clemmons,000035
FLEXIBLE METAL CO.,000039,,562-426-9559,WENDY ,000039
THERMOID,000041,bdrwalb@komarscrew.com,860-322-5896,ROBERT SHORE,000041
CONTITECH USA INC.,000042,INFO@PRECISIONFILTRATION.COM,214-442-3573,Lorena Torres,000042
GARTNER EQUIPMENT,000045,gracedaniel84@yahoo.com,704-588-6930,Karen Cushman,000045
HOME RUBBER COMPANY,000047,VCF-ACCTRECEIVABLE@IDEXCORP.COM,518-828-2201,Michael Sfirri,000047
JEROME FIRE EQUIPMENT,000054,lparts@twcny.rr.com,446-5656,MATTHEW COX,000054
BRENNAN INDUSTRIES,000064,sales@masksbywhizley.com,412-232-3015,Anderson,000064
NIAGARA CONTROLS,000066,rhamilton@mcsmms.com,231-943-4477,Kevin Edwards,000066
TRACEY ROAD EQUIPMENT,000068,bobmaclay@coburn.com,800-318-6819,KATIE SECHRIST,000068
RALPH W. EARL COMPANY,000075,INFO@AAABRASIVES.COM,973-773-2299,MIKE SAUNDERS,000075
FITZSIMMONS HYDRAULICS,000078,RBETTNER@CYNCON.COM,716-852-7100,CUSTOMER SERVICE,000078
"XTO, INC.",000092,sales@titanabrasive.com,262-251-8356,Rick Stein,000092
B.W. ROGERS,000097,   ,608-364-8123,Fin Cheah,000097
HAUN WELDING SUPPLY,000109,mikeb@bgmfastener.com,440-248-1450,EMILY DIAZ,000109
MID-STATE INDUSTRIAL SUPPLY CO,000115,MAGGIE891030@GMAIL.COM,315-472-7455,JOE BAXTER,000115
KURIYAMA OF AMERICA INC.,000116,bonnetservice1@gmail.com,800-654-0774,Rob Jones ,000116
"MIDWAY INDUSTRIAL SUPPLY, INC.",000117,orders@itbcompany.com,609-786-9778,Terry Coleman,000117
NRP JONES LLC,000118,katelyn@getautotex.com,775-856-4141,JOHN STOLZE,000118
NOVAFLEX HOSE INC.,000119,,471-4747,ZEKE,000119
"NEWAGE INDUSTRIES, INC.",000123,don@databusproducts.com,309-755-8771,JODI RIVERA,000123
PT COUPLING COMPANY,000124,timothy.atkins@linder.com,316-684-2875,customer service ,000124
POWER DRIVES INC.,000129,bnegrin@pmfnj.com,763-390-7052,CHRIS ALBERS,000129
"MINOR RUBBER CO., INC.",000136,sales@morcofab.com;eric@morcofab.com,315-445-1700,HASAN MOHAMMED,000136
SAFEWAY HYDRAULICS,000142,patti@natinalbolt.com,315 471-2771,Jeff Carrier,000142
PENFLEX INC.,000147,Paul.Suniara@Tnb.com,323-261-2193,CHRISTINA,000147
SALEM REPUBLIC RUBBER COMPANY,000154,mmurphy@atcomhq.com,734.426.2855,SALES DEPT.,000154
UNIVERSAL METAL HOSE,000163,,652.3596,DESMOND VIDAL,000163
TITAN INDUSTRIES,000166,custserv@jmlock.com,201-419-6111,,000166
BANJO CORPORATION,000168,phil.gordon@sabic-ip.com,215-785-4548,STEVE GREEN,000168
HOSE MASTER INC.,000177,jbraga@sympatico.ca,919-733-3458,GARY GRENIER,000177
EATON FLUID POWER,000179,PATTI.STREETER@RSHUGHES.COM,585-589-6842,Richard Sargent,000179
HB SHERMAN MANUFACTURING ,000196,,425-396-0829,SALES,000196
LIVERPOOL LUMBER COMPANY,000197,info@boatid.com,877-278-9373,Cassie Apperson,000197
J.C. SMITH INC.,000233,rich@petersonsales.us,716-542-4505,KAREN,000233
NORTH ATLANTIC POWER PRODUCTS,000248,info@fai.us,800 888-7196,Loreanne,000248
J.J. SHORT ASSOCIATES,000278,,510-489-8100,Kristine Cotignola,000278
UIP INTERNATIONAL INC,000286,sonya.vanderwolde@ravenind.com,336-808-0531,Sales,000286
MCMASTER-CARR SUPPLY COMPANY,000287,diana@wheelerbearing.com,214-428-8181,RICK BLAKE,000287
SYRACUSE DIESEL & ELECTRIC,000324,bmckinney@baronsnaps.com,888-557-0558,Michael Mills,000324
ANCHOR FLUID POWER LLC,000342,chiggins@dowkey.com,800-797-7164,TERRI TRACZ-KING,000342
"EVERFLEX PRODUCTS, INC.",000367,,487-5926,LESLY GARVIN,000367
"RED HEAD BRASS, LLC",000374,detlef.koslowsky@pruefrex.de,805-604-3595,MATT VANHOUSEN,000374
FEDERAL HOSE MFG. INC.,000393,bhendrix@biomedix-inc.com,877-835-9620,Pete,000393
"ACI CONTROLS, INC.",000453,wellworth@columbus.rr.com,954-975-5518,Wayne Waterman,000453
"ALEMITE, LLC - SKF GROUP",000454,SDHITEC@GMAIL.COM,713 680-3338 ,BRIAN DOCKUS,000454
"BERENDSEN FLUID POWER, INC.",000463,Jose.Benitez@chemplex.com,800-343-0409,Sales,000463
"DRIVERS VILLAGE, INC.",000469,info@clevelandignition.com,800-428-4599,,000469
IRR SUPPLY CENTERS,000470,jkim@ansettspares.com,716-634-8214,Bob Lemke,000470
BRP MFG. COMPANY,000476,Jatman@keyindustrial.com,732-247-5171,JANET / SALES,000476
HIGBEE RUBBER CO.,000483,jramos@betatherm.com,781-769-7500,JOSEPHINE GIORDANO,000483
OVERHEAD DOOR COMPANY,000484,accountsreceivable@ThompsonCoburn.com,301-309-1758,Sales,000484
MATERIAL HANDLING PRODUCTS,000485,,315-437-2829,SALES,000485
ESSENTRA INDUSTRIAL COMPONENTS,000503,PO@ATRENNE-CS.COM,800-328-5192,TAYLOR BANKS,000503
LOWERY CHRYSLER JEEP / EAGLE,000522,orders@cshincorporated.com,973-471-2455,DAN MARTIN   ,000522
"RAY MURRAY, INC.",000563,sales@naalloy.com,631-667-4000,John Simon,000563
THOMPSON & JOHNSON-USE 106454,000591,rlj@fwwebb.com ,471-0868,JULIA,000591
GRAINGER,000621,shill@lektro.com,888-993-4824,Chauncey ,000621
AT&T INFORMATION SYSTEMS,000627,,973-252-4100    ,AUTUMN BUSICK,000627
FAIRVIEW USA INC.,000646,flatlandfence@gmail.com,622-1988,Teddy Li,000646
MILTON INDUSTRIES INC.,000674,GLOBALHYDRAULICSOL@GMAIL.COM,805-484-8884,CUSTOMER SERVICE,000674
COMPRESSED AIR SYSTEM INC.,000688,sales@thebrassworksinc.com,805-981-4734,ELAINE SERRANO,000688
"FLUID POWER SALES, INC.",000698,deisner@pattonair.com,480-985-9000,,000698
TRILINE AUTOMATION,000721,rross@tactair.com,677-3828,CHERYL RIVERS,000721
"CURTIS TOLEDO, INC.",000726,rsalvas@antroneng.com,800-227-2044,LARKIN MCKENZIE,000726
GLADD SECURITY SERVICE,000727,sales@pandasolutionsllc.com,508-751-5800,Darran Lee,000727
GENALCO INDUSTRIAL DIVISION,000737,,845-480-5121,Jean Van Allen,000737
"LONGWOOD ELASTOMERS, INC. ",000754,,740-622-4422,Jeff Woodall,000754
PBS SALES & SERVICE,000759,meddoch@accrabond.com,011914522607083,Ray Tebo,000759
RAL-RICH TOOL & ABRASIVE,000793,,619-691-4111,TIM SULLIVAN,000793
ALTA CONSTRUCTION EQUIPMENT,000810,web@electromechcomp.com,450-476-6228,,000810
ABRASIVE-TOOL CORPORATION,000824,metrowiresales@aol.com,586-296-9850,SALES,000824
TRIDENT CORP.,000829,,530-894-1793,CATHERINE HESTER,000829
PHILADELPHIA VALVE CO.,000843,,407-621-2129,KERRI McCLAM,000843
THRUWAY FASTENERS OF SYRACUSE,000857,sales@adiesel.com,715-835-7909,Johnny Ruth - reg sales,000857
WOLLARD INTERNATIONAL,000897,sales@quickcable.com,800-232-9825,DAVID SUNSHINE,000897
I T S INSTRUMENT CORPORATION,000901,NShahan@clickbond.com,623-878-6800,ROBERT / SALES,000901
THE ZIPPERTUBING CO.,000902,SALES@COUPLAMATIC.COM;DAVE@COUPLAMATIC.COM,800-852-5258,Tom Jernigan,000902
ALTA ROBBINS INC.,000906,KEVIN@RUNHGK.COM,717-637-5951,"Ben Janet, Acctg Mgr.",000906
BADGER METER,000909,Tim.whisnant@lamons.com,610-517-6239,Chris Fusco,000909
"QUALITY FOAM PACKAGING, INC.",000911,CMatthews@nedc.com,802-657-6034,Chris Suggs,000911
MILLIPART INC.,000912,,800-527-9530,Richard Allen,000912
HEXCEL,000913,Staci.Noble@pottersbeads.com,800-622-4224,SALES,000913
CRP INDUSTRIES INC.,000917,jmaiolo@muncycorp.com,800-221-7223,,000917
ATLANTIC COMPONENTS,000919,sales@georgeomillerco.com,1-800-606-4673,TERRI,000919
THE GEORGE TAYLOR BRASS &,000920,tnorton@nortonclamps.com,402-371-0714,Ed Dyson / Parts,000920
"A BIEDERMAN, INC.",000924,,800-543-6882,DAVE N,000924
PAWLING ENGINEERED PRODUCTS,000925,esharp@colbertpkg.com,650-930-6390,ERIC KURAS,000925
ELKHART BRASS MFG. COMPANY,000936,mgioglio@selcoproducts.com,800-338-3247,Deanna Howell ,000936
CUMMINS NORTH EAST,000963,info@thejwindustries.com,422-2336,RICH,000963
CURBELL PLASTICS,000981,cgondek@aquasolcorporation.com,215.766.8055,Donna Eisner,000981
JORDAN SUPPLY,000985,judyvallette@eaton.com,855-627-6350, ,000985
KAMAN INDUSTRIAL TECHNOLOGIES,000997,dennyd@pmfind.com,800-620-4840,Diane Bell,000997
TENNANT CO.,001007,KDOUPE@TRITANK.COM,317-883-6700,Gary Uebel,001007
MARCONE SUPPLY,001013,,228-452-9200,Barry Oswald,001013
WAYNE WIRE CLOTH PROD.,001031,,454-4435,LORI COSTA,001031
COOPER ELECTRIC,001042,**SEE NOTES**,847-259-3800,Liz Ryan  x 416,001042
ANDERSON EQUIPMENT COMPANY,001049,info@jbj.co.uk,216-671-1900,RENEE,001049
FLORIG EQUIPMENT,001051,scotth@descomachining.com,437-2978,Mike Wusterbarth,001051
JOHN REINER & CO. INC.,001053,,518-465-2428,SALES,001053
EMPIRE CRANE CO. LLC,001054,tpegoda@conquestmachine.com,228-374-8807,FLORENCE HURT,001054
"STRAHMAN VALVES, INC.",001068,EVC@BCPLLC.COM,615-477-4181,Joanne St. Clair,001068
BUCYRUS CONSTRUCTION PRODUCTS,001069,,491-8890,AMY SZLUCHA,001069
SERVICE SPRING DIVISION,001070,,866-809-9078,James McWatters,001070
D & S MFG. CO. INC.,001078,,937-323-4981,Rebecca Steiner,001078
MONROE TRACTOR,001079,HUSSAIN.T@POLYHOSE.COM,800-221-2052,Carla Caetta,001079
KELLEY & KELLY IND SUPPLY,001089,sales@dieselpartsdirect.com,800-768-3985,Rebecca/Sales,001089
COXREELS INC.,001108,sokhim.on@hcpacific.com,410-687-7900,Natalie Harvitt,001108
WATEROUS COMPANY,001110,andrew.crook@dynamicfab.com,617-241-8100,Bill Tobias,001110
PUROSIL USE ACCT #003809,001128,SCOTT.W@READYCONTAINMENT.COM,614-882-2422,JEFF SACHS,001128
MSC INDUSTRIAL SUPPLY COMPANY,001138,trcgov@netsync.net,315-453-0015,PHIL RODENBAUGH,001138
HAR-ROB FIRE APPARATUS,001145,eshack@sbcglobal.net,858-566-6700,TERRY LARSEN,001145
FREY HEAVY DUTY,001147,,817-429-0787,315-685-8524,001147
HYDRO FITTING MFG. CO.,001153,help@allpartitions.com,800-671-6898,JoeL ALVRZE,001153
KRAFT POWER CORPORATION,001173,Barb.Weidman@fivesgroup.com,919-848-2900,JASON BAILEY,001173
PENN POWER GROUP/CARRIER,001178,ANITA.RANDALL@CRISTIE.COM,518-462-5425,"Alana,AR / Joan Hamill",001178
HEAVY DUTY PARTS,001183,jmazzola@cordovaisc.com,503-387-6393,JOSEPH WOO,001183
STADIUM INTERNATIONAL,001192,serviceparts@signodeservice.com,860-583-1305,BEN LEWIS,001192
PITT AUTO ELECTRIC COMPANY,001195,,718-291-8060,,001195
GAMMON TECHNICAL PRODUCTS,001199,marcus@beatonindustrial.com,281-355-8191,"Marietta Darakhshan,AR",001199
MITTEN FLUID POWER,001230,dbecker@huntcommercial.com,201-847-9509,Lynn Pantic,001230
LENZ COMPANY,001239,pjones@gatewayrack.com,219-255-9774,,001239
"ZSI-FOSTER, INC.",001242,jessp@defensecybersolutions.net,800-299-9470,Telesha Gibbs,001242
"HUGHES HITECH, INC.     ",001243,LEAMON.MANLEY@SWAGELOK.COM,630-293-5910,Tim Donlon,001243
AMERIDRIVES INT'L,001251,,973-345-0963,Maria Matson / Govt.Sales,001251
THREE RIVERS ENGINE ,001269,keith.hobbs@edwardsvacuum.com,800-954-3577,TYLER BIXLER,001269
GRAYBAR ELECTRIC COMPANY INC.,001270,bonnita@xplornet.ca,713-868-5443,SALES,001270
VAN-AIR & HYDRAULICS,001277,APARSONS@DARCOSOUTHERN.COM,800-947-9414,"""DO NOT USE""",001277
"REMINGTON ARMS COMPANY, INC.",001282,orders@FamilyOTC.com,330-425-3888,JERRY MARTINEZ,001282
AEROL COMPANY,001284,,800-552-3100,CHARLENE JOHNSTON,001284
WESTERN ENTERPRISES,001285,SALES@EPG-INC.COM,918-336-5075,WYLENE RICHARDSON,001285
KIMBERS INC. ,001286,mgassert@mayerelectric.com,973 383-0691,Barbara Ware,001286
CLARK BROTHERS INSTRUMENT CO.,001297,sales@nrpjones.com,011441915846962,CUSTOMER SERVICE,001297
FLEETPRIDE,001309,,,Inta R. Berzins,001309
COMMERCIAL PLASTICS &,001330,,480-941-6300,RAY FROESE,001330
RIKER PRODUCTS,001336,,303-312-8000,,001336
KINEQUIP CORPORATION,001340,dspenterprises@msn.com,304-422-0337,"Deanna Sargent, AR/Sales",001340
"AAH ACQUISITION,LLC (Snaptite)",001358,justin.evans@pelican.com,315/458-9646,SALES,001358
CED BALDWIN HALL,001370,boday@aatprod.com,313-471-2811,John Larson,001370
PHILLIPS INDUSTRIES,001383,jonelle@empirecrane.com,724-360-2658,Chad Marek,001383
COTTA TRANSMISSION CO.,001386,,269-274-9070,ROB BROOKS,001386
COOPERS MARINA,001398,CASHAPPLICATIONS@AITWORLDWIDE.COM,315-451-7860,MAUREEN,001398
ESSEX BRASS CORPORATION,001409,khayman@barcodesinc.com,800 765-2080,Cosmo,001409
"DONALDSON COMPANY, INC.",001413,support@themine.com,315-466-8190,Mike Druce,001413
H & L TOOTH CO.,001425,,802-463-9558,SALES,001425
DISSTON DIV. GREENFIELD ,001433,,855-563-5635,APRIL KARN,001433
BUCYRUS BLADES INC.,001434,blampert@crissair.com,216-621-3777,Dave McGuire,001434
REELCRAFT INDUSTRIES,001437,admin@wireropegauges.com,616-396-6501,SALES,001437
CARR LANE INC.,001441,AR@PROPHIX.COM,31-546-575360,Bill Lloyd,001441
W S DARLEY & COMPANY,001456,info@bestbuyautoequipment.com,800-394-9435,TERRY KUZIN,001456
DIXON QUICK COUPLING,001459,Support@Pridiom.com,903-572-7995,JOHN LADD,001459
CUSTOM HYDRAULIC & MACH.,001469,support@evacuumstore.com,256-340-4866,SALES,001469
VOLVO AB,001482,,716-695-0640,Carol Warren,001482
MAR-OIL HYDRAULICS INC.,001487,,631-842-3663,BEN PORAT,001487
SPRAYING SYSTEMS CO.,001504,VKPLASTICS@EARTHLINK.NET,816-741-6600,Chuck Krisher      ,001504
SAMUEL VALVES & FITTINGS,001505,twalsh@walshindustries.com,800-243-5556,Dennis L. Beckwith,001505
CS AUTOMATION,001542,CHAUGHTON@OUTLOOK.COM,804-498-4879,Dan Marshall,001542
AWD MFG. & SALES CO.,001547,,433-9031,Jim Cohen,001547
DANFOSS POWER SOLNS USE 100152,001551,dannyb@heatercraft.com,614-424-3880,Ben Hafeli,001551
SOUTHWORTH-MILTON,001559,joannethomas@coxhardware.com,800-533-5286,Ron Newcomb,001559
SECO SEALS COMPANY,001591,,858-538-3922,Tim Fry,001591
E.D. ETNYRE & COMPANY,001602,erica.gordillo@carlisleit.com,978-422-6000,STEVEN YUAN,001602
BADGER FIRE PROTECTION,001603,,314-647-6200,SALES,001603
QUICK START PRODUCTS,001627,jamie.poe@oilstates.com,982-894-7711,Debbie Peardon,001627
MANHATTAN/CDT,001628,,802-442-5473,LINDSEY ROBERTSON,001628
FARGO ASSEMBLY CORPORATION,001646,,727-535-0413,LARRY,001646
LAWSON PRODUCTS INC.,001649,dpent8198@aol.com,712-792-3143,Jon,001649
MISSISSIPPI VALLEY EQ.,001656,,614-342-6460,Sales,001656
MAXON INDUSTRIES,001680,,716-385-4000,CATHY PORTER,001680
BEAM MACK TRUCKS INC.,001692,captmark@landfallnavigation.com,716-381-0810,Sales,001692
CRANE PUMPS AND SYSTEMS,001717,dnovak2491@hotmail.com,see notes!,BOB SIMONELLA,001717
A.Y. MCDONALD,001720,,800-742-5842,DAVE HOYACK,001720
LITTLE GIANT CRANE &,001724,,631-567-2442,KAREN POLLACK,001724
RYANHERCO PRODUCTS ,001731,SALES@ADAPTALL.COM,607 734-1253,Jose Benitez,001731
"D&W Diesel, Inc.",001747,solutions@viatran.com,954-748-1715,Anne Bogart,001747
"H.O. BOSTROM CO., INC.",001750,bob@franklin.co.uk,718-832-2488,Helen Meadows,001750
GILBARCO,001753,sales@anapallet.com,215-425-4100,,001753
GICHNER SHELTER SYSTEMS,001755,sales@aquaphoenixsci.com,800-522-3212,Sandra Busby,001755
CMC OF GEORGIA INC.,001771,,301-354-3000,,001771
REXNORD CORPORATION,001778,UITAX@LWC.LA.GOV,713-937-6295,JAMIE BELL,001778
"W.B. ARNOLD CO.,INC.",001779,sales@colocmfg.com,713-433-1991,Tyler Promer,001779
ROSS EQUIPMENT,001804,LINCOLN.CUSTOMER.SERVICE@SKF.COM,877-335-3339,Kathy Bennett,001804
"MAVERICK ARMS, INC.",001806,,281-941-2310,Shirley Lambiris,001806
SSP FITTING CORP.,001810,,281-499-1561,KEN CARPENTER,001810
HALDEX BRAKE,001819,,800-700-1076,JANET ,001819
STARK COMPRESSION LLC,001838,"amartin@titanfci.com, titan@titanfci.com",203-848-3769,CATHY SULLIVAN,001838
NORTHLAND INDUSTRIAL,001843,,203-874 2515,*USE VENDOR # 8247*,001843
LMC CORPORATION,001849,,513-852-2038,MIKE TUCKER,001849
MORRISON BROTHERS COMPANY,001867,service@gulfcoastcalibration.com,206-783-2766,Jeremy Kennedy,001867
KFH - KEY FIRE HOSE CORP,001874,BILLING-US@PROARCH.COM,352-236-7908,Stormy Star/ Jackie ,001874
MARVEL FILTERS LLC,001883,ginger@gandfsupply.com,800-963-9436,Beulah,001883
ROBERTS EQUIPMENT,001892,,973-299-4517,Regan Dunne,001892
"LIFT PARTS MFG COMPANY, INC.",001907,chriso@maziuk.com,305-254-2155,Jace Couple,001907
THE AL XANDER CO. INC.,001911,partssales@defense.oshkoshcorp.com ,800-633-6775,DICK SEARS,001911
BETTS SPRING COMPANY,001912,,516-694-0300,SALES,001912
"HUNT VALVE COMPANY, INC.",001927,connie.vance@rubinbrown.com,716-884-7425,Ray O'Donnell x 3117,001927
"ACS INDUSTRIES, INC.",001934,NTD@SPRINGCOMPANY.COM,488-6120,Michael Cananda,001934
PARKER HANNIFIN CORPORATION,001947,,800-247-6000,Mike Swallow,001947
CARQUEST AUTO PARTS,001958,,757-855-2187,Les Riggall,001958
CRANE CARRIER CORPORATION,001959,LANCE.JUNKER@AEROENG.COM,281-902-3380,AMANDA,001959
"MAR-VEL INTERNATIONAL, INC.",001966,,708-553-0350,"Sherri Mills, AR",001966
LACLEDE CHAIN MFG COMPANY,001967,,437-1122,,001967
IDEAL TRIDON,001968,qws@gis.net,949-642-2400,Sandy Walker,001968
MYERS TIRE SUPPLY,001980,INFO@SEHOSE.COM,888-758-7527,Matt Conley,001980
"HAYES PUMP, INC.",001999,greatersyracuse@gmail.com,800-262-5755,Chris Barnhardt,001999
FEDERAL-MOGUL CORPORATION,002011,sales@filtersource.com,888-667-7077,JIM BELLANDI JR.,002011
VICTAULIC COMPANY,002019,SALES@SOLBERGMFG.COM,306-543-2020,RANDY BINTER,002019
HAYNES CORPORATION,002021,cblack@gmarep.com,877-600-8645,Frank O'Linn,002021
ALTA MATERIAL HANDLING,002024,kblankenship@preferredtape.com,905-834-7211,BARBARA PIERCY,002024
ALEXANDER BATTERIES CO.,002026,,864-574-7966,Ryan Sullivan,002026
"BOEING DISTRIBUTION, INC.",002033,customerservice@gordonelec.com,518-561-5400,Judy Fredericksen,002033
PRECO INC.,002038,,810-583-1605,Nita,002038
ARROW SAFETY DEVICE COMPANY,002040,sales@jasperelectronics.com,877-235-6628,Ron Manz,002040
WITTEK CO. INTERNATIONAL,002043,,800-366-2266,SALES,002043
MINE SAFETY APPLIANCES CO.,002045,bandrae@cuttersedge.com,701-664-9426,PAT MC KINNEY,002045
PRESTOLITE LEECE NEVILLE CO.,002056,theresa.koehler@vt-group.com,1-800-669-8488,Jay Arnett ,002056
STEPAN COMPANY,101830,jeff.pollard@easternfirst.com,475-5191,PAT GRADY,101830
RADIO SHACK,101838,orders@dutro.com,704-796-8532,"Gary Dickerhoof / Lisa,AR",101838
MRC GLOBAL (US) INC,101844,mgrajdek@kelleybros.com,678-938-1398,,101844
THERMO ENVIRONMENTAL INSTRA.,101847,,480-607-1900,Shawn Cheverez,101847
CYCLOTHERM OF WATERTOWN,101849,,973-616-0399,Steve Coleman,101849
"LEDTRONICS, INC.",101854,liz_inquiry@yahoo.com,704-945-9937 ,DALE SAMPSON,101854
"SCHUNK CARBON TECHNOLOGY, LLC",101860,jlantzer@hoosierind.com,248-773-8200,SALES,101860
ORLANDI GEAR COMPANY,101873,,315-701-4933,RUTH ESTEVES,101873
"UNITED SEAL AND RUBBER CO.,INC",101874,,315-474-1096,Dennis Coriglione,101874
PAGE BELTING CO,101876,,866-873-8426,Lynn,101876
PENN-UNION CORPORATION,101886,billing@360testlabs.com,704-521-4478,GREG GURNEY,101886
MIL-COM ASSOCIATES,101889,,877-506-2223,Paul Genade,101889
HARRY MILLER CORPORATION,101901,alexpetro@comcast.net,011902164668460,TINA FOLWER,101901
BOGGS AND ASSOCIATES,101904,,419-525-3888,Bobbi Hilton x 335 ,101904
THE BOEING COMPANY;,101907,,800-562-8192,Cheryl Harris,101907
"GIGLI ENTERPRISES, INC.",101913,mschindler@acs-coupler.com,414-355-3066,JESSICA HOOVER,101913
FLUID REGULATORS CORPORATION,101919,,619-233-5625,Lorraine Keenan,101919
POWER DYNAMICS,101921,,847-965-9090,"Chester Porte, AR",101921
SHILOH INDUSTRIES INC,101288,**$100.00 MIN**,740-773-3015,JIM CHAMOT,101288
AURORA BEARING COMPANY; C/O,101289,,800-447-0387,BOB /SALES,101289
PROSPECT FASTENER CORPORATION,101291,membrey@redrockindustries.com,810-346-9834,JERRY ARMOR,101291
CTS CORPORATION  C/O NYCOM,101298,june@turnkeyweb.net,256-754-5507,CUSTOMER SERVICE,101298
FOSTER & WAGER,101299,dLeith@diamondequipment.com,701-774-7636,Stanley Butler,101299
"AERO SYSTEMS ENGINEERING, INC.",101302,,704-376-4775,Jennifer Huntebrinker,101302
ISOTTA FRASCHINE MOTORI,101304,,800-959-0951,,101304
SPECIALTY RUBBER INC.,101307,,800-728-8368,JUSTIN KWON,101307
"MICROWAVE COMPONENTS, INC.",101312,,800-447-1237,Laura Casale,101312
ABRASIVE TOOL,101318,rob.sanchez@dwgsecurity.com,800-837-3818,Kirk Losher,101318
SMEDEGAARD OF DENMARK,101322,,262-548-6220,PALLAVI RATHOD,101322
SMITHS AEROSPACE CUSTOMER,101327,,866-857-3310,SALES,101327
"NEW ERA CONTRACT SALES, INC.",101332,lifts@marinetravelift.com,315-437-1643,MICHAEL BUCK,101332
"BERKELEY MAGNETICS, INC.",101334,,815-726-2322,Brenda,101334
ENDRIES INTERNATIONAL INC.,101336,BRUNO@CNYSOLARPROTECTION.COM,585-662-2276,W.M. RIGSBY,101336
"INVENSYS SYSTEMS, INC.",101343,orders@nafhc.net,716-882-6200,JOE VIEIRA,101343
"THOMAS R. MILLER, INC.",101344,,800-639-3194,Brian Whittlef,101344
"OPTEX SYSTEMS, INC.",101346,,805-604-3951,"Blanca Radillo, Sales",101346
"AERO INTERNATIONAL, INC.",101350,,207-873-0860,MARK AMANTI,101350
WELLMAN FURNACES INC.,101351,,561-445-4674,CHRIS MORLEY,101351
AXIS ELECTRONICS,101358,,800-626-3477,MARK DALY JR,101358
"A. E. PETSCHE CO., INC.",101367,jcarlin@atcontrols.com,800-966-7020,C.Merill / Linda Gardner,101367
"UNITED REFRIGERATION, INC.",101371,,845-522-5365,Jim Seastrom,101371
CDW COMPUTING SOLUTIONS,101377,kcopeland@dms4ems.com,877-387-4824,stacy vansicle a/r,101377
"NEW PROCESS FIBRE COMPANY, INC",101381,dosborne@lgoglobal.com,866-917-7873,Sales,101381
CELL ENERGY INC.,101383,,606-845-2227,BOB MILAM,101383
AGILENT TECHNOLOGIES,101385,info@diamondbackfire.com,920-743-6202,SALES DEPT,101385
"TELONIC BERKELEY, INC.",101394,contactus@kjmagnetics.com,708-377-7531,"Nicholas Spengler, Mgr",101394
"ARIES ELECTRONICS, INC.",101395,,424-777-1430,DARRYL NOVAK,101395
OPTO 22,101397,,315-652-0316,MICHELLE GUSSENBAUER,101397
"DYNETCOM, INC.",101398,,757-233-8259,"Paula,AR",101398
INTEGRATED MICROWAVE,101399,,586-294-8343,SALES DEPT,101399
J A MOODY EQUIPMENT SPECIALIST,101400,jamie@hillflightsupport.com,518-785-5841,Bob White,101400
QUICK CABLE CORPORATION,101404,www.ameren.com,919-362-7511,KEITH,101404
T L D AMERICA,101406,,216-781-5200,Brian Stewart ,101406
LAU HOLDINGS LLC,101407,TGSCHMITT@SCHMITTMARINE.COM,422-4304,,101407
"D.G. MOUNTZ ASSOC., INC.",101408,,800-474-1530,JULIE HUDSON,101408
JONNEL,101409,,818-769-5381,Bethany Shroyer,101409
VESTDAVIT INC,101413,jkillmer@wallguard.com / sales@wallguard.com,437-1421,Brendan Fitzpatrick,101413
MPC PRODUCTS CORPORATION,101415,tas@marshindustries.com,315.409.8215,ALEX,101415
"LOCKHEED MARTIN CORPORATION,",101416,,315-697-9633,JANET,101416
ADAMS ELEVATOR EQUIPMENT CO.,101418,,800-265-2710,JEANNA KOHLHAGE,101418
SULLIVAN SUPPLY,101419,,412-665-2721,Eran Schmulinson,101419
BREG INTERNATIONAL,101423,,800-463-8134,John Extrim,101423
COOPER POWER TOOLS,101424,,718-292-9000,BILL TAYLOR,101424
"KALYN SIEBERT, L.P.",101435,lisa@crushproof.com,617-256-1400,ELIZABETH / SALES,101435
VALAD ELECTRIC HEATING CORP.,101438,josette@mbrdist.com,847-729-5330,Barry Bohan,101438
ECOLINK,101439,,800-299-7773,Barb Tench,101439
WILCOM INC.,101443,,832-358-1177,"Anne Bethke,Acctg Mgr",101443
FLOTECH INC.,101444,,301-690-2010,Mark Groth,101444
CARLISLE INTERCONNECT TECH,101445,sales@FusionFabMfg.com,877-258-3364,TOM SMITH,101445
SELCO/EEC,101447,sales@kleenslate.com,937-898-5881,ALEX,101447
"INTEGRATED PROCESS TECH, INC.",101448,,660-465-8572,LOUISE THOMPSON,101448
DA-LO INDUSTRIES,101450,,*** SEE NOTES **,Pam Moore,101450
"MMC METROLOGY LAB, INC.",101451,jgd@valmatic.com,905-660-7072,"Marjorie Almodovar,Acctg",101451
WINTER'S INSTRUMENTS ,101452,mimi@arkent.co,215-632-9583,FRANK BLOOM,101452
ARGO TURBOSERVE CORPORATION,101458,brett.swenson@us.schunk-group.com,816 739-8066,Paul Fisher,101458
SENSOR SYSTEMS LLC,101460,tom.basso@mgaviation.com,011390523810410,Edward Sarno,101460
ERIC J SWANSON,101463,sales@htcmfg.com,951-296-6573,ALINA,101463
"AEROSPACE FASTENERS, INC.",101464,,757-622-6313,CHERYL PERRY,101464
"SEACOAST ELECTRONICS, INC.",101465,,336-661-1556,VERONICA MARTINEZ,101465
"AMERICAN FIBERTEK, INC.",101470,,908-367-5944 ,RON SWEENEY,101470
WOLVERINE BRASS,101480,,817-483-9111,Zach Padellford,101480
THE ANT COMPANY OF VIRGINIA,101485,,517-548-4372,AUBREY UPDYKE,101485
LGS TECHNOLOGIES,101487,sales@halibrite.com,800-396-4642,Richard Nichols,101487
MARINE AIR SUPPLY,101488,sales@komautomation.com & (send rfq's to both),410-477-6500,Dawn West,101488
AERO PRECISION INDUSTRIES,101493,,800-621-3335,,101493
"INSL-X PRODUCTS, CORPORATION",101494,,617-884-0250,Wendy Eggers,101494
SPIRAL TOOL CORP.,101495,,888-330-6932,Jack Bigpond,101495
DOUGLAS AUTOTECH,101496,sales@pacificecho.com,437-2751,Albert,101496
E N M COUNTERS,101497,,452-2200,SALES,101497
INDUSTRIAL FILTER MFGRS       ,101500,,800-722-5273,Sophie-Andree Beauchamp,101500
"AIRFLYTE ELECTRONICS CO., INC.",101502,,260-449-9741,JIM DE KEUSTER,101502
HUBER AND SUHNER INC.,101504,,314-644-4300,SCOTT KARAS,101504
DREMEL,101509,,989-723-8985,Jeff,101509
"TRIANGLE RUBBER CO., INC.",101511,,301-356-6011,Dan McMurray,101511
LOUIS ALLIS LLC,101512,baurich@cccparts.com,716-684-7600,SALLY NEIL,101512
HILLIARD CORPORATION,101514,Anthony.Tokunaga@pccairframe.com,812-273-1121,ELONA BROWN,101514
WESTERN DESIGN,101515,,315-361-1595,Mike Hoffman,101515
ROLLS-ROYCE GEAR SYSTEMS,101516,gfd@goldenfleecedesigns.com,437-7706,SALES,101516
"THALES OPTICS, LTD.",101519,,800-553-3355,SALES DEPT.,101519
SINCLAIR & RUSH INC.,101520,trishas@piperonline.net,631-273-8313,John Nelson,101520
"MD HELICOPTERS, INC.",101524,customerservice@gmpartsdirect.com,717-938-8844,CHERRY VIRAY-CODERA,101524
EC/NDT LLC,101527,,414-353-3112,AMANDA MCCALEB,101527
IMPERIAL ELECTRIC COMPANY,101528,,858-541-2880,BOOMER,101528
BERENDSEN PMC AS,101531,,603-332-9000,CHRISTIAN ASHCRAFT,101531
TRISEAL CORPORATION,101533,,812-945-0211,SALES,101533
"WORTHINGTON AVIATION PARTS,INC",101546,,716-634-3656,JACK HURST,101546
LEN MYERS & ASSOCIATES INC.,101549,,800-903-2760,,101549
SEALAND POWER DISTRIBUTORS LLC,101550,CWALLGREN@MOBILEMARK.COM,438 8915,KEVIN BUTTON,101550
ADVANCED POWER PRODUCTS,101551,,800-526-1183,Trish Riemer,101551
MARINE SYSTEMS INC.,101552,sales@tasco-safety.com,800-448-7626,Jeff Jankowski,101552
DIE CUT PRODUCTS CO.,101559,,845-343-4077,Marie Sangillo,101559
A & M AEROSPACE INC.,101560,,800-394-4804,CONNIE FAVELA,101560
KOERNER FORD OF SYRACUSE INC.,101568,LILIAN@ENTIRECOUPLING.COM,972-641-2100,SALES,101568
OCEAN DATA EQUIPMENT CORP.,101570,,847-866-6030,MARK BOSWELL,101570
"PENGATE HANDLING SYSTEMS, INC.",101571,ssmith@makdad.com,281-442-0544,Cliff Wilson,101571
ATLANTIC TUBING CO.,101574,,7173975100,Melissa Reichman,101574
KOCH MEMBRANE SYSTEMS,101580,,647-203-0739,JASON PARADIS ,101580
ASTRO TOOL CORPORATION,101584,,202-338-9100,SALES,101584
KENT COMPONENTS DISTRIBUTION,101589,,262-797-5730,Mark Rupprecht,101589
WESTINGHOUSE GOVT. SERVICES;,101591,,877-410-8605,BOB SKILLITER,101591
"JAMAICA BEARINGS COMPANY, INC.",101592,pmeberhardt@aol.com,631-467-2040,Eli,101592
ROGERS FOAM CORPORATION,101595,sandra@tonybairdelectronics.com,281-879-8849,DAVID MARTSCHINSKE,101595
POKORNY SALES & MFG. INC.,101598,sales@caseclub.com,515-262-5900,SALES,101598
"PINTA FOAMTEC, INC.",101601,alex@captaindaves.com,561-688-9246,SALES,101601
EXPANDED RUBBER&PLASTICS CORP,101609,,704-869-3923,MARTHA MYERS,101609
VALLEY SEAL COMPANY,101611,,914-237-4800,Mike O'Neill,101611
WARD LAFRANCE TRUCK COMPANY,101612,,877-548-3473,Nate Shahan,101612
CARTER MOTOR COMPANY,101613,,585-464-0313,RICHARD PAROBY,101613
"THOMAS WILLCOX COMPANY, INC.",101614,accountinghpw@h-pproducts.com,312-261-6161,SUE,101614
"GILLINDER BROS., INC.",101623,,843-261-3420,Connie Harper,101623
"TAWAS INDUSTRIES, INC.",101624,,607-363-2035,ST LOUIS PHONE LINES,101624
"CREED INTERNATIONAL, INC.",101626,,716-876-9855    ,MICHELE LOPEZ,101626
FISHER-BAKER CORPORATION,101628,,800-422-4166,Dan Piet,101628
LAPMASTER INTERNATIONAL,101629,,870-235-7201,JIM NEVARA,101629
STARK EQUIPMENT LLC,101638,enquiries@lawson-his.co.uk,919-563-4820,ACT# JGB001,101638
REXNORD CORPORATION,101640,,360-387-9643,"Patrick Bertrand, Acctg.",101640
NELCO PRODUCTS,101653,ledwards@cctprecision.com,800-215-0440,Julie Lewis,101653
"STERLING PRECISION OPTICS, INC",101655,,570-213-5603,John Berzacelli,101655
"ACCUSPLIT, INC.",101657,,604-445-5410,WILLIAM ,101657
"HEIL TANK SERVICES, INC.",101660,sales@geeco.com,626-851-3100,Rich Farrar,101660
LCI INDUSTRIAL DISTRIBUTORS,101666,,229-873-3283,Randy Jasinski,101666
ROHDE&SCHWARZ INC.,101668,jajackson@aks.com,626-938-0200,***USE WEBSITE***,101668
BREEZE EASTERN,002070,sales@northeastlaser.com,800-435-8210,Sarkis ,002070
ANDERSON BRASS COMPANY,002074,cvazquez@safetysourceinc.com,+44 1344 207090,ROB GOFFREDO,002074
SEATS INCORPORATED,002080,,518-851-3351,Larry Cooper EXT. 26,002080
PEERLESS ELECTRONICS INC.,002081,SUPPORT@PRECISONLINE.COM,888-818-7573,Raemarie MEIER,002081
AUTO METER PRODUCTS INC.,002089,,909-481-4333,PEPPA O'SHEA,002089
BROOKS EQUIPMENT CO. INC,002097,,800-431-7278,JOHN / SALES,002097
MURRAY CORPORATION,002098,graff@humboldtmfg.com,800847-8606,Pete Perrine,002098
WEISS INSTRUMENTS INC.,002103,,305-235-5401,SALES,002103
FIVE STAR EQUIPMENT,002120,steve@walterco.com,440-967-6165,TERRY BRADY,002120
APS SYSTEMS INC.,002122,avesci@atlanticfasteners.com,214-381-7161,PAULETTE GERTIN,002122
EXIDE CORPORATION,002123,,800-343-4048,,002123
HAUCK MFG. CO.,002127,,971-727-3408,Regina Presto,002127
KECKLEY COMPANY,002129,SHANTI@VEEJAYPLASTIC.COM,281-941-7036,Elizabeth Maszlejak,002129
MAGLINE INC.,002146,,716-854-7633,JASON ORMAN,002146
HIGHWAY EQUIPMENT &,002155,,908-654-4380,Nancy,002155
U.S. MATERIALS HANDLING,002162,ASHLIE@ACCESSHOSEINTL.COM,844-227-6372,Sales,002162
MORSE INDUSTRIAL CORPORATION,002175,tberglund@ppmanufacturing.com,,DARLA CAMP,002175
TECHNICAL COMPONENTS,002190,,618-224-2000,Brittany Delgado,002190
REXEL INC.,002193,,800-423-2289,SALES,002193
FAG BEARING CORP.,002199,, ,,002199
DIAMOND CHAIN COMPANY,002209,info@elastoseal.com,248-399-4300,Tony Simon,002209
GRIMES AEROSPACE COMPANY,002218,,813-725-4644,Randy Wood,002218
MALONE SPECIALTY,002229,MCRUM@BEX.NET,315-626-2480,MELODY FRYMAN,002229
JOHNSON CONTROLS INC,002232,international@42photo.com,800-428-8610,Jim Sibson,002232
DIVINE BROTHERS CO.,002247,,800-999-0198,,002247
CENTURY FASTENERS CORPORATION,002250,csale@zenithaviation.com,843-987-3120,SALES DEPT.,002250
"ENGINEERED COMPONENTS, INC.",002252,Rebecca.Simpkins@trico-group.com,818-700-2901,"Terri Pietrantonio, AR",002252
SEALING DEVICES INC.,002253,mchilton@marshalltown.com,704-527-6555,Martin Thevik,002253
"SARCO HYDRAULICS, INC.",002265,,718.994.0100,Sales,002265
"THE WISE CO., INC.",002284,tina.lara@terex.com,800 685-0657,DENNIS,002284
HATCH & KIRK INC.,002301,,457-2121,Marianne Ducros-Demas,002301
SPARTON CORP.,002304,,315-682-7760,SALES,002304
"STEELMASTERS, INC.",002306,,314-961-7444,,002306
"PPG INDUSTRIES, INC.",002323,,800-923-6255,,002323
THE RUBBER GROUP,002329,CYNTHIA.MCNAMEE@LDREDMER.COM,877-547-3907,DOUG WALLINGFORD,002329
EDWARDS VACUUM LLC.,002331,****  SEE NOTES  ****,801-487-2214,AR,002331
MAXIMA TECHNOLOGIES ,002344,Joseph.Fiorentino@L3Harris.com,330-783-2000,CUSTOMER SERVICE,002344
"FARADAY, INC.",002349,,715-246-9500,JOHN IAMARINO,002349
NAPCO INTERNATIONAL,002355,,844-342-5548,Leslee Schneider,002355
NEW HAMPSHIRE BALL BEARING,002356,,718-723-6500,Karen Okita,002356
MARYLAND METRICS,002363,sales@haguefasteners.co.uk,310-639-0385,WILLIAM P MACECEVIC JR,002363
KENTAK PRODUCTS COMPANY,002366,ed@morrill-industries.net,800-626-6556,Julie Barcelos X7915,002366
TRANSCAT / E.I.L.,002370,,978-922-6000,DON MASSUCCI,002370
CRISSAIR INC.,002374,BE-NA-CPINSIDESALES@jci.com,513-719-2352,SUSAN CALVERT,002374
TRANE US INC,002375,murphy@compressorworld.com,479-5544,Russ Ayers,002375
J. NATHAN HARDWARE SPECIALITY,002377,,703-327-3620,SALES/MELINDA HILL,002377
ROTEK INC.,002379,lesley.cooper@meggitt.com,610-343-6000,Claire,002379
APOLLO AEROSPACE COMPONENTS,002380,,913-647-7700,Paul Gardner,002380
THE BRINKMAN CORPORATION,002383,,701-774-2195,Pat Foster,002383
"M-B COMPANIES, INC.",002387,ana.hill@broadstone.com,816-741-9100,SALES,002387
AEROSPACE FITTING,002395,mnelson@labelmaster.com,239-436-1581,TONY/JAY CUTAIA,002395
BARRY CONTROLS CORPORATION,002403,,704-375-3328,Scott Cranmer,002403
PIC DESIGN,002417,,919-787-8214,Ray Westfall,002417
"REXNORD INDUSTRIES, LLC",002423,sandy.wood@bblumber.com,419-629-2068,MARK,002423
STANDARD PRODUCTS CO.,002425,,505-867-6045,VACHE BAHADASSIAN,002425
NORDEX INCORPORATED,002433,,562-594-8411,SUSAN MATTIE,002433
"UMPCO, INC.",002435,KEVIN@PARKERHYDRAULICS.CO.UK,350-2004,JOE MARSHALL,002435
VOSS INDUSTRIES INC.,002443,sales@ustool.com,513-527-4444,LAURIE METCALF,002443
KOCSIS BROTHERS MACHINE,002446,,410-876-3616,,002446
WELLMAN PRODUCTS GROUP,002460,asmw@asmw1.com,315-439-0924,ROBERT A FINKENZELLER,002460
HAYS FLUID CONTROLS,002466,s.zimdahl@gollmer-hummel.com,315-422-0200,(see notes B4 sending RFQ,002466
HARMONY ENGINEERING,002468,,703-996-8142,,002468
BLACHFORD INC.,002471,,941-359-9844,"Brad Merle, Owner",002471
TROMBETTA CORPORATION,002476,,856-488-8300,NICK FONTANA,002476
"O-RINGS, INC.",002478,sgalla@worldmagnetics.com,231-722-3781,Doug Falso,002478
COORS TEK     ,002481,,805-530-0027,DIRK HUENICK,002481
"GATEWAY SUPPLY CO., INC",002482,,592-4400,RYAN,002482
HEYCO MOLDED PRODUCTS,002484,,631-847-0158,Art Garcia,002484
"S.S. WHITE TECH., INC.",002486,paulv@hartwellcorp.com,215-323-3800,IVAN PAZ,002486
"ESMET, INCORPORATED",002488,,631-842-4900,MIKE WALSH,002488
AYER SALES,002495,michael@southwestthermal.com,734-941-0266,JOHN ENGLERT,002495
BDI - BEARING DISTRIBUTORS INC,002497,Deb.Smith@exelisinc.com,863-676-2245,SALES,002497
HUNTER MFG. COMPANY,002501,JasonS@Manuli-hydraulics.us,952-933-6795,Mason Lane,002501
D.B. ROBERTS COMPANY,002502,aosorio@cleanseal.com;jshinall@cleanseal.com,860-677-6711,SALES,002502
PLEWS INC,002505,sales@highpressure.com,607-432-5376,,002505
SUNDSTRAND POWER SYSTEMS,002512,,214-343-1075,"Michael Wood, Pres.",002512
CIRCLE SEAL CONTROLS INC,002520,,225-751-0500 ,Ben Austerman x252    ,002520
ROGNESS,002528,terry@posconninc.com,281-487-3160,SALES,002528
GM FLUID POWER CORP,002530,,440-232-5100,Customer Service,002530
NEWARK ELEMENT 14,002538,odb@odbco.com,206-682-8700,MARY RUSSELL,002538
TIMBER-TOP INC.,002540,hydroparts@hydromechanical.com,800-342-1221,HENRY SHONTZ X209,002540
"EMCO WHEATON USA, INC.",002553,orders@vacuforce.com,716-828-1322,Donna DeVita X2225,002553
CHESTER HOIST,002554,,011380512454045,"Carolyn Lohkemper,Acctg",002554
AAR MOBILITY SYSTEMS,002557,TWALSH@ACTONMETAL.COM          ,314-739-3818,TOM,002557
ALLMETAL SCREW PRODUCTS,002564,,985-851-2400,Dr. Arnold E. Liu EVP,002564
NYCOIL COMPANY,002568,sales@ralmark.com,770-955-3030,MITCH WINTERMAN,002568
"PROTECTOSEAL COMPANY,",002569,sales@astfinishing.com,0116328313794,Allan Kerns,002569
AMETEK ROTRON,002572,iceball@cnool.net,256-585-6868,Tony Menditto,002572
TANKCRAFT CORPORATION,002582,,585-445-8765,Elliot Zach,002582
GEFCO,002583,,315-437-0397,,002583
HARDWARE SPECIALTY COMPANY,002584,info@farymann.com,714-632-8198,Buck Hatch/Les Henson,002584
"ARROW MASTER, INC.",002591,,800-523-1266,Tom Gries,002591
LENCO INCORPORATED,002597,,301-863-5499,TOM MURANKO,002597
DRESSER-RAND GROUP,002599,,708-389-7333,Mona Wood,002599
HYDRO AIR,002600,frhodes@arcon.org,941-485-1515,Patti Woitena,002600
TRENTON PIPE NIPPLE COMPANY,002603,,412-628-4171 ,Kevin Darling,002603
AUBURN ARMATURE,002604,FGuzzardo@nccgreen.com,724-537-9000,JIM BURCHFIELD,002604
ACUTEK INC,002607,,865-408-0100,Kaye Johnson,002607
AUSTIN IGNITION CO.,002629,,713-644-5353,greg,002629
ZEPHYR INDUSTRIES,002631,,859-255-5001,ELIZABETH TINEO,002631
FLUID KINETICS,002636,,800-878-5501,Bill Dempsey,002636
MULLEN INDUSTRIAL HANDLING CO.,002645,peterbmuller@me.com,714-893-1847,ANDREW LOSETH,002645
LEGEND VALVE & FITTING,002652,patrizia.anselmi@filtrex.it,517-393-4040,MaryAnn Kane,002652
"CHAMP INDUSTRIES, INC.",002656,,319-671-7105,Dana Baker,002656
DENT MANUFACTURING INC.,002664,sales@linmarr.com,641-257-1961,Barry Rothwell,002664
CORCOM INC.,002666,,703-761-2600,Frank Carr,002666
"AIRPAX CORPORATION, LLC",002669,,217-224-9600,NINA CULLEN x205,002669
WARNCO ASSOCIATES,002670,Caitlin.Luttig@araymond.com,253-773-3220,Ed Gorel,002670
ROESSEL & COMPANY,002674,amanda@uipintl.com,860-242-4461,Ruben Martinez,002674
RPA ELECTRONICS,002675,dmitchell.arrowmachining@gmail.com,513-841-3100,Jonathan Leonhardt,002675
BUD INDUSTRIES,002682,,866-434-7140,ANNELLA BAKER-n/a 2013,002682
TROMPETER ELECTRONICS,002683,mrospert@norweco.com,310-944-9352,Oben Cabalceta,002683
AMERICAN PRECISION INDUSTRIES,002684,,813-805-9554,Wayne Lovett,002684
SPECTRUM CONTROL INC.,002688,,918 663-8380,SALES,002688
C & K COMPONENTS,002689,,207-721-9911,WALT PHILLIPS,002689
TRU-CONNECTOR CORPORATION,002690,,716-667-6219,Joby Lewis,002690
AKRON BRASS COMPANY,002693,standart@europe.com,763-537-8435,mindy.rapp@honeywell.com,002693
SIMCONA ELECTRONICS CORP.     ,002698,,877-632-4876,,002698
MCDONALD EQUIPMENT CO.,002699,SEVANS@JGBHOSE.COM,505-872-0037,SCOTT WEXLER,002699
CII TECHNOLOGIES,002701,,704-596-2580,Customer Service,002701
THE CARLYLE JOHNSON MACHINE,002702,,256 734-6538,Jessica Mitchell,002702
ELECTROSWITCH,002704,jhauck@malinco.com,201-227-1962,Marion Claucherty,002704
GLENAIR INC.,002705,JOHN.MCGILL@CODANCOMMS.COM,330-425-8444,SALES,002705
CONSUMERS AIRCRAFT COMPANY,002706,,800-800-4272,CUSTOMER SERVICE,002706
COLUMBUS-MCKINNON CORPORATION,002710,bradh@campoequipment.com,585-872-5650,,002710
NYTRONICS COMPONENTS,002715,,800-242-7353,,002715
"AUTOMATIC CONNECTOR, INC.",002716,MG@MGTELECTRONICS.COM,972-530-1371,CRYSTAL SZINEGH,002716
GAMBLE DISTRIBUTORS INC.,002726,,800-334-5071,DIANE HILTON,002726
TE CONNECTIVITY CORPORATION,002737,mikekelly@acornind.com,416.747-4300,Tim Labenski,002737
SOUTHCO INCORPORATED,002739,msethi@ptimd.com,201-438-9190,Nancy Preeper,002739
WESCON PRODUCTS,002747,rbennett@am-ind.com,302-322-5411,Marge,002747
M.D. HUBBARD SPRING CO.,002748,,201-933-8488,AMBER MAHON,002748
"WAVETEK R.F. PRODUCTS,",002761,,705-743-2926,DAWN PROSSER,002761
HEIM BEARINGS           ,002769,,310-802-2640,WILLIAM E. VERNIER JR.,002769
"MEIER SUPPLY CO., INC.",002771,jonathan@seiglobalsales.com,516-248-9700,Christian Chandler,002771
FORSHEDA SHAFT SEAL CORP,002772,,818-787-0311    ,**MUST USE DISTR**,002772
M/A-COM ,002773,,215-526-2300,Greg,002773
GREAT LAKES PLASTIC,002776,frank.maring@scientech-inc.net,513-984-4016,STEVE COY,002776
ADMAR,002779,jesus@raptorhose.com,281-590-3240,Bill D'Andrea,002779
"POWELL ELECTRONICS, INC.",002784,cheryl.rivers@xcerra.com,800-234-7660,David Revette,002784
BEEDE ELECTRICAL INST.,002786,EMAIL@CAMTECHINDUSTRIES.COM,215-831-5400,Sales Department,002786
NORTH AMERICAN CAPACITOR,002787,,775-885-1280,FRANK,002787
F.M. STEVENSON CO. INC.,002789,,866-330-1272,BEVERLY JAMES,002789
LABELMASTER,002792,,800-652-6733,MORGAN DOODY,002792
CIVACON,002793,,708-867-6080,Richard Brunhouse,002793
HOBBS CORPORATION,002794,,800-874-0619,Greg Jackson,002794
ACE HYDRAULIC & PNEUMATICS,002795,sales@cleveland-trencher.com ,586.739.1970,TIM GRAGSON,002795
WAUKESHA BEARING CORPORATION,002818,,866-469-3800,Drew Franz,002818
"ADVANCED LOGIC RESOURCES, INC.",002829,,314 771-0700,CYNTHIA ORCHARD,002829
ALTRA INDUSTRIAL MOTION,002833,info@carmarka.com,314-894-5500,Denise Tangherlini,002833
L3 COMMUNICATIONS WESTWOOD ,002834,info@bbhemphillspring.com,(866) 764-9900,Customer Service,002834
FCX PERFORMANCE/AMSCO SALES,002836,jason.klun@pwpump.com,219-879-0241,Serge Ganthier,002836
MCNAB INC.,002840,SEE NOTES COMMERCIAL USE ONLY,800-822-4329,Sal Fernandez,002840
H & C TOOL SUPPLY,002846,rbrown@calgoncarbon-eu.com,707-535-2700,Mark Bergeron,002846
LANDOLL CORPORATION,002847,jhoover@floydbell.com,314-714-1950,Josh Calkins,002847
"INDAL TECHNOLOGIES, INC.",002852,,413-781-8300,LUKE RODRIGUES,002852
BORG WARNER AUTOMOTIVE,002857,,800-997-1921,KELLY MILLS,002857
AERCO INTERNATIONAL INC.,002862,,319-334-7068,Nancy Stiner,002862
NATIONAL REFRIGERATION &,002863,,602-283-5067,Mark Gibson,002863
ALFA LAVAL INC.,002864,AR.USA@ATLASCOPCO.COM,704-684-0223,ANNA SLAIDINS,002864
"RAYBESTOS POWERTRAIN, LLC",002867,orders@waldom.com,800-759-6693,CUST/ SERV SALES,002867
HERSH PACKING & RUBBER,002869,,718-789-2424,Ryan Tarzian,002869
LIDGERWOOD MFG. COMPANY,002871,,800-950-6656,SALES,002871
ROBERT SHAW CONTROLS COMPANY,002875,,920-592-3779,BOB,002875
PAPER CALMENSON & COMPANY,002879,,816-842-2750,DON MCHENRY,002879
EAGLE CRUSHER INC.,002882,,419-284-3381,Kevin Marheine,002882
"PUROLATOR FACET, INC.",002883,,914-666-2911,David Tejera,002883
SPRAY PRODUCTS,002885,,800-333-3599,,002885
"COMPONENT RESEARCH CO., INC.",002896,,888-352-6332,CHRISTY TYLER,002896
BERKEL,002898,,818-504-0644    ,JAMES WEBB,002898
S.V. MICROWAVE PRODUCTS,002899,,973-773-4256,Sales,002899
LOCKHEED MARTIN TACTICAL,002901,,724-778-3380,NEIL WELLS,002901
SPX CORPORATION,002902,****DO NOT USE THIS VENDOR!!!!,716-694-3750,MARY JO HEIAR,002902
"AFCON PRODUCTS, INC.",002903,tbarber@bdi-usa.com / rochester@bdi-usa.com,315-422-9275,MICHAEL MIJARES,002903
GARDNER DENVER CANADA CORP.,002910,,800-423-7717,Robin Griff,002910
MARSH BELLOFRAM CORPORATION,002921,airdoordistributors@gmail.com,315-652-3800,"DeannaSawyer,AR/ A.Muqbel",002921
SYRACUSE THERMAL PRODUCTS,002926,bremerton@servmart.org,847-634-8990,JEFF HANSON,002926
THE HOMER D. BRONSON CO.,002928,,574 246-5000,"Jamie Schnur, Ops Mgr.",002928
DARNELL-ROSE DIVISION,002935,eriegler@keystonefilter.com,800-833-2040,Kim / Dana,002935
"BOURNS, Inc.",002936,accoar@kitocrosby.com,704-857-1156,Bobby,002936
"HOWELL LABORATORIES, INC.",002940,wrzos.andy@aeromix.com,800-258-3851,Martha Stollenwerk,002940
THERMAL STRUCTURES INC.,002944,,440-248-6005,"Anita Fulk,AR/Linda Cave",002944
COVENTRY MFG. CO. INC,002946,,480-483-8942,Dave Seymour,002946
RENOLD INC.,002948,orders@mtmcase-gard.com,603-432-1718,MARY,002948
BASIC RUBBER & PLASTIC,002951,tlangelier@epectec.com,818-846-8181,SALES,002951
SQUARE D,002954,,508-521-6714,Steven Hanaka,002954
MOTOROLA,002955,scott@jerpbakbayless.com,203.268.7238,Rosa Deleon,002955
TATE ANDALE,002957,fdrohan@r-kmfg.com,320-352-5239,Kate Boone,002957
GEAR PRODUCTS INC.,002958,,973-253-0100,SALES,002958
KJ ELECTRIC,002959,pedens@vsecorp.com,516-742-6766,PAULETTE CAMPBELL,002959
"STEWART & STEVENSON TVS,LP",002960,accounting@comtac.com,678-566-9660,"Malden ""Kasper"" Clermont",002960
UNIWELD PRODUCTS,002961,,716/674-0406,Michelle,002961
GUARDIAN ELECTRIC MFG.,002962,sborzenski@stanchem-inc.com,724-935-5666,Walt Inman,002962
FOSS BROWN,002965,,614-383-6376,Karen Behm,002965
SUNAIR COMPANY,002967,,800-989-2783,WOLFRAN DIAZ,002967
ACOPIAN TECHNICAL COMPANY,002969,kathyf@gleicher.com,607-962-6054,Randy Uveges,002969
WRIGHT TOOL CO.,002970,,315-736-3081,Jane,002970
ERICKSON PRODUCTS COMPANY,002972,,613-203-2476,MARLA BURLINGAME,002972
AMPHENOL CORPORATION ,002974,,973-498-7333,Chris Schiffmacher,002974
ARTUS,002975,,914-287-3577,Sheila Sudderth,002975
ARGO INTERNATIONAL,002976,,1-800-828-8824,SALES,002976
U.W.D. MANUFACTURING INC,002977,,631-698-3350,GLEN MARTIN,002977
AAT COMMUNICATIONS CORPORATION,002980,,800-762-0030,Glenn Hopler,002980
PRECISION SPEED INST.,002981,,781-909-0069,Shary K.,002981
RICHARDSON ELECTRONICS,002985,info@hylinesafety.com,610-967-6388,Tim Saunders,002985
SEALTRON INC,002987,,248-852-6500,SALES,002987
RUMETCO SALES,002992,THAIDET@SPECIALTYHOSE.COM,437-8451,LAURA,002992
PRECISION ELECT. CORP.,002997,,513-874-3733,Dave,002997
PYLE CONNECTORS-SINE SYSTEMS,002998,,455-6200,PAUL DENYER,002998
GREER COMPANY,003003,,315-457-4330,STACEY SMITH,003003
BOMAG AMERICAS,003009,jennifer@ustacticalsupply.com,877-863-5227,Tim Miller,003009
"PRIME TECHNOLOGY, INC.",003010,,800-553-1911,John Kovaleski,003010
DAKE,003011,,214-932-8422,Brian Nguyen,003011
ALEK INDUSTRIES,003012,chris@precisioncoatingtech.com,505-887-2044,mary koch,003012
STANT CORPORATION,003015,pbinman@yourlsi.com,402-331-1797,Susan Pabon,003015
"J.A SEXAUER, INC.",003016,,352-378-3209,JAY PUTT,003016
SAIC,003021,jnelson@protofabengineering.com,732-681-0707,FAX #412-228-2122,003021
"HYSPAN PRECISION PRODUCTS, INC",003028,wdyle@highsidechem.com,508.429.2005,SALES,003028
SAINT-GOBAIN PERFORMANCE ,003033,BILLY.RICE@FERGUSON.COM,463-0088,JOE BOTT,003033
KIDDE TECHNOLOGIES INC.,003034,ckelsch@ballypa.com,203-753-6876,Terry Chaney x 105,003034
PETTIBONE TIFFIN,003035,,704-637-7110,Bob O'Neill,003035
STRATO-TOWER INC.,003041,,936-569-7941,Jarrod Norman,003041
METUCHEN CAPACITORS,003043,sales@keylessaccesslocks.com,315-834-6406,Gail Blum,003043
CONDUCTIVE SYSTEMS INC.,003059,,315-422-1558,Jim MacMillan,003059
S.L. WABER INC.,003066,,716-852-7731,Michael Jeraci,003066
WERNER CO.,003068,,866-257-7995,Don Lewis,003068
AAK CORPORATION,003069,,864-574-8060,GENE MENZIES,003069
KOEHRING CRANES ,003072,allisonb@hydrofitting.com,724-776-7273,CUSTOMER SERVICE,003072
MID-STATE SALES INC,003073,bg@tsfasteners.com,215-348-9074,,003073
NIAGARA PLASTICS COMPANY,003074,PATTY.MARTIN@DSI-HUMS.COM,330-734-3600,CUSTOMER SERVICE,003074
"VELVAC, INC.",003076,,+82-51-532-6033,Mike,003076
"EBERL IRON WORKS, INC.",003084,Leisa.Allenbaugh@signwarehouse.com,585-343-6211,Debbie McCoy,003084
HARTWELL COMMERCIAL PRODUCTS,003085,sales@youngeng.com,708-594-5890,Alex Richardson,003085
"J.O. KING, INC.",003089,,215-657-8600,AMANDA LEONHARDT,003089
WELDON PUMP COMPANY,003090,dealers@meopta.com,513-934-3201,DICK COREIA,003090
GROTE MANUFACTURING COMPANY,003091,gregjadin@starmarketinginc.com,440-329-9288,"Joe Covey, Sales",003091
ALLIED DEVICES CORPORATION,003094,,585-343-5251,Harry,003094
PRECISION UNIVERSAL,003102,,800-468-4131,Ben Collins,003102
GREENE TWEED & CO. INC.,003104,,800-888-3048,Tom Corathers,003104
THERN INCORPORATED,003105,bkabbaz@barmesapumps.com, ,Bill Reese,003105
POWER CORDS & CABLES,003110,,770-729-8860,RAY MASIGLA,003110
"BENDIX COMMERCIAL VEHICLE, LLC",003115,ncarter@parker.com,315-457-4848,Tina Reid,003115
HAGGARD & STOCKING ASSOCIATES,003116,,850-864-4004,MARK,003116
FEDERAL EQUIPMENT,003117,sales@atcomponents.com,702-388-0800,NICK LOSITO,003117
HANTEK INC.,003126,,913-353-6188,SAID HUSKIC,003126
CLAMPCO PRODUCTS,003132,kminkiewicz@mta-usa.com,508-852-5400,GREG CEUCH  X 4293,003132
HOWMET GLOBAL FASTENING SYSTEM,003137,sales@rpaelect.com,314-553-4458,Walt Sheean,003137
BELL TEXTRON INC.,003148,ACCOUNTSPAYABLE@AMERICANROCKSALT.COM,315-437-6801,BILL HARRIS,003148
ATLANTIC CORDAGE,003151,,724-479-3533,Michelle Barnett-Sales,003151
SENIOR ENGINEERING CO.,003170,,315-652-3773,HPD.QUOTES@SUPPORT.PARKER,003170
SHRIER MARTIN PROCESS EQUIP.,003175,Rfiala@soundcoat.com,815-895-8161,Eric Tubbs,003175
ROCKER SOLENOID COMPANY,003179,david.eickhoff@adiglobal.com,407-855-6161,Matt Sawicki ,003179
BART CORPORATION,003183,,510-658-0414,Suren,003183
"WAMCO, INC.",003191,tolco@tolcocorp.com,315-414-1414,MIKE SCHEID OR SUE DALTON,003191
"SCHRADER BRIDGEPORT INT'L, INC",003194,jab@jamisondoor.com,832-448-5591,Steve Rzeszutko,003194
MASLINE ELECTRONICS INC.,003197,jimchamot@churchvillefire.com,631-249-0400,PARTH DHANANI,003197
STS TRUCK EQUIPMENT,003201,BILL@REINHOLDELECTRIC.COM,623-582-2779,Scott,003201
GEORGE O MILLER CO,003206,daniel.surratt@dudesolutions.com,219-255-6939,KATEY,003206
"KEYTRONICS, INC.",003212,,315-425-8894,Michelle,003212
"B. W. ELLIOTT MFG. CO., LLC",003214,cperez@skylock.com,800-365-5282,Kathy Deaton,003214
TTI INC.,003215,ifmcorp@consolidated.net,800-541-1747,Enzo Luppi Mackenzie,003215
CTS CORPORATION,003218,,248-280-2810    ,VICKIE SCHWARM,003218
HP INC,003220,support@tcpglobal.com,315-668-8294,Harry Millette,003220
STUART C IRBY CO.,003225,jeffr@dccoil.com,615-256-4248,TAMMIE STEIN,003225
ASCHBACHER & ASSOCIATES,003226,,+441202756993,LOUIS,003226
CENTER MANUFACTURING INC,003229,jeanned@spindleco.com,314-531-0460,SUSAN,003229
SAGER ELECTRONICS,003239,dgriest@aesystech.com,416-670-0717,BOB HERLING,003239
J.R. BAKER ASSOCIATES,003243,,248-373-4300,MARIA ANGUIANO,003243
ENERQUIP INC.,003247,JOE.LOPRESTI@MBITONER.COM,727-796-1044,Amanda Dipietro,003247
CROWN DISTRIBUTING COMPANY,003248,,763-755-7677,John Wilson,003248
ELC INDUSTRIES CORPORATION,003257,sales@hubbell-gleason.com,800-252-4235,Vicki Brdar,003257
HOBART BROTHERS / HASG,003262,,315-234-7500,BOB,003262
"NASCO  AIRCRAFT BRAKE, INC.",003266,,570-253-5046,TERRI WARREN,003266
M & M AEROSPACE HARDWARE,003274,,800-354-9816,George Rogers,003274
KERN ENGINEERING,003283,shopkins@bdproduct.com,440-998-2788,Curt,003283
AVO INTERNATIONAL/MEGGER,003284,AR@POWERLUBEIND.COM,951-657-2611,Becky Boyle,003284
HARRIS CORPORATION,003285,allan.hillyer@exide.com/david.phillips@exide.com,413-536-3913,TIFFANY PFEIFFER,003285
SAMTEC,003286,,699-3811,KATIE CROMMETT,003286
"WES-GARDE COMPONENTS GROUP,INC",003293,info@warrenfasteners.com/websales@...,315-457-0003,VINCENT DIMENTO,003293
HEAVY EQUIPMENT PARTS,003294,,704-372-2602,Harvey,003294
FAI ELECTRONICS CORPORATION,003297,sales@aloma.com,701-477-6404,Becky Lee   ,003297
DIRECT LINE INC DBA DRIVE LINE,003306,brad@preferredpowersports.com,281-457-1280,Darleen,003306
SIPEX,003309,,303-688-3966,Jeff Stevens,003309
RL STONE,003310,thomas.happel@masterelectronics.com,451-5059,JANA BRASWELL,003310
M.H. RHODES       ,003311,,574-295-6641,Justin Scherer,003311
ASTROCOM ELECTRONICS,003312,,310-323-0820,RYAN ARDUINI,003312
"TRIUMPH CONTROLS, INC.",003317,cjohnson@auroradefensegroup.com,717-469-5487,Daniele dalla Torre,003317
CONTROLLER SERVICE SALES,003324,,914-565-1935,James,003324
MICROLAB/FXR,003325,,631-694-1800,Frank / Sales,003325
"BANDY MANUFACTURING, LLC.",003329,,800-644-9525,** SEE COMMENTS **,003329
AERO ENGINEERING & MFG. CO.,003330,arivera@ppsvcs.com,518-793-3436,Carol Thompson,003330
HI-GRADE PRODUCTS MFG,003331,,01101752301111,JOHN MATT WELKER,003331
MICROWAY SYSTEMS,003332,,714-593-9780,SALES,003332
BAL SEAL,003334,myorder@gpcompanies.com;ar@gpcompanies.com,212-233-5656,Matt Holm,003334
RITCHIE ENGINEERING CO,003338,sales@anoplate.com;ntreby@anoplate.com,615-771-6650,Jim Scott,003338
LIFCO HYDRAULICS,003348,,203-265-2389,Pete Mark,003348
ROTAIR INDUSTRIES INC.,003352,,888-717-1020,John Damitor,003352
"WAVELINE, INC.",003358,,231-724-2151,TOM / SALES,003358
RUBBERCRAFT CORP OF CALIFORNIA,003360,jbranch@newdellco.com,800-636-7678,Kathy Proteous,003360
JONATHAN ENGINEERED SOLUTIONS,003363,kkotalik@primuswindpower.com,315-474-6486,Barbara Bannister ,003363
DUFF-NORTON,003367,dureine.matheny@dezurik.com,814-724-6440,JOHN WERNER,003367
SERVO INSTRUMENT CORPORATION ,003368,,844-703-9204,LARK,003368
MOSIER FLUID POWER,003371,,631-586-5500,COREY MURDOCK,003371
PALL AEROPOWER (USE 104806),003379,daniel@appliancesconnection.com,607-786-3129,Dianne Hollins,003379
AMERICAN LUBRICATION EQUIPMENT,003380,customer.service@amot.com,410-644-1620,Irma Berman,003380
UPSTATE THERMO KING ,003382,ANSHUL.GUPTA@AEROFLEXINDIA.COM ,215-646-8440,,003382
BISCO INDUSTRIES,003383,cjkillian2@comcast.net,504-488-5731,JOHN,003383
NIBSCO SUPPLY,003384,cmoore@zy-tech.com,606-864-9711,Mike Appleyard,003384
"DRS SIGNAL SOLUTIONS, INC.",003402,tcdquotes@yahoo.com,800-873-6722,CHUCK BIRNIE,003402
FRANKLIN INSTRUMENT,003405,,908-757-3600,LISA HITE ,003405
"TECKNIT, INC.",003406,miloeng@aol.com,866-966-2538,TAD TADLOCK,003406
MAGTROL INC.,003407,,757-543-3000,JOE GIBSON,003407
ANCRA INTERNATIONAL LLC,003416,MCONNOLLY@LOUISALLIS.COM,585 265 4560,KOFI,003416
GENERAL CONNECTOR CORPORATION,003418,,597-7387,Tim Swoish,003418
TECHNICAL MARKETING,003424,,800-523-2791,Lauren Holden,003424
"VERNITRON CORP.,VERNITECH",003425,,814-763-3211,Sherri Brault,003425
F.W. WEBB,003428,hiramstire@gmail.com,314-776-2900,"Faiza Razali, AR",003428
TDI,003429,avaloy@ASTRALAIRPARTS.COM;DWALSH@ASTRALAIRPARTS.CO,812-225-5512,Jim Whetsel,003429
HONEYWELL HARDWARE PRODUCT GRP,003431,,800-356-8495,Steven Naegele,003431
NEWPORT SCIENCE,003433,,412-798-4303,Shelley Dennis,003433
"DAYTON-GRANGER, INC.",003434,NESales@ESPGauges.com,972-660-8433,Howard Orloff,003434
LITTON SYSTEMS INC.,003435,,510-934-3814,Rae Anne ,003435
BOONTON Electronics,003438,INFO@TOOLDEX.COM,877-866-5699,KARL SCHAACK,003438
ELECSYS DIVISION,003439,,01149810466230,Bob Larson,003439
AVNET ELECTRONICS,003446,,805-924-1135,MARY CALLAHAN,003446
NORTHEAST FILTER & EQUIP,003450,,310-538-1111,SHERLENE NEWCOMB,003450
ANILLO INDUSTRIES,003457,josh@starwaresww.com,570-424-8510,WANDA ADAMS,003457
MCPEAK COMPANY,003459,Kent@FittingsExport.US,954-680-6707,Steve Beeson,003459
H.R. TEXTRON INC.,003464,gtc@gtcbismark.com,704-847-4464,JASON BROWN,003464
DELTA ELECTRONIC MFG.,003465,,585-218-0110,Michelle Bush,003465
JACO ELECTRONICS INC.,003466,,812-547-7071,KATHI BRADLEY,003466
F.W. WEBB - V.J. STANLEY,003467,ar@4hornmgmt.com,704-362-8589,WAYNE,003467
STEWART WARNER CORPORATION;,003472,,888-505-9378,Alvi Frias,003472
SUPERIOR ELECTRIC,003475,,800-323-7073,MIKE MINYARD,003475
HURON AUTOMATIC SCREW CO,003476,,800-321-2353,Renee Wheaton,003476
AMERICAN DRILL BUSHING,003487,,203-852-5000,NO LONGER IN BUS 11/17,003487
JAY-EL PRODUCTS,003492,,909-305-4711,BETSY O'DAY,003492
RADIODETECTION,003495,Kathy.nye@regalbeloit.com,937-438-1100,Dennis Blaszko,003495
WADCO AEROSPACE,003503,patti@etwcompany.com,908-486-3322,TIM DONAHAN,003503
MEDALIST/REIN LEITZKE,003507,,800-695-5551,Mike Csabon  x 24,003507
"PRESSURE COMPONENTS, INC",003525,sales@palmerwahl.com,202-626-6600,Jim Bishop,003525
HYKON MANUFACTURING CO.,003532,,617-268-1290,Rocky Laroche,003532
KELLER IND. PRODUCTS INC,003535,sales@dkent.org,636-628-6070,MARIE HILL,003535
APM HEXSEAL,003536,neal.connell@mastergearworldwide.com,813-264-2456,Todd Przybycien,003536
"LAKE SHORE SYSTEMS, INC.",003537,acct@trecindustries.com,201-440-1990,BILL BERGROSCHTJE,003537
CLEVITE ELASTOMERS,003548,,800-825-8629,CUSTOMER SERVICE,003548
"TUSONIX, INC.",003552,,603-669-6400,Jane / Juan Escamilla,003552
"RHIMCO INDUSTRIES, INC.",003553,,724-452-5787,LISA HAMMOND,003553
TESCOM CORPORATION,003564,,888-821-5725,Jim Brown,003564
NORTH AMERICAN TRADE GROUP,003571,tyltho@pecofacet.com,630.897.6477,Bill Higgins,003571
ARGO-TECH CORPORATION,003578,agomez@centuryfasteners.com,407-569-2592,Lynn Duffus,003578
INTERSTATE CONNECTING COMPONEN,003586,joe@electricsupp.com,800-822-2502,TIM CUSACK,003586
GENERAL DYNAMICS,003588,,610-971-9171,TOM,003588
SLOAN LED,003589,Deborah.Trabeaux@zollern.com,775-323-7542,"Christine Conrad, AR",003589
TRI-LITE INC.,003590,sales@booneaero.com,216-267-9000,Eunice Boyes,003590
SCOT PUMP - WILO USA,003591,alljetting@bellsouth.net,716-694-2020,Jonathan,003591
"SOMMER & MACA IND., INC.",003597,,518-454-5547,Doug Bailey,003597
PEERLESS CHAIN CO.,003598,CHUETTNER@MILCUT.COM,410-857-3990,DAVID TURO,003598
"ORANGE RESEARCH, INC.",003604,sales@vistamachining.com,585-233-1305,joe lacay,003604
MICROWAVE DISTRIBUTORS COMPANY,003607,,770-996-6430,MICKEY ONEILL,003607
SETON NAME PLATE COMPANY,003609,,401-732-8100,CUSTOMER SERVICE,003609
IVES EQUIPMENT CORPORATION,003621,ar@ftginc.com;magda@ftginc.com,315-425-7100,Jan Rudisill,003621
CCB INDUSTRIES INC.,003623,,804-554-9944,Dave Bullock,003623
KOM LAMB INC.,003632,gordon@postapplescientific.com,419-668-1610,Mini,003632
ICON MANAGEMENT SYSTEMS,003635,customerservice@ccfengineering.com,734-829-0020,"Daryl Daniels, AR",003635
HEATREX,003640,email@d2delectronics.com,422-4323,GARY KIMMEN,003640
EMPIRE AUTOMATION SYSTEMS,003646,hosebunsales@gmail.com,713-888-4014,"Roberta, AR as of Mar2025",003646
CARVER PUMP,003649,,954-359-1694,SALES,003649
W. W. LOWENSTEIN INC.,003652,,800-230-0120,Shirly / Cookie,003652
CARL STAHL-AMERICAN LIFTING ,003656,susan@gsaclt.com,573-751-5860,Emma Paulson,003656
"BRISTOL BABCOCK,INC.",003661,david.melvin@chugach-ak.com,800-235-5741,,003661
DESIGNATRONICS/STOCK DRIVE PRO,003663,,800-763-2222,Shannon Koch,003663
WIGGINS LIFT CO.,003667,admin@gsistore.com,810 664 1816,MAUREEN LYONS,003667
"ADL INSULFLEX, INC.",003679,kmessina@amtexmill.com,800-532-6550,"Heather Smead, CustSupp",003679
"MULTI TECH IND., INC.",003686,EILEEN.DELUCA@PCRICHARD.COM,315-492-5011,Jason Bertani,003686
"CLYDE BERGEMANN, INC.",003690,mail@industrialseal.com,586-792-5550,Vic Clark,003690
MAYDAY MFG.,003693,TOM@LAMINATEDPLASTICS.COM,609-413-3236,POC - MANDI MERCER,003693
WYNN'S PRECISION   ,003696,,901-744-7979,"Jaron Ruff, AR",003696
CONTRACTORS SALES CO INC,003699,,423-586-5370,Beverly Nixon,003699
DEWEY ELECTRONICS CORPORATION,003701,Sosene.Schuster@valenceST.com,800-327-3242,HARVEY WEINMAN,003701
CERAMASEAL,003702,,337-882-5100,Mike Hayes,003702
E.M. CAHILL CO.,003704,,616-842-0800,JILLDA,003704
INTERNATIONAL SOURCING CO.,003713,,800-461-9121,Rosalie Rinaldi,003713
PHENIX CONTROLS COMPANY,003714,doug@wallingfordsales.com,619-695-1620,MARION GRAY,003714
ALVORD-POLK TOOL COMPANY,003715,garrett@qualitycases.com,215-996-9963,Shanon Wilson,003715
ASTRONICS TEST SYSTEMS INC.,003722,melbaz@superflex.com,281.516.8100,Kim Ellison,003722
RAM-PAC INTERNATIONAL,003725,MOSHEA@SMRETAININGRINGS.COM,800-328-2279,BOB PAVONE,003725
BUNN-O-MATIC CORPORATION,003732,ron@advance-scientific.com,212-290-7200,SCOTT DESPRES,003732
DIXIE INDUSTRIES,003740,,455-5751 36,CAROL CLARK,003740
BAE SYSTEMS ,003747,,301-428-6000,Rebecca,003747
POWERCUBE CORPORATION,003753,,800-390-0004,BOB MILLWARD,003753
CPI PROCESS SYSTEMS,003758,info@famousparts.com,905-294-5274,SHAFAAT ASGHAR,003758
SPICER PRODUCTS,003759,customerpo@novaspect.com,717-242-0327,Ray Foley,003759
IRC,003762,,800-656-2658,FAY MINYARD,003762
ILLINOIS CAPACITOR INC.,003764,,800-772-5948,LISA LONGET,003764
"DATEL, INCORPORATED",003765,,607-563-1101,Jim Bonaventura,003765
CHROMALOX DIVISION,003766,sales@apextrading.co.uk,248-280-0030,John Ecklund,003766
"ROHR, INC.",003767,,314-446-1501,Kim Snyder,003767
"KIDDE AEROSPACE, INC.",003769,SALES@SANDIEGOSCALE.COM,330-725-4561,MATT,003769
ALLIED ELECTRONICS,003775,service@suncoating.com,716-924-3066,*SEE COMMENTS*,003775
PREECE INC.,003780,info@clfwarehouse.com,310-527-6150,Jim Shute,003780
SPECIALTY STEEL,003787,,718-969-6666,"Joe Perea, AR",003787
GE SUPPLY COMPANY,003791,,310-821-5582,CUSTOMER SERVICE,003791
HONEYWELL SENSING & CONTROL,003793,,773-307-0286,JACK BALON,003793
"EVEREADY BATTERY CO., INC.",003796,,706-301-1081,Bertha Fladger,003796
LAMINATED GLASS CORP.,003803,,812-336-3811,ALI,003803
FILTRATION UNLIMITED INC,003804,brad.houseworth@usjack.com,414-964-3400,Peter Dupont,003804
PUROSIL LLC,003809,KELLY@THIRDSTAGE-CONSTULTING.COM,(800) 878-5030 ,TADD AYERS,003809
"ANCHOR SEALS, INC.",003813,,860-621-6722,Ben Kemp,003813
FLUKE ELECTRONICS CORPORATION,003818,daltman@csnstores.com,414-768-7425,MATT BARRON,003818
BEDFORD REINFORCED PLASTICS,003819,,419-933-2711,KendraOlson/ROBERT BACALL,003819
GARRISON MANUFACTURING,003820,,423-968-4252,Bonnie Sturino,003820
"SYPRIS DATA SYSTEMS, INC.",003825,,931-528-6518,ANNA ORCUTT,003825
ENGINE DISTRIBUTORS INC.,003826,support@truckhelp.com,800-789-4566,,003826
BEST ACCESS SYSTEMS,003829,,800-231-2861,ken levey,003829
OHIO GASKET & SHIM CO INC,003832,muharrem.yavuz@kasem-makine.com,317-264-5041,BUDDY SPELLMAN,003832
NELSON AEROSPACE INC.,003834,bearing@optimum.net,800-950-1762,Vicki Wilkinson        ,003834
HYDRATIGHT/SWEENEY PRODUCTS ,003838,MANAGER@CUPSOCCHEALTH.COM,446-6040,CARRIE NEVIN,003838
ALLIED INTERNATIONAL CORP.,003839,lsteen@avltech.com,813-645-5336,JOE HUBER,003839
BUCKHORN INC,003843,steven.jasinski@globaltowne.com,877-578-1371,ALLEN SPARKS,003843
KOVATCH CORPORATION,003847,sales@cheaptoliettanklids.com,614-375-1397,Carl Wilson,003847
ANSUL FIRE PROTECTION,003850,scott@sarsales.com,605-341-1490,Chris McCrea x6675,003850
KLINCHER LOCKNUT CORPORATION,003861,,563-583-5701,MICHELLE,003861
"MINCO PRODUCTS, INC.",003864,b.hurt@iiiwilliams.com,727-842-9222,CHARLIE CHISHOLM,003864
"SPENCER INDUSTRIES, INC",003865,,508-753-8146,Max Barrasso,003865
PARKER HANNIFIN,003867,,508-226-3350,Lindsay Newton,003867
GILMORE-GLOBAL INSTRUMENTS INC,003869,,803-969-9601,RICHARD OR LYNN,003869
FENWAL ELECTRONICS INC,003874,,800-225-5736,Kevin Kyle,003874
TEPRO OF FLORIDA INC.,003875,,860-662-4726,Faith.Doyle@Haldex.com,003875
MELSTROM MANUFACTURING CORP.,003876,sales@gauntindustries.com,201-933-8304,Trisha Griffith,003876
FABER ENTERPRISES,003879,brandon.mckenzie@pressure-pro.com,+39-0331-797250,NIKKI,003879
CEJN INDUSTRIAL CORPORATION,003890,service@offshoremarineparts.com ,800-367-3602,CUSTOMER SERVICE,003890
"INLAND SUPPLY CO., INC.",003897,,800-394-9739,Don Pfeifer,003897
FLUID CONDITIONING PROD.,003900,LLOVE@SEDGWICKBUSINESS.COM,860-953-0021,Vicke Sheegog  ext 122,003900
"AEROFLEX LABORATORIES, INC.",003909,,781.245.2507,TONI / SALES,003909
WEIL PUMP,003912,,440-838-5335,Fran Yudin,003912
TACTAIR FLUID CONTROLS,003923,karih@jmmurray.com  jerryg@jmmurray.com,866-620-6000,John Deming,003923
KILLARK ELECTRIC MFG. CO,003924,,800-267-0181,MONA PELTIER,003924
PARKER HANNIFIN CORPORATION,003925,,586 949 0160,KATHY ANDERSON,003925
HOYT CORPORATION,003930,orders@petestire.com,800-826-3801,Aaron/Angela,003930
HONEYWELL SENSING & CONTROL,003934,,843-760-3000,SANDRA KOVACH,003934
CATON CONNECTOR CORP.,003940,JCARY@MAURYMW.COM,724-863-0550,Daryl Davis,003940
COLE INSTRUMENT CORPORATION,003941,natalie.andree@ametek.com,""" DO NOT USE "" ",KIM SHINN,003941
ITT CANNON RF PRODUCTS,003944,,613-727-4900,SALES,003944
"LEE SPRING CO., INC.",003947,Monique Brown <monique@mycasebuilder.com>,610-518-9530,Iva,003947
HAMMOND VALVE,003948,Info@LaDeau.com,800-283-4000,MICHAEL KESSLER,003948
PACIFIC COAST MARINE,003955,ds@pcti.com,757-420-4765,Fulton Hicks,003955
AMPHENOL CORPORATION,003957,buckles@bucklesinternational.com,USE VDR: 6945,RON / SALES,003957
"ASTREX, INC.",003958,CSledge@caapco.com,301-662-5926,LEE SACKS,003958
"DALE ELECTRONICS, INC.",003962,,908-757-0616,Art Breitling,003962
CLAYTON INNOVATIVE SYSTEM ,003964,chrisclark@huskissonltd.co.uk,860-289-8661,"SEE VENDOR 8630, REP FOR",003964
TRI-METAL INDUSTRIES INC.,003966,sales.us@traffiglove.com,732-727-8165,PATRICK SCHUNER,003966
"HYDRASEARCH COMPANY, INC.",003969,partsorders@colemanequip.com,518-783-1322,Kevin Horan,003969
THE YOST SUPERIOR COMPANY,003983,paul@caimangloves.com,457-9333,Bernie Negrin,003983
CIRCUIT ASSEMBLY,003993,nozzlesales@steinen.com,732-5197,KEITH SCHROCK,003993
NARTRON CORPORATION,003995,,336-856-6000,PARTS,003995
IDEAL CLAMP PRODUCTS INC.,003996,john.deane@kwdmfg.com,410-442-2133,DORI CHAPMAN,003996
POWERTECH HYDRAULICS,003998,CarrC2@cintas.com,437-1011,TONY LEONE,003998
BOWEN PRODUCTS COMPANY,004003,,972-245-4525,Les Kovach,004003
SCHLUMBERGER INDUSTRIES,004007,,336-547-5000,Phillip Gregory,004007
HORIZON SOLUTIONS. INC.,004008,chad@internationalsupplycompany.com,585-419-9000,Melanie / Sales,004008
SUTTON-CLARK SUPPLY COMPANY,004010,info@portakleen.com,760-744-8350,BRIAN BEMISS,004010
SHERWIN WILLIAMS,004015,lisamciccia@eaton.com,011442392539750,Dave Cook ,004015
"ANALOG DEVICES, INC",004018,pdrozeski@mcshanewelding.com,800-563-2472,Catherine Valentine,004018
TEKTRONIX INCORPORATED,004019,info@honesdalefireequip.com,605 334-7131,TONY RICHMAND,004019
PYE AND HOGAN MACHINE CO; INC.,004021,,011862164697941,Moses Saldana,004021
UTILITY TOOL & BODY CO.,004027,,800-225-5206,Rosa Quintana,004027
CPE,004029,MAGGIE.MADDEN@ZODIACAEROSPACE.COM,888-284-4685,JIM ALFIERI,004029
"JABRO BATTERIES, INC.",004032,,800-354-4297,Susan Kunkel,004032
MOON AMERICAN INC.,004034,taylor.banks@cisco-eagle.com,313-259-1925,BOB/JERRY,004034
PHAOSTRON INSTRUMENT AND,004038,,256-651-5312,CUSTOMER SERVICE,004038
AUTEK LLC,004039,,716-886-2275,Robert Gilbertson,004039
CONTACT EAST/JENSEN TOOLS,004043,rjtarasi@unireminc.com,800-333-0162,JIM BURNS,004043
AERO PRODUCTS CO.,004054,,209-552-8679,LAURA STEEN,004054
THE HARRIS PRODUCTS GROUP,004055,wmopera@acraaerospace.com,502-366-0916,CHRIS / SALES,004055
US DEFENSE SERVICES,004056,AIMEE.TARIN@TEAMAVALON.COM,610-845-8001,JANICE,004056
"ADEL WIGGINS GROUP, TRANSDIGM,",004061,info@foxaviationsales.com,0118456341053,GEORGE BODOSSIAN,004061
"FLEXAUST CO., INC.",004064,Michael.Gordon@FairlaneTool.com,203-840-5822,Ben Lightner,004064
WORDEN SAFETY PRODUCTS,004069,esales@newageindustries.com,704-788-1131,SALES,004069
"AIW-ALTON, INC.",004072,,317-636-7353,David Dorbeck,004072
MAZZER INDUSTRIES,004086,,800-385-8320,,004086
"AIRWELD, INC.",004087,SNPSHIRTS@AOL.COM,800-800-1003,Michael La Rue,004087
UNITED VALVE CORPORATION,004088,,616-583-1456,Theresa,004088
LONG-LOK FASTENERS CORPORATION,004089,,615-206-8954,SALES,004089
"CALABRESE & SONS, INC.",004096,,877-604-3489,KEVIN OLMSTEAD,004096
GULL ELECTRONIC SYSTEMS,004097,,704-289-6511    ,Tom Zambetti,004097
"DRIVE TRAIN, INC.",004104,,(01603)403190,Deanna Dietsch,004104
"T-W TRUCK EQUIPPERS, INC.",004106,,508-541-7007,LARRY CARSON,004106
FLAMBEAU INC,004123,vklemm@talentequation.net,610-270-9222,Butch Ruetter,004123
ULTRA ELECTRONICS,004125,psmith@orbitintl.com,507-235-6188,Camille / Parts,004125
XYLEM INC.,004126,Orders@cemb-usa.com,509 489-6147,PAUL SUNG,004126
"LCR ELECTRONICS, INC.",004127,,803-482-2686,Wade Davis,004127
"ALLIED CONTROLS, INC.",004129,,704-504-2474,Denise,004129
FAIRBANKS MORSE               ,004131,,608-297-2131,Claudia Rodriguez,004131
"TOMPKINS INDUSTRIES, INC.",004133,sales@ci-hitech.com,800-932-7006,ALAN PYLE,004133
"GIGA-TRONICS, INC.",004134,kyaeger@antechsales.com,847-952-1800,BRIAN PORTER,004134
NOCO ENERGY CORPORATION,004141,info@chemtechsupply.com,407-888-0024,Pat R,004141
"CHOMERICS, INC.",004142,,0114972435055168,SALES,004142
"ELECTRON PRODUCTS, INC.",004147,,631-543-1200,Mike O'Connell,004147
"WAYTEK, INC.",004155,,203-949-8472,,004155
"TRANSAERO, INC.",004162,j.wyatt@nelsonjameson.com,800-893-5094,"Jacki Mollenkamp, AR",004162
"SATAIR USA, Inc.",004165,gwood@jostinternational.com,574-258-7744,Shawn Meyers,004165
"PLASTIC CAPACITORS, INC.",004169,rthen@waltron.net,949-361-5663,"Heather Rudder, AR",004169
QUALITY TECHNOLOGIES INC,004170,,699-3846,SALES DEPT.,004170
HAMPTON RUBBER,004171,,441425489669,Peggy Mcbride/SALES,004171
RUTA SUPPLIES,004176,oilseal@tds.net  ,426-0211,Graham Barnicoat,004176
TECH-ETCH INC.,004178,info@drummates.com,468-3849,DAVIDE VOLANTI,004178
MCQUADE & BANNIGAN,004183,jim@enrexcnc.com,630-628-0888,DAVE SHEDELIUS,004183
ALLEN AIRCRAFT PRODUCTS,004184,,847-215-1948,Sharon Comeau,004184
KOLLSMAN COMPANY,004186,orders@ahh.biz,913-962-7277,CUSTOMER SERVICE,004186
CABLEWARE TECH DIV,004188,parts@paclp.com - e-mail orders ,800-327-5521,MALY RAMIREZ,004188
LOOS & CO INC. WIRE ROPE DIV,004189,,313-494-4500,,004189
"SUPERIOR PRODUCTS, LLC.",004190,idania@klimaire.com,513-561-8145,"JIM TREVINO/KrisRizo,feml",004190
EDO COMM. & COUNTERMEASURES SY,004198,,919-838-4200,SHAUN KELLY,004198
QRP INC.,004199,etysk@fluencecorp.com,816-448-4860,DARYL BARKER,004199
AERIAL MACHINE & TOOL,004203,,319-377-6394,Bob Gourlay,004203
"CASE SUPPLY, INC",004205,,281-420-4845,JOHN JEHLEN,004205
MET-PRO CORP.,004206,jnonaka@hnlinc.com,980-406-3200,SHANNON MCCAY,004206
PHOENIX COMPANY OF CHICAGO,004209,,216-464-8900,TOM SANDHEINRICH,004209
COLUMBUS ELECTRIC MFG. COMPANY,004997,,800-645-3714,Todd Wilkinson,004997
REPUBLIC ELECTRONICS,004999,,610-354-9500,Olivia Rodriguez,004999
WILLIAMSON METAL WORKS,005000,Daisy.Ortiz@akzonobel.com,434-292-1600,Billie Jo Gorsuch,005000
CAPLUGS,005005,marketing@milspareco.net,315-678-2542,CLAUDIA WEISMOR,005005
KELCH CORPORATION,005006,,413-786-4587,JOHN CRUZ,005006
STRONG FORGE AND FABRICATION,005007,,610-363-6639,Sales Department,005007
BUNNELL PLASTICS,005013,,508-764-2521,JOSHUA LEE,005013
FASTENAL,005018,info@compressedairsystems.com,1-800-875-8716,JULIE RUSSO,005018
COOK BROTHERS TRUCK PARTS CO,005022,,315-437-0375,Kurt,005022
STEPHENSON EQUIPMENT INC.,005023,JENNIFER@RDPTRANSPORT.COM,800-344-6437,Jay Reinhart,005023
ASTRONAUTICS CORPORATION,005028,sales@deltaint.com,734-449-7260,RAE BEARD,005028
GOWANDA ELECTRONICS CORP,005030,brad.curtis@hawker.com,281-476-8500,PAT PENFIELD,005030
WOODWARD GOVERNOR COMPANY,005031,dean@sealsandpackings.com,800-889-0485,SUE CLARK,005031
AMPERITE CO. INC.,005032,,281-388-0253,Andrew Protti,005032
UNITED MICROWAVE,005039,,207-354-0493,GINA CARELLO,005039
"SEA-TECH SYSTEMS, INC.",005040,,281-821-0733,SCOTT ALLEN,005040
WATTS REGULATOR COMPANY,005759,,800-872-7732,Barbra Herl,005759
LAMINATED PLASTICS COMPANY,005874,fabspec@fabspec.com,724-639-3571,ANDY TAYLOR,005874
"REX SYSTEMS, INC.",005875,,508-763-8044,David Shak,005875
CONSOLIDATED SEWING MACHINE,005880,sales@smbhydraulics.com,732-651-7700,Gary,005880
TUTHILL CORPORATION,005881,,636-757-1006,MICHAEL COUNIGHAN,005881
THERMO JARRELL ASH CORP.,005882,,215-348-5274,SANDRA WEBER,005882
JET SPRAY CORPORATION,005883,,508-568-0202,TIM GOFF,005883
CRAMER COMPANY,005884,DISTRICT033@DODSONBROS.COM,352-754-9335,SALES,005884
CONE DRIVE OPERATIONS INC,005887,SALES@APEXPRODUCTGROUP.COM,704-847-9191,Tony Goncalves,005887
ROBERTSON TRANSFORMER COMPANY,005888,,315-682-0724,Bruce Martin,005888
"PHOTO-SONICS, INC.",005889,,816-221-2268,"SHANTEY KAWALEY,SUPERV",005889
BH THERMAL CORPORATION,005890,sales@flaretite.com,716-870-1917,KELLY LACOUR,005890
ENGINEERED POWER SYSTEMS,005892,,631-243-1800,Bob Key,005892
"AESYS TECHNOLOGIES, LLC",005893,courtneywaters@electroenterprises.com,412-482-2965,Jane,005893
HERMETIC SEAL COMPANY,005894,,800-660-2298,KEVIN SANDERS,005894
KESTER SOLDER,005896,,314 389-4400,SALES,005896
PELICAN PRODUCTS,005897,sales@jmacsalesllc.com,954-583-7755,BOB,005897
LIGHTALARMS ELECT. CORP,005898,,918 482 2505,BILL HENDERSON,005898
FAMCO MACHINE CO.,005899,,973-361-2226,Micah Cohen,005899
"JEWELL INSTRUMENTS, LLC",005900,mwalsh@melling.com (MIKE WALSH),800-722-3967,GENE WARD,005900
RELIANCE MICA CORP.,005901,,713-731-0030,Marty Lestz,005901
HOWDEN BUFFALO INC.,005902,,800-378-6064,"Gayle Davis, AR",005902
OPPENHEIMER PRECISION,005903,,800-221-4468,BRIEN DICKSON,005903
ERNST & WHITNEY,005904,,474-2679,RICH BENE,005904
MUNTERS CORP. DHI,005905,sales@rickly.com ,800-323-5441,GENE BERGEN,005905
"HONEYWELL, INC (DATA INSTR.)",005906,,315-455-1334,Jim Cole,005906
HYDRALIFT AMCLYDE INC,005907,info@plumbersurplus.com,701-609-3513,Dana Mairs,005907
"FLAME ENTERPRISES, INC.",005909,cj@forbestusa.com,952-895-6878,GOVT SALES,005909
AIRSAN CORPORATION,005910,,920-948-0638,JACQUELINE  MCDONOUGH,005910
"ALTA TECHNOLOGIES, INC.",005911,,601-631-0304,Cathy Label,005911
CARBONE OF AMERICA,005912,LACEYS@HDPEINC.COM,440-466-6640,Sales,005912
HORTON FAN SYSTEMS,005913,,518-753-0000,CRISTINA SANCHEZ,005913
SLABE MACHINE PRODUCTS,005914,mswalve@trmachine.com,800-978-2667,Randy Sniff,005914
CEC VIBRATION PRODUCTS,005920,,01139035925032,Nick Skoda,005920
EASTMAN KODAK CO.,005924,,805-388-1050,STACEY/ANGIE,005924
"MONARCH SUPPLY CO., INC.",005925,,201-871-8508,Tom Ramsey,005925
IMS ENGINEERED PRODUCTS LLC,005931,orders go (parts.usa@macgregor.com),800-828-3353,Ralph Simone,005931
HEMPHILL SPRING CORPORATION,005934,jvarley@klenzoidequipment.com,303-218-9581,BARBARA GALVIN,005934
WINCHESTER ELECTRONICS DIV.,005936,,800-860-0232,Peggy Schubert,005936
"Callahan Weber Hydraulics,",005942,customercare@ellsworth.com,201-784-6481,Brian Dunn,005942
"CALEX MFG. CO., INC.",005944,lisa.buchanan@ts.eads-na.com,630-922-5020,CARMEN MORROW,005944
PULSETECH PRODUCTS CORP,005945,,877-917-5300,JIM BRYCE,005945
"SIEMENS ENERGY & AUTOMATION,",005946,dsholson@hydrotek.us,888-367-6978,Clyde Williams,005946
MAGNAFLUX,005947,,713-910-5222,Sandy Sinagra,005947
"PUREGAS, LLC",005948,SALES@TCLIFESAFETY.COM,978-486-0123,Cecil,005948
"OIL-RITE, LLC",005949,kspano@voltagemultipliers.com,704-334-4651,Jeremy ,005949
"MULTI ELECTRIC MFG.,INC.",005950,FRANKSWELD@AOL.COM,713-808-6800,"John J. Ficara,Acting Dir",005950
BARNSTEAD INTERNATIONAL,005951,,471-7747,DWAYNE WOOLF ,005951
SKIL-BOSCH CORPORATION,005953,,603-437-0407,ANN BROWN,005953
KOOLTRONIC INTL.,005954,,847-967-6790,Sheldon Costa,005954
DYNATECH CONTROL SOLUTIONS INC,005955,sales@lakesidesupply.com,315-443-6899,Linda Fagner,005955
MILLER-STEPHENSON,005956,,800-541-0251,MARK LOVIL,005956
LITTON GUIDANCE AND CONTROL ,005957,,716-856-5555,William J. Wiacek Sr.,005957
INTERSTATE ELECT. CORPORATION,005959,,908-272-8591,Ross,005959
ELECTRO-LINE INC.,005961,,703-876-6800,Eileen Warner x 223 ,005961
KOEHLKE COMPONENTS INC.,005962,Sophie-Andree.Beauchamp@mersen.com,402-331-7169,Bob Lightle,005962
JOHANSON MFG. CO.,005964,,609-443-5522,SALES DEPT.,005964
"DUNHAM BUSH, INC.",005966,stephanie@ahlersaerospace.com,450-455-9373,Joe Mautz,005966
WESTINGHOUSE MOTOR COMPANY,005973,,973-377-9000,Pat Edwards x202/404,005973
"WESCO DISTRIBUTION, INC.",005974,safeteccs@aol.com,866-481-7665,RICHARD WILLIAMS,005974
"FERGUSON ENTERPRISES, INC",005978,dcraumer@belcor-inc.com/bbell@belcor-inc.com,631-643-2605,Susan Farber,005978
"FIRST SOURCE, INC.",005979,,716-631-8310,CHRIS,005979
PEI GENESIS,005980,orders@majesticglove.com,785-841-4000,Joe Vitiello X.367,005980
BAE SYSTEMS ,005985,,618-286-3005,Karen Cratty,005985
NAMEPLATE MFR. OF AMERICA ,005988,malicea@cptprocessing.com,920-793-1171,GENE BAKER,005988
BABCOCK & WILCOX,005991,,951-734-8300,LORI,005991
MARION COMPOSITES,005993,,805-488-6451,"Petra Flores, Acctg",005993
"WINDHAM POWER LIFTS, INC.",005994,,877-778-8460,Jacqui Tai,005994
TELEDYNE ELECTRONIC TECH DBA,005996,,763-780-2991,"Corey Taylor, sales",005996
U. S. ELECTRICAL TOOL CO,005999,,570-784-3510,Jarrod Harber,005999
MINE SAFETY APPLIANCE CO,006001,,716-675-0134,FRED HAAKE,006001
"LOW TEMP INDUSTRIES,INC.",006002,,262-542-4300,SALES,006002
MARCH ELECTRONICS,006003,jneville@aepetsche.com,877-554-5438,Sue Shanahan,006003
SMITHS  IND. AEROSPACE,006007,,626-357-7051,SALES,006007
HESSE - REYNOLDS SALES,006008,neil@reichsupply.com,231-775-1322,CUSTOMER SERVICE,006008
ASSOCIATED SPRING RAYMOND,006009,jerryk@bolttechmannings.com,414-769-9700,SALES,006009
ROCKWELL AUTOMATION,006016,accounting@ggtechnical.com,315-472-3104,LYNN WILCON/ROBBIE CROWE,006016
LITTON ELECTRON DEVICES,006018,,902626464481,Sam Shen,006018
THE HOMAC COMPANIES,006019,,843 395-9881,"Debbie Akers, AR/Sales",006019
BAE SYSTEMS RECONNAISSANCE,006020,,321-255-0822,Sue Serafin,006020
CONTINENTAL ELECTRONICS,006021,,636-980-5698,ANTHONY BELL,006021
"JOHNSON CARBIDE PRODUCTS, INC.",006022,cjquandt@tycoelectronics.com  ,716-442-5143,*SEE COMMENTS*,006022
VIRGINIA PANEL CORP.,006023,dackerman@provantage.com,800-875-8480,DAWN HEITZMAN,006023
STEWART R. BROWNE MFG.CO; INC.,006024,,519.822.0860,SUSANNAH LAURY,006024
ELLIS & WATTS GLOBAL IND INC,006025,Jim.Ludwig@griswoldpump.com,800-345-6365,SALES,006025
BASLER ELECTRIC,006027,VLOE@CLEANBLASTSERVICES.COM,434-9331,MIMI,006027
US FILTER,006028,,718-701-5718,Aline Bernier,006028
LAMARCHE MFG.                 ,006029,,937-372-3516,SAM MULLINS        ,006029
"WANG FEDERAL, INC.",006030,,315-735-7591,Ginger Miller,006030
"SUPREME SUPPLY CO., INC.",006031,,209-464-4889,Michelle,006031
AAF INTERNATIONAL,006032,ryan@univparts.com,262-513-9384,Steve,006032
NEWTON INSTRUMENT,006033,,800-362-2827,Carol Garrity x 1274,006033
ADAMS RITE SABRE INTL.,006034,,716-731-2344,Sharon Nalewski,006034
NORTH SYRACUSE LAWN &,006036,sales@westernwireprod.com,468-2111,Matty  ext 115,006036
R.E. & H.J. MCQUEEN,006038,sales@neoncontrols.com,800-478-0608,Theda Dowley,006038
MASTER DYNAMICS               ,006041,CS@MASTERMANS.COM,508-366-4425,CINDY ATKINSON,006041
"TECHNISONIC RESEARCH,INC",006044,sales@milcraft.com,800-361-1820,ANNA NUNEZ,006044
BETTS INDUSTRIES INC.,006053,bclarke@canarm.ca,305-433-3170,MARC VAN HET BOLSCHER,006053
TRI-TANK CORPORATION,006054,ruth.malnory@triangleoshkosh.com,704-973-1100,"Elsie Diaz Carrera,Fin",006054
RUCH CARBIDE BURS,006059,,607-770-9174,"Paul Pettrone, Pres.",006059
"AMERICAN BERYLLIA, INC.",006060,,303-936-8400,Minday Goodban,006060
NUTTALL GEAR / DELROYD WORM,006061,,770-623-9697,Michelle Kasim,006061
SCHNORR CORPORATION,006062,boatparts@boatsunlimitedny.com,305-715-5926,ALAN LU,006062
AEROFIT INC.,006070,customerservice@bhigear.com,800-634-6119,RAY,006070
CENTURION NDT CORPORATION,006080,,704-588-1300,Jon Mathisrud,006080
PATRIOT SENSORS &,006081,debbie.sanburn@us.abb.com,800-350-8513,Sales,006081
BUTTERWORTH JETTING,006082,,315-455-1920,DONNA VARGETTO,006082
"TEXTRON MARINE & LAND SYSTEMS,",006083,ivan.paz@rolls-royce.com,800-423-2734,CATHY   X291,006083
F.W. BELL COMPANY,006084,,440-285-3790,Denny Smith,006084
DOZIER EQUIPMENT INTL.,006085,,800-633-7435,C J BOWE,006085
"EDAL INDUSTRIES, INC.",006086,,860-767-7130,Sales Dept.,006086
MARK IV INDUSTRIES,006088,,508-925-7424,GOV'T SALES,006088
"STRUBE, INC.",006089,,410-789-0999,Joe Burg,006089
"INLAND TECHNOLOGY, INC.",006090,,707-347-0023,MARY ANN,006090
CALMARK CORPORATION,006092,,918-834-1657,BOB THOMAS,006092
MERIAM INSTRUMENT CO.,006093,ORDERS@110METALWORKS.COM,818-890-8049,TONI MACK,006093
"ABBOTT TECHNOLOGIES, INC",006095,,1-800-274-2538,Tony Romero,006095
"WAHL INSTRUMENTS, INC.",006096,bill@ikermfg.com,773-384-7765,Mike Scott,006096
SELLSTROM MFG. CO.,006097,,413-567-5063,Tim Murphy,006097
"ALVIN & CO., INC.",006098,,609-261-1033,BRIAN,006098
"JETSTREAM OF HOUSTON,INC",006102,info@hermanscentral.com,856-456-6660,Stephanie Morrison,006102
SNAP-ON INDUSTRIAL,006103,justan@independenthydraulics.com,704-525-7730,BILL ZILZ,006103
GREER INDUSTRIES,006104,,320-564-9009,SALES,006104
LIEBERT C S & S,006105,,319-524-8430,,006105
RADIO MATERIALS CORP.,006107,,800-221-5510,Vince / Sales,006107
AGM CONTAINER CNTRLS.INC,006115,ANDREWSPROPSERVICE@HOTMAIL.COM,443-334-1300,Tim Blair,006115
EXXELIA DEARBORN INC.,006117,,8613780730072,JOYCE DARGEL,006117
LINCOLN PRES. CARBIDE,006118,,855-632-8520,Cesar Covarrubias,006118
PHOENIX PRODUCTS CO. INC,006119,,800-557-2381,DREW / SALES,006119
"SUPREME EDGELIGHT DEVICES,INC.",006124,,800-645-2986,Joey Robinson,006124
DERCO AEROSPACE INC.,006129,lloyds@lwschneider.com,606-824-9920,,006129
"J & M PRODUCTS, INC.",006130,sales@skidsteersolutions.com,231-299-9706,Mondy Reem,006130
UNITED AUTO SUPPLY INC.,006131,JSwanson@specialtymfg.com,615-382-4996,Dawn Nevin,006131
"SAINT SWITCH, INC.",006135,,474-1567,Jim Victoria,006135
CUBIC COMMUNICATIONS,006145,,717-299-5771,Pat Whiting,006145
UNITED WESTERN TECH CORP,006147,martinq@footeaxle.com,800-272-7784 x24,ALISHA RATTLER,006147
CHEMETRON FIRE SYSTEMS,006148,,315-426-3200,Rhonda Laursen,006148
NATIONAL FOAM - USE 003886,006149,MLAFLEUR@LOCKTON.COM,8136285506,ROBERT D. GARDNER,006149
STROCO INCORPORATED,006152,BVILIUNAS@MAYNARDSTEEL.COM,772-286-1218,"Robin Anderson, AR",006152
M.M. REIF AND CO. INC.,006154,,614.836.1050,Rob Cutlip    ,006154
HUNTER FAN CO.,006162,,877-267-3473,Gord Hunt,006162
PORCELAIN PRODUCTS CO.,006166,,973-579-2959,Charlotte Gore,006166
JOYCE TELECTRONICS CORPORATION,006167,,1.877.552.8036,CUSTOMER SERVICE,006167
MINARIK CORPORATION,006168,,508-347-4090,Bob Cicotta,006168
CRITERION MACHINE WORKS,006169,,630-458-0406,BILL MACOY,006169
"CATAMOUNT MFG., INC.",006170,,01430871590,Charles Gabriel x154,006170
FORENTA,006171,cmarka@teamsummitre.com;amanley@teamsummitre.com,607-741-3625,,006171
"BOGEN COMMUNICATIONS,INC",006172,,818 768 3700,DAVE SCHUELLER,006172
KAVLICO CORPORATION,006173,service@comfortgurus.com,877-276-5915,MEG WEILAND,006173
U O P,006174,,800-466-4489,Megan Miller,006174
PUROLATOR PRODUCTS COMPANY,006175,MHELMICK@CMAPIPE.COM,471-4500,Lindsay Adams/Lisa Weeks,006175
"CALUMET PHOTOGRAPHIC,INC",006176,,480-961-6293,DESIREE MARTINEZ,006176
WESTRON CORPORATION,006177,,262-639-6770,Cathy,006177
ZEBRA TECHNOLOGIES CORPORATION,006178,,516-334-6200,DENNIS,006178
TELEPHONICS CORPORATION,006179,"sales@anchorbronze.com, metals@anchorbronze.com",508-485-5600,JOE GRIFFIN,006179
"TEK-LITE, INC.",006180,,508-755-5255,Dave,006180
WISSOTA MFG. COMPANY,006182,chenderson@ipack.com,800-344-3246,SALES,006182
MICROWAVE DEVICES INC.,006185,info@cspevents.com,315-455-5891,Linda,006185
"BRETON INDUSTRIES, INC.",006188,sales@ampcomp.com,716-447-8803,LAWRENCE SMITH,006188
"CADDOCK ELECTRONICS, INC",006190,p.jaymant.singh@intertek.com,585-254-3342,TYLER THOMAS,006190
VARFLEX CORPORATION,006196,,631-728-9200,Mark Sattersten,006196
ISLAND COMPONENTS GROUP,006203,,800-421-2712,KEVIN,006203
PENTA ENGINEERING,006207,,973-471-7200,"Diana Abercrombie, Sales",006207
"RUD-CHAIN, INC.",006210,skotsios@radcoind.com,706-0187,Sondra ,006210
KEARFOTT CORPORATION,006211,Customer_Service@GalesburgElectric.com,704-716-2250,LORETTA,006211
DIVAL SAFETY,006212,sam@powertekuk.com,602-255-3381,RICH,006212
HOBART CORPORATION,006219,Junior.McWaters@SnappUSA.com,315-217-1213,,006219
DETEK INC.,006220,,701-893-4404,ED ZAK,006220
AVTECHTYEE ,006221,sales@acesanitary.com,714-545-5560,SCOTT HARMSEN,006221
CO-OPERATIVE INDUSTRIES,006222,,704-825-9891,ANDY RUKLISS,006222
AIRCRAFT INSTRUMENTS COMPANY,006225,,832-699-8220,SALES,006225
XENETECH INC.,006226,ORDERS@ARMORVCI.COM,315-479-5595,Laura Unkovich,006226
"Cummins-Wagner Company, Inc.",006227,vincentspaulding@bridesburg.com,262-901-1021,DALE TYLER,006227
"PRESTIGE LABEL CO., INC.",006228,,315-422-1391,ANNA X228 (CUST SERV),006228
PAC ZONAMATIC INC.,006233,,518-436-7920,Karen Winterton,006233
"HOOSIER PLASTIC FABRICATION,",006234,customer-service@henrichinc.com,315 363 4570,SALES,006234
PRECISION ELECTRONICS,006236,sdunstan@hydacusa.com,908-369-3666,SALES DEPT.,006236
TRIMM INC.,006237,,661-702-5256,CHARLIE SIMEK,006237
DIGITAL EQUIPMENT,006239,,800-672-2222,Rick Lenning,006239
LUMITRON CORPORATION,006242,,86-151-6915-4504,CUSTOMER SERVICE,006242
AEROTECH HERMAN NELSON,006248,sales@strip-curtains.com,696-8909,Mark Vlastnik,006248
LISLE CORP.,006249,,201-461-0900,Ron Grubb,006249
"LIFTEX, INC.",006250,Maria.Pereira@kaman.com,423-473-2156,,006250
TX TECHNOLOGY CORPORATION,006251,,412.466.8611,Tammy Clement,006251
THE NAUGATUCK GLASS CO.,006254,sales@preeceinc.com,315-797-0791,Joe Suvak,006254
IMC MAGNETICS,006255,marklang@sunairusa.com,315-492-0090,BARBARA ROBERTS,006255
"AIRCO INDUSTRIES, INC.",006256,customerservice@paladin-tools.com,417-297-0605,Suzanne,006256
MARKEL CORPORATION,006259,,904-358-1849,David Zaks,006259
ALL BRAND APPLIANCE,006261,,800-628-4584,SALES,006261
"KELL-STROM TOOL CO., INC",006262,,317-357-8421,JOHN GIRARD,006262
UNICORP,006263,ar@tydenbrooks.com,800-444-1507,NORMAN CATZ,006263
GERBER SYSTEMS CORP.,006264,,413-625-6331,Don Musbutz,006264
"MEASUREMENTS GROUP, INC.",006266,websales@summersrubber.com,607-754-2224,Debra Davis,006266
"P-T TECHNOLOGIES, INC.",006267,,208-726-6514,Katrina Copeland,006267
SIGNAL TECHNOLOGY CORP/ARIZONA,006269,,315-858-8809,JOHN PENKA,006269
"NGK-LOCKE, INC.",006271,,314-832-4005,METIN ERDEBIL,006271
MID-WEST INSTRUMENT,006274,Beth's fax 860 801-6100,712-262-5267,Jim Cipriani,006274
VERTEX RSI,006275,,314-994-0880,Gary,006275
ORBIT INSTRUMENT CORPORATION,006277,power-dyne@bidwellinc.com,423-634-0609,Ryan Sowden,006277
SEILER INST. & MFG. CO.,006278,hmontini@contactcorp.net,800-542-5737,MIKE JACKSON,006278
HAMILTON CASTERS & MFG.,006279,orders@chemetrics.com,* SEE COMMENTS *,RON SIMONTON,006279
"METRIC & MULTISTANDARD,",006280,info@jomy.com,703-530-3085,CUSTOMER SERVICE,006280
PLAYA TOOL & MARINE,006281,,401-781-4847,Sales,006281
WEOT PRECISION IND.,006282,,800-245-2540,"Jason Muglia, Sales",006282
"ROCKWELL INTERNATIONAL,",006283,,,DWAYNE,006283
"AEROFAST, INC.",006284,bobbijbenish@gmail.com,800-527-3295,Ben Magnason/GabbySalinas,006284
"TELECTRO-MEK, INC.",006285,jodi.reed@dwk.com,472-4044,""" SEE COMMENTS """,006285
ROBERT MILLER ASSOC.,006288,CWELCH@MORRELLINC.COM,305-779-0170,ROY,006288
ROEDERSTEIN ELECTRONICS,006290,,315-432-0228,ROGER RICHEY,006290
ATLAS COPCO COMPRESSORS LLC,006292,natalia.ricci@keckley.com,463-1888,DONNA MARZULLO,006292
HARPER INTERNATIONAL,006294,,800-875-2151,Rich Espazito,006294
PORTER-CABLE CORP.& DELTA,006295,,805-584-4150,Fred Swift,006295
NATIONAL INDUSTRIAL PRODUCTS,006467,,631-369-0360,Sue Kushlan,006467
BERGAN ELECTRIC,006470,,,,006470
CAPSTONE ELECTRONICS COMPANY,006471,,508-226-1200,GARY,006471
CARLISLE AND FINCH COMPANY,006472,,315-883-3500,BOB CORDS,006472
LIBERTY HOSE,006473,atyrell@breezercooling.com,312-287-2351,Mark,006473
JUNIPER ELBOW COMPANY,006479,SALES@AIRPROAIR.COM,888-765-7873,SALES,006479
"SEASTROM MFG. CO., INC.",006480,accounting@freightwatchers.net,803-684-0440,Leslie Weber,006480
AIN PLASTICS,006485,erin@hillmfg.com,847-544-2432,Jim Evans,006485
MEMCOR-TRUOHM INC.,006488,,800-848-6564,EMILY ,006488
MIDLAND INDUSTRIES,006493,AR@PUMPSOK.COM,636-475-6192,,006493
WELDCO-BEALES MFG,006494,brad@restaurantsupplystore.com,757-545-4442,JOE SCHINDLER,006494
CLD HANDLING SYSTEMS,006498,,757-855-0549,SALES,006498
INTERMEC CORPORATION,006500,,800-278-3626,Robert Bathje,006500
FENWAL SAFETY SYSTEMS,006505,COREYJ@SASINC.ORG,636-282-3333,RICH KAISER,006505
TECH PRODUCTS CORP.,006508,,800-647-2482,DAVID RINEHART,006508
GENERAL FIRE EXT. CORP.,006512,,800-289-5336,NINA RAHE,006512
"HEIL TANK SERVICE, INC.",006514,SALES@SYMMCO.COM,847-677-3468,Pat Flavin,006514
"GALLAGHER FLUID SEALS, INC.",006521,cchilano@msjacobs.com,518 273 7493,Chris Oakland,006521
TELAIR INTERNATIONAL INC.,006522,,508-987-3599,Brittney Bobbs,006522
UNITED REFRIGERATION,006527,kara.zurawski@cadres.com;MYISHA.WEGGEN@CADREX.COM,888-920-5572,Sales,006527
"MATHEWS ASSOCIATES, INC.",006530,,877-662-8823,Stacy,006530
GOODRICH CORPORATION,006531,,800-554-6836,Sales Dept,006531
"AEROIL PRODUCTS CO., INC",006533,,954-979-5200,"Daniel, AR",006533
ACCURATE SCREW MACHINE,006537,,920-625-2342,TOM STEUBY,006537
MCPHERSON MFG,006541,,315-253-9266,JUDY,006541
CMP CORP,006543,,619-223-2588,Rachel or Lauisia,006543
JOHN CRANE INC,006544,admin@thehardwarecity.com,800-264-7586,,006544
ABEX/NWL AEROSPACE,006545,,455-1165,Jamie Bellville,006545
WEBSTONE CO. INC.,006547,,800-638-3919,SALES,006547
FASTENER TECHNOLOGY CORP.     ,006548,JLEWANDOWSKI@ZELLERCORP.COM,800-525-5614,**DO NOT USE**,006548
AIRFLO INSTRUMENT CO.,006550,,704-489-8885,John Eivazi,006550
QUALIFIED AIR COMPONENTS,006553,,011468870250,Joe Mauro x 210,006553
"E-SYSTEMS, INC.",006555,,614-876-4041,STEVE YORK,006555
"WALZ AND KRENZER, INC.",006557,,516-239-7339,ERIC COLEY EXT. 1,006557
"KENNAMETAL, INC.",006558,jpilot@newyorkbussales.com,586 783 6710,Simon Kelly,006558
RELIANCE ELECTRIC CO.,006563,,888-484-4673,Cheryl Berner,006563
MARK BODY TRUCK AND,006565,,800-942-0315,John Tasi,006565
ROLLS ROYCE,006568,orders@pgi-inc.com ,914-801-3202,Dan Englebert,006568
"ALL STAINLESS, INC.",006572,kellon.haynes@bulbs.com,844-567-2590,Carl Bastarache,006572
RIX INDUSTRIES,006573,katelyn@provandi.com,011441656727000,SALES,006573
AMATOM ELECTRONIC HARDWARE,006580,,586-757-8200,ERIN FISCUS,006580
"TW METALS, LLC",006583,JOSIE.NEW@EI-EIS.COM,954-633-5536,MONICA WONG,006583
"WM. W. NUGENT CO., INC.",006584,t.herr@scip-engineering.com,877-468-2777,,006584
TLD AMERICA,006585,WMARTINEZ@CTOCLOGISTICS.COM,847-459-1000,ERICA BERNHARDT,006585
COEN CO.,006586,LGENAO@FLEETPUMP.COM,843-332-4111,Joshua,006586
"BACHARACH, INC.",006587,,853-6821,Mary Pruter,006587
EBERL IRON WORKS - see #003084,006595,,925-228-8930,JEFF / SALES ,006595
"SIGMATION, INC.",006597,,952-941-9700,DONNA DILCHER/JoAnn,006597
"KULITE SEMICONDUCTOR PRODUCTS,",006598,,801-363-1963,Rita,006598
UNITED COOLAIR CORPORATION,006600,contact@finditparts.ccom,877-662-2840,SALES,006600
ITT AVIONICS,006605,darran@buffersusa.com,832-230-4107,ANN DILWORTH,006605
MECCA KRULL CORPORATION,006607,,708-442-4544,SCOTT T COLARUSSO,006607
THE BOEING COMPANY,006608,customer.service@mfasco.com,201-933-5500,ROSS FIELDING/SueFielding,006608
RAYTHEON SERVICE COMPANY,006609,,471-6171,STU,006609
"PATTONAIR, USA",006616,lmarko@burgaflex.com,518-283-8002,Gail,006616
BAE SYSTEMS NORTH AMERICA,006618,,803-548-1357,CAROL LEIBHAN,006618
"Thales Communications, Inc.",006620,mamanti@advancemfg.com,610-832-9500,Sales,006620
EBY COMPANY,006622,govsales@kinedyne.com,323-678-3113,SALES,006622
CRANE HYDRO-AIRE,006625,,800-411-7822 ,Nikki Holt,006625
MUSKOGEE METAL WORKS,006626,,310-676-3057,Chad Johnston,006626
"WYLE LABORATORIES, ELECTRONICS",006628,,607-772-8784,Evon Pettis,006628
LESLIE CONTROLS,006634,DO NOT USE,440 943-5700,Sue Aubrey,006634
MAZIUK WHOLESALE DISTRIBUTORS,006635,plarson@foodservicewarehouse.com,800-826-6342,Donna David,006635
M C PRODUCTS INC.,006638,,716-241-3340,Clark Lander,006638
AIR PARTS AND SUPPLY COMPANY,006643,,492152144511,BARBARA THOMPSON,006643
ENGINE MONITOR INC.,006644,AGNES@SAMTEPP.NET,866-962-7469,TONY HUGHS,006644
SNAP-ON TOOLS CORPORATION,006652,sales@radians.com,800-472-7373,Saralee LaGrange,006652
WOODWARD GOVERNOR COMPANY,006654,dal.punia@mit-world.com,610-398-3632,SALES,006654
HIGH ENERGY CORP,006655,,580-591-6113,LINDSAY DAVIDSON,006655
M. M. NEWMAN CORPORATION,006657,hsi@hsifiresafety.com,215-355-6900,Drapondra Wrencher (Dee),006657
"SPERRY MARINE,  A UNIT OF",006658,service@hotelrestaurantsupply.com,407-695-6562,SALES,006658
STEIN SEAL COMPANY,006665,,973-584-3733,Sales Department,006665
DYNAWELD,006666,,800-475-1211,PAUL,006666
DITCH WITCH OF,006668,,800-547-8410,Jenny Marble,006668
HENRY TECHNOLOGIES,006669,teri@gammontech.com,954-584-7909,,006669
"LEXAIR, INC.",006670,SALES@LENOXINST.COM,614-351-4000,Darla Martinez,006670
ASSOCIATED AIRCRAFT MFG. AND,006672,,800-935-2766,CHRISTIE SAVOY,006672
RICHCO COMPANY            ,006673,,207-797-8152,Gloria Torres,006673
BETA SHIM CO,006678,t.ross@baileyco.com,800-223-2256,RON SWEENEY,006678
"DANTONA INDUSTRIES, INC.",006681,marcusj@thomdist.com,585-235-5700,AMY PARSONS,006681
STAR HEADLIGHT & LANTERN CO,006685,,877-428-9937,SALES,006685
AMERICAN ACOUSTICAL PROD,006687,,877-742-6661,BRYAN MILLS,006687
AIM INDUSTRIES,006688,TFoerg@dmpco.com,315-472-3998,SALES DEPT.,006688
"BUFFALO PUMPS, INC.",006689,AJ.KJBMEMORIAL@GMAIL.COM,918-627-1942,Harrison Dodd,006689
PLASTICS RESEARCH CORPORATION,006693,,954-772-6606,MaryPat,006693
CENTURY SPRING CORPORATION,006694,,360-356-1520,KATHY- -SALES,006694
PLEWS STANT CORPORATION,006695,DO NOT USE - SEE NOTES,888-678-4272,KELLY PARSONS,006695
HANSEN INTERNATIONAL,006696,supply@trojanco.com,845-679-2401,KERRI PEARSON,006696
"TANNEWITZ, INC.",006701,,909-877-3951,SALES,006701
CHICAGO DRYER CO.,006703,,973-751-2200,JANINE,006703
"CONTROL FLOW, INC.",006704,askzoro@zorotools.com,816 380-2080,BRIAN GABINO,006704
LAMBDA ELECTRONICS INC.,006706,,800-826-3473,DEREK LAMBERT ,006706
AMERICAN TORCH TIP CO.,006709,,201-656-6100,TECLA,006709
A.O. SMITH WATER PRODUCTS CO.,006711,,518-671-6036,MARK GASSERT,006711
TRIUMPH MFG,006712,,217-753-7798,Leon,006712
SMITHS AEROSPACE,006715,,215-425-4100,"ElaineGallo,AR/GABRIEL N",006715
"BETE FOG NOZZLE, INC.",006720,info@hydraulicdesign.com,888-343-2628,Rob,006720
"HAROLD D. HARD, CO.",006721,,305-691-8082,Debbie Roberts,006721
SCIENTIFIC & COMMERCIAL,006723,,800-483-0885,Chick Anderson,006723
WARREN CONTROLS CORP,006724,,909-391-2006,George,006724
"SSS CLUTCH CO., INC.",006725,TROEDL@ALLEGISCORP.COM,800-635-3866,Louis Bond,006725
KOCH-GLITSCH LP,006726,sales@pbrblowersinc.com,949-272-0172,Marc Dupuio,006726
GRISWOLD INDUSTRIES DBA CLAVAL,006732,walt.phillips@royalelectric.com,800-874-0890,TOM SWITALSKI,006732
GENRAD INC.,006737,,815-886-0766,Dennis Strickland,006737
KNAPPCO CORP.,006740,,717-457-7485,Tom Hilton,006740
"ZERO MANUFACTURING, INC.",006750,mmc09yn3@bellsouth.net,203-261-2529,NANCY LASKOWSKI,006750
SAINT GOBAIN PERFORMANCE,006756,customerservice@bylerrivet.com,800-848-8707,MIKE,006756
BETATRONIX INC,006758,,813-689-3096,Angela Kauffman,006758
AIR LOGISTICS CORPORATION,006760,,315-866-8820,RON JACKMAN,006760
BAYJET INC./CONQUEST MACHINE,006768,salesdesk@raleighdurhamrubber.com,716-385-6740,FRANK / SALES,006768
PENN YAN AERO SERVICE,006772,accounting@flotron.com,734-844-0055,JASON,006772
NORTHROP GRUMMAN CORP. LIFE,006776,,800-257-5288,Customer Service,006776
GENTEX CORPORATION,006779,LISA_FREEMAN@CASCADES.COM;JOHN_FIKE@CASCADES.COM,716-894-3035,KEVIN MORRISSEY,006779
HENSCHEL CO.,006780,,314-423-0559,**SEE COMMENTS**,006780
THE HOWDEN FAN COMPANY,006782,,915-775-1803,PATTY GIULIANO,006782
DRYOMATIC,006784,,919-692-2352,ATASHA SCOTT,006784
NEW YORK TWIST DRILL COMPANY,006787,,610-429-9449,KYLE/KURT,006787
BOIG AND HILL,006791,cauger@ctsupplyinc.com,414-944-0850,Frank Rhodes 437-2795fax,006791
"BABCOCK, INC.",006792,jbooker@general-rubber.com,877-438-5963,TOM SCHULTS,006792
NORTHRUP GRUMMAN ,006798,,800-931-0116,Von Muller,006798
WALTHAM AIRCRAFT CLOCK CORP.,006799,sales@geotech.co.uk,845-342-3901,Aaron Wardlow,006799
"AMETEK AEROSPACE PRODUCTS, INC",006800,adippold@pespring.com,618-254-6967,Laszlo Antal,006800
PNEUMAFIL CORPORATION,006801,,262-252-2300,GEORGE MACKAY,006801
ELECTRONIC HARDWARE CORP.,006803,,937-428-7330,Mike Kunkel,006803
ABB MOTORS AND MECHANICAL INC.,006805,www.boncraft.com,828-465-0132,MELISA GIORDANO,006805
TRICO MANUFACTURING COMPANY,006807,,0116561293153773,SALES,006807
WEARNES HOLLINGSWORTH COMPANY,006810,aircraftelectric@gmail.com,207-856-2103,Donna Cohn,006810
KATO ENGINEERING COMPANY,006811,wardb@mhrhodes.com,910-791-9286,RANDY STOCKBERGER,006811
G-O-METRIC INC.,006815,,800-633-5015,Timothy Nolan,006815
"ACME SPECIALTY MFG., CO.",006820,,810-949-6875, ,006820
"TEMPO INSTRUMENT, INC.",006825,,919-471-4000,Eva / Commercial Sales,006825
METREX VALVE CORPORATION,006827,jschneider@branom.com,312-666-0595,Customer Service,006827
DINGS COMPANY,006831,d.wardell@vortex3600.com,440-293-4064,Kelly Large,006831
BOWERS MFG.,006832,,,,006832
"GARSITE, INC.",006833,ROSE,813-247-3647,CUSTOMER SERVICE,006833
SUD-CHEMIE PERFORMANCE PKG.,006834,,215-257-6531,Doug Hamlett,006834
"ISOMETRICS, INC.",006835,,518-862-9854,ADAM SPOFFORD,006835
NARDA MICROWAVE-EAST,006836,maryann@Keltecinc.com,315-437-1746,JOHN CARLIN,006836
"TIMKEN GEARS & SERVICES, INC.",006838,ryan.booth@xyleminc.com,404-767-5800,Cathy Waters,006838
VDO NORTH AMERICAN LLC,006841,,800-884-8712,Carl Donato,006841
ELGAR CORPORATION,006842,sales@maxprosouth.com,419-729-2141,DANIEL B RESNICK,006842
PREFORMED LINE PRODUCTS,006843,,440-439-3688,Jennifer / Julie,006843
J & H SMITH LIGHT CORPORATION,006844,,215-743-1650,PARTS,006844
"DATUM, INC.",006845,,479 419-3867,Barbara,006845
"SCI TECHNOLOGY, INC.",006846,info@deepsurplus.com,212-825-4331,Dominick Tartaglione,006846
HELWIG CARBON PRODUCTS,006847,,714-972-2722,"""ANTMIL""",006847
DYNAGE POWER & MAGNETICS,006848,,256-772-2771,Jan Sauro,006848
THE LEE COMPANY,006850,jharry@groupmobile.com,414-351-0006,THERESA DZIKOSKI,006850
THE ELECTRIC TACHOMETER CORP,006852,b2b@workingperson.com,877-632-4876,Mike,006852
FMC CORPORATION,006854,,800-631-5310,Shawn Dodge,006854
PRECISION CABLE MFG.,006864,,877-765-0748,Jean,006864
RETRAC MIRRORS,006868,clientcareemail@thryv.com,951-509-6918,Chris Carpenter,006868
EVERSEAL GASKET COMPANY,006870,,888-360-8050,STEPHEN LAWRENCE,006870
WASCOMAT OF AMERICA,006871,,800-634-8637,ROBIN CAMIRE,006871
"SECS, INC.",006875,sales@essentialhardware.com,678-313-8767,Chad Wilms/Gail Rodgers,006875
PIERCE ALUMINUM COMPANY,006876,,508 893 0177,,006876
"BALLANTINE LABORATORIES, INC.",006878,sales@fredlov.com,310-327-1818,BRUNO NATALE,006878
"ZF INDUSTRIES, INC.",006880,,800-952-1457,Vic Adam,006880
AUVECO PRODUCTS,006881,empirescientific@frontiernet.net,432-664-2405,Roy Pandel,006881
COSGROVE AIRCRAFT,006882,,800-292-2737,RICH KLUCKA,006882
"MIDTRONICS, INC.",006885,,814-504-0080,JOHN WALSH,006885
SENSOR ELECTRONICS/FIRE COMBAT,006886,schmielak@appequip.com/jcarter@appequip.com,847-956-7700,"David Filipski/Patty, AR",006886
TRIPLEX MFG. COMPANY,006887,,732-356-7888,Customer Service,006887
TECHNOLOGY RESEARCH CORP,006889,,1-800-960-8400,SALES,006889
PACIFIC SCIENTIFIC COMPANY,006890,,773-942-0020,Adam Schmucker,006890
HONEYWELL INC.,006895,SALES@BETE.COM,419-873-6340,"Jack, Service Tech",006895
MARSHALL EXCELSIOR CO.,006897,,314-432-4700,,006897
"COMAIR ROTRON, INC.",006900,,011865127860915,PHIL GORDON,006900
COLONY HARDWARE CORP.,006901,h2otankless@gmail.com,925-296-1040,CUSTOMER SERVICE,006901
SERVICE SCAFFOLD CO.,006904,F 800-743-8141 FOR SALES (RFQ'S),508-966-2803,JIM RESKY,006904
"DANIEL FLOW PRODUCTS, INC.",006908,,704-840-2308,Debra,006908
STILLMAN SEAL,006909,,856-488-4499,Marion Olson,006909
SUSPA INC.,006910,DO NOT PLACE ORDERS AT THIS LOCATION,704-588-4886,Bill Sand,006910
"FIL-COIL CO., INC",006911,smruti@odortreatment.com,402-854-2049,EVIS SALAZAR,006911
THE RICHARDS CORP.,006930,,452-2770,"Connie Pikarsky, AR",006930
CELTECH CORPORATION,006932,mquinn@allmand.com,800-727-3377,Quinn Lavery,006932
"PROTECTION TECH., INC.",006935,,860-945-2219,MARIATERESA FACCHINETTI,006935
L3 COMMUNICATIONS            ,006936,,713-550-1555,ZANE,006936
KING NUTRONICS CORPORATION,006939,,713-869-0794,Chris Witt,006939
DATAMETRICS CORPORATION,006940,spareparts@cscontrols.com,732-223-3222,Anthony Conolly,006940
PRODUCT COMPONENTS CORP.,006943,VRussell@houstoncompression.com,315-699-5440,SALES,006943
OLYMPUS NDT NW INC,006944,glundy@fmgroup.com,800-851-3429,Richard Sanders,006944
"OMEGA ENGINEERING, INC.",006945,tim@aiiks.com,913-764-2452,Rolando,006945
NDT ENGINEERING CORPORATION,006946,tnelson@dotson.com,910-734-3827,Carol Gogan,006946
HGI SKYDYNE,006947,,215-968-4271,DONNA KING,006947
H.O. TRERICE COMPANY,006948,,905-671-8111,Joseph McBride,006948
GRAVOTECH,006950,info@hmsaerospace.com,501-982-7558,Steve Lang,006950
KEARFOTT GUIDANCE AND,006951,,866-222-0030,TERRI MILLER,006951
"PECK AND HALE, LLC ",006952,,713-692-6233,ALEXANDER MAZICK,006952
"HAMMOND MFG. CO., INC.",006960,fran.albert@nationalhybrid.com ,1-800-397-5215,DAVID SPRETZ,006960
CONTROL PRODUCTS INC.,006964,GBOYUM@MISCOSPEAKERS.COM,201-509-9871,Karen Porter,006964
TEXAS INSTRUMENTS INC.,006966,,334-417-0019,Larry Bann,006966
NATIONAL UTILITIES COMPANY,006967,Doug Cadugan [dcadugan@vulkanusa.com],800-248-4896,Terry Nagy,006967
"F & D TOOL CO., INC.",006969,Peter@OnyxHose.com,610-266-0900,JOHN MCGILL,006969
HERMETIC SWITCH,006975,,305-466-0050,Paulette Hynes,006975
STRANCO PRODUCTS,006976,,253 833-6034,STEVE RAINE,006976
PARATECH,006977,todd.dugan@walhonde.com,215-679-0470,Cathi Palmquist,006977
GREEN BAY DROP FORGE,006980,,699-5288,Brian Halliwell,006980
JOSLYN SUNBANK,006981,kruddick@peaksalesrecruiting.com,904-665-0281,Matt Hair ,006981
OLDHAM/U.S. SAW CORP.,006987,,440-834-9400,AUBRIE JORDAN,006987
ALNITAK CORPORATION,006993,,800-273-4376,,006993
BRASSCRAFT INDUSTRIAL PROD.,006994,s.ali@nicomatic.com,800-333-4266,BECKY HIGGINS,006994
"TRANSICOIL, INC.",006996,,412-621-2130,"Cyndi Black, AR",006996
APPLIED INDUSTRIAL TECHNOLOGY,006997,orders@3gpkg.com,310-603-0403,Douglas Comstock,006997
ITT AEROSPACE,007001,,520-322-9500,Fred,007001
MID-WEST SPRING MFG. CO.,007002,,800-976-1303,Chris Arapoglou X220,007002
OPW FUELING COMPONENTS,007003,Di@stellartechnical.com,773-486-3200,"Karen Bryan, AR Mgr.",007003
SOLITRON DEVICES,007004,,586-323-4100,Frank,007004
"BEAVER AEROSPACE & DEFENSE,INC",007005,Sales@Carolinaglovecompany.com,317-269-1510,SALES DEPT.,007005
"MOELLER INSTRUMENT COMPANY,INC",007009,ederucki@decavibrator.com,713-462-5779,DAVID EICKHOFF,007009
"MASON ELECTRIC CO., INC.",007010,jim@midwestrake.com,310-326-8110,JOSEPH JORDAN,007010
HONEYWELL SENSING AND CONTROL,007011,MARTHA.JACOBSON@MOLEX.COM,949-442-2399,BAYARD HOLLINGSWORTH,007011
CINCINNATI ELECTRONICS,007012,,301-948-7700,C.B. MANSKY,007012
ROTA FILE CORPORATION,007014,,816-924-3900,CHERYL FREEDMAN,007014
DRESSER ARGUS,007020,MartinG@DCIAerotech.com,866-786-3681,BARB BERMAN,007020
"JERGENS, INC.",007024,,319-987-2121,,007024
THERMO ELECTRIC,007025,,305-471-5142,GREG MCDANOLDS,007025
RAYMARINE,007026,,785-392-1000,ANITA UNDERWOOD,007026
"AUGAT, INC.",007027,,910-815-3880,Larisa,007027
HOSE-MCCANN COMMUNICATIONS,007028,customerservice@arizonatools.com,713-644-1491,LORRAINE VanVEKOVEN,007028
HEDLAND FLOW METERS,007029,,011649272230360,Dave Neely,007029
H-B INSTRUMENT COMPANY,007030,,716-856-4000,JAMES      ,007030
"MARTEK POWER, INC",007031,,716-381-7988,,007031
AAI CORPORATION,007032,binju.alexander@noratel.com,DUPLICATE OF,Edie Muldoon,007032
"BIG BEAM EMERGENCY SYSTEMS,",007034,,732-886-2223,DO NOT GO TO THESE GUYS!!,007034
JERED LLC.,007035,thoffpauir@cwestern.com,877-292-7719,Sales,007035
"FEL-PRO, INC.",007036,,866-610-3596,Pat Connolly,007036
"PRINCE INDUSTRIES, INC.",007038,,888-400-7003,Govt. Sales,007038
"STAVELEY SENSORS, INC.",007039,,800-616-0599,JEFF ARMFIELD,007039
CONTROL PRODUCTS CORPORATION,007041,,954 533-4991,JODY CANNON,007041
"SULZER-METCO, INC.",007049,,425-825-8100,Stephanie Tonsetro,007049
CONNECTA CORP,007050,,215-744-6600,Chris Fairchild,007050
"SOUTHPORT INDUSTRIES,INC",007052,,973 878 7037,PAUL TURNER,007052
HERBER AIRCRAFT SERVICE,007053,twilliams@wiseseats.com ,248-433-1660,JOE,007053
SPEARS MFG. CO.,007056,info@allrags.com,855-261-7851 PA,DOUG JARVIS,007056
ROLLS-ROYCE ,007059,,716-665-2003,LISA MCELROY,007059
HOLLAND CO.,007064,,310-845-1728,NATHAN,007064
"L. C. THOMSEN, INC.",007068,,315-426-1890,,007068
DANAHER MOTION,007070,,440-329-9264,MIKE JACOBS,007070
"PLAINVIEW BATTERIES, INC",007071,,574-266-4838,VICTOR BATISTA,007071
ELECTRONIC TRANSFORMER CORP.,007074,,732-577-2800,ERIC,007074
"SPECIALTY LIGHTING, INC.",007075,,458-8924,CUSTOMER SERVICE,007075
TYVIN CORPORATION,007076,,800-585-0314,Melissa Mett,007076
GRANITE FLUID POWER MACHINING,007083,,623-9705,Tim Disclafani,007083
VERTEX FASTENERS,007086,,888-446-2726,LIZ WAGENHURST,007086
"DGI SUPPLY, A DOALL CO",007087,denisek@caplugs.com,716-634-1550,MARY KUHL,007087
"BROCO, INC.",007096,DO NOT USE SEE VENDOR #8308,714-257-9192,Danni Stone,007096
"RPS, INC.      ",007098,,978-568-3400,Rajeev Jain,007098
"WARTSILA LIPS, INC.",007099,mb@nationalpack.com,01141953886210,Judy Shaffer,007099
KLUNE INDUSTRIES INC.,007101,,203-288-3509,SALES,007101
"MARCO MFG. CO., INC.",007105,SALES@ADVANCEVALVE.COM,877-526-9213,DAWN FABRAZZO,007105
PACIFIC PISTON RING CO.,007107,,310-537-4560x308,SCOTT KRIER,007107
"SICARD INDUSTRIES, INC.",007111,,281-479-4741,CAROL YOTT,007111
DAVID BROWN UNION PUMPS CO.,007112,roy@aquaairind.com,912-489-0200,JULIE,007112
CRANE INTERPOINT-PWR PROD DIV,007115,,513-353-3660,LOU,007115
"L AND P MACHINE, INC.",007117,john.ahlers@merrillmfg.com,770-271-2106,JGB - ANDREW GURTKA ONLY,007117
"W.M. BERG, INC.",007119,sales@prospectfastener.com,866-647-8955,Gene England,007119
CVI,007120,,651-645-6266,Chris Sweeny,007120
JONES ENGINEERING & MFG INC.,007121,,253-437-0300,Bob Desher,007121
LORAL-ROLM,007124,,607-773-2405,Terra Weland,007124
"SUNAIR ELECTRONICS, INC.",007125,,401-942-5700,SALES,007125
STAKE FASTENER COMPANY,007126,willeylumber@gmail.com,641-456-4871,"Devin Laferriere, AR",007126
ENERTECH,007127,ajohnson@E-MUSA.COM,800-989-2235,PAT NOHA,007127
ARNOLD MAGNETICS CORPORATION,007130,,457-6211,GERALD DARCO,007130
POLYTECHNIC INDUSTRIES INC.,007137,,888-832-2991,SALES,007137
INSTRUMENTS AND FLIGHT,007140,,330-467-8111,George Harr,007140
MICRO SEMI CORPORATION,007143,,516-794-3700,"James Perdue / JoleaP,VP",007143
LOK-FAST INC.,007144,,604-276-8648,Biao Zhou/Joe,007144
PLASTIFAB INC.,007147,,445-3809,MADONNA COONS,007147
THOMAS PRODUCTS,007153,,203-795-3043,SALES,007153
ACCRO GASKET INC.,007157,,208-378-9888,"Bill Jordan, Sr.",007157
KIRKHILL-TA,007160,,262-554-4740,FRANK MULL,007160
CARDWELL CONDENSER CORP.,007162,STEPHEN@4MBPRODUCTIONS.COM,011441535650010,CUSTOMER SERVICE,007162
VICTOR MICROWAVE INC.,007164,,718-786-2050,Robert Platt,007164
OHMITE MFG. CO. INC.,007167,,877-260-3528,KEN/KEVIN,007167
PICO ELECTRONICS INC.,007173,sandy@vactecseptic.com,011441268883817,Phyllis Young,007173
ANTENNA PRODUCTS,007175,,315-478-4608,George Hardie,007175
DAZOR MFG. CORPORATION,007177,,800-654-3733,BOB CLARKE,007177
CSI INT'L.,007178,,704-504-3111,DALE PEARSON,007178
CADDY CORP. OF AMERICA,007179,,800-513-9918,GORDON POST,007179
APPLETON MARINE INC.,007180,jasonhelvey@metzgergear.com,630-766-7969,TIM BESS,007180
AMERICAN PRECISION PRODUCTS,007181,,800-543-8200,Brian Isgro,007181
MUELLER DIE CUT SOLUTIONS,007182,ar-remittance@byramlabs.com,877-835-5617,David Reed,007182
ITW SWITCHES,007183,info@appliancecarestore.com,317-290-2640,CUSTOMER SERVICE,007183
GH FITTINGS AS,007186,,813-781-0341,ROB CLIFFORD,007186
HYCAL,007187,,310-538-9940,"Amber Magana, AR",007187
QUALISEAL TECHNOLOGY,007189,,216-642-1230,ANTHONY BASCONI,007189
FASTENER SPECIALTY INC.,007192,sales@copperstaterubber.com,860-767-8211,John Mailly,007192
EMPRO MANUFACTURING COMPANY,007193,,1-888-235-2121,"Christopher Boes, GenMgr.",007193
BEACH-RUSS COMPANY,007194,,810-449-3640,SALES,007194
"CARGOTECH USA, INC.",007195,JOXLEY@HAMMONDSCOS.COM,847-639-5600,Jessica Merkle,007195
P D & E INC.,007196,,616-724-2000,Cost Group,007196
KGS ELECTRONICS INC.,007197,,800-533-8368,Sheila Kelly,007197
EDO WESTERN CORPORATION,007199,,440-352-6182,Jonathan Racis,007199
NYLOK FASTENER CORPORATION,007200,dszalka@midwestinstrument.com,516-938-8900,SALES,007200
PEERLESS MFG. CO.,007201,ar@usprecision.ent,800-776-8459,AMELIA JARZYNSKI,007201
CIRCON CORPORATION,007202,,973-575-7117,Carl Marchese,007202
HOWDEN FLUID SYSTEMS INC,007204,,718-965-6041,Dave Bornhuetter,007204
G & H TECHNOLOGY INC.,007205,,315-458-4115,DAVE MITFORD,007205
ADVANCED PRODUCTS COMPANY,007207,,218-205-8023,SALES,007207
AUTOMATIC CONTROLS OF VIRGINIA,007209,,248-399-2830,Roy A. Koch,007209
CIGNYS,007211,,800-766-1212,SALES,007211
FLOW EZY FILTERS (USE 110681),007213,robin@koesterassociates.com,844-809-3667,Patty Peterson,007213
RAF ELECTRONIC HARDWARE,007214,,800-367-7670,Andrea Henslee,007214
METADURE PARTS & SALES,007215,,309-924-1941,Chris,007215
PIC'S SCREW MACHINE INC.,007216,SALES@IDEALMETER.COM,321-631-0776,ALEX LARSEN,007216
PIPING SPECIALTIES CORP,007217,marconi@samson-usa.com,816-453-7204,CLAUDIA DIMARIA,007217
KIRKHILL RUBBER COMPANY,007218,,866-433-4768,Mike,007218
TRANTER INC,007221,CELL #440-487-9653,601-889-9050,ROBYN MYERS,007221
"STOKES VACUUM, INC.",007222,,717-272-3576,Nancy Crosby,007222
"GLOBE RUBBER WORKS, INC.",007223,,858-277-6780,Shelley/SALES,007223
INTERNATIONAL ELECTRONIC,007224,,800-882-3847,Darlene,007224
RAYTHEON-E SYSTEMS INC.,007225,,516-326-7720,MATT ABEL,007225
DEVAL CORPORATION,007227,,905-279-8711,SALES,007227
DODGE-WASMUND MFG.,007228,,877-535-7717,"Serena Martin,AR/Jeff,Sls",007228
SOUTHWEST WHEEL CO.,007229,sean.berrie@humphree.com,203-634-4444,Ian James,007229
"UNIDYNAMICS, GULF COAST",007230,,215-357-6956,George Porter,007230
MARADYNE CORPORATION,007233,CHESTER.FONTENOTIII@WELLSFARGO.COM,636-938-5777,DENISE YASUDA,007233
GLEASON REEL CORP.,007234,SHANNA@MAVFAST.COM,463-6691,Tom Balivia,007234
ATLEE CORP.,007235,orders@portsmith.com,256-543-2424,DANNY,007235
GENERAL SCIENTIFIC CORPORATION,007236,,314 432-3393,Jason Helvey,007236
"ABM EQUIP.AND SUPPLY,INC",007237,,,Richelle Latham,007237
"CALTAM, INC.",007241,,219-259-3728,MARK WIENER,007241
"DRS PRECISION ECHO, INC.",007243,,472-7825,Terry Hill,007243
"RODALE ELECTRONICS, INC.",007244,,800-257-1155,Lucille McNally,007244
ALL POWER MFG. CO.,007245,,715-754-5261,Jeremy Carlquist,007245
"FLOWSERVE USA, INC.",007246,**MUST USE DIST**,704-857-0121,Jim Presson,007246
ACE PLASTICS CO. INC.,007250,URInvoices@cognizant.com,412-665-2502,Charlie Green x375,007250
WAHL CORP.,007253,,585.924.9010,Sales,007253
RUBATEX CORPORATION,007257,,937-384-0970,**DO NOT USE**,007257
PAYSON CASTERS INC.,007258,esskayyards@gmail.com,310-632-9867,DALE FARRELL,007258
COMMUNICATIONS AND POWER IND,007259,,810-364-8837,GILL GEIGER,007259
"SONFARREL, INC.",007261,april.jonas@brentwoodindustries.com,847-519-1100,Val Wade,007261
TOBEYCO MFG. CO. INC.,007263,cushions454@gmail.com,303-443-5211,KEVIN KOGA,007263
RAYTHEON SYSTEMS COMPANY,007265,creiniger@benz.com,405-236-8040,Sue Mackowaik,007265
H.K. METALCRAFT CORP.,007266,,614-433-0722,DO NOT USE !!!!!!!!!,007266
CONTINENTAL CABLE,007267,JSMITHERS@JMAWIRELESS.COM,321-984-9777,GENE HARDTER,007267
TARGET ELECTRONIC SUPPLY,007268,,713-354-1905,Dawn Weatherwax,007268
"TRI-TECH MACHINE, INC.",007269,,636-343-8770,"Wes Sharp, AR Contact",007269
ARC SYSTEMS INC.,007270,,866-323-042,John Vaught Jr.,007270
"ROSEMOUNT ANALYTICAL,INC",007272,,516-842-2230,Russell Kavezade,007272
GRINNELL FIRE PROTECTION,007274,,262-784-6066,Paul Bourdreau,007274
"ULTRAN LABORATORIES, INC",007280,,215-736-0961,JONATHAN WOLF,007280
"DRAF INDUSTRIES, INC.",007281,,716-424-3260,STEVE SCHILLING,007281
SERVICE EXPRESS CO. INC.,007283,,803-699-4940,Klint Huppi,007283
GUARDIAN INDUSTRIES CORP,007291,,734-677-2683,,007291
"STIMPSON COMPANY, INC.",007293,metcalfr@msn.com,732-938-6333,Steve Woodard,007293
ANIXTER WIRE & CABLE,007296,PAUL.WUEST@AMETEK.COM,828-327-7325,SALES,007296
"VISHAY RESISTORS, INC.",007297,,800-837-4450,PAULA PALETTA,007297
MAIN & PINCKNEY EQUIPMENT,007300,JMENTER@PENNPOWERGROUP.COM,251-633-2130,Becky McCraw,007300
P.L. PORTER COMPANY,007301,,253-286-2525,fax 609-465-4962,007301
GEC-MARCONI ELEC. SYS.,007302,,757-558-4988,VIOLET ARELLARO,007302
ARCO ENGINEERING INC.,007304,,315-736-1744,LANI THORNE,007304
MADISON COMPANY,007307,sales@scully.com,716-647-3010,DJ,007307
DYNCORP,007308,,866-354-7911,VANESSA FOSTER,007308
SHELLY ASSOCIATES INC,007310,info@stabilgear.com,540-389-8609,Bill Harris,007310
RDF CORP.,007313,contracts@cemachine.com,256-362-2900,SALES,007313
"SHELDAHL, INC.",007316,,714-546-9842,LISA CICCIA,007316
"CINCINNATI ELECTRICAL TOOL,",007318,,781-335-8829,Mary,007318
MILWAUKEE CYLINDER COMPANY,007319,,800-637-3181,MIKE PISTORINO,007319
THE PANELOC CORP.,007320,nicole.finn@se.com,267-519-6810,RICHARD,007320
"CORONADO MFG., INC.",007321,,453-0192,LARRY MATSKO,007321
"MICROPAC INDUSTRIES, INC",007322,,315-464-3250,SHANE SCADDEN,007322
THE KRAISSL CO.,007323,ORDERS@ANVILINTL.COM,336-342-0306,Joe Lenart,007323
CINCINNATI VALVE COMPANY,007324,,317-773-1631,Ryan Butler,007324
"SPIRAX SARCO, INC.",007326,sales@industrialmetalsales.com,413-562-5851,,007326
"ROTARY VACUUM PUMPS,INC.",007327,,(518) 880-0411,Lonnie Smith,007327
"CEPEDA ASSOCIATES, INC.",007328,,800-440-5919,Doug Meyer,007328
GROOV-PIN CORPORATION,007329,sylvia@warehouserack.com,502-364-6488,Jay Petroske,007329
"ALMON A. JOHNSON, INC.",007330,,800-388-2448,TAYLOR,007330
ITW HEARTLAND,007332,cardkonn@aol.com,832-508-4519,JOE INSANTE,007332
MALABAR INTERNATIONAL,007333,,800-323-5158,Julie Fatula-Couto,007333
ROCKWELL COLLINS INC.,007334,wpilkovsky@kenteklaserstore.com,518-464-2828,JAMES HAZENSTAB JR,007334
ALBERT TROSTEL PACKINGS,007335,,708-848-8500,ANTHONY FLORIO,007335
VACCO INDUSTRIES,007337,,847-249-3440,Joe,007337
TECO AMERICAN INC.,007338,,585-442-5563,"Brett Strauch, AR",007338
REPCO SALES INC.,007342,,800-793-7900,Pete Vandewater,007342
"MICRO SWITCH DIV.HONEYWELL,INC",007344,,800-287-7077,TOM / PARTS,007344
MONACO ENTERPRISES INC,007349,SEND RFQ ATTN: ERIC MANUEL,330-875-5556,DOROTHY FIELDS,007349
AMOT,007351,brian@spirstar.com,215-230-4260,Stephen Harraka,007351
SOUTHWEST PRODUCTS CO,007352,,315-453-1766,DANIELLE GRATTON,007352
"NORTHWESTERN TOOLS, INC.",007356,bjmcwilliams@wabtec.com,302-475-6696,JIM ROBINSON,007356
CHAMP INDUSTRIES INC.,007357,,410-712-4880,"MICHAEL LAFLEUR, CIC",007357
AMERICAN METALS CO.,007359,,805-650-3534,Cathy Antonio,007359
UNION CITY BODY CO.,007361,,484-942-5401,Chris Nastopoulos,007361
MINERALLAC CO.,007362,,800-664-4660,DIANNE RUGGIERO,007362
"HANDLES UNLIMITED, INC.",007363,orders@mercedestextiles.com,708-680-4900,SALES,007363
VIC MANUFACTURING CO.,007364,,817-265-2399,Bob Reitzel,007364
COLONIAL/HAN-DEE SPRING LLC,007365,,985-863-8793,SEE NOTES,007365
ADVANCED THERMAL PRODUCTS,007370,,973-227-9190,,007370
ASTRAL AIR PARTS LLC,007385,WWW.APLLICANTINSIGHT.COM,334-793-2284,ANNE JOHANSEN,007385
TOROTEL PRODUCTS INC.,007387,David.Miller@Gates.com,800-342-7839,LISA,007387
ENTWISTLE COMPANY,007388,,800-245-0711,Lee Foreman,007388
RENBRANDT INC,007390,sales@nrpjones.com;receivables@nrpjones.com,248-542-9635,Joe Klenke,007390
EIS HOLDEN,007392,,860-563-1419(CT),Aurora,007392
BINDER METAL,007393,,931-762-8773,,007393
CONSOLIDATED CORDAGE,007394,SEND PO'S TO service.status@fluke.com,510-569-3121,MELINDA REED,007394
INTERSPIRO  USA INC.,007400,,510-357-3600,Mike Foster,007400
SOLBERG MANUFACTURING INC.,007405,waynes@universalwirecloth.com,719-546-0442,"Brittany Normand, AR",007405
UNIVERSAL RELAY COMPANY,007406,,01127113944865,,007406
SPECTRON INC.,007408,,518-785-4541,Mike Considine,007408
COILTRON INC.,007413,SALES@MATTERHACKERS.COM,805-549-8093,Dale Reynolds,007413
HEALE MANUFACTURING COMPANY,007419,dawn@diversifiedmetals.com,901-774-0600,Brian Jarvis,007419
A. DAIGGER & COMPANY,007902,snow@steel-pallet.com,866-618-9274,CUSTOMER SERVICE,007902
"SEAL DYNAMICS, INC.",007905,anthony.petriello@wurthusa.com,+91 9971732946,"D. BINNING,RM",007905
"ESSEX INDUSTRIES, INC.",007907,OTHER FAX# 954-538-2564 ,800-551-7737,TAMMY SMITH,007907
"INVENSYS SYSTEMS, INC.",007908,,585-235-6160,MIKE ONEILL,007908
"HONEYWELL, INC. MAV",007911,,419-782-9911,Brian Sitner,007911
"HINDLEY MANUFACTURING CO.,INC",007913,DRetter@federalfabrics.com,315-635-7371,JOANN TIERNEY,007913
PITTSBURGH PLUG & PROD.,007914,info@winstonind.com,901-867-7854,CINDY SALE,007914
"DOUCETTE INDUSTRIES, INC",007917,,315-769-2953,SALES,007917
"HONEYWELL, INC. DEF AVIONICS",007918,,800-461-9323,,007918
STANLEY HARDWARE COMPANY,007921,,800-842-4230,David Desmond,007921
PRECISION MULTIPLE,007930,,740-782-1314,Jagruti Thaker,007930
STANLEY ELECTRIC MFG.CO.,007931,,714-549-4880,MATT,007931
"COSMODYNE, INC.",007932,Gailr@alvordpolk.com,714-408-1908   ,Sue Lorusso,007932
"PRINCO INSTRUMENTS, INC.",007933,,315-479-5600,""" SEE COMMENTS """,007933
"LUMAX INDUSTRIES, INC.",007934,,814-623-1171,DAVID SMITH,007934
"GENERAL FILTERS, INC.",007935,,440-278-7200,Steve,007935
CHRISTIE AUTOMOTIVE PRODUCTS,007936,,215-324-4000,fax-215-639-1420,007936
NEW PIG CORPORATION,007937,,603-885-3232,GARRICK JEFFRIES,007937
IDEAL SPECIALTY CO.,007940,,914-664-7500,GREGG CLIFFORD/BOB DUBEE,007940
THERMO ELECTRON CORPORATION,007941,,973-761-4150,RICHARD CANNING,007941
THE KETT TOOL CO.,007944,kelseyn@range-systems.com,631-244-6208,STEVE SMITH - PARTS,007944
"SORAPOWER, INC.",007945,laurie.metcalf@gdc4s.com,608/275/4525,Peg Bourg,007945
"MACLEOD, INC.",007946,,845-855-1220,Kevin Dauterman,007946
SIEMENS CERBERUS DIV,007948,,800-367-2286,CHRIS WOODFORD,007948
"CRENLO, INC.",007949,customerservice.connectusa@staubli.com,717-326-5140,JON LAVIN,007949
"PSG LIMITED, L.L.C.",007950,,248-588-3300,SIMON,007950
FTI FLOW TECHNOLOGY INC,007952,customerservice@wfharris.com,609-461-3200,Dave Watson,007952
MCLEAN MIDWEST CORP,007954,,603-332-7000,MIKE REWENKO,007954
LIQUID DEVELOPMENT COMPANY,007955,,877-869-1992 A/R,RYAN BERRIOS,007955
BUEHLER LTD.,007956,,262-786-1600,Bob Farolino,007956
LIGHTING COMPONENTS AND,007959,,484-9746,BOB,007959
STONCO LIGHTING,007961,,800-628-8889,Jamie Gould,007961
LACONIA EARTH ANCHOR,007966,,610-544-5600,SUELI ANEZIO,007966
UNITED INSTRUMENTS INC.,007967,SEAN.CUMMINGS@FEDERALRESOURCES.COM (DIST),323-722-7900,SAM ROACH,007967
MOTSON GRAPHICS,007970,,562-216-8383,LUKE RODRIGUES,007970
JEDTCO CORPORATION,007972,,800-752-0732,DENISE MARTUCCI,007972
STEWART WARNER,007977,,515-264-9393,Nagin Shah,007977
CKE INC.,007978,,315-677-5105,SALES,007978
"JONAL LABS, INC.",008002,,954-772-7173,TIM WHITE,008002
"GIL, INC.",008003,,571.292.9756,Anita Carney,008003
AVEX ELECTRONICS CORPORATION,008004,,011441933411411,Kimberly Hice,008004
NGK METALS CORP,008006,,800-333-6525,LIONEL,008006
CONDUCTIX-WAMPFLER,008010,info@galaxyarmynavy.com,800-727-5646    ,SALES,008010
BELL PRECISION INC..,008011,,703-450-1900,Amy Osborne,008011
THE BAILEY GROUP,008013,heatherlee@eaton.com,401-739-9900,DANNY,008013
"FLUID LINE PRODUCTS, INC.",008014,scott@alry.com;mail@alry.com,978-568-8519,Sales Department,008014
THALES ATM INC.,008016,,616-382-2803,SALES,008016
"SATURN FASTENERS, INC.",008021,ar@mwspring.com,416-869-5300,Ken Paddock,008021
STANLEY AVIATION CORPORATION,008025,,800-993-3786,MICHELLE RODGERS,008025
LUCAS WESTERN INC.,008028,,323-450-2749,Fred Drabeck,008028
DAVIS AIRCRAFT PRODUCTS,008029,customerservice@pacificcable.com,215.245.7373,Jill Gibbs,008029
"MEASUREMENT SYSTEMS, INC",008030,pipingproducts@aol.com,215-245-0581,Steve Mihaly,008030
PUNCH-LOK INC.,008031,DHENRICH@VONBERG.COM,877-212-5668,GUY MOKS,008031
JANOR WIRE AND CABLE,008034,,800-866-4456,ROMEO BERTHIER,008034
ASAP ELECTRONICS,008035,,323-225-6121,Joe Vina,008035
W.H. SALISBURY & CO.,008036,,0,Frank Keyser,008036
SMITHS AEROSPACE,008037,,800-662-1009,Marty Van Pelt,008037
"GOODRICH AVIONICS SYSTEMS, INC",008038,irdnikki@irdswitches.com,800-562-0835,Janice Childs,008038
MILTOPE CORPORATION,008039,orders@itbcompany.com,800-638-1640,KATHRYN HEALY,008039
LUCAS AEROSPACE CARGO,008040,,830-629-8080,Lisa Lechniak,008040
TITAN TIRE CORPORATION,008041,manager@aftermarket.express,800-241-8990,Tom Glenn,008041
BELFORT INSTRUMENT,008045,sales@completestudweld.com,704-821-1996,JOHN LOVETERE,008045
TARGET CORPORATION,008046,john@pumpsonline.co.nz,1.714.662.2440 ,,008046
SIFCO Applied Surface Concepts,008047,SHEAMFG.OFFICE@GMAIL.COM,920-662-9646,Ron Dowler,008047
"LINEMEN'S SUPPLY, INC.",008049,,806 395-3317,Charles Foley,008049
ENCO MANUFACTURING COMPANY,008050,karen@howemachine.com,954-530-3046,Larry Kline,008050
LOCKHEED MARTIN CORPORATION;,008051,,973-225-9494,Adam Cohen,008051
"SOUTH BEND CONTROLS,INC.",008052,,800-322-2296,Billy,008052
"WALDOM ELECTRONICS, INC.",008055,lellees@colmek.com,800-321-1174,TIM DANCKWERTH,008055
ECI DEFENSE GROUP,008056,michelle.cotter@northeastcontrols.com,804-435-3107,RANDY ALLEN,008056
XPEDX,008058,,437-1828,Adrian Cole,008058
TECH LABORATORIES,008059,,405-787-6020,ANITA THEDFORD,008059
OCEAN APPLIED RESEARCH,008060,,800-875-7376,Beth Simpson,008060
"SPECIALTY CONNECTORS,INC. C/O",008067,,281-209-2463,Don Bossart,008067
TROJAN BATTERY COMPANY,008071,,676-9276,KATIE WILLIAMS,008071
"GERHARDT'S, INC.",008073,,315-476-1677,BOBBY JOSLIN,008073
SCRAPER RINGS CO.,008074,,814-367-2265,HOP TRAN,008074
SMALLEY STEEL RING COMPANY,008075,thomson@thomsonlinear.com,304-387-1200,CARLA CROSBY,008075
SARGENT CONTROLS & AERO.,008076,,704-398-7598,Matt Nolan x 186,008076
ROME TRUCK PARTS,008080,david@evoig.com,800-288-1662,Albert Garcia,008080
HARLAN CORPORATION,008081,,314-770-2600,SALES,008081
LAMINATED MATERIALS CORP.     ,008084,,973-786-5000,Omneya Elwakil,008084
"ENTRACO, INC.",008087,,586-566-6800,Tim Baker,008087
"DWYER INSTRUMENTS, INC.",008089,j.wintle@houseofthreads.com/bham@houseofthreads.co,479-795-2121,tharvey@gplains.com,008089
FLEXIBLE TECHNOLOGIES,008092,,800-854-8344,Customer Service,008092
LAUREN MANUFACTURING COMPANY,008096,,513-771-1516,NEIL RIORDAN,008096
PEERLESS PUMP COMPANY,008097,dbachman@clydeunion.com,866-286-2677,John DeLaney,008097
PNEU-HYDRO PRODUCTS,008101,,+39-0228851811,KEVIN SAMPSON,008101
AYDIN COMP & MONITOR,008102,,561-454-8900,GINA,008102
SEAL MASTER CORP.,008104,,714-529-7808,MITCH GABLE,008104
RP FEDDER CORP,008105,,630-543-9620,NICK BEADEL,008105
HIGHLAND AUTO & TRUCK SUPPLY,008108,,816-537-9906,Roger Spooner,008108
"MANEY AIRCRAFT, INC; SPRAGUE",008112,,716-673-6515,Sales Department,008112
TRI-STATE HOSE & FITTING INC.,008114,ar@adldelivers.com;dianne.vazquez@adldelivers.com,508-995-9711,SALES,008114
HYTORC DIVISION UNEX CO.,008116,Orders@NashvilleSurg.com,203-467-1686,BOB CHAMPION,008116
"E-SYSTEMS, INC.",008119,,937-439-4708,DAVE BURDETT,008119
SCHUTTE & KOERTING LLC,008121,info@asphaltreheat.com,585-377-2740,Jack Griffiths,008121
"BRUSH WELLMAN, INC.",008123,,512-280-0678,Catherine Young,008123
RADIAC ABRASIVES,008125,,215-968-6100 ,FRANK SAITO,008125
SINGER SEWING COMPANY,008127,,805-579-2967,LARRY FAUST,008127
DIAGNOSTIC SOLUTIONS,008128,tewco@tewco.com,617-438-8200,Steve Petee,008128
"JOHNSON CONTROLS, INC. ",008129,chris@southbournerubber.co.uk,904-296-2240,Randy,008129
CONCORD ELECTRONICS CORP,008131,,608-882-5100,Dave Szalka x 105,008131
CALIFORNIA INSTRUMENTS CORP.,008137,suzanne@answerusa.com,816-263-7924,Pam Parsons,008137
KAMAN AEROSPACE CORPORATION,008138,,866-571-1066,Tammy Vanstone,008138
CERA-MITE CORPORATION,008140,,800-841-4874,SALES,008140
ALPHA INDUSTRIES INC.,008141,,877-207-1244,BRITANNI GAUCHER,008141
TRI PALM INTL,008151,,713-688-6021,KEZIA SHINE,008151
ROBERT MCKEOWN COMPANY ,008152,rchopfer@yahoo.com,409-634-2589,JERRY HILLIARD,008152
VSE Corporation,008154,jrodriguez@masline.com,858-674-8352,Nelson,008154
VALCOR ENGINEERING CORPORATION,008155,buckeyedive@gmail.com,844-569-8876,Ryan Poff,008155
SETRA SYSTEMS INC,008159,,514-694-8477,KIM CONTOIS,008159
ONTIC ENGINEERING & MFG.,008164,info@reliancescrew.com,626-359-2551,MARCONI ADHIKARI,008164
GOULD INSTRUMENT SYSTEMS,008165,,919-578-7246,CAROLE SENIOR,008165
"GARWOOD/FELLER, INC.",008166,sales@silvanind.com,630-978-5151,JOE ZIPPY JR.,008166
AUTOMATIC TIMING AND,008167,,855-869-1828,VELINDA GRAHAM,008167
GENERAL PLASTICS CORP.,008168,Support@biedlers-hydraulics.com,805-526-5222,Jack Brinkley,008168
CHEMIQUIP PRODUCTS CO.,008170,jryan@powell.com,455-7610,GENA STEIN,008170
VELONEX,008174,,847-487-9166,SALES,008174
STAFFALL INC,008176,,704-819-1882,Cynthia Cox,008176
ANCO INTERNATIONAL INC.,008179,rshore@chemringsensors.com,315-652-3800,"Sergio Alcala,CEO",008179
"HEILIND ELECTRONICS, INC.",008180,raphael@waresdirect.com,847-955-8200,Teena Krause,008180
SIGMA PRODUCTS & MFG. CO,008183,sales@firehosedirect.com,770-534-8088,ERIC FLETCHER,008183
ELECTRONIC SOLUTIONS/BIRTCHER,008188,,800-544-0519,JOHN,008188
ROBERT JAMES,008190,,845-561-8800,TRISH,008190
"ROBLEYCO, INC.",008195,,800-864-2555,ANGIE STELLY,008195
RIVERSIDE MFG.LLC,008200,sandy.na@daikinac.com,914-241-6900,KATHY WALKER x101,008200
PRESTOLITE ELECT. INC.,008202,SALES@HOSE-ETC.COM,800-968-3918,Adel Julius,008202
HIAB USA INC,008204,,212-631-0233,ERIN HOUK,008204
FOX ELECTRONICS INC,008205,,622-4035,"Edmundas Miciulis,Accts",008205
MILCON INC,008206,,716-337-2358,Sales,008206
MICRO NETWORKS/ANDERSEN ,008209,,315-468-4362,Fritz Martinez,008209
"KEY SAFETY SYSTEMS, INC.",008212,tcolella@wilcoxusa.com,315-451-2770,Lauren Banfi,008212
ALAN INDUSTRIES INC.,008214,,718-222-0433,JEFF HOLDAWAY,008214
"ASTEC AMERICA, INC.",008215,,401-383-8517,Aimee,008215
W MACHINE WORKS,008220,,504-469-8062,Tom Angelli,008220
YOUNG ENGINEERING COMPANY,008221,f.tomagnini@termomeccanica.com,773-523-5757,Amy Zalinski,008221
"AEROFAB COMPANY, INC.",101932,orders@balazsboxing.com,888-564-8890,Mark S. Klumpp ,101932
"S&W INDUSTRIES, INC.",101935,,626-217-2787,Terry Lewis,101935
RICHARD MFG COMPANY,101936,,417-762-3218,August Bricker,101936
PANELITE COMPONENTS      ,101940,,315-829-2647,Tammy Jarmuz,101940
B/E AEROSPACE-SMR TECHNOLOGIES,101941,,315-449-4124,Elaine Thyse,101941
THE NEWDELL COMPANY,101943,JEFKO@INTLOGSYS.COM,806-747-4386,Jason Thorp,101943
HEARTLAND PRECISION FASTENERS,101947,sales@laffertyequipment.com,310-312-1691,Arlene Nitti,101947
IRD SWITCHES,101952,eztrail@consolidated.net,716-377-3401,Venessa King,101952
"RUSSELL INDUSTRIES, INC.",101954,,316-942-0411,JACK GINGRICH,101954
"MARCO SUPPLY COMPANY, INC.",101956,,866-620-7320,Doug Fulton,101956
ANDERSON METALS CORP.,101963,,800-440-3967,Debra Alascio,101963
AERO INDUSTRIAL TOOL,101972,,619-653-5800,ERIN WEBER,101972
ALJERS,101973,shane@turbinesincorporated.com,215-493-6125,Gloria Clemmer x 439,101973
HOWE MACHINE AND TOOL CORP.,101980,ANDY EXT. 101,864-366-8704,Linda Cohen,101980
JOHN CRANE LEMCO,101983,,209-369-1055,Tiffany Dillard,101983
"WHOLESALE BATTERIES, INC.",101986,,714-730-9988,Ronda Sarratore,101986
COCHRAN AIRPORT SYSTEMS,101987,,518.584.5354,DON HENDERSON,101987
GRASEBY DYNAMICS LTD.,101994,,631-901-5499,CHERYL HAMILTON,101994
"FLOTRON, INC.",101998,merleassociates@yahoo.com,877-938-5244,CARLA,101998
"GMJ MACHINE COMPANY, INC.",102000,,800-526-6288,Dennis Vivenzio,102000
GENERAL DYNAMICS; ARMAMENT SYS,102004,,800-426-5207,CUSTOMER SERVICE,102004
UNIVERSAL METAL HOSE,102011,,805-487-8780,Kay Rathburn,102011
KIRKHILL AIRCRAFT PARTS CO.,102017,,508-580-1660,Tom Starek,102017
ANTENNA ASSOCIATES INC.,102020,,302-495-7808,JEREMY LAWRENCE,102020
"SCREWMATIC, INC,",102025,,315-699-2592,Mark Koentje,102025
CROWN ENGINEERING CORPORATION,102027,,609-406-9755,Jeffrey Goettel,102027
ELECTRONIC DEVELOPMENT LABS   ,102032,sales@acepumps.com,516-543-1200,SALES,102032
"OCEAN PRODUCTS RESEARCH, INC.",102034,,910-484-1128,SALES,102034
WILLIAMS DISTRIBUTION,102037,,262-754-6578,GRAHAM GAIRN,102037
MADISON AEROSPACE ,102038,bcasey@pacpump.com,877-744-6602,EBONY SAMUEL,102038
"TFC MANUFACTURING, INC.",102046,,303-432-8500,ROBERT COWLES,102046
PRC-DESOTO INTL.,102049,info@wichard-usa.com,800-323-3054,John Pappas,102049
KAMAN AEROSPACE CORPORATION,102050,,548-9501,Tony Colella,102050
MW COMPONENTS - COLUMBUS,102052,T.RABIDEAU@THEKEYPEOPLE.COM,973-575-0760,ED DOWNS,102052
PCI OF AMERICA,102058,,701-842-2900,DAWN WELSHONS,102058
PC FORGE,102060,austin.carosella@byrnedairy.com,630-552-3667,JOHN SCHNEIDER,102060
"IBT, INC.",102063,,800-566-7822,Sheila Purdy,102063
SYSTEMS MATERIAL HANDLING CO.,102064,sales@irdproducts.com,610-789-0606,JOE LOSIER,102064
HARRINGTON INDUSTRIAL PLASTICS,102066,jimmy@miamiequipment.com,800-987-8487,*P & F DISCONNECTED*,102066
CAROTEK INC.,102067,GHargis@venturo.com,800-888-9021,Scott Locke,102067
"TRICOR INDUSTRIES, INC.",102072,,319-465-3537,Frank Power,102072
UNIVERSAL PLASTICS CORP ,102074,nancy.crosby@spx.com,011448455046303,Linda Black,102074
HABASIT ABT. INC.,102100,,800-323-4440,Chris Auger,102100
REILLY FOAM CORPORATION,102105,,800-326-5708,"JIM TALBOT/ Sue Nicoll,AR",102105
WICHARD INC.,102107,customerservicebelts@timken.com,703-623-1317,CHRIS ,102107
ROANWELL CORPORATION,102110,,361-884-7095,John Duca,102110
BULK LIQUID STORAGE SYSTEMS,102113,jsmith@barksdale.com,800-388-4000,Kim Brown,102113
VERNATHERM,102125,dmairs@maseas.com,949 362-4600,TOM,102125
"TECHNOLOGY DYNAMICS, INC.",102127,,800-299-1028,SALES DEPT.,102127
"THE SMITH GROUP, INC.",102134,,859-234-6616,SALES,102134
"HODGE, DONALD C. INC. DBA",102135,,828-464-1132,Nick D'Annunzio,102135
BOYNTON PRO AUDIO,102137,,314-567-7222,KEITH VALE,102137
WABASH NATIONAL TRAILOR CENTER,102140,dananorthamericadc@dana.com,805-498-6621,"Heidi Larson, Send RFQ to",102140
CDM ELECTRONICS,102145,info@fleettruckparts.com,864-585-2431,Tom Lombard,102145
"SAFETEC, LLC",102149,,330-253-8148,Sandy Willocks,102149
"MEGABITE ELECTRONICS, INC.",102155,Smcallister@stockwell.com,563-263-3410,SALES,102155
BRAININ ADVANCE INDUSTRIES,102158,,817-479-1950,"Lee Rasmussen, AR",102158
KING ENGINEERING,102172,,785-263-7711,JIM,102172
KURT MANUFACTURING COMPANY,102182,brwilson@montrosemolders.com,610-459-4000,MIKE KANNISON,102182
MECHANICAL EQUIPMENT CO.,102189,victor.bontorno@barfieldinc.com,704-293-4250,Customer Service,102189
GERHARZ EQUIPMENT,102201,,888-838-4688,Ken S.,102201
AAXICO SALES,102211,asaint@milinc.com,402-721-7270,BONNIE / SALES,102211
RESIDEX CORPORATION,102219,,800-727-3035,Mitchell Speairs,102219
BRAUER SUPPLY COMPANY,102220,DALBRIGHT@SOUTHERNRUBBER.COM,800-543-0909,Dave Hancook,102220
ULINE,102226,mmswinhoe@att.net,317-497-8100,BROOKE CRONKRITE,102226
BOAT WORKS LTD,102236,,310-419-9068,LOGAN ZHANG,102236
AMETEK PRESTOLITE SWITCH,102239,sal.ferrara@amecfw.com,401-683-5055,"Ron Cox for Matt DeKay,VP",102239
"NEON CONTROLS, INC.",102245,choice.freight.us@gmail.com,440-323-4300,Mark Taylor,102245
DELA TECHNOLOGY CORPORATION,102254,tina.jorgensen@bevi.com,1-877-626-2010,Mickie Krueger,102254
"SCOTT INDUSTRIAL SYSTEMS, INC.",102255,info@brucknersupply.com,718-322-2128,Alyda robinson,102255
UNIVERSAL COMPONENTS,102257,,770-513-0612,Rod Snyder,102257
"ALL-LIFTS, INC.",102260,,913-371-8494,Robert Mergenthaler,102260
DEACON INDUSTRIAL SUPPLY CO.,102268,accountsreceivable@wika.com,832-701-0524,CHARLES FOLEY,102268
"MOELLER MFG. AND SUPPLY, INC.",102272,sales@plasticcapacitors.com,800-427-5585,Steve Marshall,102272
"WOLCOTT-PARK, INC.",102274,insidesales@keesafety.com,800-538-5823,JOHN AMBROFF,102274
RG GROUP,102279,lisa.stanley@faegredrinker.com,315-696-6164,DAVID JAVID,102279
"CANBERRA DOVER, INC.",102287,mewing@halkeyroberts.com,310-981-8305,KATHIE FOSTER,102287
BUYERS PRODUCTS CO.,102295,,800-333-9274,DeAnn Benetti,102295
WIKA INSTRUMENT CORPORATION,102300,alicia.bonavita@tensator.com,704-893-0883,Tim Johnson,102300
"R G DUNN & ASSOCIATES, INC.",102305,,682-1470,SALES,102305
"KARL SENNER, INC.",102306,,609-631-8804,"Susan, AR",102306
"BROOKLYN THERMOMETER CO., INC.",102313,,800-848-1555,SALES DEPT,102313
"ALLIED WIRE & CABLE, INC.",102316,michelles@gepusa.com,314-652-2400,THOMAS WIX,102316
AQUA-CHEM INC.,102317,info@platt.com,800-221-9222,Mike Jenkins EXT.17,102317
WINDWARD ENTERPRISES,102319,GKussman@marionbody.com,631-981-5900,RITA KHANDUJA,102319
GATOR INTERNATIONAL,102323,,775-738-4674,Chris Christopher,102323
AMERICAN PROPULSION SYSTEMS,102324,,801-785-1114,STEPHANIE,102324
CORLAND COMPANY,102325,,800-292-4673,Jean Coe,102325
"AMERICAN PRECISION GEAR, INC.",102327,,866-971-9991,RUSTY,102327
ACL INC.,102333,,315-295-1900,NEEL,102333
CMI CORP.,102339,,607-754-9187,Pamela Gasink,102339
P&W FOUNDRY,102342,,800-854-4487,KENNETH J RICHTER,102342
ITT INDUSTRIES INC; ITT,102343,lfk@parksolutions.org,704-367-0123,SALES,102343
ENM COMPANY,102351,,203-366-3871,JOHN SCHOFIELD,102351
US INDUSTRIAL TOOL & SUPPLY,102354,waynedfi@windstream.net,800-245-5676,"Joe Morgan, Jr.",102354
"DRYOMATIC, DIV. OF AVAHO IND.",102356,,877-800-3723,TOMMY / PARTS,102356
INTERLOGIX INC.,102358,,800-242-5216,SALES,102358
LKD AEROSPACE,102360,cwright@alpindustries.com,315-448-4489,"Jeanette Scott, Acctg.",102360
LINREAD NORTHBRIDGE LEICESTER,102361,todd.bosik@us.scroth.com,951-654-1192,SANDY,102361
WEEMS & PLATH,102365,sales-admin@hefusa.net,888-790-9012,JIM BADER,102365
AVTRON LOADBANK INC,102375,fm@m2cables.com,704-394-7314,BARB AKUNCIUS,102375
BLACK & COMPANY,102376,**SEE NOTES**,561-450-6606,"Alinah Vaquera, Acctg.",102376
"MESSIER SERVICES, INC.",102379,,256-828-0752,Sales / Nick,102379
"FIRST SOURCE, INC.",102380,,860-432-2533,Jessica Dennett,102380
WILSON COMPANY,102381,,696-5221,DAVID JIANG,102381
FLUITEK CORPORATION,102382,rob@commenga.com,843-849-3676,Mark Hanulton,102382
ATLANTIC METALCRAFT COMPANY,102383,sales@grimstad.com,888-230-5398,Jim Rich,102383
FIRSTMARK AEROSPACE CORP,102384,dbeck@1000bulbs.com,800-794-2491,DAVID SHACKELFORD,102384
NARAS AVIATION,102386,,772-286-9278,Bob Davis,102386
CONNECTICUT TELEPHONE AND ELEC,102389,,909-941-2004,Sales,102389
SYNTEGRA (USA) INC.,102396,aftermarket@axletech.com,451-0840,Dave Sites,102396
"SEVENTY-THREE MFG. CO., INC.",102397,,888-880-2874,Jim Curry,102397
MARYSVILLE MARINE NORTH,102403,JKOEGEL@KRAFTPOWER.COM,715-723-9313,JOHN NOSKA,102403
UCOM INC.,102404,tom@pacificelectronicscorp.com,800-330-4353,Dom Scaringella,102404
SEIDELL ENTERPRISES INC,102405,sandycalnan@vulcnaelectric.com,616-777-4100,MS. DECKER,102405
ELJAY DIVISION / ROMAY CORP.,102406,,651-450-5049,Larry Walsh,102406
"IET LABS, INC.",102407,LARRY.LATIMER@HAMILTONCASTER.COM,740-255-5208,JESSICA JONES,102407
VACUUM INSTRUMENT CORPORATION,102408,,011441889272200,SALES,102408
NORLAKE MFG CO,102409,,800-456-7737,DONNA PARISOU EXT273,102409
"AM MACHINE COMPANY, INC.",102411,,800-552-6064,SALES,102411
"LOCKHEED MARTIN CORPORATION,",102412,,864-953-9618,JIM KELLY,102412
SPAENAUR,102414,alex@mercury-usa.com,315-858-1350,CAROLYN WILES,102414
M.T. DAVIDSON,102416,,815-874-8500,Ken Abramson,102416
BATTERY SPECIALTIES,102417,,708-355-2760,RYAN ROVENSTINE,102417
BYRAM LABORATORIES INC.,102422,aubrey@siska.com,800-640-3594,Todd Anderson,102422
FOREST ELECTRIC COMPANY,102424,,803-256-8899,TODD,102424
AVNET MICROWAVE ,102426,,800-423-4512,"Magali Mendoza,AR Supv",102426
AT COMPONENTS,102427,Sharon.nalewski@pentair.com,888-635-0494,SALES DEPT,102427
ORDNANCE TECHNOLOGY SERVICE,102428,eeseal@Quell.US,803-494-4430,Brian Crowley,102428
UNITED RING AND SEAL,102430,,877-436-1797,Barry Grassl,102430
"CENTRAL MACHINING SPECIALTIES,",102431,,888-810-5043,ZACK,102431
"ENERGY TECHNOLOGIES, INC. #501",102443,thomas.happel@masterelectronics.com,815-968-3000,RYAN CLAMPITT,102443
"TITAN SPRING CO., INC.",102444,,214-660-7070,Ryan Brown,102444
"SCHIEBEL TECHNOLOGY, INC.",102448,,586-465-3131,LINDAR@THERMOMEGATECH.COM,102448
"LAMSCO WEST, INC.",102449,rayd@liquip.us or jdawson@liquip.us,800-482-7758,Erica Rosas,102449
"LAMPTRONIX COMPANY, LTD.",102451,,704-588-4100,David Salwen,102451
HUNTINGTON VALLEY INDUSTRIES,102455,,713-923-2222,Michelle Devine,102455
D.F. BRANDT INC,102456,DPATEL@KRAUSGLOBAL.COM,250-493-3635,"Joanna Gutierrez, AR",102456
GENERAL DYNAMICS LAND SYSTEMS,102457,,800-334-8400,JERMALD WIECZOREK,102457
KLEIN PRODUCTS INC.,102461,,859-231-7006,SALES DEPARTMENT,102461
RED'S EQUIPMENT  ,102465,,713-395-1508,CLETUS O'BRIEN,102465
KORFUND DYNAMICS,102474,,800-285-2121,Website,102474
DOVE ELECTRONIC COMPONENTS INC,102477,biazhou@yahoo.com.cn,419-531-5572,Peter Streit,102477
WELSFORD F S COMPANY,102479,,315-471-8511,GAIL ANDREWS,102479
"S.D. CHRISTIE ASSOCIATES, INC.",102483,,954-462-7404,JACK PIEPER,102483
"FLEET HARDWARE SERVICE, INC.",102485,,617-328-1002,WAYNE MARTIN,102485
"ANCHOR FABRICATORS, INC.",102487,Lindsay@KWRS.com,803-773-0532,Joe Carranza,102487
OPW ENG SYSTMS-KNAPPCO LLC,102490,kjg@extreme-bolt.com,530-292-3506,BEVERLY IVERSON,102490
INSUL-TAB INC.,102494,,513-851-6907,PHIL,102494
ETTINGER GmbH,102499,thamilton@computercablestore.com,954.975.0025,Vanessa,102499
NORTHEAST INDUSTRIAL TECH.,102503,sales@brettstruck.com.au,866-519-1263,RICH BENAK,102503
"SUN COMPANY, INC.",102504,,502-664-5581,CHUCK MONDO/KEN MOULIN,102504
KENNETH CROSBY NY INC.,102507,andrew.sutton@cobham.com,661-268-8070,KEVIN TUTIN,102507
KLEIN NAVIGATION,102509,**SEE NOTES**,800-632-0268,SALES DEPT.,102509
WAREHOUSE BATTERY OUTLET,102512,,800-407-9981,Karl Paisley,102512
APPLIED AUTOMATION CONTROLS,102523,accountsreceivable2@alto-shaam.com,425-282-0600,Cust Service,102523
SNAP ACTION INC.,102530,parts@wausauequipment.com,800-767-4288,CUSTOMER SERVICE,102530
CLARK MASTS TEKSAM LTD,102532,,717-558-7259,Jeff Weber,102532
JAMES WALKER MOORFLEX LIMITED,102538,,800-267-3077,SALES,102538
RESTAURANT PROFIT SYS,102540,dcarlson@HiTechPlatingTinning.com,949-756-1600,Jean Jordan / Govt. Sales,102540
"NEXERGY, INC/CORPORATE PROC.",102543,,215-223-6000,MAYRA URIZA,102543
"THOMSON INDUSTRIES, INC.",102547,customerservice@littlegiant.com,978-975-4520,CAROLYN FACTOR,102547
VAPOR POWER INTERNATIONAL,102548,,313-593-9000,EMANUEL,102548
"SHERBURN ELECTRONICS, INC.",102549,,877-474-9464,Sales,102549
RW BECKETT CORPORATION,102552,keith@seatronx.com,818-240-9313,LAURIE MEYERS,102552
PRECISION AIRCRAFT MACHINING,102553,rneely@federalhose.com,814-725-9621,"Jodi Booker, BussMgr",102553
"IN-MAR SYSTEMS, INC.",102554,paula_u@aasteel.com,888-225-6080,Pat Mennig        ,102554
C. G. TECH,102555,,716-874-6211,Abdul Shamdeen,102555
"AUTOMATION PRODUCTS GROUP, INC",102556,STUCEY@ICLOUD.COM,471-0126,"Abigail Ramirez, Acctng",102556
"BAY SWISS MFG CO., INC.",102559,,714-898-8121,TONY MILANESE,102559
EATON AEROSPACE LLC,102568,mray@encoind.com,800-673-2431,TRAVIS / SALES,102568
WURTH SERVICE,102570,,412-963-9200,Fred,102570
"EAGLE COMPRESSORS, INC.",102572,,716-654-6770,Sharon Wilson,102572
THE WELDING WAREHOUSE,102573,sales@nailzone.com,310-519-8783,SARAH,102573
MCCABE POWERS EQUIPMENT CO. IN,102575,,+390522210811,SALES,102575
"CONDOR SYSTEMS, INC.",102578,,954-427-5711,Colleen Grace,102578
KEY SAFETY SYSTEMS,102580,** SEE NOTES **,433-0002,Russell Gore,102580
ALA UK (DIV) SPEC TECH,102584,theresa@foodequipservices.com,914-666-2971,SALES,102584
SURVIVAL SYSTEMS INT'L CORP.,102585,JENNIFERS@JBIND.COM,757-673-2468,Sales Dept,102585
GENTAS GMBH,102591,,323-231-5161,DARLENE LEININGER,102591
URETHANE PRODUCTS INDUSTRIES,102592,,330-848-2255,"Elijah Thompson, SoleProp",102592
FM INDUSTRIES INC.,102613,,920-235-3170,Tim LaBar,102613
Honeywell Aerospace UK,102619,aasbury@pinnaclecentral.com,540-552-3011,BILL FURMAN,102619
PENNY & GILES CONTROLS LTD,102621,tim.disclafani@bromma.com,614-864-1811,Jacqueline Quintero,102621
National Technical Systems-NTS,102622,randy.sniff@modernusa.com,800-687-6575,Judy Nugent,102622
ACRO ELECTRONICS CORPORATION,102623,,949-499-2930,PHILLIP QUICK,102623
FIAMM TECHNOLOGIES INC.,102625,sales@steamdepot.com,800-426-7754,SALES,102625
RESCUE TECHNOLOGIES CORP.,102627,,308-382-5670,SALES DEPT.,102627
"AERO INDUSTRIES, INC.",102629,MAUCOIN@ALLSERVINDUSTRIAL.COM,860-584-0594,Patty Calp,102629
"APPLIED COMPANIES, INC.",102638,aimco@bellsouth.net,(586)254-7400,SALES,102638
XEROX CORPORATION,102639,,607-656-4151,Ken Chapman,102639
PEAKER SERVICES,102646,customerservice@hardwareworld.com,817-548-1000,RICK ROESKE,102646
PANAMETRICS,102647,,877-836-1999,GABBY GRIFFITH,102647
PRATT & WHITNEY COMPONENT ,102648,Roland.Dilley@nts.com;FullertonOrders@nts.com,732-238-2200,Ken Morrell,102648
"JARVIS CUTTING TOOLS, INC.",102649,,585-547-9931,Sales,102649
SAVA INDUSTRIES,102655,mfraass@globalabrpro.com,716-836-3801,CJ,102655
"MISTRAL SECURITY, INC.",102656,al@necontrols.com,800-854-6464,CORY SMITH,102656
PORT ELECTRIC SUPPLY CORP.,102657,,978-532-0775,Catherine Walsh,102657
"ROTEX PUNCH COMPANY, INC.",102658,,800-332-6077,Gloria White,102658
PASTERNACK ENTERPRISES,102660,,479-1900,Shawn Hilley,102660
S&G TOOL AID CORPORATION,102663,,704-378-3521,DAN D.,102663
INTERNATIONAL LAMINATING CORP.,102666,,703-876-6800,"Kristen Little, Pres.",102666
"BENCHMARK COMMERCIAL, INC.",102668,,888-423-2230,Leo Ramos ,102668
J M J TECHNICAL PRODUCTS,102669,,913-829-9400,MATT ROMANS,102669
INVENSYS PROCESS SYSTEMS,102673,Kerrip@hiinet.com,315-458-8333,ROBIN CONWAY,102673
"T.C. WILSON, INC.",102676,sales@falconelec.com,909-983-1600,**SEE NOTES**,102676
EUR-PAC,102680,,800-677-7476,KAYLA TURNBOW,102680
"AIRBORNE INDUSTRIES, INC.",102683,,760-749-9025,AMANDA SCROGGIN,102683
"MIDWEST TUBE FABRICATORS, INC.",102685,,610-622-1977,JIANG ZHOU,102685
"SEVERANCE TOOL INDUSTRIES, INC",102687,,800-521-2747,TIM SCHULTZ,102687
THE BOEING CO.,102695,,800-543-5454,Chuck Walkner,102695
ADVANCED MICRO INSTRUMENTS,102700,,613-233-8999,Jeri Schramm,102700
"J&J EQUIPMENT, LLC",102701,CONCUR_ARCUSTOMERSUPPORT@SAP.COM,315.437.2522,Al Akhtar,102701
FUEL SYSTEMS INC.,102702,JFegely@cooneybrothers.com 99-0458834,800-666-2980,,102702
EMPIRE FASTENERS INC.,102706,,866-302-5397,Warren Frank,102706
MOTION INDUSTRIES,102708,Eric.Geesey@metaltek.com,817-831-6301,,102708
ESICO TRITON INTL.,102725,AHiggins@united.equipment.com,207-649-3457,Kirsti Hveding,102725
"ESSEX BROWNELL, LLC",102728,,716-875-7223,,102728
"WHEDON PRODUCTS,INC",102738,,410-242-1000,Michael Brown,102738
PEMCO AEROPLEX INC.,102739,,585-538-3285,DO NOT BOTHER,102739
HARRY KRANTZ CO. LLC,102740,,937-252-7785,DRAKE KOLBE,102740
RUSKA INSTRUMENT CORP,102741,,011441656727018,Laura Casale,102741
DIXIE AIR PARTS SUPPLY,102742,,888-333-0101,Doug Kessinger,102742
"TIMBREN INDUSTRIES, INC.",102756,maribel.cantu@mesaproducts.com,508-999-3261,Jeff Curtis,102756
"K AND H INDUSTRIES, INC.",102763,,212-989-1090,MATT,102763
PARKER HANNIFIN CORP,102767,,800-985-6017,Elisa,102767
SAFETY SOCKET SCREW CORP,102770,usa_orders@keysight.com,757-549-9123,Cliff Freed,102770
ARROW ELECTRONICS,102778,rmyers@troxlerlabs.com,704-587-3594,DEBBIE HANDLEY,102778
CURTIS UNIVERSAL JOINT CO,102779,ashleabatts@thebestconnection.com,949-642-2427,STEPHEN JOHNSON,102779
VOSPER THORNYCROFT MARINE,102787,,315-638-1181,Steve Bebee,102787
"SUPERIOR COMPANIES, INC.",102788,,814 454 5271,DOROTHEA BAXTER,102788
"KVH INDUSTRIES, INC.",102789,otcsales.usa@imtechmarine.com,203-899-1800,Mary Ann,102789
SCOVILL FASTENERS,102791,customer.service@shimadzu.com,315-671-6006,Kristin Casarez,102791
CLAUSING CORPORATION,102793,gsa.advantage@gsa.gov,800-435-7338,Richard Johnson,102793
"ATAP, INC.",102797,office@ACRoethTruckParts.com,914-564-9898,Customer Service,102797
CREST INDUSTRIES,102798,,800-252-5877,Charlotte,102798
BREN-TRONICS,102800,,781-894-7310,Customer Service,102800
"ELECTRONIC PRODUCTION TOOL,INC",102806,,716-884-8452,RAY CHRISLER,102806
LYNN ELECTRONICS,102812,consumerservices1@petmate.com,716-773-7909,SALES,102812
JAY BEE MACHINE WORKS,102816,,800-323-2111    ,,102816
MUELLER STREAMLINE CO,102817,,480-646-8456,,102817
"KENSINGTON ELECTRONICS, INC.",102819,customerservice@911erp.com,847-966-6000,DARLENE HARBER,102819
SEACOAST ELECTRIC COMPANY,102824,pamela@polytecplastics.com,903-957-2247,John Bosonetto,102824
ARMOR GROUP INC.,102830,m_zaferani@hotmail.com,877-524-4722,,102830
"ALLFAST FASTENING SYSTEMS, INC",102838,,509-435-2240,MIKE HARDESTY,102838
"SPACE LOK, INC.",102839,,DISTRIBUTOR ONLY,DAN PIET,102839
AVOCET AVIATION LIMITED,102843,customersuccess@willscot.com,888-757-4774,BILL BUTLER,102843
ABILITY METAL PRODUCTS,102850,,713-683-9900,ERIC BADMANN,102850
"ENFASCO, INC.",102855,order@easyflexusa.com,316-440-7634,John Kurpius,102855
SIMPLEXGRINNELL,102857,zachary.padellford@Emerson.com,847-838-0999,,102857
CHICAGO GEAR D O JAMES CORP,102860,,434-974-2170,Mark Steven,102860
"FASTAR, INC.",102863,shane@rmsqualityservices.com,516-567-4666,Stacy Treadway,102863
ULRICH ATTACHMENTS LTD,102866,PARTS3@DUFFYSEQUIPMENTSERVICE.COM,631-472-2100,JAMES HARRIS,102866
EATON AEROQUIP AEROSPACE,102868,mgusakov@calkinstech.com,904 215-9638,Pat Iglinski,102868
KELLEY BROTHERS,102870,parker@fibertronics.com,973-340-0550,Sales,102870
M S AEROSPACE,102872,,802-622-3566,Jonathan Ulmer,102872
ELECTRO-MECH COMPONENTS. INC.,102873,cassie@wilsonwalton.com,800-231-0077,DEBRA DECK,102873
"L3 COMMUNICATIONS, AVIATION",102874,sales@remalymfg.com,315-622-1444,TONY WRIGHT,102874
KIDDE FIRE FIGHTING,102875,stevep@griffithrubber.com,800-227-7727,MARIE,102875
DYNALEC CORPORATION,102876,allenscanvas@gmail.com,QUOTES ON-LINE,Jack Zubrzycki,102876
SMITHS AEROSPACE INC;,102877,,574-256-6630,Natalie Bethal,102877
"E S COMPONENTS, INC.",102879,,315-492-4700,Anthony Scavo,102879
"BEYOND COMPONENTS NY, INC.",102883,info@dealec.co.uk,516-757-8000,"Lynda Mattson, AR",102883
"GUDEBROD, INC.",102885,,866-673-9590,"Diane Weaver, Acctng",102885
INDUSTRIAL COMPRESSOR SERVICE,102887,,215-538-9788,Kimberly Seeloff,102887
HERMAN STICHT CO.,102888,,888-505-6535,Tom Mcauliff,102888
AMERICAN TURBO *DO NOT USE*,102889,,800-678-9595,Damien Blakeslee,102889
RS ELECTRONICS,102897,Kristine.Mattei@gdbiw.com,492154497112,Terri Wing,102897
THERMAL CIRCUITS INCORPORATED,102899,AP.LAYORK@BAESYSTEMS.COM,877-513-3205,CHRISTOPHER/NANCY,102899
"NELL JOY IND., INC.",102903,,800-565-6189,JIM KITTLE,102903
CONTINENTAL MOTORS SERVICES,102910,todd.bolon@rennapartners.com,727-347-2181,,102910
BATH IRON WORKS,102929,sales@christmascentral.com,800-745-3321,Donna Richards  ext 3044,102929
KAYDON CORP - FACET USE 110502,102932,KATHY@NYMARKING.COM,732-938-3135,DOUG ,102932
ATKINS ASSOCIATES INC.,102937,alopez@warco.com,937-415-0000,RICHARD PATTERSON,102937
THUEMLING INSTRUMENT,102938,,630-859-2030,"Carla Jackson, AR Mgr.",102938
ROLEX CO.,102942,,011441924298709,"Scott Godfrey, AR",102942
"SBC INDUSTRIES, INC.",102945,,713-983-8032,Amber Reiff,102945
SCOTTS EMERGENCY LIGHTING &,102946,customer.services@rapidelec.co.uk,714-524-0680,"Dan Larson, VP",102946
CENTRAL GASKET & SUPPLY CO.,102950,bmcelreath@aol.com,508-996-8561,Dick Ringle,102950
"POOLEY, INC.",102951,FILES@TOFG.COM,414-247-5531,CHUCK DAVO,102951
MORTON MFG.,102952,,800-228-0595,Caroline,102952
CERTIFIED SLINGS,102955,,1-800-264-4544,Jane Kieffer,102955
"CDK MOBILE SYSTEMS, INC.",102962,,315-858-2411,FRANK MCMAHON,102962
SMITHS AEROSPACE,102965,,215-361-7000,PETER KIRSCH,102965
"NAVPAR, INC.",102970,,978-410-3200,PETER DAVIDSON,102970
SBS PRECISION SHEET METAL,102972,,440-888-4749,James,102972
COSPOLICH REFRIGERATOR CO.,102977,dacamcparts@daikinac.com,321-984-9030,HELENE,102977
YODER BRAKE & MFG. CO.,102978,,818-567-3000,"Trudy Tnompson, CredMgr",102978
MOTOROLA SOLUTIONS INC,102980,hasan@seatscanada.com,440-878-3750,,102980
JOHNSTONE SUPPLY,102981,Bryan.Mullins@Emerson.com,985-223-7300,KEN McGEE,102981
AERO INSTRUMENT COMPANY INC.,102982,,817-710-2987,SALES,102982
MAC-GRAY CORPORATION,102988,,800-325-1359,JAMES CORDEA,102988
SEPCO (Sealing Equipment Prod),102989,Jason.Poore@thalesdsi.com,949-863-0560,HADLEY FABLE,102989
"PYRONICS, INC.",102990,,630-628-8083,Richard Profant,102990
BRISTOL INDUSTRIES (27238),102992,RAY@BERGNELSON.COM,908-925-5555,GREG MOCYK,102992
ZELLER CORPORATION,102993,SALES@SQFIRE.COM,585-544-1200,SALES,102993
"PRECISION RINGS, INC.",103000,,612-825-1010,SALES,103000
VALK MANUFACTURING CO.,103002,,800-963-8112,Debbie Neville,103002
"SKYLOCK INDUSTRIES, INC.",103004,kim@raritaneng.com,866-577-4477,TOM BERGLUND,103004
NEUMADE PRODUCTS CORP.,103005,,314-645-3900,Jim Coskren,103005
LAMP TECHNOLOGY INC.,103007,,440-365-8300,SEE COMMENTS,103007
HSI ELECTRIC BOAT,103009,rnbmachine5200@att.net,810-724-2000,Lori Corbett,103009
"NSI, INC",103010,tbianchi@edak.com,877-848-2532,STEPHEN BROWN,103010
METSO MINERALS INDUSTRIES INC,103012,brad.w@yukoneq.com,713-466-1644,KELLON HAYNES,103012
WILLIAMS AEROSPACE AND,103015,,888-737-9766,PATRICIA MOELTON,103015
TRITEX CORPORATION,103022,,631-581-1210,David O'Brien,103022
A & H AUTOMOTIVE,103023,,330.852.4009,chuck polge,103023
DECOR DESIGNS,103027,,651-674-4491,""" SEE COMMENTS """,103027
UNITED DEFENSE LP,103028,,315-446-2013,John Vancleve,103028
BUCKEYE FIRE EQUIPMENT CO.,103029,mvalencia@geotechsupply.com,763-413-1344,ED GRAHAM,103029
SPIROLOX,103030,atlsales@premiercopper.com,516-767-0700,SALES,103030
NEOTECH INC.,103032,,704-597-7757,Paul Gelinas,103032
SUBSEA AIR SYSTEMS,103035,,508-435-6400,JEAN,103035
COMFORT AIR CORP.,103043,sales@graycer.com,858-271-1880,Dan Pastoe,103043
"NEWTON TOOL, MONARCH NOZZLE,  ",103044,,315-432-0591,sales,103044
MULTIMATIC CORPORATION,103048,,504-841-0035,JOHNNIE GONZALES,103048
PHOENIX LOGISTICS. INC.,103049,,1-800-706-4657,PATTY,103049
DUNN'S VALVE TESTERS INC.,103051,,800-845-9391,Sales,103051
WOOD-MILLER SAW & KNIFE LTD.,103055,,414-713-1500,Jim Lauck,103055
INTERSTATE ALL BATTERY CENTER,103058,ewearing@pittsburghplug.com,260-484-1322,"Trish,AR / Guy Medbery",103058
AMETEK ROTRON C/O GASHO &,103059,,800-988-6478,Ron,103059
"BUCKHORN RUBBER PRODUCTS, INC.",103061,info@smokesign.com,810-798-2622,Jeff Millings x272,103061
USR METALS INC.,103062,,706-790-6550,SALES,103062
W & G MACHINE CO. INT'L INC.,103063,,206-784-8000,Customer Servie,103063
CARLISLE POWER TRANSMISSION,103065,,877-506-4291,Willard Watson,103065
JAY-EM AEROSPACE,103078,,314-994-7484,Joe Golik,103078
GENERAL ALUMINUM FORGINGS,103079,,410-787-8476,"Yolanda Coates, CustServ",103079
ALLIED METRIC SEALS,103082,,630-350-2252,AMY WOOD,103082
ADVANTUS CORP,103083,ac@gcontrols.com,562-903-3007,CUSTOMER SERVICE,103083
HATA,103088,,716-635-9500,STEVE,103088
BONDHUS CORPORATION,103090,,631-435-8300,SALES,103090
BELMONT METALS INC.,103093,rnatale@pltemail.com,508-513-1024,Aaron Boothby,103093
DAUBERS INC. OF RICHMOND,103094,,315-682-2285,Laura Martin,103094
CCF ENTERPRISES,103095,,516-867-6188,            ,103095
HALTEC CORP.,103096,CustomerOrders@WesternEnterprises.com,828-632-6136,Theresa Rivera,103096
MARVIN ENGINEERING CO. INC.,103097,greg@alliedsigncompany.com,214-342-5155,,103097
ACCURATE BUSHING CO.,103099,,866-673-1700,Ryan Pickett,103099
AMETEK US GAUGE. PMT DIVISION,103100,,704-855-1600,KEN KREISS,103100
DAYTRONIC CORPORATION,103101,sales@kgpowersystems.com,800-558-6614,Dan,103101
PORTER SEAL,103106,accounting@larkinexpress.com,215-822-1963,Ben,103106
"GRANCO INDUSTRIAL, INC.",103111,,800-832-2437,DENIZ HEKIMOGLU,103111
RANDOLPH AUSTIN CO.,103112,sales @mosselectrical.co.uk,518-434-2138,Bill Gallagher,103112
"EATON AEROSPACE LLC, COCKPIT",103115,,315-425-2700,SHANE JUDD,103115
DORIAN TOOL INT'L INC.,103117,,818-526-2600,CHERYL GOLDA,103117
"SPS TECHNOLOGIES,",103118,tnichols@mcallistermills.com,321-727-0047,Peter/Mary,103118
SAMTAN ENGINEERING CORPORATION,103119,RAWEAVERELECTRIC@YAHOO.COM,800-453-3169,Kenneth Krogman,103119
"KREIS TOOL & MFG. CO., INC.",103120,,608-257-8801,DAVE ULIASZ,103120
STRAND CORE,103123,STEPHANIE@VALADELECTRIC.COM,616-842-5430,Vaulty Tyree,103123
AMERICAN VULKAN CORP.,103124,BELINDALI@5ELEM.COM,320-759-1112,Jim Finegan,103124
VOLVO AB,103125,chaz.smith@btconnect.com,631-218-0013,PATRICK RILEY,103125
RESEARCH TOOL & DIE WORKS,103126,PTIERNEY@PERROSTTISALES.COM,314 731-4444,Tim Nichol,103126
GOODMAN BALL INC.,103128,msplinter@clampco.com,315-834-6899,DAWNA,103128
JWF TECHNOLOGIES,103130,info@aquascience.net,781-340-0700,RICK KAVANAGH,103130
"COFFIN TURBO PUMP, INC.",103131,wayne@jlwinstruments.com,519 537-6262,Ed Michaelson,103131
CLAUSS CUTLERY,103138,,562-408-1032,Robert Sanchez,103138
ASHCROFT INC.,103143,,714-993-4200,BILL RYAN,103143
BAE SYSTEMS INFORMATION AND,103144,,800-227-4748,SALES,103144
AIR MASTER PRODUCTS,103159,,610-372-7834,Sally Franco  x 212 ,103159
"WALKER POWER SYSTEMS, INC.",103160,,281-564-2526,Lynette Boone,103160
SWEEPSTER INC.,103163,Rob.Brock@enersys.com,215-322-9990,Paul Valdiviez,103163
UFC AEROSPACE CORP,103165,ncruz@venair.com;accounting@venair.com,616-945-2491,DAVID PEREZ X114,103165
KEITHLEY INSTRUMENTS INC.,103167,,262-754-0369,Sales,103167
MOTOR CITY FASTENERS INC.,103168,,941-722-3600,BRUNO LOURENCO,103168
BOEING MILITARY AIRCRAFT &,103169,,474-8203,GERI BEASLEY,103169
REOTEMP INSTRUMENT CORP.,103172,,520-889-2979,Scott Bader,103172
CENTURY METAL SPINNING COMPANY,103173,,317.692.3006,CUSTOMER SERVICE,103173
GLENDINNING PRODUCTS,103175,PAYMENTS@CASSELS.COM,732-1912,Heather Shaw,103175
"CHELSEA CLOCK CO., INC.",103176,,262-253-4820,JIM FRANCIS   ,103176
ELLIOT MOLDING AND COMPONENTS,103178,,603-778-2882,Adriana Gomez,103178
ANIXTER BROS INC.,103187,,763-420-6100,Bob Shaga,103187
MARCONI SELENIA COMM INTL LTD,103188,blakel@pneumaticandhydraulic.com,513-527-8623,MIKE,103188
"NORTHEAST CONTROLS, INC.",103193,chantel.bendolph@parker.com,800-833-3837,PARTS DEPT,103193
ABDO ENGINEERING CO.,103202,,845-679-2294,Ryan Harris,103202
KASON CENTRAL,103204,tanselmi@engineeredpiping.com,315-474-1002,SALES,103204
"SKYSPARES PARTS, INC.",103211,,269-782-9670,DONNA LOWE,103211
STATEWIDE MACHINERY,103214,robert.apel@gvtool.com,800-424-5012,Gil,103214
GENERAL AVIATION,103215,,832 721-0054,Deidra Pettiford,103215
"GENERAL KINETICS, INC.",103217,,203-225-3515,"Charlie Hall, Owner/Sales",103217
HASTINGS FIBER GLASS PROD. INC,103219,,800-331-3263,CAROL KELSCH,103219
LEADS METAL,103223,,269 324-2850,Katherine Reid,103223
A-1 SUPPLY COMPANY,103229,,312-944-7277,SALES,103229
DISCOVER GROUP INC.,103231,,330-222-1501,Sal Bocchieri,103231
MARVEL MFG.,103232,,800.223.7167,TOM SOKOL,103232
"K.K. MACHINE CO., INC.",103235,Tiffany@amerway.com,888-556-0735,Fin Team (eff Sept2022),103235
"PRATT & WHITNEY AUTOAIR, INC.",103236,MELISA@SALESSOLUTIONSINC.NET,01293 843000   ,JASON SGOBBO,103236
ROLLS ROYCE COMM MARINE,103238,customerservice@koshinamerica.com,832-962-5300,Stephen Borsh,103238
KOCH FILTER,103239,,877-497-2811,"Rhonda McMahon, CustServ",103239
ALLEGHENY VALVE CO.,103243,SHANTI@VEEJAYPLASTIC.COM,281-257-8587,RONNIE HILL,103243
MOLDED DEVICES INC.,103244,jimmyd@partsauthority.com,312-620-2000,KATHY SCARBROUGH,103244
KEYSTONE FIRE PROTECTION CO,103246,JCAUDLE@PHOENIXHSV.ORG,440-237-9164,Sales,103246
"DAYCO PRODUCTS, LLC.",103250,CARDKONN@AOL.COM,253-5300,SEE COMMENTS,103250
"B & R SYSTEMSTEC, INC.",103252,,914-769-5020,MIKE / PHIL,103252
HERITAGE FOOD SERVICE EQUIP.,103257,ron@jasinterconnect.net,616-214-7965,,103257
"PRODUCTS / TECHNIQUES, INC.",103260,,508-685-3900,JAY,103260
CM MANUFACTURE INC.,103262,,610-518-6601,STEVE HENDERSON,103262
BO-KAY INDUSTRIES,103269,,716-693-8412,MARY JANE CARNAHAN,103269
INRANGE TECHNOLOGIES CORP.,103272,,701-477-3193,Ron Thompson,103272
BRUCKNER SUPPLY,103273,t.porter@shaw.ca,520-573-0221,SALES,103273
HALE HAMILTON (VALVES) LTD.,103274,harpal@phillipscorp.com/federal,801-973-9136,WEB CATALOG,103274
ONONDAGA PRINTING EQUIP.,103275,,518-465-3461,Erin Holt,103275
GRAYBAR ELECTRIC - USE 001270,103277,davidt@acehomecenters.net,815-328-8800,SALES DEPT,103277
"UNIVERSAL TECHNOLOGIES, INC.",103283,,503-496-3911,STEVE ANDERSON,103283
"HILTI, INC.",103284,sales@allcartstore.com,616-965-2307,SALES,103284
AIRDALE EXPRESS,103290,,,,103290
SHUSTER CORP,103291,,386-462-9108,James Bittner,103291
EDSYN INC,103292,,818-846-9020,Marsha Baker,103292
"BARBIZON LIGHT OF NE, INC.",103295,sales@faucetdepot.com,800-959-9161,BRENDA HLADIK,103295
DOWTY AEROSPACE CORP.,103304,,914-592-3640,Bridget Morgan Woodruff,103304
STERLING PRODUCTS,103308,,011441613374488,Parts / AL,103308
SNAP-ON TOOLS CORPORATION,103310,bhrobsky@colsax.com,800-228-8247,,103310
MGR,103311,,604-566-9938,Clinton Henderson,103311
SANDUSKY-CHICAGO ABRASIVE,103324,RayC@phelpsweb.com,205-314-8273,SHELBY,103324
"HAZMATPAC, INC.",103326,INFO@DATACOMSECURITY.COM,518-563-8077,Jeff Martin/Samuel Miller,103326
"EQUIPMENT AND SUPPLY, INC.",103327,info@shelti.com,913-440-4331,SALES,103327
HANNAY REELS,103330,relli@relli.com,713-672-1100,TOM HARRINGTON,103330
"NIGHTLINE, INC.",103331,DERMAN@MIDWESTVALVE.COM,315-384-3189,Randy Konnick,103331
ANKER-HOLTH,103333,BGIGLIO@BELLSOUTH.NET,413-734-4981,Zak Bhaijeewala,103333
GATES AUTOMOTIVE,103335,jwilliams@ewp-usa.com,800-267-3253,WALT DAVIES,103335
USHIO AMERICA INC.,103336,vince@wgiltd.com,216-923-3824,Laurie Joyce,103336
HENDERSHOT CONSULTING GROUP,103337,,757-487-1700,Sales,103337
K & K PRECISION MFG,103338,,463-9163,TOMEKA BROWN,103338
THE BLAKE GROUP,103340,smattie@lamartcorp.com /custservcal@lamartcorp.com,800-545-1689,REGINA NORMAN,103340
CLEVELAND HARDWARE & FORGING ,103348,,616-381-9455,Kendall Williams,103348
AEROPANEL CORPORATION,103354,,471-2020,JIM MOSS,103354
"THE SCALE PEOPLE, INC",103355,,716-683-2838,"William Green, P.E.",103355
"POWER STEERING SPECIALTIES, IN",103357,,448-6495,JOE HENDERSON,103357
MARSON CREATIVE FASTENER,103358,,1-800-235-7524,Cheryl Bussiere,103358
WORLD PRECISION INSTRUMENTS,103359,brittanyp@theisens.com,507-645-5641,Trisha Hawkins,103359
UNIVERSAL FABRIC STRUCTURES,103360,,630-355-7150,Ann Pierce,103360
HALE TRAILER BRAKE & WHEEL,103363,CONTACT FORM ONLINE,760-438-2800,Mary Anne X231,103363
AEROSPACE SYSTEMS/NORTECH,103367,Krissy.Healy@dillonaero.com,763-784-6542,Lisa Baker,103367
"MATERIAL HANDLING TECH., INC.",103371,,909-674-7771,Edwin Lopez,103371
HYDRAULIC & PNEUMATIC SALES ,103374,,630-851-9444,CRAIG BERGEN,103374
NEW YORK BUS SALES,103380,cheryl.colby@elbitsystems-us.com,716-691-7400,John Maniaci,103380
DREIHA-WERK,103383,,918-584-4707,Bryan Davis,103383
NOEL-SMYSER ENGINEERING CORP.,103394,,972-234-4231,DAVE CHESMEL,103394
MEGASONICS INC.,103395,,765 643 3334,Mike Carugati,103395
"STAMPINGS OF MINNESOTA, INC.",103397,,701-252-6250,Tim Baldwin,103397
JRB ATTACHMENTS LLC,103398,spares@gss-cgi.com,877-854-3577,VANESSA HOOD,103398
WELLINGTON LEISURE PRODUCTS,103399,,256-773-1077,Scott McNew,103399
WIEGMANN & ROSE INT'L CORP,103400,,800-252-8455,JORDAN BECKSTOFFER,103400
ALTAMIRA MATERIAL SOLUTIONS LP,103405,jhebert@boschhydraulic.com,251-653-4334,"Diana, AR",103405
BG ELECTRONICS CO.,103406,,609-931-2064,Charlie McGowan,103406
ADRICK MARINE CORP,103410,,800-373-3502,Claire,103410
POWERWARE CORPORATION,103411,Kellit@highland.net,305-593-2279,,103411
GLOBAL TECHNICAL SYSTEMS,103412,,479-6667,MARK MOFFETT,103412
BRAVO COMMUNICATIONS INC.,103414,,315-622-7270,Paula Rosse,103414
UNITRON INC.,103417,,011441934835224,Arlene Zacker,103417
G AND Z INDUSTRIES INC.,103418,,86 532 80790236,TOM CAIN,103418
TECH INSTRUMENTATION,103419,KRACE@TWCNY.RR.COM,336-393-0100,CUSTOMER SERVICE,103419
A-FLAME CORPORATION,103421,,800-766-3707,Karen Chartrand,103421
SQUIRE COGSWELL CO.,103425,,815-786-6616,DEB MANKOWSKI,103425
"R AND B PLASTICS, INC.",103426,,800-821-8431,Stan Kokoszka,103426
"AERO BRAKE & SPARES, INC.",103430,,724-537-3341 ,CUSTOMER SERVICE,103430
SUPER VACUUM MANUFACTURING CO,103431,,604-946-6066,BOB,103431
ERDCO ENGINEERING CORP,103433,,800-861-7228,Thomas Herrera,103433
MARTEK INDUSTRIES INC,103436,,888-832-5801,Harvey Gordon,103436
HARRISON SUPPLY,103437,,201-487-8080,Martin Quinonez,103437
"SENSOR SYSTEMS, INC.",103438,rayers@windstream.net,800-836-3671,SAM DEVITO,103438
LIFETIME INDUSTRIES INC.,103448,,717-898-5257,Julie Carr,103448
HEINEMANN ELECTRIC CANADA LTD,103449,,215-228-4439,Sales,103449
"R.W. ZOLLER AND ASSOCIATES,INC",103450,,877-462-5832,RICK SKALSKI,103450
COUGAR ELECTRONICS CORPORATION,103453,,631-981-2400,Shirley Cassesso,103453
OSECO,103454,,205-533-3165,Bob,103454
KAHLENBERG BROS. CO.,103458,,732-932-6055,JIM FALK,103458
ALL-SPEC INDUSTRIES,103464,custsvc@pinnacletextile.com,815-625-0360,Michael Connelly,103464
"MCCROMETER, INC.",103465,,800.448.0501,Jane Troutman,103465
"JAECO FLUID SYSTEMS, INC.",103469,,262-637-9301,KAREN ,103469
DANUSER MACHINE COMPANY,103470,acrodyne@aol.com,715-627-5552,Steven Mardani,103470
VERMEER MFG. CO.,103472,carolynl@blusadefense.com;info@blusadefense.com,847-640-7200,HANS PUMP,103472
MULTIPLIER INDUSTRIES CORP,103473,,919-639-6151,Customer Service,103473
BOYD CORPORATION,103476,,484-540-8180,NINA OASTER,103476
"B & L TECHNOLOGIES, INC.",103478,,585-288-6200,DOM,103478
AYDIN DISPLAYS INC.,103485,beagle@plasticsupply.net,706-798-7500,Carol Setino,103485
SENTECH CORPORATION,103489,,941-302-3958,Joe Wall,103489
AAR DEFENSE SYSTEMS,103491,derek.luiz@cablesandkits.com,704-588-9808,MIKE WHITLOW,103491
QUANTEGY INC,103500,,909-987-3570,"IsabellaZ,AR",103500
AMETEK ROTRON INC.,103503,,203-879-1445,CYDNEY WALLACE,103503
PROTEKAIR,103505,,201-385-0500,DEBBIE,103505
GLENN ELECTRIC HEATER CORP,103506,,724-778-3380,Will Freire x 219,103506
CMC ELECTRONICS INC.,103513,Rachel.Haschke@wabashnational.com,713-568-2211,TIM KUHNS,103513
"OCV CONTROL VALVES, LLC",103514,accounts.receivable@inps.net,360-863-9333,Mike Sczepanski/KristinaV,103514
UTICA VALLEY ELEC. SUPPLY,103517,,620-326-0143 AR,ALLYSON KUPAU,103517
INSTRUMENT TECH CORPORATION,103519,,440-205-0677,Mike Cahill,103519
"ADMARTEC, INC.",103522,support@sustainablesupply.com,419-258-2919,JILL HEWITT,103522
HYDRADYNE HYDRAULICS LLC,103527,support@domyownpestcontrol.com,631-683-3586,JACK,103527
AMERICAN HOFFMAN CORP,103530,"Lholden@polymercomponents.com, Rbrett@polymer...",775-783-3100,ARLEEN,103530
THE ROWLAND COMPANY,103534,sales@whitehousepl.com,833-200-7756,DAN LARSEN,103534
ZY-TECH GLOBAL INDUSTRIES,103536,support@ambientweather.com,574-586-7500,William Clogg,103536
AIPHONE CORPORATION,103538,,503-472-0045,Jim Gregory,103538
SCOTT MOTORS COMPANY,103541,,800-336-5236,CUSTOMER SERVICE,103541
ALOMA SHIM MFG,103543,syaus@bcipkg.com;slasicki@bcipkg.com,614-471-9700,KENNETH DRAKE,103543
AVIATRON INC.,103544,,920-233-3333,Todd,103544
GULFGATE ENGINEERING INC.,103548,,617-887-6367,NICK BULUSAN,103548
MAC AEROSPACE CORPORATION,103554,,607-746-9388,Greg Fishel,103554
DEARBORN WIRE AND CABLE/CDT,103559,,715-720-8093,JOHN B,103559
TOMLINSON INDUSTRIES,103560,,281-324-0083,Darla Allen,103560
MANUFACTURING TOOLS AND SUPPLY,103561,,800-272-1930,Eddy Lewis,103561
PREMIER COPPER&BRASS/ATLANTIC,103562,tbailey@tulsagastech.com,422-2231,Greg Cross,103562
POINT EIGHT POWER INC,103564,,918-388-0325,CHRIS MARCOS,103564
PARKER AEROSPACE-,103565,antoninom@saddlebrookcontrols.com,765-762-5501,ANA BRITO,103565
IMTECH MARINE USA INC,103569,dewan.watts@aef-performance.com,866-354-0063,SCOTT,103569
"WESTONE LABORATORIES, INC.",103571,,716-743-8546,DAVID FEDER,103571
GNY EQUIPMENT,103572,,800-231-7116,Pete Trifunovski,103572
ADVANCED TECH. IN LIGHTING,103573,,860-236-6311,SUSAN MAHER,103573
"ARVAN, INC.",103576,customerservice@sumner.com,661-257-0090,DEREK,103576
LABORATORY ACCESSORIES,103581,,248-585-8170,Trish Levere,103581
KASCO ABRASIVES,103582,,800-950-0111,Daryl Theetge,103582
"DOWELS, PINS & SHAFTS, INC.",103586,,708-597-8110,Joe Braga,103586
MERSEN CANADA DN LTEE LTD,103593,KNUTT@COX-INTERNET.COM,315-682-9515,Amy Brandt,103593
"M3 ASSOCIATES, INC",103595,,440-327-1060,SALES,103595
SANLO MFG.,103599,sales@rathbun.com,800-671-0033,FAX #315-488-9676,103599
PENN EL SERVICES CO.,103608,,636-685-1069,,103608
ACA CORPORATION,103610,,315-858-8809,B MULLER/JOHN TONZOLA,103610
"ATLANTIC RUBBER CO., INC.",103619,chris@honohansales.com,209-545-9409,Jared Prosser,103619
"COMPONENT ENTERPRISES CO.,INC.",103621,,714-546-0994,Customer supplied product,103621
"INLAND VACUUM INDUSTRIES, INC.",103623,,800-843-3467,ED TOCZYNSKI,103623
UNITED REFRIGERATION,103626,sales@discounttool.com,541-923-6005,SCOTT WELBORN,103626
HALE MARINE PARTS CO.,103628,,281-875-1655,"Valerie, AR",103628
LBM,103629,,360-686-8619,STACEY,103629
"IGS, INC.",103631,jeff@kihllc.com,813-278-8927,JULIA ZHIVOTOVA,103631
EMPIRE TRACTOR KAWASAKI,103634,DChojecki@wesand.com,315-457-1122,Sarah Christensen,103634
SUN DIAL & PANEL CORPORATION,103637,,904-399-0870,Bob Davis,103637
CLAMSHELL STRUCTURES D/B/A,103638,garyz@roofmaster.com,800-851-6818,Peter Goebel,103638
NORMAN LAMPS INC.,103642,nancyd@graylineinc.com;lindaw@graylineinc.com,757-825-1400,JOE MILLER,103642
"MCMAHON MARKETING, INC",103643,accounting@southteksystems.com,800-525-0522,**DO NOT USE**,103643
MACGREGOR USA,103645,xsis@xsis.com,800-426-8646,CHRIS POTTALA,103645
TECHNICAL ASSISTANCE,103646,,317-381-1894,DAVID KIM,103646
NELSON STUD WELDING,103651,p.morgan@glsupport.de,815-469-3911,,103651
B.S.E MARKETING,103653,,817-284-1742,DENNIS LEMASTER,103653
SATAIR HARDWARE,103657,USP@USPLASTIC.COM,412-681-7365,KERRY KOBERG,103657
"ALLIED MARINE SERVICES, INC.",103658,markallen@allenpartnersfab.com,201-460-9444,Jan Weinbrecht,103658
"GSA, INC.",103660,,860-621-9975,DENISE KINTOP,103660
DITCH WITCH OF WPA,103661,,800-345-1924,Brian Abshire x 202,103661
POWER & SIGNAL GROUP,103664,richard.canning@uk-spares.com,937-274-3443,Jeffrey Toolan,103664
HILLCO MFG CO.,103672,,800-882-3666,Marlo Clark,103672
RAYOVAC CORPORATION,103673,dobrien@soundseal.com,214-357-1795,DANA ALAN TROYER,103673
DYNAFLEX PRODUCTS,103675,,619-560-0123,Meg Langford,103675
AUTOMATION TECHNOLOGY,103678,,360-757-6265,,103678
COLD HEADING CO.,103683,,937-264-8200,"Jessica Janca,AR",103683
"G.S. PRECISION, INC.",103690,,593-1424  ,STEVE PAYNE,103690
MDC VACUUM PRODUCTS CORP.,103691,,800-663-6743,Bill Gleisle,103691
NAVTAR,103693,,503-925-1193,Paul Nerlich,103693
ITIN SCALE COMPANY,103694,pfd_order@support.parker.com,949-212-3973,Paul Koviz,103694
"LAMINATION SERVICE, INC.",103697,Stacy.Russell@ham-let.com,301-668-8200,RANDALL HICKS,103697
RUDELL CARBIDE TOOL,103703,,757-857-0099,Linda Schreck,103703
WAHLCO INC.,103704,,800-610-6500,Jim Donohue,103704
AMERICAN CASTING & MFG. CORP,103706,tim@maxvision.com,800-230-3964,VALSARAJAN NAMBIAR,103706
TITAN DATRON ADVANCED TECH.,103714,,610-375-0990,PAUL CARPENTER,103714
TOOL SALES AND SERVICE,103716,,719-540-9333,Karen Perfetto,103716
"FLEXALLOY, INC.",103718,,305-885-0798,Virginia Barren Roth,103718
MARLEY ENGINEERED PRODUCTS LLC,103719,https://businessonline.motorola.com,701-223-8287,DON BOONE,103719
YARDNEY TECHNICAL PRODUCTS INC,103724,,217-543-2121,John D. Hildebran,103724
ALORIS TOOL CO INC,103726,angela.hodges@odfjell.com,978-521-7095,ART/KALIN,103726
CROMPTON INSTRUMENTS INC,103727,,800-824-3118,STEVE FOUST,103727
FIRE RESEARCH CORPORATION,103728,polypaintco@gmail.com,323-232-2147,,103728
"SOUTHWEST WIRE ROPE, INC.",103731,,704-843-2299,Gilbert Jauregui,103731
AMERICAN DURABLE INC,103736,,585-993-7716,Mark A. Rydzy,103736
"FEDERAL INDUSTRIES, INC.",103740,,978-462-2400,ASHTON DEIST,103740
NOBLES MFG. INC.,103743,,574-277-2306,Bill Lang,103743
"SEI INDUSTRIES, INC.",103745,,713-685-4511,SALES,103745
"WAYCO SALES, INC.",103749,sales@husky.com ,952-469-4911,Wayne Myers,103749
ABRAMS AIRBORN MFG,103750,,352-732-2268,Sales,103750
PETROLEUM SERVICE CO.,103760,,800-448--3808,CUSTOMER SERVICE,103760
DK MANUFACTURING LLC,103766,dietmar.kajnath@west-bau.com,410-535-1188,Ed Wolos,103766
ACME PRODUCTS AND ENGINEERING,103771,sales@kirbyrisk.com,574-491-2975,KAREN BOTKIN,103771
IRON HORSE SAFETY SPECIALTIES,103774,,888-844-3393,Allen,103774
ANDERSON AIRMOTIVE CO.,103777,,210-946-8362,CYNTHIA MCNAMEE,103777
JAMAICA MINATURE BEARING ,103778,,916-677-8900,CHRIS MEHLING/DON PULFORD,103778
"GFS CHEMICAL, INC.",103779,ttrugillo@tamparubber.com,312-243-4133,JEFF BARRETT,103779
GENERAL MARINE PRODUCTS,103784,,570-497-7188,DAVID LOUISE,103784
JOHN SAKACH CO OF ST. LOUIS,103788,,847-990-7708,CARLY SHAW,103788
ECI DEFENSE GRP *USE #008056*,103789,rbenfield@carolinatape.com,315-245-2499,Jeffrey Clarke,103789
ELECTRICAL INSTRUMENT SERVICE,103790,,312-337-7700,LORI HOBBS      ,103790
FOLEY-BELSAW CO,103791,,800-292-4673,michael joseph,103791
INTOLERANCE CONTRACT MFG,103793,,620-672-5686,Robert Fix,103793
"GILES & RANSOME, INC.",103794,,626-404-2385,MIKE KLINE,103794
ALINABAL INC,103796,,281-484-1150,CHARLIE PATEK,103796
SOUTHERN AUTOMOTIVE ,103801,,800-645-9802,ELENA MANIAGO X121,103801
"INSPIRNETICS, INC",103802,bobby@bigtopshelters.com,612-623-6771,PAM KUEHL,103802
FOSTER REFRIGERATOR CORP,103803,accuaero@aol.com,330-633-6309,Kristin Burdick,103803
DACO INSTRUMENT CO.,103810,,716-652-6850,CARLOS ROBINSON,103810
E.F. BASSLER SALES,103817,,580-233-4757,SALES,103817
AUTOCRAFT MANUFACTURING CO INC,103820,,301-797-3730,ANSHUL GUPTA,103820
CALTHERM CORP,103822,,866-841-7896,Sue,103822
NEW BURCH CO.,103827,accounting@avicoredefense.com,800-779-3121,Sue Holland,103827
XACTEX CORP.,103834,,877-766-4459,LINDA,103834
B & B PRECISION COMPONENTS INC,103837,,800-214-5990,MIKE OCHOA,103837
MBSTORES.COM,103838,,631-225-6800,Bob Garvey,103838
PAC,103839,brittany.boyle@l-3com.com,641 472 2153,Chris Memminger,103839
ESSNER MFG,103846,,716-873-3660,Sales,103846
SAM WINER MOTORS,103848,KZARR@DEFINOX-USA.COM,315-697-8865,Barry Cohen,103848
FREEPORT MARINE SUPPLY,103849,sales@carltonbates.com,800-795-1984,Ken Ferleger,103849
AVON ENGINEERED FABRICATIONS,103851,roger@industrialproducts.com,215-639-6666,Pat White,103851
POWDER ALLOY CORP.,103852,,800-526-2673,Linda Dubrosky,103852
MORRIS COUPLING CO.,103856,pamela.pacheco@plansee.com,815-675-2366,BEN HALL ,103856
BATTERIES PLUS,103859,spxgov@servicesolutions.spx.com,978-658-5135,,103859
WESTERN WIRE PRODUCTS,103861,lpieroni@glenair.com,472-4481,Rick Paszko,103861
RF PECK CO. INC.,103872,DON.SEEWAGEN@DYNISCO.COM,740-441-6200,Connie Tibbets,103872
"ENERSYS ENERGY PRODUCTS, INC",103877,,437-1517,SEE NOTES,103877
DOUGLAS INDUSTRIAL,103879,sales@cpmlynxelectric.com,451-1100,Melissa Vaden,103879
R & R ELECTRONIC DEVELOPMENT,103881,,847-455-6609,"Misty Shelton, AR/Colls",103881
TECHSIL LIMITED,103887,,215 538 3708,,103887
HERC RENTALS INC.,103893,dortiz@rtilab.com,209-366-2163,SHELBI LESTER/MERISSA W,103893
"NUMAX, INC.",103901,,888-227-5847,JOHN WARREN,103901
NOTAR & SON SMALL ENGINE CO.,103904,,701-253-7423,Jim Himes,103904
BRUNE ABRASIVE SERVICE,103908,,856-427-9411,Buel,103908
ASKOVE KUNSTSTOF INDUSTRIE BV,103912,robert@protectcovers.com,262-754-8088,JON LEWIS,103912
REFRIGERATION RESEARCH INC,103923,,877-246-7700,Bud Cary ,103923
"MIL-CRAFT MANUFACTURING, INC.",103924,ONEIDAFY@VERIZON.NET,908-822-8735,Bill Wills,103924
ZATKOFF SEALS & PACKINGS,103930,,508-799-2746,CATHY BROWN,103930
"SWITCHING DEVICES, INC",103932,,451-5322,Kevin Larkin,103932
"ATLANTA LIGHT BULBS, INC.",103933,info@datacomsecurity.com,512-633-0052,Steve Schraeder,103933
"F.W. HALL CO., INC.",103935,www.ndia.org,858-530-8705,ANGELA GROSS,103935
"CME ARMA, INC.",103936,,804-271-0000,Nick Caputi,103936
INLAND SUPPLY,103937,,714-375-6583,G. Stolar,103937
TABET MFG CO. INC.,103940,,225-751-9996,,103940
FASNAP CORPORATION,103943,ladams@lockwoodint.com,732-446-9681,CHANCE CONNOR,103943
BERGAN IAN-CONRAD,103947,,732-462-4494,Kathi Johnson,103947
FENNER DRIVES,103954,info@jaymoulding.com,800-263-9275 ,Laurie,103954
CRENSHAW CORPORATION,103964,,888-285-4628,"Kathryn Cline, AR",103964
GOODRICH CORPORATION,103967,dboyle@aftecusa.com,636-949-6990,MARY ANN JOHNSON,103967
KIDDE AEROSPACE/FENWAL,103968,ALTAROB@DIGIS.NET,954-251-0199,DAVID GRAHAM,103968
ONLINE COMPONENTS,103972,dharris@jgbhose.com  password: JGB61125,315-699-6168,SUE MURPHY,103972
SCAN PACIFIC NORTHWEST LLC,103975,JEigenbrot@idexcorp.com,516-767-8320,MICHAEL SUMNER,103975
FALCON ABRASIVES MFG INC.,103987,,474-6007,Bob Wilms,103987
CAMMENGA AND ASSOCIATES INC.,103989,roheinc@consoidated.net,770-776-9962,JOANNE WILLIAMS,103989
"S-T INDUSTRIES, INC.",103993,KSlaughter@mi-techmetals.com,757-405-6370,Ron Weizman,103993
NATIONAL AQUATIC,103997,,866-378-7550,SALES DEPT,103997
INTERACTER.INC.,104001,,973-984-1900,JASON LOOSE,104001
SOUTHERN GEAR & MACHINE,104004,,800-441-8824,TOM DAVIS,104004
CRESCENT ELECTRIC SUPPLY CO,104005,,217-423-6001,JULIE QUINN,104005
WECKWORTH MANUFACTURING INC.,104006,fabricote@earthlink.net,800-919-2800,JOE EVEN,104006
SUNRISE TECHNOLOGY,104010,,717-426-1906,Greg Gong,104010
"AUGUSTA ENGINE PARTS, INC.",104013,ACCOUNTSPAYABLE@RESINTECH.COM,800 847 4176,M. JEFF HOZEMPA,104013
GEOTEX INC,104017,sales@geminicomputers.com,800-922-7297,CUSTOMER SERVICE,104017
HUMIDAIRE ,104019,swp4366@sherwin.com,419-531-4600,GWYN KLEIN,104019
H. WEISS MACHINERY & SUPPLY,104020,barbberman@mercedestextiles.com,714-540-5583,DIANNE HALL,104020
THERMO-COUPLE PRODUCTS CO,104022,,516-887-1426,Chris/Jan,104022
HUNTRON INC.,104025,,708-623-1414,BOB LeROY,104025
KIRK-HABICHT COMPANY,104028,,661-822-6873,Lupe Garcia,104028
JWK MACHINERY SALES,104029,SALES@SERVICEBRASS.COM,714-375-4888,Hedy Shaf,104029
CHEMSOL INC.,104031,dlaustin@rdsaluminum.com,472-6633 x3031,ROBERT LAFFERTY,104031
MRC BEARINGS,104032,bradg@bflopsc.com,504-468-3535,Jason Smallwood,104032
"WI2WI, INC.",104038,fdemott@hosemonster.com,011441452711322,Susan Rinehart,104038
AEROPRODUCTS INCORPORATED,104041,,,,104041
VANIER MFG INC.,104046,,714.693.0940,SALES,104046
SPECIALITY BALL VALVE ENG,104053,,517-676-2992,BYRON BLUE,104053
MACNAUGHT USA INC.,104054,,316-831-0488,BOB EVANS,104054
AAF FLANDERS,104059,info@58cycle.com,443-4135,MOHAMMED ARSHAD,104059
IPT-INTEGRATED PROCUREMENT,104062,AP@TATONGANDINDICATOR.COM,847-537-8888,Olivia Skirmont,104062
TEMPRITE COMPANY,104068,SALES@SAFETYKNIFE.US.COM,714-521-6500,PAUL WUEST,104068
AUDIO-VIDEO CORPORATION,104070,,310-463-3580,Sales,104070
"DAMAR WORLDWIDE 4, LLC",104072,info@ace13018.com,309-772-3163,CUSTOMER SERVICE,104072
LINMARR ASSOCIATES INC.,104080,info@adaptelec.com,847-750-9300,Tim,104080
"TRIONICS, INC",104085,,513-831-4284,STEVEN PROG,104085
PERFECTDATA CORP,104089,CHRISTINA@M3DEFENSECONSULTING.COM,518-248-5287,Barb Jordan    ,104089
CLEVELAND TRENCHER COMPANY,104095,info@torotelproducts.com ,404-491-1239,Mustufa Ismail,104095
"J&N AUTO ELECTRIC,INC.",104099,ChristineE@caplugs.com,330-762-7441,Katrina,104099
HOLMBURY INC.,104100,orders@cmworks.com;arinquiries@cmworks.com,800-325-0534X288,JON JERMAN JR,104100
BASIC CONCEPTS INC.,104108,,905-279-5370,Brenda Hansen,104108
HISCO INC.,104115,caparella@cleantec.us,714-994-6500x217,CRIS VASQUEZ,104115
K&A SALES AND MARKETING INC.,104118,Customerservice@oztec.com,785 764-7000,JOSEPH CUTUGNO,104118
QC LUBRICANTS,104122,sales@manning-electric.com,800-728-5168,MICHAELA JACKSON,104122
THE READY TOOL CO.,104123,,321-676-8354,Richard Saxby,104123
REULAND ELECTRIC COMPANY,104124,SALES@MAFORD.COM,315-453-3766,,104124
OLYMPIC CONTROLS CORP,104125,paul@lenzip.com,800-872-4246,DO NOT USE- SEE COMMENTS,104125
B.E. ATLAS COMPANY,104128,parts@seneca-river-trading.com,585.426.0887,Jim Hovey,104128
"STANDARD CALIBRATIONS, INC.",104131,jcarranza@greystonedatatech.com,635-9988,Jonathan Phillips,104131
VESTIL MANUFACTURING COMPANY,104134,Tina.Lopez@newport.com,1-800-270-8926,SALES DEPT.,104134
BRIGHTON CROMWELL LLC,104135,EMILY@REDHEADBRASS.COM,401-762-5500,Lynn,104135
DOWNING HELIPORT SYSTEMS,104136,,316-554-7000,Dave Sheehan,104136
SAFETY SYSTEMS CORP.,104138,bsmith@umtrucks.com,631-665-4474,BRUCE DAILEY,104138
"GARY T. SMITH & ASSOCIATES, IN",104140,,913-764-3600,Yaneisy Gutierrez        ,104140
EFC INTERNATIONAL,104144,DOUG.STUMPFL@INSIGHT-FUEL.COM,713-644-2063,Sales,104144
WIELAND ELECTRIC - US,104145,,800-452-5522,GOV'T SALES,104145
THE RESOURCE CENTER,104151,rcarrow@jwdanforth.com,732-248-5533,SALES,104151
US DEDICATION INC,104152,,817-831-0961,SANDY DOHERTY,104152
BEY ELECTRONICS CORPORATION,104155,,940-325-3301,DO NOT SEND RFQ'S!!!,104155
"CAPY MACHINE SHOP, INC.",104156,,804-333-3677,Sam Saffari,104156
CV INTERNATIONAL/CVB COMPANY,104158,SSPROWL@ASHLANDELECTRIC.COM,919-786-6775,Mike King ,104158
"CHASE SUPPLY, INC.",104160,ar@snaptitehose.com,788-2075        ,Rick Weber,104160
INDUSTRIAL INSTRUMENTS & SUPP,104161,sandy@super-lube.com,631-231-6983,customer service/sales,104161
"MASCO SWEEPERS, INC.",104170,,315-437-3423,SALES,104170
WHITNEY BLAKE CO. OF VERMONT ,104171,,888-511-2455,ERIC,104171
"ESTA PRODUCTS, INC.",104176,,800-955-6775,Jim Jufko,104176
"KOEHLER INSTRUMENT CO., INC",104179,tharon@merlinindustries.com,920-929-5595,JACK GANIS,104179
TUNGSTEN INDUSTRIES,104183,,855-625-4639,Pat Cullen,104183
STA-WARM ELECTRIC COMPANY,104189,,509-544-0720,Dan Bousquet,104189
OIL STATES INDUSTRIES,104193,jeven@yantequipment.com,9003-667-2514,BOB WOERTHMAN,104193
"PLYMOUTH RUBBER EUROPA, N.A.",104201,info@robertsonww.com,586-755-3110,Jim Frederickson,104201
"DESCO INDUSTRIES, INC.",104209,,734-426-4681,ANNETTE MARTINEZ,104209
WILLIAMS DOORS & HARDWARE,104213,,920-462-0290,SANDY BARRY,104213
COMMERCIAL RADIATOR CO.,104221,,814-726-9870,TED KENNY,104221
PRODUCTION TOOL SUPPLY,104229,,732-346-9200,SEAN,104229
SMITH FILTER CORPORATION,104239,,503 649 9500 ,SALES,104239
"L & L BOILER MAINT., INC.",104241,mooridianequip@taconic.net,0118657487056170,BRUCE MILLER,104241
INDIANA HEAT TRANSFER CORP.,104250,,801-483-1533,TED/DARLA,104250
"SPECIALTY TOOL, INC.",104253,***DO NOT USE*** DEBARRED ,978-318-0781,Ron Bonsick,104253
"ANTECH SALES, INC.",104260,amayfield@raybestospowertrain.com,877-783-8899,MIKE BEACHAM,104260
"LEATHERTONE, INC.",104261,,800-829-9580,Dana Heinsen,104261
"MINNPAR COMPONENTS, INC.",104267,bmclean@advantac.com,478-929-9303,WENDY PENLEY,104267
Duracote Corporation,104272,brianhodges@abrwholesalers.com,800-348-8868,John Weir,104272
C & D TECHNOLOGIES,104275,SALES@NORMANEQUIPMENT.COM,305-722-0110,Barbara White,104275
SPILLTECH ENVIRONMENTAL,104283,anne@wclco.com,487-8401,FRANCIS RAMIREZ,104283
POST'S INC.,104284,jzubrzycki@deltasprayers.com,954-410-8445,PAUL MOENS,104284
NOR-LAKE INCORPORATED,104288,,727-812-0589,SALES DEPT,104288
"MOHAWK INDUSTRIES, INC.",104289,,315-463-2000,Steve Barton,104289
"ALL WEATHER, INC.",104295,,01149228482071,Rocky Warnke,104295
FEDERAL RESOURCES SUPPLY CO.,104299,tom@mobiconsystems.com,805-529-2022,Shirley McDaniel,104299
A.C. MCGUNNIGLE CO INC,104301,sjones@southwestvault.com,780-907-8659,Sandy Newborn            ,104301
NORTHEAST PUMP & INSTRUMENT CO,104311,customerservice@siliconehose.com,508-549-4730,Carolyn Hibbs,104311
"OEM HARDWARE GROUP, INC.",104317,aflashinski@wausauchemical.com,913-367-3087,Gina Perkovich ,104317
MAGNATROL VALVE CORPORATION,104320,,303-749-2808,BEN BLANK,104320
MCMILLAN FIBERGLASS STOCKS,104321,sales.syracuse@lachutelectricalsales.com,321-383-9585,ALISHA CAMPBELL,104321
"DIVERSIFIED ELECTRONICS, INC.",104327,,708-534-3400,SHELLEY KNUTSON,104327
LIQUID LEVEL,104339,,866-365-1905 ,KRISTEN SYRE,104339
"SCAN-PAC MFG., INC.",104341,accountspayable-nc@ontic.com,315 475 4221,MIKE HARRIS,104341
METRIC PRECISION MACHINE & ENG,104343,,413-592-7761,BILL CROWELL,104343
PRIME AIR PRODUCTS,104347,,488-5276,Nat Wolfin,104347
"WAJAX INDUSTRIES, LTD.",104353,sales@alkoncorp.com,888-533-6335,ROD,104353
ZF COMMERCIAL SUSPENSION,104359,jeanmarc@stephens-equipment.com,800-325-3047,Mike,104359
SUNSOURCE,104366,aaf_northeast@aafintl.com,315-677-3828,Eric Williams,104366
KMW-LONG RANGE SOLUTIONS,104367,ekarstensarsyracuse@gmail.com,800-843-9222,PRELUDE SYSTEMS,104367
ASKCO ELECTRIC SUPPLY INC.,104369,,281-404-3420,Kim Voinche (for RFQs),104369
LARRY HESS & ASSOCIATES,104372,,586-773-4300,Aaron Reed,104372
"DIRAK, INC.",104373,,973-344-0100,SCOTT WILLIAMSON,104373
IPECO INC,104381,davebparts@aol.com,503-617-6066,JEREMY,104381
"STUART MANUFACTURING, INC.",104387,,321-952-1303,Barb,104387
BATTERYWEB.COM,104391,info@houmfg.com,843-554-6909,"Victor Reyes/DonWebb,Pres",104391
ELDRE CORPORATION,104402,,281-452-9803,Sandy Reynolds,104402
"PRECISION TRANSMISSION, INC.",104406,chase@hcppumpsofamerica.com,449-2446,Mark Birchmeier,104406
OIL STATES SKAGIT SMATCO,104410,NICHOLAS.kOSTAS@SAINT-GOBAIN.COM,800-241-0323,SARAH MARSHALL,104410
ENGINE CENTER,104413,,509-467-9133,Mike Baty,104413
"MAC TOOLS, INC.",104415,,317-894-4921,SALES,104415
POST PARTS CO.,104416,,520-469-1000,Dawn Horn,104416
"NOOK INDUSTRIES, INC.",104424,nlosito@tristatetech.com,410-750-7906,Customer Svce. #3,104424
"TOOL SERV, INC",104426,,800-345-4726,John Foots,104426
"THE KINDT-COLLINS CO., LLC",104428,,800-241-7530,Jeff Boberg,104428
ANDERSON MACHINE MFG.,104431,,570-668-0320,Jordan Brown,104431
XENOTRONIX,104440,,315-454-4431,SANDY HAMILTON,104440
APPLIED FIBER,104444,,209-236-1111,Russell,104444
KEARFLEX ENGINEERING CO,104445,,800-521-5351,Sales,104445
"BRASHEAR,",104453,,317-715-5372    ,SCOT CRUM,104453
"SEW EURODRIVE, INC.",104457,sales@sciencelab.com,011441344485390,"DEBBIE,CHRIS",104457
"TEMPCO ENGINEERING, INC.",104461,,918-272-8700,Doug Hutchinson,104461
PRECISION FILTRATION PRODUCTS,104462,samanthal@aeroforcelogistics.com,262-632-0472,KELSEA COHEA,104462
"EMERSON OIL CO., INC.",104465,ulven@ulvencompanies.com,724 325-3900,Daniel Waksman,104465
CLAPP DICO,104471,,517-486-2121,"Audrey Hageman/Angela,AR",104471
MILLS TALBOT CO.,104472,kerry@dicausa.com,972-234-3226,Pate Banmiller,104472
BAE SYSTEMS,104474,BBPTRUCKINGLLC@GMAIL.COM,437-6654,FLOYD ORSILLO,104474
MOTORS & ARMATURES,104475,john.chayka@afconproducts.com,716-876-2235,,104475
POLTEC,105387,,,,105387
BRP US INC.,104480,swhite@nagmarine.com,455-5721,Brian Czerlinsky,104480
"BAKER LYMAN AND CO., INC.",104483,cindy@cmrva.org,716-934-2644,DEBBIE LAWSON,104483
"CHICAGO POWER SYSTEMS, INC.",104484,,0116436147900,Mary,104484
"PRESSED STEEL TANK CO., INC.",104487,,585-254-6100,SHAWN BELLAMINE,104487
AERO COMPONENTS INC.,104489,,800-876-1495,Sales,104489
MURRAY-BENJAMIN ELECTRIC,104494,sales@onlinemetals.com,803-599-0855,LEDO AGUERO,104494
BRETFORD MANUFACTURING,104495,,714-525-9800-104,CUSTOMER SERVICE,104495
CREATIVE IMPRESSIONS ,104497,,508-995-7000,Linda Cody,104497
BOWHEAD ENVIRONMENTAL & SAFETY,104498,,919 212-3796,BENNY DUCK,104498
ALLIANCE LAUNDRY SYSTEMS LLC,104513,shawn@bigbrandwater.com,310-328-5402,Chris Atkins,104513
SENEX CORPORATION,104517,,561-691-5959,Sarah Sykes x 302,104517
ACUMENTRICS CORP.,104519,,800-626-0322,GAVIN BENJAMIN,104519
UNIVAR,104521,,011441202409409,Henry Cowan  ,104521
TYDENBROOKS SECURITY PRODUCTS,104525,stephen.dickey@mrcglobal.com,480-592-5000,Nick Wilson,104525
IMTRA CORP.,104528,DEVYN@QCMF.COM,631 472 4600    ,Ross Barnett,104528
"GLOBAL AUTOMOTIVE SYSTEMS, INC",104531,,586-336-5848,ALLAN FIGLIOLINO,104531
"ANCHOR INDUSTRIES, INC.",104532,nqs12@aol.com,800-622-1147,Kevin Carpenter,104532
SAINT-GOBAIN CERAMICS CO.,104533,parts@insingermachine.com,401-724-8800,Branka Davis,104533
"SABB AMERICA EAST, INC.",104534,,*BOUGHT OUT BY,David Terreault x225,104534
"STANDARD VALVE & FILTER, INC.",104539,,330-296-9600,JONATHAN ABERNATHY,104539
VALMONT SITE PRO 1,104554,office@rhp-edge.com,800-654-4993,BARBARA WILLIAMS,104554
VISHAY TRANSDUCERS LTD,104556,hrichardson@ordtech.com,800-722-2298,DANIELLE TRYJADA,104556
MILLER & WEBER INC.,104557,,1-866-460-7377,JOHNATHAN HOWARD,104557
L C INDUSTRIES INC,104567,blneorders@brenntag.com,770-425-4131,Mike Burns,104567
"MCGEAN-ROHCO, INC.",104569,sales@flagshipmarine.com,800 444-7157,DAVID MCCOY,104569
"CHEM-TECH INTL., INC.",104571,,905-565-9488,JOHN,104571
EASTERN AERO SUPPLY INC.,104574,ellis@askove.com,800-228-2781-,TERESA,104574
MINDA,104575,,478-781-4335,TIM PELFREY,104575
"NATIONAL TOOL CO., INC.",104579,,847-289-3700,Donna Merrell,104579
"HYVAC PRODUCTS, INC",104580,craig@tspndt.com,603-882-4467,DAN THOMPSON,104580
NAPA SYRACUSE,104582,,908-245-4133,Pete Brunner,104582
ADVANCED TECHNOLOGY CORP.,104589,,860-728-3355,LORI WOODS,104589
LOAD KING,104590,,805-499-3642,CUSTOMER SERVICE,104590
WILLIAM H. CLARK,104592,,800-872-8830,DON SCHNAPP ,104592
TELEX COMMUNICATIONS INC,104596,,540-261-1045,Thomas Fresco,104596
"SENCO PRODUCTS, INC.",104600,anna@dieandtool.com,800-562-3355,Victor Tschirky,104600
"LEICA GEOSYSTEMS, INC.",104601,,336-664-6568,JEFF ANDRASIK/RHONDA=x215,104601
"NU ART GRAPHICS, INC.",104602,,604-514-8896,CHRISTIE WEATHERMAN,104602
INTERGRATED CUSTOM COMPONENTS,104608,accounting@aifpllc.com,727-536-7831,SALES,104608
THERMO ELECTRON NORTH AMERICA,104616,,800-547-9518,Dave Howard,104616
VAL ROLLERS INC.,104617,,888-705-8277,Dan Steinbeck x 3004,104617
SHANE INDUSTRIES,104618,carol@wbcindustries.com,877-394-9731,JAMES DUFRESNE,104618
RAE CORP.,104620,,800-237-2051,LIZ ROBERTS,104620
EXTRUSION TECHNOLOGY ,104623,nassales@nasonptc.com,641-394-3188,Kent S. Paulson,104623
THE FAME TOOL & MFG. COMPANY,104634,,800-421-8181,JeffRivers/ShaneFundumCFO,104634
BELCAR PRODUCTS,104636,rick@dejulios.com,315-926-5515,"Cindy Johnson, Acctg",104636
VECTOR ENGINEERING,104642,,800-453-7526,Mark Speranza,104642
"FPPF CHEMICAL CO., INC.",104643,,210-599-6541,Dennis Psota,104643
FILTERSOFT,104647,hchisholm@nautel.com,330-334-2524,CANDACE FISCHER,104647
GEAR TECHNOLOGY,104648,ABROMLEY@MARVELREFRIGERATION.COM,810-471-4440,TONY,104648
CAMP CO. OF ST. PETERSBURG,104661,,800-733-8380,Diana Oldham,104661
EMKA INC.,104668,jeff@atlanticstainless.com,407-293-7971,"Jennifer Terrill, Admin",104668
BEAD INDUSTRIES INC.,104672,,704-583-3130,Doug DeBellis,104672
C P PRODUCTS,104679,,888-255-1992,Christina Muhm,104679
FLEXBAR MACHINE CORP,104682,,315-422-6572,NANCY GULICS,104682
"FLEXIBLE CIRCUITS, INC.",104688,,888-355-9111,Ann Jones,104688
MEYER HYDRAULICS CORP,104690,mike@tennsmith.com,800-963-9436,DEBBIE WIBLE,104690
UNIVERSAL TECHNICAL SERVICES,104694,sales@incinolet.com,818-998-0733x107,SALES,104694
SAF-T-FLO INDUSTRIES CORP,104695,,404-576-8130,SALES,104695
FLOMATIC CORP,104696,kerri@loadmastertrailer.com,626-960-6762,SALES,104696
RIDGEWAY MFG CORP,104705,service@acdelcodirect.com,954-888-1024,ROSEANNE,104705
APPLIED TECHNICAL SYSTEMS,104709,,585-343-5522,Bernice Geiger,104709
"AGM ELECTRONICS, INC.",104715,,973-361-1818,PARTS,104715
NUSIL SILICONE TECHNOLOGY,104722,sales@durantcorp.com,704-423-9911,"SHANNON BISCHOFF,CustServ",104722
GRAYWACKE ENGINEERING,104723,tmdmach@gmail.com,315-894-3659,sales@esitransducer.com,104723
"FABREX UNLIMITED, INC.",104724,DEVON.HANNA@FLEXIBLETECHNOLOGIES.COM,314 781-8200,DAN TROPEA SR,104724
DL THURROTT AIR PRODUCTS,104728,MMARAFINO@LAIRDPLASTICS.COM,816-966-9400,LOUIE PERRY,104728
HONEYWELL ANALYTICS,104729,accounting@novatech-usa.com,866-787-6234,BEN SILLIMAN,104729
E.V.O. INTERNATIONAL GROUP INC,104731,carlosasaldivar@yahoo.com,888-397-5353,Cheryl Rivers,104731
"ARCOS INDUSTRIES, LLC",104732,sales@mettlerair.com,815-648-2416,Barb,104732
"PANTHEON CHEMICAL, INC.",104735,,877-723-4267,BARB POWELL X7301,104735
"ROSEDALE PRODUCTS, INC.",104747,,315-789-4505,Cheryl Norton,104747
NORTHERN TOOL & EQUIPMENT,104749,bqcustserv@bioquip.com,805-783-0430,Jenifer Castevens,104749
BELL-MEMPHIS INC.,104753,panam@panamenv.com,713-466-6673,Michael Goodness,104753
"TREND TOOL, INC.",104760,ryan@vexiparts.com,281-274-8464,Carolyn Franklin,104760
CONTROL EQUIPMENT,104767,,408-292-2023,Rhonda Camp,104767
GROVER PRODUCTS CO,104772,,877-715-8177,Jason Enright,104772
HAGEMEYER NORTH AMERICAN,104779,,800-631-8083,Sales,104779
WIREMASTERS,104795,,920-886-3944,DEE,104795
BAKER MFG. COMPANY,104799,wvivar@lgvcoupling.com,315-858-2611,Dave Fitch,104799
BOND MACHINE & FABRICATION,104804,,419-625-8543x313,RICK,104804
ACHILLES AEROSPACE PRODUCTS,104805,info@evanscoatings.com,513-271-7700,SALES,104805
PALL CORPORATION,104806,lsmith20@administration-services.com,602-864-0090,,104806
"Power-Flo Technologies, Inc.",104808,jennie@clamshell.com,617-282-1444,CHIP URBAN,104808
CABLE ASSY & DESIGN,104810,ar.zstoreus@zohocorp.com,715-243-2326,SALES DEPT,104810
INDEX CHEMICAL,104811,,732-560-1240,Paul Bennett,104811
RMX COMPANY,104812,,949-631-5444,Victor Andazola,104812
CORTRON,104816,tim@bulbtown.com,631-757-8866,Samantha Gorney,104816
EAGLE MACHINERY & REPAIR CO IN,104817,LDAHL@ACCUMULATORS.COM,310-784-2600,DANIEL MUELLER,104817
AMERIGRAPH CORPORATION,104818,john@itronusa.com,800-237-9857,SALES,104818
TRIVEC-AVANT CORPORATION,104820,claudia@cmpitt.com,631-582-9200,JASON,104820
"ASTROLAB, INC.",104821,jenny@appliedheat.com,770-424-9350,MICHAEL KNIGHT,104821
SID HARVEY INDUSTRIES,104822,KLAWSON@NCST.COM;jheeter@ncst.com,844-663-4411,Tia Trine,104822
LAU HOLDINGS LLC,104823,directorofrevenue@wyo.gov,504-464-4561,TRES TUTTLE,104823
Saywell International Inc.,104834,sales@conservationmart.com,413-525-5555,Joe McCarthy,104834
OWENS & SCHULER INC.,104839,maureen.vano@zerocases.com,814-476-5806,CUSTOMER SERVICE,104839
"ACME AMERICAN REPAIRS, INC.",104841,MEHMAN@THERMASYS.COM,412-521-7688,Danielle Reeves,104841
MC LEAN MIDWEST CORPORATION,104843,,585-421-4400,DAVID / SALES,104843
EDO M. TECH,104847,,909-444-1153,Kim Castaline,104847
D G O'BRIEN,104852,,404-355-1205,JIM DiANDRETH,104852
TERRY HINGE AND HARDWARE CO,104858,,517-750-3600,G Caffarello,104858
CORTLAND PUMP & EQUIPMENT,104859,,877-527-6278,Jim Hogancamp,104859
"VERDE ENVIRONMENTAL, INC.",104862,,626-799-9171,Mark Gusakov,104862
BURT PROCESS EQUIPMENT,104871,craig.reed@paclp.com,201-227-1414,JOSH LIEGEL,104871
KENWORTH TRUCK OF UPSTATE NY,104874,,973-616-5746,Kyle,104874
COMPRESSED AIR & FLUIDS,104876,,330-677-3731,Tom Polino,104876
MOSER JEWEL CO,104883,,800-288-2020,SALES,104883
TOLCO CORPORATION,104885,orders@graymills.com,225.778.3304,WALTER MULVEY wmulvey@eas,104885
HANNON HYDRAULICS INC,104887,,800-283-6111,CUSTOMER SERVICE,104887
BAY BREAKERS,104890,,269-489-5044,CUSTOMER SERVICE,104890
"BRIERTON ENGINEERING, INC.",104893,,626-334-7831,Paul Parmar,104893
PROFESSIONAL DIVING RESOURCES,104895,davidmmagin@eaton.com,800-257-9402,BARB COOPER ,104895
ELLSWORTH ADHESIVES,104897,Customer_Service@MidlandHardware.com,800-331-4639,MIKE SCOGGINS,104897
TRI PALM INTERNATIONAL,104901,,215-563-3363,CUSTOMER CARE,104901
TP PUMP & PIPE CO.,104905,chall@fwhall.com,440-826-1800,Purchasing Dept.,104905
"REINEN MACHINE SALES, INC.",104908,,803-755-2550,Tammy Taggart,104908
"FREDERICK COWAN & COMPANY, INC",104913,,203-366-5211,SALES,104913
"ROTO MFG CO., INC.",104915,georgeporter@portermfg.com,207-625-3256,Alexandra Seguin,104915
TRIAD TECHNOLOGIES,104916,KCORDERDESK@KANAFLEX-USA.COM,716-649-3600,BRADLEY DRAKE,104916
"PALM LABS ADHESIVES,LLC",104919,orderinfo@electricmotorwholesale.com,(803) 794-7300,SALES,104919
CREATIVE BLDG. PRODUCTS,104920,ttaggart@marshbellofram.com,704-664-4222,SALES,104920
HOLDEN INDUSTRIES,104922,,432-263-8497,Al Aranowitz,104922
"HOLT INTERNATIONAL, LLC",104925,,781-312-1312,STEVE,104925
WALLINGTON PLUMBING & HEATING,104926,Sales@hydrasource.com,516-326-1350,DAVID FINE,104926
SANDVIK WIRE & HEATING ,104929,smackowiak@chicagotube.com,630.226.1043,SALES,104929
CUMMINS GENERATOR TECH,104930,metmet663@aol.com,480-248-8430 ,JACK ANDERSON,104930
SUTTON MFG.,104932,,011441245493493,SALES,104932
VALLEY PRECISION PLASTICS CORP,104935,,504-620-9800,BECKI HUXLEY,104935
MERCURY MACHINE & MFG. CO.,104940,,866 953-2189,Joyce Frink,104940
BRENNER METAL PRODUCTS CORP.,104941,,631-351-8515,CARSEN DRYDEN,104941
"WAVETRONIX, INC",104942,tim.gray@electrorack.com,800-472-0072,CHUCK BAKER,104942
"PREMIER AIR CENTER, INC.",104947,central@twcny.rr.com,910-763-2500,DJ Ultan,104947
"AVIONIC INSTRUMENTS, INC.",104949,,216-252-7600,Randy Konnick,104949
AMERICAN FITTINGS CORPORATION,104952,customerservice@msservice.net,903-794-2296,TONI NEWELL,104952
AUTOSPIN OIL SEALS LTD,104953,bziegler@ivesmail.com   (Brad Ziegler),800-526-4330,Alan Garst,104953
SNAPVENT CO,104957,DTHEETGE@UR.COM,281-464-3140,Mike Palmer,104957
MIBA HYDRAMECHANICA CORP.,104958,MIKEC@DETROITFLEXDEFENSE.COM,847-598-0186,Stephanie Perez,104958
PRECISION MOLD & TOOL,104959,Sales@SRMIndustries.us,437-0053,Ron Natale Jr.,104959
AVISTA TECHNOLOGIES,104968,DDuffield@wyandotte.com,01144152764931 ,MICHAEL CHARZUK,104968
TRELLEBORG SEALING SOLUTIONS,104974,sales@mammothworkwear.com,800-772-0355,Jammie Arens,104974
LEKTRO-TECH INC.,104977,joseph@condorequipment.co.nz,614-237-8025,DONALD MERRIMAN,104977
AKRATURN MFG INC,104980,bwagner@senco.com,217-529-6601,MOHAMED MATEEN,104980
MANTECH INTERNATIONAL CORP,104981,DLW@ICSCOMPANY.NET,321-633-1552,Debby,104981
GRAND CRAFT CORP,104989,,727-376-8898,Marissa Gioglio,104989
SCHMITT MARINE STEERING WHEELS,104994,MARIA.FREDERICO@OHAUS.COM,603-890-1304    ,JIM VAN PELT,104994
RICHARDS INDUSTRIALS    ,104997,brianr@amh-eq.com,437-8343,KURT DREWELOW,104997
TOTAL INDUSTRIAL & PACKAGING C,105006,,856-423-4345,Customer Service,105006
CAMSS SHELTERS/CIFR INC,105010,**USE V# 108046**,877-273-8963,MARVIN STEINLAUF,105010
"BUTLER FENCE CO.,INC.",105011,,507-825-2069,ELIZABETH CONTRERAS,105011
AEROSPACE SYSTEMS & COMPONENTS,105012,,314-533-1500,DO NOT USE!!!!!!!,105012
ABLE CRAFT FABRICATIONS INC.,105015,,908-351-5400,SUE MATTIE,105015
APPLIED MEASUREMENT & CONTROL,105024,crm2908@bn.com,864-968-0858,"ALEXYS OSORIO/Jennifer,AR",105024
THE GRIEVE CORPORATION,105028,brianh@ets2.com;actg@ets2.com,422-9165,JUSTIN JOHL,105028
HYDRO-TEST PRODUCTS INC.,105029,jvogel@premierair.com,973-478-1166,Richard,105029
PIONEER RIM & WHEEL CO.,105036,tgross@brownwoodinc.com,503-645-6217,Carl Pearcy,105036
SUPERIOR FLUX & MFG. CO.,105038,contactus@ddinstruments.com,281-338-2688,peter shidler,105038
ABB TURBOCHARGER CO.,105041,,847-259-0740,JOHN BECK,105041
GENERAL INSULATION COMPANY,105053,swilson@tacomascrew.com,941-753-7557,KEN MURPHY,105053
KALAMAZOO INDUSTRIES INC.,105056,customerservice@cpesupply.com,215-343-5665,"Stephanie Yaus, StaffAcct",105056
"CONTINENTAL MACHINE,INC.",105062,,410-358-3130,BOBBIE ECKEL,105062
GARRETT ELECTRONICS,105068,frg@expressinsulation.com,212-695-0500,Angie McClure,105068
BALMAR PRODUCTS,105070,accrec@us.fdsaero.com,471-0105        ,Curt Welk,105070
HENRY W O'NEILL & ASSOCIATES,105074,CRIS.WARNETT@UPSTATEVALVEANDCONTROL.COM,510-787-3419,WANDA SUDRALA,105074
SY-KLONE INTERNATIONAL,105079,jschulingkamp@beierradio.com,203-748-7001,John Duignan,105079
BERG GENERAL SUPPLY INC.,105085,dave@mutualscrew.com,936-348-7555,CUSTOMER SERVICE,105085
BERG MANUFACTURING,105086,carl@rsjkinc.com,570-663-2805,Wes,105086
RALMARK CO.,105097,AP@NTERENTS.COM,457-1122,Chuck Cohenour,105097
INDEPENDENT SEALING COMPANY,105100,,414-937-4432,BOB LYONS,105100
PRECISION TECH LIMITED,105101,,386-453-7346,SALES,105101
TRISEP CORPORATION,105109,,908-233-7038,THOMAS SCHWEIHS,105109
WESTERN FIBRE PRODUCTS,105119,service@tuffstuff.net,972-529-5449,KEITH WOODSINGER,105119
"TECMOTIV (USA), INC.",105121,,0114993758400,Sales,105121
HANNA CYLINDERS,105128,randy.sowers@altousa.com,515-961-7407,"Stacy, AR",105128
GNP SOLUTIONS INC,105129,sjordan@usa-sign.com,276-236-3711,SALES,105129
RAE BEARING SERVICE,105130,,516-293-2710,TONI BARKER,105130
"LAGUNA INDUSTRIES, INC.",105131,,724-327-5700,Bob Murawski,105131
"METHODE ELECTRONICS, INC.",105146,,414-449-2000,Sales,105146
MIBA BEARINGS US LLC,105147,accountmanagement@bronaerotech.com,714-991-1680,Bill Mowen,105147
AMETEK ROTRON,105148,info@themanstoreonline.com,800-825-6616,LYN LINVILLE,105148
GP COMPANIES,105150,sales@atlee.com,619-623-6454,Dawn / Dan Hamel,105150
FLEXITALLIC US LLC,105157,TMendenhall@Norriseal.com,800-331-3207,KATHY,105157
MYRON L. COMPANY,105158,kberry@spacemetals.com,253-565-2301,SALES,105158
"S&W SERVICES, INC.",105159,gwalden@amphenol-abs.com,315-433-5500,jEFFREY DEROBERTS,105159
"STEPP MANUFACTURING CO., INC.",105161,edietel@cumingmicrowave.com,215-646-7400,Sam Glaviano,105161
ADVANCED CHEMISTRY & TECHNOLOG,105173,,336-294-1919,"CrystalDay,AR/CHRIS SZUCS",105173
"LENOX INSTRUMENT CO., INC.",105174,sales@watermeters.com,855-888-2739,SALES,105174
MARTIN WALTER COMPANY,105175,Rachel@pacifictest.com,210-522-0802,SALES,105175
SEA CURE TECHNOLOGY,105176,,314-997-5900,Jim Seeley,105176
"HUGHES SUPPLIED AIR, INC.",105177,,315-635-2891,SALES,105177
"BUFFALO MACHINES, INC.",105182,insidesales@leonhardtpipe.com,914-273-8550,Ed ,105182
MICROWAVE SPECIALTY COMPANY,105193,,471-5271,,105193
INDUSTRIAL MACHINE MFR. CO,105200,,619-921-1043,Valerie,105200
"J E MILLER, INC.",105212,,800-526-2324,Gil Duke,105212
SHACKELFORD MACHINING INC.,105215,mconti@elecmat.com,845-278-6118,Steve Scott,105215
CLEMENTS NATIONAL CO.,105220,,630-629-9440,Michelle Cotter,105220
MACRO TECHNOLOGY,105228,,704-845-1350,"Casey Kline(male), AR",105228
BAKER BEARING CO.,105235,,604-572-3935,LARRY KANAREK,105235
"SOHRE TURBOMACHINERY, INC.",105236,gidget@csgparts.com;nicole@csgparts.com,937-476-6500,ANNETTE BRADLEY,105236
MOUSER ELECTRONICS,105237,artl@pmcreps.com,800-351-8161,"Anita Conant, AR",105237
"C E MACHINE CO., INC.",105245,,336-998-3232,DANIEL STARKWEATHER,105245
BRENNEMAN & ASSOCIATES INC.,105248,,704-588-3001,BEVERLY HANNA,105248
LYNX WIRE & CABLE CORP.,105250,AR@LOGISTICSONE.COM,856-228-3464,SALES,105250
GLOBE AEROSPACE,105267,,,,105267
BELL POWER SYSTEMS LLC,105286,customerservice@mtadistributors.com,800-923-6255,Dave,105286
"CHALMERS & KUBECK, INC.",105293,catherineyoung@kjelectric.com,814-445-9671,"Susan Alexander, AR",105293
"ROPE, INC.",105298,pwoitena@kaydon.com,316-265-2970,MARK MERCER,105298
NIBCO,105299,GLOBAFLEX@GLOBAFLEX.COM (Andrew's email),949-809-8262,AL / SALES,105299
PAC ATLANTIC LLC,105314,,216-881-2050,ADRAINNE,105314
GENIE INDUSTRIES,105316,michael.judge@torinjacks.com,276-783-9620,Sonny Wulse,105316
"MAC MOTORS, INC.",105322,info@neoperl.com,215-785-6282,,105322
IMPERIAL SUPPLIES LLC,105325,kbeam@steamjenny.com,678-564-7700,Flora Cid,105325
VERICOR POWER SYSTEMS,105330,dtangherlini@sensata.com  Denise: 508-236-1862,610-376-7451,SALES,105330
KATONA CABLING SYSTEMS,105332,,603-934-4655,Bruce Lande,105332
ARRELL AIRCRAFT SALES INC.,105337,ccooper@kimbersinc.com,714-898-9955,Tom Phan,105337
WOOD'S CRW CORP,105343,maria.parr@mersen.com,860-296-6147,THOMAS NELSON,105343
STONE GOT'CHA LAB INC.,105349,BULLDOGSALES@BULLDOGHOSE.COM,716-343-2860,SYLVIA ASH,105349
"BOCK DRUM COMPANY, INC.",105350,accounting@alarmquest.com,276-228-7943,Susan Santana,105350
CUBBISON PRODUCT ID,105357,jared.carris@eberliron.com,513-321-2950,Elisabeth M. Kochenower,105357
IAC ACOUSTICS DIV SOUND SEAL,105360,sales@customglass.com,453-1000,Dave,105360
AMERICAN BEAUTY TOOLS,105365,bnutting@valin.com,803-324-1110,Nevair Bahudian ,105365
NORTHEAST ENGINEERING INC.,105367,jack@fiskelectricinc.com,800-221-2305,SALES DEPT.,105367
CORROSION PRODUCTS & EQUIPMENT,105372,CANDACE.CHAMBERS@PLASTIFLEX.COM,816-926-5089,Cheryl Colby,105372
TEMP-PRESS INC,105374,cardkonn@aol.com,631-225-2322,SALES,105374
AMPHENOL NELSON DUNN,105379,,713-672-0991,GARY PORZIO,105379
PILGRIM SCREW CORPORATION,105384,**SEE NOTES,(262)284-6384,John Guiliano,105384
CLEVELAND IGNITION CO.,105390,mikeh@proairllc.com,315-471-1002,SALES,105390
HUTCHINSON SEAL,105400,,,,105400
"AMERICAN IMC, INC.",105401,CBARRATT@HE-EQUIPMENT.COM,585-436-9624,Rich Jones,105401
WM POWELL CO.,105405,dave@industrialvacuum.com,315-656-7551,CUSTOMER SERVICE,105405
EIDOS CORPORATION,105413,KDarling@gallaghercorp.com,908-248-1400,JOHN JOHNSON,105413
PERKINS POWER NORTHEAST,105420,awilcox@srcinc.com;mmsmith@srcinc.com,585-298-9819,Duffy,105420
"GREENLEE FILTER, LLC",105426,,,SALES,105426
OKEEFE CONTROLS CO.,105435,,203-949-3500,Arlene Uptegraph,105435
PERKINS MACHINE CO.,105437,info@simpletire.com,414-353-4200,WILL WARENICZ,105437
HARBOR FREIGHT TOOLS,105438,breeze@breezeclamps.com,209 941 0100,,105438
UNIVERSAL ACOUSTIC & ,105444,vicki.thompson@morserubber.com,414-906-6791,SALES,105444
TEMPACO,105445,,315-592-2288,Mr. Onik,105445
"SENIOR OPERATIONS, INC.",105447,**MUST USE DIST**,800-837-9641,RAY VANCE,105447
"ACCURATE TOOL COMPANY, INC.",105448,,626-513-4777,CANDY REINIGER,105448
"ROBERT TECHNOLOGIES, INC",105451,crl@crlaurence.com,800-369-5212,Richard Pender x 233,105451
DIECRON INC.,105453,debbiem@blainewindow.com,813-290-7721,Wanda Wilkins,105453
MESTEK/KOLDWAVE TEXAS,105454,accountsreceivable@dickblick.com,407-582-6644,JOSHUA McCULLOUGH,105454
"HARBORMASTER MARINE, INC.",105462,johnmatt.welker@actionsupplyinc.com,781-302-1241,"Jerry Wiebe, AR Mgr.  (?)",105462
BOSE CORPORATION,105463,terra@rochestermfg.com;scott@rochestermfg.com,704-864-6711,Jenny,105463
JBJ TECHNIQUES LIMITED,105467,superstore@motorcycle-superstore.com,800-841-4433,SALES,105467
SIPPICAN,105469,,315-699-3242,,105469
SILVAN INDUSTRIES,105471,ar.us@networkinv.com,734-354-1476,ROBERT O'SHEA,105471
GENERAL THERMO DYNAMICS,105474,MARCIE@HARCOINDUSTRIES.COM,417-778-7205,Gary McCloud,105474
EQUIPMENT USA,105475,,518-370-4793,Brad Brainard,105475
EOTECH INC.,105476,,780-469-3675,,105476
WHITESIDE MANUFACTURER,105488,***SEE NOTES***,256-319-7865,SALES,105488
STOFFEL SEALS CORP,105489,ksdaughterty@ruggedsystems.com,304-842-1970,JACQUEL MALONE,105489
VANSEAL,105491,trey.allen@whaleyfoodservice.com,331-9100,MANUEL AGUILAR,105491
"TRIM-LOK, INC.",105494,orders@focusfoodservice.com,797-4449,Marco D'Alessio,105494
EMD MILLIPORE CORPORATION,105497,PSEAMANDS@GLOBAL-LLC.COM,980-228-6967,Greg,105497
MET-PRO CORP/KEYSTONE FILTER ,105504,ken.mattson@dambraequipment.com,592-4263,TOM SELNAU,105504
CRYSTEEL TRUCK EQUIPMENT,105512,matthew.nicholls@filterserve.com,503 434-5561,CUSTOMER SERVICE,105512
BUCK EQUIPMENT,105516,,607-722-3431,T A Schaub,105516
SPRINGER CONTROLS COMPANY,105517,wburden@gearench.com,409-735-3300,Lorenzo Martinez,105517
SETCO AUTOMOTIVE N.A. INC.,105520,apriln@vemcocorp.com,315-479-7979,Denise Schrock,105520
"WESBELL ELECTRONICS, INC.",105521,amauiman@gmail.com,863-607-4730,RICHARD,105521
AIRE INDUSTRIAL PRODUCTS,105525,mreidy@airlinehyd.com,770.427.3704,MATT,105525
"SPARTAN MOTORS USA, INC.",105540,accounting@powertran.com,422-5927,Kris Morelan,105540
HARRIS ENGINEERING INC.,105544,,571-599-0417,Dan Harris,105544
MALLORYCO,105546,,803-796-9645,Stephanie Cusimano,105546
JASPER ELECTRONICS,105548,**MUST USE DIST V#459 **,801-796-7066,Joe West,105548
CHESTNUT RIDGE FOAM INC.,105551,BILLING@BECTRAN.COM,800-385-2220,CUSTOMER SERVICE,105551
AMERWAY INC.,105552,ZACHM@EDMO.COM,610-948-3800,Clay Johnson,105552
DK LOK,105553,ggairn@alfatronix.ltd.uk,989-893-1739,CAROLYN POOL,105553
"TRI-MAG, INC.",105554,info@transglobe-lighting.com,516-483-0850,Joe,105554
GE AVIATION SYSTEMS LLC,105566,dianaimse@cnb-inc.com,540-361-7755,ALEX,105566
ACKER DRILL COMPANY,105570,MAS@USAPROGRIP.COM,631-694-7610,sales,105570
MAURY MICROWAVE CORPORATE ,105574,sales@tedpella.com,732-888-8248,LINDA,105574
RTRONICS INC.,105576,,414.489.0450,FRANK CASTRO,105576
GCS SERVICE INC.,105584,MATTHEWS@JMCANTY.COM,508-520-1880,BOB MARASCO,105584
CRAWFORD MACHINE INC,105599,bhansen@admarsupply.com,315-422-4742,Steve Berenzy,105599
AVIATION DEVICES & ELECTRONIC ,105603,tbarcomb@kennethcrosby.com,668-7707,Stacey Callahan,105603
BLUDOT INC.,105611,,708-681-0180,TIM CHAPMAN,105611
VENAIR INC.,105613,SERVICE@3HUS.CO,203-378-2659,"Kathleen D'Onofrio, AR",105613
MONARCH-MCLAREN LTD,105615,rpisales@tds.net,716-671-2220,Tim Roberts,105615
J & J AIR PARTS INC.,105617,,800-877-5342,LILI BELLO,105617
MEASUREMENT SYSTEMS DIVISION,105618,,716-852-0832,Rudy Nicolas,105618
"IMS A DIVISION OF ANIXTER, INC",105619,r.kauffman@emkausa.com,303-285-3239,,105619
"WALTER G. LEGGE CO., INC.",105621,jim@bayfuel.com,860-665-0134,Dave Hines,105621
HYDAC CORPORATION/ACCUMULATOR,105634,jessica@airmarkintl.com,877-244-0740,TAWNEH MORGAN,105634
"MAVERICK INDUSTRIES, INC.",105637,northeastus@contitech.us;monifah.curtis@contitech.us,0113287320711,Bob Kent,105637
"GADJETS, INC.",105649,modesto@airpartssupport.com,216 986-9999 ,SALES,105649
DITCH WITCH OF HUDSON VALLEY,105650,jbradish@kleinsteel.com,470-7333,JEFF HORD,105650
FANON COURIER,105651,blang@ndindustries.com,830-438-2309,MAJID SHAHBAZI,105651
"R.M. HEADLEE CO., INC",105652,tdanckwerth@leistritzcorp.com,607-432-1000,Pat Marshall (vp sales),105652
EGE SUPPLY,105659,pat@akotorque.com,215-949-3433,JOHN WARD,105659
CONTROL CABLES INC.,105664,cherylc@shrinkwrapping.com,828-696-1509,Carl,105664
INGERSOLL-RAND INDUSTRIAL U.S.,105668,mprice@instawares.com,301-498-6700,DAVID STEEG,105668
Q3 JMC INC.,105670,ajs4@cox.net,310-537-3700,SALES,105670
BEECHCRAFT CORPORATION,105672,sales-team@advancedpressuresystems.com,781-871-4606,STEVE ZAHRINGER,105672
"Omni Services, Inc.",105678,info.toronto@kci-world.com,716-945-3380,JEAN KONTOS,105678
MOORADIAN HYDRAULICS,105679,khart@propetro.com,574.353.7611,,105679
"COB INDUSTRIES, INC.",105681,customerservice@m-cor.com,888-327-7153,MIKE DAVIS,105681
SIRCHIE FINGER PRINT LABS,105682,CUSTOMERSERVICE@TGSVA.COM,800-831-0884,LINDA MILLER,105682
JENESSCO SANDBLASTING GLOVES,105683,bgourlay@uscouplings.com,717.492.9600,SABRINA CARPENTER,105683
CUMMINS N POWER LLC ,105688,sales@ozonebilliards.com,918-696-3151,SALES,105688
SEALING CORP,105697,,714-952-2240,Betty Alen,105697
SANTA FE TEXTILES INC.,105698,NGAYI@FALCONUPS.COM,800-558-8880,Veronica,105698
HOBSON MANUFACTURING,105700,sales@campbellfittings.com,562-490-9500,ED OSTA,105700
SEYMOUR MIDWEST,105701,anorris@triumphgroup.com,901-774-7930,SALES,105701
"GEARTRONICS, INC",105705,,800-843-3381,Dan Farchone,105705
"LIQUID CRYSTAL RESOURCES, LLC",105707,terrip@cantherm.com,319-774-5482  ,Diane,105707
NATIONAL PRODUCTS INC,105708,dosten@cusmfgsol.com,455-2995,,105708
"FACILITIES, INC.",105709,,203-285-9168,Judy Cornelius,105709
GLOBAL EQUIPMENT COMPANY,105711,us.sales@pennyandgiles.com,708-299-2222,SALES,105711
LINTECH COMPONENTS,105713,DISTRIBUTORS ON WEBSITE, 970-530-1893,Parts Sales,105713
JAMAICA AEROSPACE COMPANY,105719,,508-852-5400,Ray or Branden Taylor,105719
"MAHLE AFTERMARKET, INC.",105720,sales@hinge1.com,414-892-4202,TOM SEDMAK,105720
"VALLEY CRAFT INDUSTRIES, INC",105731,gil@secureittactical.com,773-777-6500,Suresh,105731
REXNORD CORPORATION,105736,sales@streetsideauto.com,315-446-4556,Patty Smith,105736
MILCUT INCORPORATED,105740,rickschwind@midcontinentmachining.com,281-940-1800,WANG,105740
KNOTT BRAKE CO.,105741,HEALE@HEALEMFG.COM,773-235-7033,AMY ABELE,105741
"ANCHOR AUDIO, INC.",105749,matt.connell@nordsonefd.com,800-858-8069,Mark Woddell,105749
ALPINE COMPONENTS LLC,105754,Jon@saftlok.com,215-661-8590,GEORGE DEVOE,105754
PETERSON SYSTEMS INTERNATIONAL,105755,AR@B4ADVENTURE.COM,315-488-7879,GREG FUCILE,105755
"APPLE SCIENTIFIC, INC.",105760,,727-461-1255,Larry Cohen,105760
MICHIGAN WHEEL CORPORATION,105761,,800-373-7769,"GayleDavis,AR/Paul Crooks",105761
"CENTRAL PIPE SUPPLY, INC.",105764,mark.price@kippertool.com,800-222-5463,"GREG JOHNSON, OWNER",105764
WHITMOR PLASTIC WIRE & CABLE,105765,customerservice@toolmarts.com,310-829-4345    ,SALES,105765
ALPHA DELTA COMMUNICATIONS,105770,info@hassall.com,888-329-6371,BRANDON WHITTEMORE,105770
MASTERGEAR USA,105778,knudsen.paul@artec-machine.com,310-513-7200,Jackie,105778
HYDROMOTION INC.,105779,,513-681-6080,RAY,105779
MAGNOLIA DISTRIBUTOR,105781,,906-337-3018,David Irwin,105781
"ROMEO RIM, INC.",105782,MWASSUM@LSQ.COM,716-332-4400,SALES,105782
"GARD, INC.",105784,jrecio@acsind.com,800-659-2597,SMRUTI SARKAR,105784
M & L MACHINE,105785,,802-754-6035,Sam Costiuc,105785
MELLING AUTOMOTIVE PRODUCTS,105789,customerservice@bmt-usa.com,800-692-3962,PATTI BROWN,105789
POWER BRAKE & SPRING SERVICE ,105798,TBUSH@MIDSTATEAERO.COM,815-648-2473,DIANE,105798
KESSLER-ELLIS PRODUCTS COMPANY,105803,,419-243-8109,ANNE LOEFFLER,105803
VIBRATECH TVD,105804,karen@ae.group,818-409-1564,Sheila Staves  x 35,105804
"DEL CITY WIRE CO., INC.",105805,leesacks@mdmetric.com,623-931-3300,ELAINE SIMONE,105805
ALLOY METAL PRODUCTS,105807,AR@apstemps.com,01144335346236,Mike Nicholson,105807
LOKRING NORTHEAST LLC,105808,Robin@weckworth.com,714-373-5864,Lisa McGarr,105808
SPACESAVER CORPORATION,105810,accounting@spira-emi.us,512-924-6427,Don,105810
HARDWARE SALES INC.,105811,tsimpson@amcastle.com,312-421-4747,KIM RZEPKA,105811
CAPRICE ENGINEERING CO.,105819,,,,105819
"PRESSURE CONTROLS, INC.",105821,ACCOUNTSRECEIVABLE@BLUECREWJOBS.COM,,,105821
"BWA RECEIVABLES CORP,",105823,us-sales@anritsu.com,973-684-7250,CHRIS CAMPBELL,105823
STEWART STEVENSON PWR PDTS LLC,105824,,888-769-0999,RODRIGO DE ALMEIDA,105824
THE COLLINS COMPANIES,105825,GHardie@toolcraft.com (RFQ),231-258-9187,Ron Jagmin,105825
DOLPHIN EQUIPMENT,105827,,855.745.4464,KEN DESHAIES,105827
BING AGENCY INTERNATIONAL LLC,105828,billie@nationalband.com,513-8961-0555,Pam Roney,105828
PEWAG CHAINS,105832,catriona.bean@mrcy.com,877-295-6411,George Graff,105832
HACH CO.,105840,bthompspm@peco-hou.com,317-542-1096,DOUG MEIER,105840
CHEMETRICS INC.,105841,katelyn.wright@rsgroup.com,1-200-457-8499,Amy,105841
"SCIENCELAB.COM, INC.",105842,customerservice@sexwax.com,602-252-9716,Bill Hsiung,105842
FOXFIRE MICROWAVE INC.,105848,,508-885-2788,Dorothy Tibell,105848
"CERATECH, INC.",105855,,856-848-7800,,105855
"BREWERTON BOATYARD, INC.",105856,info@northeastern-plastics.com,610-948-5050,Pat Wallace,105856
"DELTEC SHUNTS, LLC",105861,curtsheating@gmail.com,476-8321,JOLENE MONACO,105861
ROCORE,105871,joep@lumberhardware.com,281-856-1300,John Wilde,105871
DUREX INDUSTRIES,105875,CGibel@Tiefenbach.us,562-905-3456,PARTS COUNTER,105875
ATLAS SPECIALTY PRODUCTS,105877,customerservice@iqhardware.com,480-367-1300,BO CHUNG,105877
FISHERIES SUPPLY COMPANY,105879,hwalters@leiss.com,770-434-0600,MOLLY BOWER,105879
TECKNOWLEDGEY,105885,,410-838-414,,105885
HARCO MFG. CO.,105889,sales@amazingmachinery.com,215.804.0321,BRAD BROEKER,105889
CHEMFREE CORP,105890,jalbin@msi-products.com,704-547-0808,FRANK B O'DONNELL,105890
STERIS CORPORATION,105891,,800-582-4224,Ted Holstine,105891
HORIZONS INCORPORATED,105892,****  SEE  NOTES   ****,419-586-1717,CAROL POTTS,105892
"BLAIR ACCUMULATORS, INC.",105903,,724-458-8340,BRUCE STOWE,105903
FALLS FILTRATION TECHNOLOGIES,105905,stellar@citrisurf.com,610-644-1300,Marv Beyer,105905
COAST-LINE INTERNATIONAL,105909,esantillan@epasales.com,458-4613,,105909
MOTOSOLUTIONS,105912,chris@amgs.com,877-465-7867,JUNE JONES,105912
GRIFFITH ENERGY,105913,,508 792-9725,TOM SIMS,105913
"PREMIER GEAR & MACHINING, INC.",105919,BlackBox-PSCC@CWD.com,919-833-0707,Tonya Tipton,105919
Alliant Power,105928,tracy.moore@knightoptical.com,716-263-4800,JOE ROUSE,105928
DS CYPRESS MAGNETICS INC,105929,,888-727-4344    ,Kathy,105929
"PERFEKTA, INC.",105932,sonystyle@custhelp.com,01197143477740,STEPHEN WEST,105932
ENGINAIRE CLEAN AIR SYSTEMS,105933,PHILLIP@BUFFALOSEAL.COM,518-732-7201,CUSTOMER SERVICE,105933
"GLADIATOR, INC.",105938,mike.devore@rudchain.com,800-345-0169,DEBI MERANTE,105938
DOW-ELCO INC.,105939,info@sturgesmfgco.com,888-201-9056,Michael Vito,105939
"M E INDUSTRIES, INC.",105940,service@c4cm.com,866-573-6378,Vince Stempien,105940
"A-1 FIRE EQUIPMENT CO., INC.",105943,julie@candlaf.com,877-922-7233,DEBORAH TRABEAUX,105943
"ELECTRO-TECH SYSTEMS, INC.",105950,mabie@worldnet.att.net,716 684-9774,BILL WALLACE,105950
"WAM USA, INC.",105958,himj@aol.com,800 776 8666,Lisa Gardner,105958
"MICROSORB TECHNOLOGIES, INC.",105959,reception@mrorange.com,855-485-4258,PAT,105959
THE MART CORPORATION,105960,sales@brushresearch.com,800-522-6752,Joel S Chase,105960
L-3 COMMUNICATIONS MARINE SYST,105961,tom.weber@meccalte.us;art@FavoriteVendor.com,716-564-7668,SALES,105961
"M2CABLES, INC.",105974,aflam@restockit.com,716-854-7000,THOMAS GAVLIN,105974
GOLD EAGLE CO.,105987,dutchlaf@aol.com,512-444-1835,*DO NOT USE*,105987
RELIABLE PRODUCTS,105989,,864-297-4800,HY HASS,105989
BELDEN UNIVERSAL,106010,wayne@bluefishworx.com,573-392-0301,Mike Hynes,106010
AMPHENOL FIBER SYSTEMS INT'L,106011,MATT@RUBBERFORM.COM,843-346-7007,SALES,106011
WILSON MANUFACTURING CO.,106016,gardinc@q.com,419-661-8811,Mike Thomas,106016
DAVIS MECHANICAL SERVICE INC,106033,,717-285-5941,,106033
HARWIL CORPORATION,106034,ROBERT.A.PALIA@SAINT-GOBAIN.COM,952-769-8430,DAN REDMOND,106034
SAMSON CONTROLS INC.,106036,bruce@uniwire.net,315-457-3015,BETH,106036
"CYNCON EQUIPMENT, INC.",106039,bryan.schwartz@gripstuds.com,** SEE NOTES **,Robert Penn,106039
RAYCON INDUSTRIES,106054,jbeiser@partsauthority.com,716-896-3100,Annie Harmon       ,106054
BETATHERM SENSORS,106070,lhotaling@advantus.com,715-253-3800,Randy Konnick,106070
CPP - PORT HUENEME,106089,pcsales@imtcorporation.com,203-265-2389,TRACY BOLME / Bertrand N.,106089
COAST PUMP & SUPPLY,106093,PURCHASEORDERS@SHOPLET.COM,800-223-0328,Jeff Neville,106093
ULTRA ELECTRONICS,106101,cynthiac@translectricinc.com,704-688-7472,ALAN FEINSTEIN,106101
L3 COMMUNICATIONS CSW,106105,arremittance@endries.com,410-327-6320,CUSTOMER SERVICE,106105
STRIDE TOOL INC.,106108,,803-563-4561,Frank Yamrick,106108
GENERAL DYNAMICS SATCOM TECH,106109,Marco@vmdmachine.com,510-661-6793,"Kristy Leutermann, Acctg.",106109
SWAGELOK NORTH CAROLINA,106113,denizh@datakom.com.tr,860-399-6281,JAMES HACKETT,106113
HANNA RUBBER COMPANY,106116,sales@nationalfiresupply.com,800-243-2340,Laura Rhodes x 707,106116
TRONAIR,106118,jsmallwood@cmcrescue.com,437-3325,Tom Freeman,106118
JOHNSON SCALE CO.,106122,ray.s@myerspower.com,814-362-1528,David Sandoval  X 234,106122
ALFATRONIX LIMITED UK,106134,lthomas@kochek.com,201-864-6408,Chris Kluth,106134
"MUELLER DIE CUT SOLUTIONS, INC",106146,,866-234-4474,Ed Pulido ,106146
SAYRE ENTERPRISES,106148,Simon.Shackelton@itt.com,360-757-4780,**SEE COMMENTS**,106148
CONTINENTAL ENGINES,106149,dori@bluedogink.com,716-662-9813,TYLER SMITH,106149
FLOSOURCE,106158,JWAGNER@DINGSCO.COM,801-765-9246,Stan Siciliano ss@3gpkg.c,106158
SPECTREX INC.,106160,sales@alltecstores.com,716-381-5470,MARCUS FRY,106160
FABCO AUTOMOTIVE,106161,Michael.Butler1@graybar.com,315-234-4000,ANGELA PEEPLES,106161
BPR RICO EQUIPMENT,106162,FERNR@UNITEDGASKET.COM,630-543-5950,RICK HIND,106162
GEIB INDUSTRIES,106165,millersa@tessco.com - INCLUDE CLOSING DATE ON RFQ,733-2321,CUSTOMER SERVICE,106165
"RAYCO SERVICES, INC.",106167,,815-727-7776,Johnny Ferrell,106167
SANMINA-SCI CABLES SYSTEMS,106172,sales@technologylk.com,337-233-6116,"Jeremy Sanglay, AcctMgr",106172
"DISTRIBUTION SPECIALISTS, INC.",106177,sunpure@sbcglobal.net,518-237-4200,MARY MOLES,106177
GENERAC POWER SYSTEMS,106181,dhart@franks-supply.com,217-422-0055,JEFFREY,106181
NIJSHA ENTERPRISE,106182,cmptrish@outlook.com;cmptom@outlook.com,800-982-8887,SANDRA PEASE,106182
PSS STEERING & HYDRAULIC DIV.,106187,darndt@diequa.com,406-630-5120,Sales,106187
WERNER ELECTRIC SUPPLY,106191,carpenter@thermalcircuits.com,585-266-6060,Parts Department,106191
"CUMMINS MID-SOUTH, LLC",106192,info@awjin.com,314-421-4044,"MichelleChen,AR/EricTsou",106192
"RELLI TECHNOLOGY, INC.",106194,JERRY.MONTEMAYOR@GARDNERDENVER.COM,877-309-3560,Tom Osborne,106194
TUG TECHNOLOGIES CORP.,106201,*  SEE NOTES  *,315-829-2222,Debra A. Bruton,106201
PEARSON ENGINEERING,106211,info@acmerubber.com,615-244-3321,ERICA BARTLETT,106211
"RAY ALLEN MANUFACTURING, LLC",106212,GHERZOG@USEDWAREHOUSEEQUIPMENT.COM,800-998-2398,Michael Easterday,106212
C.S. OSBORNE & CO.,106217,charrison@fisblue.com,800-300-7642,SALES,106217
BCI SERVICES,106218,ar@herculesus.com;sales@herculesus.com,800-978-2667,JOHN ZWARK,106218
CONNECTICUT SPRING & STAMPING,106223,PURCHASING@GEMPLERS.COM,619-258-7412,GARY MILLER,106223
"SCHULZE MANUFACTURING, INC.",106224,sirchieusa@mindspring.com,631-924-1700,SALES,106224
WILSON WALTON INT'L,106225,RW@Strapbinder.com,905-275-5300    ,Betty Moeller,106225
ASSOCIATED SPRING,106226,spelonis@pelonistech.com,716-508-8251,Eric Stapelseldt,106226
MICHAEL KING,106233,customerser@lionsindustries.org,724-775-7926,Nancy,106233
MILPOWER INC.,106239,Shannon.Perruzzi@VPGSensors.com,011862154962902,QUINN,106239
NOONEY CONTROLS CORP.,106240,NICK@BREACHERSTAPE.COM,813-344-9254,Paul Vigliot,106240
AIRFLOAT HSI SYSTEMS,106242,,330 783-2700,Mona,106242
RYAN SPECIALTY VALVE PRODUCTS,106244,** USE WEBSITE TO GET PRICING **,817-616-0393,RUTH BARNETTE,106244
"HALL-TOLEDO, INC.",106245,sgerber@cassprecision.com,631-231-6111,RON MATERESE,106245
"VSD, LLC",106250,Linda.Suter@teamwbi.com,713-649-3828,Tom Mac Nicholas x 135,106250
UNITED ELECTRONICS,106252,djharber01@aol.com,917-939-0516,Curt Stone,106252
CONNECTICUT VALLEY INDUSTRIES ,106253,belindali@5elem.com,888-455-2800,"LisaSniker,AR/Helen Cheng",106253
ESNA PRODUCTS,106256,amagana@rfcwireforms.com,800-201-7381,BRUCE,106256
HERLINE TECHNOLOGIES,106257,,701-572-6783,STEPHANIE RICE,106257
"FMW COMPOSITE SYSTEMS, INC.",106259,,803-366-9006,Jack Petrone,106259
"HDT EP, INC",106261,Mark mkontak@websterchain.com,800-426-6027,JOHN EDGE,106261
ALTO PRODUCTS CORP.,106262,nv.orderadmin@itt.com,410-859-5055,STEVE BOWLES,106262
HONDA POWER EQUIPMENT,106264,,800-355-4628,Anthony DiPietro,106264
LOWES HOME IMPROVEMENT CENTER,106271,**DO NOT USE PRICING SHEETS (AXLETECH OR ROCKWELL),757-686-1370,IDANIA,106271
CONSOLIDATED WATER SOLUTIONS,106275,mirajcorp@aol.com,800-333-3331,Bob Hillenbrand,106275
PORTA SYSTEMS CORP.,106283,,800-237-6079,ISABEL GARCIA/JAMIE DOLLY,106283
"AIRCRAFT HINGE, INC.",106286,gdavis@mceautomation.com,541-314-4466,LINDA CAMERON,106286
PATTERSON VENTILATION,106287,keith@tnjmurray.com,661-273-5411,"Kevin Spoonemore, Pres",106287
"MARK OPTICS, INC.",106303,,912-598-0621,Government Sales,106303
"KROLL INTERNATIONAL, LLC",106304,Kevin.Morgan@Aerox.com,800-848-7418 ,Jim Osbourne,106304
"DF FAN SERVICES, INC.",106310,CSavard@mearthane.com,800-421-3962,Brad Yorker,106310
KRAUS & NAIMER INC.,106311,vze2rkxk@verizon.net,716-759-6198,Sales Dept.,106311
QUALITY CASES & CONTAINERS LLC,106313,"Hergemoeller, Sascha <Hergemoeller@parsch.de>",315-298-6564,JOE ZUNDL,106313
ROBERT E. KRUEGER MFR & ENG ,106317,pat_noha@pall.com,708.345.8600,"Suruchi Shrivastava, Mgr",106317
"TUBE FABRICATORS, INC.",106318,SALES@SIMCOCOATINGS.COM,877-345-2263,MARK SAVAGE,106318
"REXNORD INDUSTRIES, LLC.",106320,,732-776-5800,SALES,106320
SAMSON ELECTRICAL SUPPLY,106321,kim.gondela@ctcaero.com,315 481-4077,JON HUTCHENS,106321
JUST MANUFACTURING,106324,pci.paul@verizon.net,617-492-4040,Jim Eberle,106324
Toyota Material Handling,106326,StevePuleo@apahouser.com,914-937-5345,PAUL DRIES,106326
CINCINNATI HEAT EXCHANGERS,106328,ebannon@kuriyama.com,607-484-0299,Sandy Sobon,106328
"CMARK INTERNATIONAL, INC.",106329,,610-948-4150,Millie Roman,106329
"SKOLNIK INDUSTRIES, INC.",106333,michaelv@suburbanseats.com,312-381-4628,CARMEN SMITH ACCOUNTS REC,106333
HALDEX EUROPE SAS,106335,WEBSALES@HYSPAN.COM,800-981-9400,CHRIS CHASSANIOL,106335
FOOTE AXLE & FORGE LLC.,106336,DSHIPOS@VIKINGREPS.COM,704-319-7714,Kathy / Sales,106336
BAIRD MANUFACTURER,106338,JennR@Metals-Inc.com,810-364-7653,**USE VDR # 103713**,106338
REMTEC INTERNATIONAL,106340,motorman@royalelectricrical.com,877-522-6567,Angel Filion,106340
HAR ADHESIVE,106342,bruno@inciner8.com,781-322-7880,Boyne Wiseman,106342
MARTIN DIESEL,106345,sboisselle@parker.com  (Sharon),800-553-1989,,106345
CRESCENT BRASS MFR. CORP.,106347,daevans@farmerbros.com,800-227-6235,Iris Colon,106347
HB PERFORMANCE SYSTEMS,106350,G.Brownstein@sureflowequipment.com,805.641.2505,Todd Bosik,106350
AMETEK PROCESS INSTRUMENTS,106352,,919-596-8277,Chuck Kriska,106352
MONDIAL AUTOMOTIVE USE 001761,106357,kingspointmachinery@yahoo.com,877-345-3371,Gerald Dixon,106357
BEATON INDUSTRIAL INC.,106358,jguimond@terrysmachine.com,860-647-9931,Walt Rummel,106358
HADER INC.,106368,,336-969-6909,Donna Zink,106368
TELEDYNE MICROWAVE SOLUTIONS,106369,TOM.FISHER@JESCO.US,330-668-6555,Andy Mielke,106369
"IRONCOMPANY.COM, INC.",106370,JEFF.WEBER@IDFABLLC.COM,510-272-0218,Tim Brock,106370
KARCHER NORTH AMERICA,106385,Stephanie@rubensteinprop.com(sales rep),201-972-2604,Joanne Piraino,106385
FARYMANN NORTH AMERICA,106388,** SEE NOTES BEFORE SENDING RFQ **,313-261-9100,Bud,106388
JAMESTOWN DISTRIBUTORS,106392,kakindustrymfg@yahoo.com,734-941-1920,ORDER ENTRY,106392
ALASKA STRUCTURES,106393,tricia@libertyelectricsales.com,716 984-7507,Dan Nedescu,106393
PRIMELINE MARKETING INC.,106396,jtierney@us-products.com,610-461-8800,SUE WIGGINS,106396
"P-Q CONTROLS, INC.",106405,rsander@pac85.com,810-852-3330,SALES,106405
GEP POWER PRODUCTS,106408,SWIGGINS@PARKBURN.COM,440-736-7499,Nina Haman,106408
GILBARCO INC,106420,spencer.grant@metalcraft.net,630-754-0268,Debi Chiarappa,106420
"STELLAR SOLUTIONS, INC.",106434,mvacchiano@swsvcs.com,440-458-6547,JAMES WOOD,106434
"MULTI-WING AMERICA, INC.",106440,l.theodore@diamondtool.net,303-781-8486,SALES,106440
"CUSTOM FABRICATED PRODUCTS,LLC",106441,HFR-CUSTOMERSERVICE@AMESBURYTRUTH.COM,713-974-8032,Barbara Bradbury,106441
"KATOM RESTAURANT SUPPLY, INC.",106446,CSR@BOXINGITUP.NET,435-752-5110,Aimee DePetre            ,106446
SAN ANTONIO LIGHT HOUSE,106449,AWPDISTRIBUTORS@GMAIL.COM,732-850-8000,Maria Marino ext.620,106449
BOBCAT OF CENTRAL NEW YORK,106454,sales@handlesunlimited.com,314-832-6008,Craig,106454
TOOLFETCH,106455,daryl@seawayfluidpower.com,412-787-9750,MARK GREAVES,106455
GENERAL DYNAMICS C4 SYSTEMS,106458,govsales@basequipment.com,937-382-1494,JEFF RIVERS,106458
A & J WASHROOM ACCESSORIES,106464,bnesvig@erdco.com,422-3419,Melesia Duvall        ,106464
CUSTOM MANUFACTURING SOLUTIONS,106470,INFO@MYTEXANSENERGY.COM,432-1200,"Anna, AR",106470
"FILTER TECHNOLOGY, INC.",106482,ann.nutter@teconnex.com /sales@teconnex.com,201-670-8070,Stan Steckis,106482
STEPHENS EQUIPMENT INC.,106485,tristatesales@bannerindustries.com,605-882-3200,Dave,106485
"DRS ENVIRONMENTAL SYSTEMS, INC",106486,leslie.lindell@teledyne.com,305-885-4991,JOHN GUASTELLA,106486
AJ MADISON,106491,ag@sharpeproducts.com,504-349-4229,Melissa McAteer,106491
TURBINES INCORPORATED,106496,Shelly.circle@andersonforrester.com,516-678-2300,Sidney Bauman,106496
RADIATOR SPECIALTIES INC.,106497,sales@powerandcontrol.com,704-596-4373,DICK WOODRUFF,106497
JOHN W. HOCK COMPANY,106498,AR@Azsupply.com,815-725-0062,PAUL PLOTKIN,106498
KA-BAR KNIVES INC.,106499,accountsreceivable@barclaydamon.com,652-9461,Marla Coughi,106499
WHIRLPOOL CORP,106504,mbills@solarmodsystems.com,323-936-6188,SAL,106504
HECKLER & KOCH DEFENSE INC.,106511,G.Bush@ktr.com,800-355-1987,Bob Hoffman,106511
HDT VEHICLE COMPONENT SALES ,106513,cs@southbendlathe.com ,407-235-2243,Bill Heerema,106513
LEX PRODUCTS CORPORATION,106515,info@hawkeyeinnovation.com,703-724-3800,CUSTOMER SERVICE,106515
SUBURBAN AUTO,106517,CChandler@inipower.com,312-243-6050,Tim Anderson,106517
SOUTH BEND LATHE INC.,106530,sales@belmetric.com,202-496-7500,Sales,106530
"K & N ENGINEERING, INC.",106544,rishi@esdan.com.au,251-344-0450,DORIS KAPP,106544
"APD, INC.",106554,jputt@boyertrucks.com,603-223-4900,Maria Delgado,106554
BEHRINGER CORPORATION,106559,tom_s@wi2si.com,716-389-3939,Chris Cook,106559
HANSON RIVET & SUPPLY CO.,106562,Sales@kaypark.com,715-254-1776,Heath Richardson,106562
VP SUPPLY CORP,106566,eclifford@polymershapes.com,315-458-9050,"EMILY HOOLSEMA, AR",106566
SEA BOX INC.,106576,lesterl@hansenint.com,864-327-8319,ANITA JOHNSON,106576
INDUSTRIAL PARTS COMPANY,106578,,972-494-3900,Bill Cook,106578
"LAND & SEA DISTRIBUTING, INC.",106581,websales@kempstoncontrols.co.uk,315-437-4390,Ted,106581
"JAGUAR INSTRUMENTS, INC.",106584,stephen.kraeger@anton-paar.com,909-460-4546,SIMON SHACKELTON,106584
"WHIPP & BOURNE ASSOC, LLC",106587,accouting@mfpseals.com;sales@mfpseals.com,888-524-7266,EMMA SHEARER,106587
BLAKE WIRE AND CABLE CORP.,106601,nancy@mobileairgroup.com,452-0000,HARRY KLUG,106601
ALCAD STANDBY BATTERIES,106602,,452-4560,John Hoit,106602
CONIC SYSTEMS,106617,Shane.Burns@BAEsystems.com,800-366-2666,CUSTOMER SERVICE,106617
TREMCAR INDUSTRIES,106623,JesseS@gophersport.com,814-849-3240,MONA MADDOX,106623
GENERAL MACHINE & MOULD LLC,106624,penny@raptorpowersystems.com,800 336-0450,JEFF BERNSTEIN,106624
NAVCO,106631,,DO NOT USE,,106631
JB INDUSTRIES,106640,jacquie@chabyinc.com,563-556-2241,HOLLY ELLIS,106640
GRAND TRANSFORMERS INC.,106649,amerfab2@aol.com,800-500-3038,David Baker,106649
RL STONE,106651,AR@royalcase.com,973-347-8890,LARRY YOUNG,106651
KEN-TOOL,106666,,613-384-3939,Janice Hodge,106666
PACBRAKE COMPANY,106669,,704-399-0862,Tom Skopal,106669
SPECTRUM COATINGS,106673,info@KITCOfo.com,925-362-8666,MELISSA TABRIZI,106673
RHH FOAM SYSTEMS,106676,,504-733-0900,John Groth,106676
ROBIN INDUSTRIES,106678,,519-785-0121,MIKE SANTORI,106678
WALLINGFORD SALES COMPANY,106682,j.klenke@shelmet.net,212-808-7800,KATHY,106682
KINEDYNE LLC,106685,tyler@uvcountry.com,718-767-1447,Kerry Oliver,106685
GARLOCK PIPELINE TECHNOLOGIES,106687,acook@brenntag.com,626-969-7227,Sales / Tony,106687
"REDCOM LABORATORIES, INC.",106688,KKunsman@fluidline.com,256-638-6355,Ron Kiefer,106688
SORENSON LIGHTED CONTROLS,106689,SALES@DUDADIESEL.COM,877-679-6400,Belinda Melson-Kennedy,106689
SHIMADZU SCIENTIFIC INSTRUMENT,106690,roy@rtpartsco.com,814-267-4151,RICHARD PARSONS,106690
LAPTOPBATTERYEXPRESS.COM,106692,kforby@diagraph.com / sales@diagraphmsp.com,817-473-9964,Alberta Bromiley,106692
"UNIPOWER, LLC",106693,,704-587-4640,,106693
"MERSEN USA BN CORP-BOONTON, NJ",106694,cheryl.shaffer@esterline.com,800-888-1358,Lisa Dake,106694
CULLIGAN WATER TREATMENT ,106695,MMANCEBO@JEWELLINSTRUMENTS.COM,704-517-9101,NED HUDSON,106695
FILTERS FAST LLC,106699,gary.weinshenker@johncrane.com,426-1807,Angie,106699
KRAFT POWER-**USE VEND#1173**,106701,sales@kendallamerica.com,405-733-2838,GERMAIN PETER,106701
PROGRESSIVE HYDRAULICS INC,106703,orders@buyhardwaresupplies.com,281-471-8100,FAX 201-864-5549,106703
D.C. COOPER COMPANY,106705,gorkem.bayhan@tst-tamsan.com;info@tst-tamsan.com,405-842-2019,Erika Bohne,106705
SEGOVIA GLOBAL IP SOLUTIONS,106716,cs.us@ifm.com,877-694-8543,NICOLE COLEMAN,106716
DMI,106717,FSPEED@PRESCO.COM,302-856-2516,SALES,106717
UNICEL ,106719,sales@loosnaples.com                              ,888-252-3379,,106719
INSTRUMART,106720,customerservice@smartsign.com,216-524-0099,GEORGE ALLEN,106720
"STRIEGEL SUPPLY, INC.",106731,be-ynspartsquotes@jci.com (quotes),314-726-0212,Tom Cirmo,106731
DANIEL MEASUREMENT & CONTROL,106735,jeff.mathews@emerson.com,614-444-8441,Slavica Asanin ,106735
LIBERTY MOUNTAIN,106739,Andrew.Brady@christiegrey.com,414-385-6500,AARON RUNION/Faith Hocter,106739
MANUFACTURING SOLUTIONS INC.,106742,NMartin@creativeassembly.com,011390438309131,Steve Poling EXT 248,106742
"ELECTROCRAFT OHIO, INC.",106747,info@exactaplastics.com,636-326-8282,ARMOND NORMANDIN ,106747
"MASTERCRAFT, INC.",106761,bobby@pwplatforms.com,800-480-5543,RYAN MCGEE,106761
CHI TECHNOLOGIES,106766,,661-257-3434,SALES,106766
DYNAQUIP CONTROLS,106771,msteckis@gmail.com,866-226-4488,JAY SHZEEMAL,106771
HAZARD PROTECTION SYSTEMS INC.,106775,,800-622-6747,,106775
"EAST/WEST INDUSTRIES, INC.",106776,INFO@MDACONTROLS.COM,800-458-6684,JULIE,106776
BOTTOM LINE MILITARY SALES,106778,,713-675-0921,Sue Phillips,106778
REYNOLDS BOUGHTON LIMITED,106783,jschlarb@etundra.com,713-937-4993,DAVID MUNTER,106783
"HDT EXPEDITIONARY SYSTEMS, INC",106787,info@powersportswarehouse.com,800-935-3294,Bob Aicher,106787
SAFETY SOLUTIONS INC.,106789,mreynoso@jwmiller.com,315-673-4879,TED ZUMBUSCH,106789
TUCKER INDUSTRIAL SPECIALITY,106790,James direct line 518-857-2982,518-356-6655,BRENT HANSEN,106790
THOMSON LINEAR,106792,fchicaiza@cavagna.com,252-977-4673,SUPPORT,106792
A-1 HYDRAULICS SERVICES INC.,106793,,704-336-2101,"Ravin Rambarran, cust ser",106793
ASSOCIATED FASTENING PRODUCTS,106794,sales@hardydiesel.com,704-588-3670,Christy LaPelusa,106794
"STONEWALL CABLE, INC.",106795,bill@powerfuse.com,801-486-7481x314,James Baker,106795
AMERICAN MOBILE POWER,106802,service@ipphone-warehouse.com,800-950-7670,GEORGE PAPAILIAS,106802
MICROWAVE ENGINEERING CORP.,106804,**VENDOR NOTES ON FILE** ELW**,903-455-3450,BILL #13185,106804
DIESEL SPECIALISTS,106817,** NO LONGER WISHES TO QUOTE **  04/17,814-452-3538,Nancy Fuller,106817
RUSH TRUCK CENTERS OF ILLINOIS,106841,jrizzo@marcomanuf.com,417-881-7440,SALES,106841
TEQUIPMENT.NET,106844,dshipos@vikingreps.com,908-245-6200,Todd Rogers,106844
MILO ENGINEERING,106860,jes@cinheats.com,800-890-7827,BOB SIERENS,106860
PENTAIR WATER,106862,Carol Chancellor,800-631-2566,KATHY NYE,106862
MARTIN FLUID POWER COMPANY,106879,sales@fabcomfg.com,805-226-2990,CUSTOMER SERVICE,106879
UNIVERSAL REMEDIATION INC.,106882,jhauler@aceelectronics.com,507 833-8822,Sandi Funk. AR dept,106882
EAST COAST MARINE MARKETING,106884,erin.chapman@altramotion.com,800-787-7325,"PattyRichey,AR/MaddyG,Mgr",106884
EVOQUA WATER TECHNOLOGIES LLC,106885,sales@quicksupply.net,541-689-4321,CASSY KENT,106885
L-3 STRATIS SECURE SOLUTIONS,106888,kvoinche@hillercompanies.com,512-260-8177,SALES,106888
"FLAGSHIP MARINE, INC.",106889,sales@aeronalcorp.com,905-607-0300,Susan Wolverton,106889
"SOUTHERN RUBBER CO., INC.",106892,harwil@harwil.com,1-866-874-6489,GARY CARR,106892
"HUBER REVERSIBLE FAN, INC.",106902,,612-645-6417,B. Farr,106902
"SPECIALTY SEAL CO., INC.",106905,,800-279-7768,SALES,106905
PROCESS EQUIPMENT SALES & SERV,106918,VFOSTER@CANEKAST.COM,810-852-5110,Dan McDonnell,106918
FREUND CONTAINER & SUPPLY,106923,,215-225-5775,Ron,106923
MOTION SYSTEMS CORPORATION,106934,RCLIFFORD@MYERSTIRESUPPLY.COM,631-582-8020,Mark Townsend,106934
HNL INC.,106935,sales@meriam.com,713-222-2231,KEN HART,106935
MULTIQUIP INC.,106942,mvfabricationinc@sbcglobal.net,413-785-1665,SHARON / SALES DEPT.,106942
SIMPLY RELIABLE POWER INC,106951,velinda.graham@thermofisher.com,516-997-8888,Shirley Freeman,106951
BIG LAKE SUPPLY LLC,106953,mike@houstonhose.com,858-560-4346,KELLY AMMEEN,106953
GTA MARINE,106957,cs@randmh.com,312-738-3588,Mickey White,106957
NORTHERN BATTERY,106958,mforbes@durexindustries.com,203-705-2100,DONNA JIRAN,106958
DUCOMMUN LABARGE TECHNOLOGIES,106971,preston@kroyind.com,801-356-3823,SALES,106971
DEPCO PUMP,107003,DALLAS@BWIOFKSINC.COM,516-231-3737,Ed Sibert,107003
RONSTAN INTERNATIONAL INC.,107005,custserv@pvfilms.com,615-360-9100,Steve Titus,107005
PROVANTAGE CORP,107008,jimjr@belcarproducts.com,459-4210,Sales,107008
WILSON-GARNER COMPANY,107067,mrais@omniservices.com;bsandefur@omniservices.com,800 245 8115,Scott Wagner,107067
PACIFIC TORQUE LLC,107079,Mobileparts@generac.com,866-643-8253,Larry Major x 231,107079
"KANE-DAVEY ASSOCIATES, INC.",107090,info@qualityoutdoorparts.com,336-764-5232,SALES,107090
"HDT EP, INC.",107097,DEB.MAXBROCK@VERIZON.NET,315-469-6211,CUST SERVICE ACCT#3249230,107097
WHALEY FOOD SERVICE,107098,jposey@firstchoicemarinesupply.com,415-422-0081,Sales,107098
B&H PHOTO VIDEO,107105,pparmar@halehamilton.com,011441745588021,SALES,107105
DULTMEIER SALES,107107,karen@ctgnow.com,781-935-2655,LYNN THOMAS(MAN),107107
TOYOTA DRIVERS VILLAGE,107114,alahav@flintec.com,414-764-6200,Anita Thedford,107114
PARTS TOWN,107116,Samantha.Leisenring@Wadhams.com,433-1177,kEVIN SWEENEY,107116
INTERPHASE CORPORATION,107120,JIMBESI@WESCO.COM,626-359-5391,Shirley Sibley,107120
POLYMER TECHNOLOGIES INC.,107125,,561-736-5640,,107125
FLAME FIGHTER CORP.,107137,mdarakhshan@flexmaster.com,800-833-3357,Becky Blair,107137
KEITH HUBER INC.,107140,info@thexmod.com,615-399-0203,Sherri Schiavi,107140
PETROLAB COMPANY LLC,107141,dantronicsincorporated@gmail.com,941-371-1003,PETE BYL,107141
GROUP MOBILE RUGGED & MOBILE C,107149,todd.anderson@pioneerwheel.com,315-451-7330,STAN DUDA,107149
"REIMEL MACHINE, INC.",107159,WIECZOREK@CORROSION-PRODUCTS.COM,800-837-0864,Darleen Nable,107159
QUANTUM DYNAMICS COMPANY INC.,107166,zach@flywheel-supply.com,704-423-9864,Louise Smith             ,107166
AIR KONTROL PRODUCTS,107175,Steve@All-TechFasteners.com,585-798-4300,Michele Gee,107175
FIRST BROOKLYN SUPPLY,107179,,770-882-0124,David Mitchell,107179
STANLEY SUPPLY & SERVICES,107180,kevin@hearthside.com,888-321-2552,Natasha Hutton,107180
ESS-KAY YARDS,107184,rich.e@interstateproducts.com ,908-725-5000,KIM MORRISON,107184
"RB, LLC MARINE INSULATION SPEC",107188,ErikaMae.Gonzales@nidec-motor.com,303-215-7195,SANDY PETERSON,107188
OWR GMBH,107191,jharty@normanfilters.com  -  (Judy),800-666-9101,Patty Zamudio,107191
HEAT SHRINK SUPPLY,107194,sales@barcarmfg.com,814.443.0852,Ricky Dubuisson,107194
QUALITAIR (DIV. OF NEDMAC),107202,ar@hentzen.com,607-656-4204,SALES,107202
NICHOLAS P PIPINO ASSOCIATES,107215,jim@hotstampjax.com,815-334-1281,DON BUTTLER,107215
WELDON DIV OF AKRON BRASS,107217,inbal@tefentech.com,864-444-3242 (c),VINCE TAPLIN,107217
THE FILTER FACTORY,107235,kreid@robertson-mfg.com,206-789-3880,MARK,107235
CLARKE-HESS COMMUNICATION,107248,mike@cableandconnect.com,773-478-0404,BRANDY VOORHEES,107248
"THAL-MOR ASSOCIATES, INC.",107255,mlangford@adamsmagnetic.com,471-5155,ROBERT SEIGLE,107255
DO MY OWN PEST CONTROL,107260,eric@creativesafetysupply.com,603 964-3165,BUDDY BARRON,107260
UNI-HYDRO IRONWORKERS,107283,brutusvc@essex1.com,718-786-6088,KEITH,107283
OHIO SEMITRONICS,107304,QUOTES@GATTOPLATERS.COM/BOSSHART@GATTOPLATERS.COM,800-235-7421,Donna Sowders,107304
KIPPER TOOL,107320,sales@nationalprecision.com,812-288-5740,SALES,107320
REDDCUTT MANUFACTURING,107334,ACCOUNTING@TECHNOMAD.COM,437-7321,DAVE OGDEN,107334
YORK TENT & AWNING CO.,107351,auburn.sales@dwdiesel.com ,618-939-6015,FRANK GARACCI,107351
DICA,107352,Patricia.Zamudio@unitedflexible.com,299-2591,SALES,107352
ROLAIR SYSTEMS,107354,bolsen@awcwire.com,455-7565,Pam Acejo,107354
"CORNET TECHNOLOGY, INC.",107356,toms@hermanhvac.com,86-574-87474783,MARTHA GRAJDEK,107356
TAMCO COMPANY,107369,steve@g-fast.com,984-884-1175,SYLVIA WILLIAMS X.209,107369
TRANSTAR INDUSTRIES,107378,pscio@verizon.net,216-671-3133,Robert Wagner,107378
AST ASSOCIATES,107380,gmitchell@applied.com,514-257-3047,AMANDA RITCHIE,107380
FEDERAL FABRICS - FIBER INC.,107393,luke.rodrigues@build.com,708-537-8800,Tiffany Cole,107393
BURR ENGINEERING CO,107418,cs@esitransducer.com,904-425-6399,Carol Hartman,107418
MET MOTORS-MINNESOTA ELECTRIC,107422,jurgen.verwijst@spxflow.com,408-292-2214,TIM REEDER,107422
"GERHARDT GEAR COMPANY, INC.",107428,,315-369-3078,Sales,107428
ORANGE COUNTY BROACHING INC.,107439,,419-683-8029,Linda Ward,107439
SOUNDCOAT COMPANY,107442,info@advancedairtool.com,304-368-9440,JIM GATES,107442
TESSCO,107443,kuni@unitedinst.com,610-436-4500,DAN TOLEDO,107443
GREEN LEAF INCORPORATED,107454,sales@afwfdry.com,800-292-2227,Sales,107454
KS ELECTRONICS LLC.,107457,accountsbp@amsafebp.com;corey.taylor@amsafebp.com,437-8461,SALES,107457
"H-P PRODUCTS, INC.",107462,mbisesi@aerocontrolex.com,800-669-4248,SARAH HERR,107462
"GTA CONTAINERS, INC.",107473,MDrybola@deltacentrifugal.com,361-884-9335,Elizabeth Guidry,107473
"BISHOP LIFTING PRODUCTS, INC.",107476,hflow@haywardnet.com,610-913-5352,"Margaret Alicea, AR",107476
DLT SOLUTIONS,107496,ORDERS@OTWSAFETY.COM,458-9855,Tom Ranieri,107496
POL SYSTEMS LLC,107523,tsims@detecto.com,307-265-3333,Joe Parden,107523
YARDLEY PRODUCTS CORPORATION ,107528,connie.vieira@calgreg.com,714-255-9800,Jerry Kalmbach,107528
BEZARES USA LTD.,107549,mike.rypkema@northerntool.com,585-624-4490,SALES,107549
WEST MARINE CICERO,107554,greg.devries@landnsea.com,714-523-2532,John Novotny,107554
KNIGHT'S ARMAMENT COMPANY,107562,bbemiss@ameritech.net,949-809-8365,KELLEN PUCHER,107562
PRO-QUIP INC. ,107582,,507-287-3416,Sales,107582
HEATER CRAFT,107594,STEVE@AIW.US,905-670-0113,CUSTOMER SERVICE,107594
POWER COMPONENTS OF MIDWEST ,107604,,800-332-9825,,107604
RS COMPONENTS LTD.,107607,SALES@RPARTS.COM,011441403260206,Cindy Jackson,107607
ONBOARD SYSTEMS,107668,laura@mccaytool.com,305-853-8583,JOE CASTILLI,107668
"HILLER COMPANIES, INC.",107677,kkrogman@emmcor.com,205-592-0011,ANN MARIE,107677
PERMA-CAL INDUSTRIES,107697,RJM@CypherCompany.com,718-244-6174,,107697
SHAKESPEARE COMPANY,107699,INFO@ABLEMETALHOSE.COM,716-366-2555,SALES,107699
FISHER SCIENTIFIC,107708,sales@greenstateservices.com,704-525-8411,SEE NOTES.,107708
GALCO INDUSTRIAL ELECTRONICS,107725,toyotaparts@burdickcars.com,619-336-0342,Jim Fuller,107725
ENCOMPASS PARTS DISTRIBUTION,107744,tbutler@washingtonfire-safety.com,800-551-0774,BILLING,107744
TEST EQUIPMENT DEPOT,107746,j.kowalski@gibson-barnes.com,607-724-1094,Duke,107746
OSC EQUIPMENT SERVICES INC,107749,blackhawkseal@hotmail.com,503-659-7932,Sue Armstrong,107749
"CLASSIC INSTRUMENTS, INC. ",107759,tomo@tmi-pvc.com,866-672-7876,Daniel G Malone,107759
CONTACT CORPORATION ,107763,ACCOUNTANT@SALEM-REPUBLIC.COM,315-437-5111,Linda DeLong,107763
"STARLED, INC.",107764,tom@jeaenterprise.com,888-839-8909,Keith Herres,107764
HYDROAIR HUGHES,107766,ORDERS@DURHAMMFG.COM;accounting@durhammfg.com,830-515-8497,JIM BROWN,107766
PREFERRED POWERSPORTS,107778,info@hardwaresales.com,847.926.0722,EILEEN DELUCA,107778
OKWU ASSOCIATES,107779,sales@champfast.com,315-458-8331,JEFF BEISER,107779
ZEP SALES & SERVICE ,107787,PWYDRA@JOHNSONCARBIDE.COM,440-498-7458,SALES,107787
FCT TECHNOLOGIES,107823,MATT@QUICKSTOPTOOL.COM,603-332-9400,SHAWN HALLEY,107823
ATLANTIC EMERGENCY SOLUTIONS,107832,ap@patriotfts.com,440-729-3056,Kevin Reilley,107832
ARCTICHILL,107843,rmhernandez@vpsupply.com,435-868-4020,GARY WARNER,107843
APEX TOOL GROUP LLC,107850,sales@jmacsupply.com,412-394-7711,"Sue Rynberg, AcctMgr",107850
WURTH REVCAR FASTENERS INC.,107853,info@jhsmithcompany.com,847-632-1020,Bill Selby,107853
DELUXE TANK,107859,BEN@PRECISIONSCALESINC.COM,773-287-0100,,107859
PID ANALYZERS LLC,107883,Sales@aljers.com   or   Info@aljers.com,488-0262,FRANK PRICE,107883
VAN AMBURGH SALES CORP.,107890,Davina@lavalve.com,***DO NOT USE***,B Haberkamp F#2976,107890
"STRAIGHT ROAD ELECTRONICS, INC",107898,lavoie@bostonautoelectric.com,323-266-6603,Jason Swift,107898
AIREX CORPORATION ,107899,orders@spcbrass.com,1-800-842-0475,PHYLLIS CULL,107899
BAUER COMPRESSORS INC.,107902,debm@rexcut.com,440-946-2700,KEITH WILLIAMS,107902
STANCHEM INCORPORATED ,107907,al.burill@weschler.com,716-684-8263,Alex Rosen,107907
MAFO NAVAL CLOSURES,107920,sales@parfuse.com,317-896-2561,"Alex Samonte, AR",107920
RYT INDUSTRIES ,107924,,201-472-9500,Greg Heuchert,107924
DUNN ELECTRONICS ,107931,jviera@sdmo-usa.com,210-653-0222,,107931
CYTEC ENGINEERED MATERIALS,107932,dave@pioneerpumpsystems.com,215-638-4700,SALES,107932
BIG SKY ENGINEERING ,107933,stever@fotofab.com,732-574-1111,RON WAYNICK,107933
"GOPHER INDUSTRIAL,INC.",107942,flowezy@flowezyfilters.com,562-906-2900,SEAN BERRIE,107942
"REMOTEC, INC",107945,303-662-3185,800-547-2052,Lilly Vega,107945
ASC SIGNAL CORPORATION,107947,msims@fecon.com,585-292-1760,"JOHN MITROPOULUS, Pres.",107947
GE INTELLIGENT PLATFORMS ,107948,mike@shockwaveseats.com,800-370-9152,TAMMY ISAACS,107948
GALOW METAL PLASTIC ,107952,dcpower.spares@vertiv.com,800-367-6486    ,,107952
"RADECO, INC.",107954,jdnofecstg@aol.com,909-451-2290,Matteo Iacovelli,107954
"SUNNEX, INC.",107957,orders@onsiteontime.com,315-434-8889,SALES,107957
FEMATICS CANADA INC. DBA TYTON,107959,jolam@nameplateamerica.com,1-703-793-7733,CHRIS DRAUGHT,107959
E-ONE,107964,actuators@morpac.com,440-647-4143,Deanne,107964
TARGET SPECIALTY PRODUCTS,107972,TMcInerney@qemiso.com,888-735-4295,CRAIG HUTCHINS,107972
GLOBAL CATHODIC PROTECTION,107976,princetonparts@gmail.com,248-354-7700,Mary Hyde,107976
BARKER & WILLIAMSON,107987,egarcia@glomatek.com,800-882-3847,CARLA FRUNGILLO/KEVIN LAY,107987
VITACHROME GRAPHICS,108006,sales@metricmcc.com,972-612-3622,MARYANN,108006
"SEALITE USA, LLC.",108023,info@everythingtruckparts.com,716-692-1500,BART SUNDERLAND,108023
BOBCAT OF BUFFALO,108026,sales@safeapproach.com,513-287-7482,Jeff Youker,108026
AIRTEX PRODUCTS,108032,SOPHIA@EASTFUTURE.CN,504-362-8124,,108032
REINHOLD INDUSTRIES,108033,tonyc@BCIServices.net,248-624-1541,Joan,108033
LINCOLN INDUSTRIAL CORP.,108034,sales@coilspecialty.com,617-342-4042,Tim Marlatt,108034
CASSIDY-TRICKER,108037,nita@fmvalve.com,315-457-3725,Lisa Clayton,108037
WESCO PERFORMANCE INC.,108039,jack@woodys-auto-supply.com,603-664-7980,,108039
GIBSON & BARNES ,108045,tv13@fast.net,011528181318066,VINSETTA SEWELL,108045
TRANSCAT CALIBRATION SERVICES,108060,,800-222-0932,HEATH ,108060
SECUREIT TACTICAL ,108069,VSINVOICING@AOL.COM,781-938-7070,SALES,108069
UNION TECHNOLOGY,108073,Scott.Shearer@sts-cs.com;sales@sts-cs.com,804-231-4646,Ryan Leffler,108073
RUSSELL AIRCRAFT ,108074,RBARTLEY@DANUSER.COM,(586) 979-9550,Rita Robinson,108074
KELTEC DBA KELTEC-TECHNOLAB,108075,STFR.ACCOUNTSRECEIVABLE@USHOSE.NET,770-536-8801,MIKE BREDY,108075
WONPRO LLC,108081,info@acehydraulic.com,603-436-1400,MINERVA BORGES,108081
BROWN AVIATION TOOL SUPPLY,108082,,843-636-3010,SONYA VANDER WOLDE,108082
AIRCRAFT SPRUCE & SPECIALTY CO,108090,,404.994.2000,ROB ELLINGSON,108090
FTG INC.,108094,Jdavidson@alwayson.com,812-526-8801,SALES DEPT.,108094
BGF INDUSTRIES INC,108101,service@fordpartsgiant.com,800-474-6378,MATTHEW BUEHLER,108101
QUELL CORPORATION ,108108,SALES@CA-TRANSDUCERS.COM,860-828-6007,MAUREEN BASSLER,108108
DANCO METAL PRODUCTS,108109,sheila.larryspowdercoating@hotmail.com,781-583-7536,Larry Arthur,108109
BLUE FORCE GEAR INC.,108110,,830-895-1112,Drew Cianci,108110
GREYSTONE DATA TECHNOLOGIES ,108122,jkoegel@kraftpower.com,800-778-5689,Gary Erkman,108122
"HYDRO ENGINEERING, INC.",108123,bwhitten@cfconnolly.com / sales@cfconnolly.com,248-582-3430,CHUCK BUSK,108123
"NOVA POWER SOLUTIONS, INC.",108135,info@weberscientific.com,401-765-2450,KAINE OWENS,108135
LOUIS M. GERSON CO. INC.,108142,sales@ashhammerunion.com,9099-626-8316,Sales,108142
INTER-MARKET INC ,108154,dianem@appliedmc.com,888-562-5565,CUSTOMER SERVICE,108154
STURGES MANUFACTURING CO. INC.,108156,sandys@empirelevel.com,850.862.9877,Neill Lyon,108156
FULTON INDUSTRIES INC.,108159,rweber@webtrol.com,334-598-8086,CANDICE CRISWELL,108159
BUFFERS USA INC,108173,MWard@anconline.com,973-242-7474,JIM CARRINGTON,108173
C.R. LAURENCE NY,108179,newera@neweratool.com,315-437-7307,Chris McDougal,108179
ANRITSU,108182,LWILSON@TRI-TECHUSA.COM/RCROWE@TRI-TECHUSA.COM,422-6128,PARTS SALES,108182
HYCO ALABAMA/WEBER-HYDRAULIK,108183,rkuchman@buckhorninc.com,697-2214,SALES,108183
NORTH ATLANTIC INDUSTRIES ,108187,sales@cut-offblades.com,800-344-7584,"Jessica Smith,Acctg.",108187
RICHARDSONRFPD,108201,SN@COMPONENTREPAIRSUPPLY.COM,203-852-7079,BRUCE WISSINGER,108201
PHOENIX TRADING ,108206,THolstine@gopherindustrial.com,800-791-7901,Patty Valdez,108206
ABB INC,108207,valsa@ahi-carrier.com,607-533-7000,KATHY GOMER,108207
DURHAM GEO-DBA SLOPE INDICATOR,108208,jason@pumppartsplus.com;GARY@PUMPPARTSPLUS.COM,815-609-8935,MARK FICARRA,108208
KEMCO TOOL DBA KEMCO AEROSPACE,108209,eric.fletcher@oilstates.com,801-972-4600,Brian Haas EXT 432,108209
"GREAVES COMPANY, INC.",108211,,518-456-1134,L. Bruckner,108211
THERMO FISHER SCIENTIFIC,108213,info@lecoplastics.com,800-858-1823,Roger Gaul,108213
THE TORO COMPANY,108214,skoch@oldenburgmetaltech.com,315-451-2727,Steve Barker,108214
ANDERSON INDUSTRIAL MACHINERY ,108216,eddiek@maleylaser.com,757-624-6649,DEREK,108216
NAIAD DYNAMICS ,108218,shannon@airflexindustries.com,803-909-5000,JOSH WINKLER,108218
LAUNDRY & DRY CLEANING EQUIP.,108222,,337-856-9100,SALES DEPT.,108222
"ROCK-N-RESCUE/J.E. WEINEL, INC",108224,ACCOUNTS@PANAGRAPHICS.COM,313-399-0002,sales,108224
ST. PAUL BRASS & ALUMINUM ,108232,scollins@ghxinc.com,414-862-2311,Sales,108232
POLYFORM US,108233,creditdeptPBP@pbrand.com,888-373-3626,TAWFIG ATTARI,108233
ENERGY MANUFACTURING,108236,,516-922-9100,Chuck French,108236
DELTA INDUSTRIES INT'L,108246,jdevennie@stadiumtrucks.com,856-437-2108,Jimmy ,108246
SIBA FUSES,108256,dmeyerstowing@yahoo.com,800-628-8088,Beth,108256
RANDALL BEARINGS INC,108264,sales@aadvantagetent.com,651-486-3341,Larry,108264
"LAWRENCE FACTOR, INC.",108268,ajennewein@evosupplygroup.com,514-855-6393,BOB CHRISTENSEN,108268
ALLMAND BROS. INC.,108279,justin.northeast@gmail.com,866-580-8089,Emma Brown,108279
ORASCOPTIC & SURGICAL,108286,frank@applicationassociates.com,800-257-9559,DAVID MATTO,108286
DOGA USA CORP,108289,cmsales@candmsales.com,800-348-8864,Sales,108289
KITCO FIBER OPTICS INC.,108302,SHAWN@SJMARO.COM, ,,108302
"VIKING MARINE SOUTH, INC.",108318,anahra@brennaninc.com;sconway@brennaninc.com,704-545-4500,SALES,108318
OTW SAFETY,108319,sales@zama-enterprise.com ,877-547-3907,Betsy VanderBrink,108319
"J.R. MERRITT CONTROLS, INC.",108321,kdavis@associatedweldingsupply.com,616-342-3000,JIN KIM,108321
PAMASCO,108323,AP@battlefield.biz,800-270-4579,FRED GERLEVE,108323
FELLFAB CORPORATION,108325,j-stull@knottbrake.com,661-726-0030,Jeri Vick,108325
LITTLE GIANT LADDER SYSTEM,108328,sales.us@hydrema.com,315-455-7087,TONY BUSH,108328
ATLANTIC BATTERY CO INC,108340,stan@jet-tek.com,800-236-0666,FRAN,108340
DECIMAL INDUSTRIES INC.,108345,,855-538-4323,Sales Department,108345
APPLIED HEAT TECHNOLOGIES,108359,clmirror@yahoo.com,909-590-4400,ERIC SULLWOLD,108359
"ELECTROLAB, INC.",108373,debbie@americanriggingsd.com,616-396-0784,VIC VAUGHAN,108373
PURE AIRE CORPORATION ,108375,JIMG@BIDLINK.COM,425-885-8600,Susan Adkins,108375
BRANTNER & ASSOCAITES INC.,108396,service@skygeek.com,716-631-2000,MIKE BARTNIK,108396
MMI OUTDOOR,108397,snowesc@aol.com,281-360-4658,Donnie,108397
"VANTAGE VEHICLE INT'L, INC.",108403,sales@westsidewholesale.com,952-921-6669,Ruth Lee,108403
REICHERT TECHNOLOGIES,108408,*****  SEE NOTES - DO NOT FAX   *****,518-789-8700,Kyle Jarvenpaa,108408
ANDREA SYSTEMS LLC,108414,info@sohreturbo.com,413-233-1865,DAN MUSCLOW,108414
HURST EMERGENCY PRODUCTS,108415,chance.harden@vanair.com,800-631-1144,Tracy / Sales,108415
STOLBERGER/WARDWELL BRAIDING,108428,jeff.king@mullenindustrial.com,631-242-2200,JUDY,108428
COMMERCIAL PIPE & SUPPLY CORP,108430,david.monk@freemotionfitness.com,855-551-6903,WILL,108430
APPLIED SYSTEMS ENGINEERING,108435,paul.turner@latchways.com,607-734-2295,Teresa Williams,108435
OTIS TECHNOLOGY,108438,christi.cooper@ngc.com,513-890-8314,Ashley Sheridan,108438
BULLDOG EQUIPMENT,108443,rebecca.hager@emerson.com,817-236-8353,Elisa Aldape,108443
ELOBAU SENSOR TECHNOLOGY,108445,sales@goodallsales.com,607-729-1244,LISA,108445
FLEX-CORE DIV(MORLAN & ASSOC,108462,purcey.cerezo@marshallelectronics.net,630-858-9030,"Harry Bossey, Sales",108462
SAUER COMPRESSORS USA,108469,sales@keyesdavis.com,931-455-9823,WENDY ESCAMILLA,108469
WEMS ELECTRONICS (EMI FILTER),108470,dan@letargets.com,800-457-0154,"Svein Kristian Ulsnes,CFO",108470
FIRST RF CORPORATION,108471,** BOUGHT OUT BY DYNALEC ***,877-769-8262,Mitchell Gerhardt,108471
EAGLE TUGS,108479,ron@prolinefinishing.com,714-521-5060,PARTS,108479
"DEANGELO MARINE EXHAUST, INC.",108481,nigelw@im-m.co.uk,918-794-8282,Pat Tollstrup,108481
ULTRA TOOL INTERNATIONAL INC.,108490,jd@americanfastener.com,423-5657,MARLENE GRASHA,108490
"J.D. HAMLETT, INC.",108491,cwilliamson@fastenation.com,972-271-7361,TOM FAZ,108491
CASCADE GASKET & MFG CO. ,108495,eric@benzairborne.com,847-524-9000,RICK,108495
WEST COAST IND. INC. DBA WCI,108496,goose@mistymountain.com,818-998-1198,MARC MATTHEWS,108496
MORPAC INDUSTRIES INC.,108506,clicon@celtechusa.com,508-842-2700,Zach Cannon(Inside Sales),108506
DIAMOND SYSTEMS CORPORATION ,108507,WEISMOR@MVA-VALVES.COM,408-732-5400    ,RYAN RISEBOROUGH,108507
WIRECO WORLD GROUP-PHILLYSTRAN,108510,ian@templarind.com,585-381-4121,Spares,108510
TRACEWELL SYSTEMS INC.,108523,modeltech@rochester.rr.com,800-243-8227,SALES,108523
APPLICATION ASSOCIATES,108537,sales@automaticconnector.com,973-954-2000,ROBERT KIRKWOOD,108537
"EASTERN LIFT TRUCK CO., INC.",108538,wnicholson@filterproducts.com,904-696-0010,CHRIS/PARTS,108538
"BOLTTECH MANNINGS, INC",108539,JEANNE@CLAMPSINC.COM,607-335-5000,Sales,108539
HITTITE MICROWAVE CORP.,108542,sales@loosnaples.com,928-556-0989,Nick Stroia,108542
"INTERNATIONAL PAINT, LLC",108556,ed@flexinc.com,734-459-2440,JOHN PASTORE,108556
THIELMANN WEW GMBH,108559,Jay.Murphy@armoricasales.com,973-838-1780,Diane Palmer,108559
"BASS PRODUCTS, DIV. OF PEPCO",108570,Customer.Service@rg-group.com,652-5689,TIM MORAN,108570
RICHELIEU AMERICA LTD,108573,cemtrol@cemtrol.com / christina@cemtrol.com,937-473-5789,Customer Service,108573
PARTMAN.COM,108577,rritchey@stanwade.com,630-588-0088,JANET SAVOY,108577
MAINE TECHNICAL SOURCE,108581,gppwsmarfq@pw.utc.com,914-246-7100,"Carl Rankl, Sales",108581
GOODALL INDUSTRIAL EQUIPMENT,108587,cwshields64@gmail.com,802-863-0085,Melvin Smith,108587
MILLER INDUSTRIES ,108588,PEPURE@CINCYRADIATOR.COM,800-742-2681,Debra Drucas,108588
UNITED INDUSTRIAL TEXTILE PROD,108608,rasetta@technipowersystems.com,877-274-6468,"Teri, AR",108608
"TROJAN, INC.",108610,garys@hydracheck.com,256-858-5705,"Tressa Herrera,OfcMgr",108610
K&M MANUFACTURING,108613,akerns@torcoinc.com,315-652-8697,MARY ANN RODRIGUEZ,108613
NALCO COMPANY,108616,sue@accuratedial.com,471+1600,LISANDRO GENAO,108616
"XSIS ELECTRONICS, INC.",108617,CUSTOMERSERVICE.US@NEDERMAN.COM,817-275-6237,CUSTOMER SERVICE,108617
EXPRESS MEDICAL SUPPLIES,108620,,716-671-2326,Sales,108620
"H & H ASSOCIATES, INC.",108632,cmccoy@krayden.com,800-321-8511,Shirley Cyrek,108632
COBO INTERNATIONAL,108633,dbelleville@independentsofamerica.com,716-651-6000,michele,108633
"TELEDYNE INSTRUMENTS, INC.",108634,david.schell@spx.com,847-524-4400,Dennis McDowell,108634
JULIAN ELECTRIC INC.,108644,amy@kiesler.com,855-264-6487,"Samantha Ligon, Acctg",108644
TECHNICO MARINE CORPORATION,108645,ar@pennwestlift.com,813-539-8448,REBECCA,108645
AVIA MARINE COMPANY,108646,ryan.mcgee@littlesupply.com,908-264-8284,DAVE KAPLAN,108646
UNIVERSAL WIRE CLOTH CO.,108655,sales@equiptexip.com,616-887-3929,belder@pipefloat.com,108655
MARINE PROPULSION TECHNOLOGIES,108659,bdandrea@straightroadelectronics.com,661-387-6157,DARLENE COLLINS,108659
SHUERT TECHNOLOGIES,108667,sales@phenixautomation.com ,888-699-4624,JAKE RALLI,108667
ADVANCED INNOVATION & MFG. INC,108672,ADMIN@TOTALDEPTHWAREHOUSE.COM,+44 1626 778266,Sales,108672
DRACO SPRING MFG. CO.,108673,JUDYHANYI@YAHOO.CN,1-888-363-7377,Margaret Catellier,108673
EMPIRE LEVEL MFG. CORP.,108674,Donna.Mangione@nypa.gov,610-266-6100,Leroy Ducharme,108674
MVP GROUP CORPORATION,108676,robin.petko@techni-tool.com,315-422-3516,Christina,108676
"AIRBORNE SYSTEMS, LTD.",108677,AR@INSCOGROUP.COM,585-279-0770,SCOTT NUTTER,108677
GS NORTH AMERICA LLC,108678,rgolish@ctmmagnetics.com,888-998-9973,DAVE ROKE,108678
NELSON PAINT COMPANY,108682,Loriaihp@gmail.com,973-257-9332,Sales,108682
ROCHESTER CERAMICS,108688,kcoffin@bretonindustries.com,888-777-4085,CAROLINE BOYCE,108688
NORTH AMERICAN MARINE JET INC.,108696,service@airtexproducts.com,474-7553,USE V#8212,108696
"ASTRO INDUSTRIES, INC.",108700,Jennifer@oakstreetmfg.com,516-582-2080,MATT DEKAY,108700
CADILLAC PRODUCTS PACKAGING CO,108701,jmacfadyen@wendon.net,626-965-8044,Barry Vinson x 324,108701
"AIRGAS USA, LLC - (HOUS)",108702,sales@intercon1978.com,866-888-0303,LINDA BURNS,108702
ALTURDYNE,108704,Chinson@apachemfg.com,920-432-6401,,108704
TLT-BABCOCK,108706,gil.gomez@inteproate.com,310-643-5300,ILAN WEISS,108706
CTM MAGNETICS INC.,108708,rfisales@rficorp.com,763-398-5534,David Sosa,108708
AMERICAN NATIONAL CARBIDE,108709,jimfred@hfi.us.com,636-391-2500,MICHELLE PINIZZOTTO,108709
SIRS NAVIGATION,108711,m.clark@nycom-inc.com,215-657-3660,SALES,108711
LYNCOLE GROUNDING SOLUTIONS,108713,marcovip@marcorubber.com,253-222-1976,Ge Lei,108713
NEW ENGLAND BRAIDING CO. INC.,108714,spnational_1@blomand.net,346-625-5567,Mary Davis,108714
STARR AIRCRAFT,108718,claudiaM@jtdstamping.com,630-879-0900,John Hoffmann,108718
MCKEON DOOR COMPANY,108721,sales@malonespecialtyinc.com,585-427-7780,JOE HERBERT,108721
BRENNTAG LUBRICANTS NORTHEAST,108723,rpatterson@kscindustrial.com,763-428-0020,SALES,108723
BOWMAN LAMPS LLC,108729,service@lexuspartsnow.com,315-432-9001,Bob Eady,108729
BOWES SEAL FAST,108731,swmiller8665@sbcglobal.net,1-778-893-0509,DEAN WEDEKIND,108731
METTLER-TOLEDO LLC,108742,ajferrera@ragdepot.net,+27(0)11 9737260,DUANE RUNDALL,108742
PARASENSE,108745,mehdi@canamidex.com,315-624-2200,"SHARYL GREENLEAF, AR/AP",108745
"THRUSTMASTER OF TEXAS, INC.",108748,dealeraccounts@appliancepartspros.com,570-323-9944,Melissa Martin,108748
"PURITAS METAL PRODUCTS, INC.",108753,SALES@KAMLOKINDUSTRIES.COM,800-722-5273,Erin McAdam,108753
DIEQUA CORPORATION,108755,CustomerService@specline.com,585-298-6239,SALES,108755
"WELLS TECHNOLOGY, INC.",108759,quality@klplastics.com,708-837-2581,LINDA / SALES,108759
DUNCAN AVIATION,108760,JESSES@INTERSTATEPIPE.COM,805-659-3437,Dennis Blakemore,108760
MSHS,108770,inside.sales@dancon.com,585-402-7853,Jim Harvey,108770
NYLOMATIC,108772,lew@unilinkinc.com,800-231-3345,Carmine Federico,108772
SRC TEC,108774,ayanez@brightdeliveryservice.com,315-422-8797,MARVIN LITTLE,108774
ADHESIVE APPLICATIONS,108775,ussales@montabert.com,866-914-1252,SHEILA HERLIHY,108775
WASHINGTON FIRE SAFETY SUPPLY,108777,mary.claar@maximatech.com,800-869-7800,ERIK BALCERZAK,108777
"ENGINEERED PIPING PRODUCTS,INC",108788,streadway@peerlessmfg.com,847-678-5150,CANDY PEREZ,108788
"LEKTRO, INC.",108791,PAULO.CASTELO@NBK1560.COM,219-296-3504,"Nicole Cruz/DianeF,Acct",108791
KEYSTONE PRECISION SOLUTIONS,108794,earl.seltzer@rascp.com,570-822-1151,,108794
RGB SPECTRUM,108795,sales@scheirer.com,800-234-0838,Sandy Nevins business mg,108795
"MERLIN INDUSTRIES, INC.",108798,Kenny@NewCenturyComponents.com,718-842-9180,SALES,108798
"SAFE APPROACH, INC.",108802,GATESFLORENCE@GATES.COM,804-550-2016,DAVID C.,108802
"HOGAN MFG., INC.",108803,bruce@tauntonstove.com,843-824-2052,SALES,108803
THE JAMES WALKER COMPANY,108813,keith@tsperfection.com,856-829-4580,APRIL GIBSON,108813
ECS-TRADING IMPORTS & EXPORTS,108833,SALES@RCFASTENER.COM,714-895-9099,LORETTA SIKORA,108833
PAULI SYSTEMS,108836,glavery@fabmasters.net,315-687-7891,,108836
THERMOPATCH CORPORATION,108840,barbara.panico@geven.com,864-573-1400,Support Desk,108840
"POWERSTAR, INC.",108842,doug@chocks.com,453-7733,BETH,108842
CHASE CORPORATION,108844,dennis.brennan@km.kongsberg.com,978-681-1003,Rogar Smith,108844
"KINEMATICS MANUFACTURING, INC.",108846,marlene@portersealcompany.com,918-587-6649,Carrie,108846
SIERRA MONITOR CORPORATION,108847,mhuff@buckhornrubber.com,757-853-7638,LauraHorton/AlysonSachse,108847
GETINGE USA SALES LLC,108848,acpsouth@acpsouth.com,732-469-2100,CUSTOMER SERVICE,108848
VALLEY TECHNICAL SALES,108849,DCavanaugh@casellaprocess.com,850-344-2450,LISA TURNER,108849
MOBILE CLIMATE CONTROL,108855,joe@pumpcatalog.com,626-336-4502,Mary Lemanski,108855
PK SAFETY SUPPLY,108863,AR@SPECO.COM,800-356-2829,"Maggie Rivera, Credit Mgr",108863
THE PYROMETER INSTRUMENT CO.,108864,**** DO NOT USE ****,437-3311,STEPHEN BROWN,108864
HATLAPA MARINE EQUIPMENT LTD.,108868,christie.weatherman@stren-flex.com,215-675-8670,Chris Kennedy,108868
"OCEAN SYSTEMS, INC.",108869,sales@creativecompositesinc.com,856-803-5300,FEDERICO TOMAGNINI,108869
TECH SOURCE/EIZO GROUP COMPANY,108872,info@stoffel.com ,800-851-4452,Andy Varela ,108872
AMETEK SCP INC.,108873,support@plumbersstock.com,585-247-8130,Peter Merrick,108873
CIRCLE D LIGHTS,108876,ar@standardcal.com,805-922-7076,ACCOUNTING DEPT,108876
DIXIE ELECTRIC INC.,108877,amcgettrick@adsinc.com,248-435-1000,scoleman@smarthose.com,108877
RAILWAY SPECIALTIES CORP.,108879,bhostetter@phillystran.com,864-574-8960,Frank Kazienko,108879
"SSK MILITARY INDUSTRIES, INC.",108889,Charlene.johnston@deuta-america.com,440-833-2120,"Fazeeda Sarju, Sales/CEO",108889
KROHN-HITE CORPORATION,108897,TCA.GlobalPartsQuotes@terex.com,866-833-5338,DAVID GONZALEZ,108897
KARMAN RUBBER COMPANY,108900,ketterent@comcast.net,860-749-6380,ED LOCKLIN,108900
"SITZMAN SUPPLY, LLC",108903,tsilva@highlandtank.com,800-922-3027,JENNIFER PATIKOWSKI,108903
"OK INTERNATIONAL, INC.",108904,noatosha.ham@wasteconnections.com,504-948-8625,Jenn Rhinehart,108904
D.L. MARTIN COMPANY,108905,service@csnoffice.com,888 757-0291,,108905
BOCK WATER HEATERS,108906,johnq@liftking.com;info@liftking.com,805-684-8780,DAWN WALKER,108906
"POWER ENGINEERING & MFR, LTD",108910,sales@deltecco.com,843-464-5359,GARRETT / SALES,108910
"CENTURY SPRING MFG. CO., INC.",108916,info@acrotech.co.uk,011390396016303,ALICIA TAYLOR,108916
GOPHER,108918,info@walthamclocks.com,909-613-5600,ROBIN ROLFE,108918
"RUBBER INDUSTRIES, INC.",108919,emphdwaub@verizon.net,315-255-3403,JOHN BOUCHER,108919
"HYDRATECH, LLC",108920,GARY@ONGHINGE.COM,701-825-6241,Carlos Ortiz,108920
"THE BRASS WORKS, INC.",108923,desiree.guidry@nahi.com,516-417-8359,Nick Johnson,108923
COORDINATED WIRE ROPE & RIGGING INC.,108925,dfitchPBS@GMAIL.COM,562-531-6500,KEN ARENDT,108925
"MICRO-MOUNTING DEVICES, INC.",108926,RYanes@GCSSERVICE.COM,810-949-2410,603-746-6958 (FAX),108926
NAG MARINE,108932,ekuras@hanessupply.com,609-377-4760,JIMMY SCOTT,108932
JOHNSON MANUFACTURING COMPANY,108933,jdufresne@wynit.com,850-398-6622,NICK EGAN,108933
"ADVANCED FLUID SYSTEMS, INC.",108938,cathysullivan@kane-davey.com,908-789-1121,Diane Moore ,108938
MARITIME APPLIED PHYSICS CORP.,108940,SDMMKTG@KINGWOODCABLE.NET,315-256-1896,Richard Easterling,108940
J&N METAL PRODUCTS LLC.,108942,Sandra.Rollin@alfagomma.com,860-242-1080,Dan Honohan,108942
NCH CORPORATION,108946,novaparts@atlanticemergency.com,818-994-0714,MIKE GREEN,108946
SEATS CANADA INC.,108957,sales@instrumentsdirect.com,01197298821018,Lori Christiana,108957
RADIODETECTION,108972,usorderdesk@bobdalegloves.com,913-829-1000,Bob Pollock,108972
BECLAWAT MANUFACTURING INC.,108977,lynette.sandmann@landoll.com,918-258-9386,Lin Pringle,108977
ANSETT AIRCRAFT SPARES & SVCS.,108985,sales@pemro.com,308-324-3751,Sales,108985
"JOHANSON TECHNOLOGY, INC.",108995,sales@weldingdepot.com,281-930-9191,BARBARA,108995
"BENT TUBES, LLC",108997,mandy@jdtool.net,928-772-7605,MARK BITZAN,108997
"CMC RESCUE, INC.",109002,custserv@bylinefinancialgroup.com,619-258-8990,"Paige Caulkins, AR",109002
"RED DEVIL, INC.",109003,insidesales@weishaupt-corp.com,716-692-0010,PATRICIA OLIVA,109003
"MICROTECH, INC.",109004,ajones@allegiancetrucks.com,626-335-4027,"Amie Donaldson, AR",109004
AIRCRAFT FASTENERS INT'L INC.,109007,felix@jenessco.com,803-462-9600,Janice Bolcarovic,109007
ASSEMBLED PRODUCTS,109010,sales@padlokcoutlet.com,800-521-5555,Guido Cappelli,109010
ELECTRO ARC MANUFACTURING CO.,109013,ATURNER@FLUIDSEALINGPRODUCTS.COM,713-641-1791,CUSTOMER SERVICE,109013
HALKEY-ROBERTS CORPORATION,109016,info@leggesystems.com,011441732371100,Sales,109016
THE RELIABLE AUTOMATIC ,109020,KMORGAN@BRANDYWINECOMM.COM,832-520-8953,SALES,109020
"RUBBER & SPECIALTIES, INC.",109025,o.fritz@imdllc.com,800-272-8559,CUSTOMER SERVICE,109025
"CRISTEK INTERCONNECTS, INC.",109029,sales@sauerusa.com,419-425-4800,DEREK WITT,109029
SMITH SPORT OPTICS INC,109033,davidt@americansurplus.com,216-731-1880,SALES,109033
"SECTOR MICROWAVE IND., INC.",109034,VERONICA.COOPER@TRUMETER.COM,954-941-9744,Customer Service,109034
REPAIR TECHNOLOGY LLC,109035,jan.spier@customcrimp.us;ccsales@customcrimp.us,510-661-0950,,109035
HUBBELL INDUSTRIAL CONTROLS,109036,abethke@federalfoam.com,803-416-4068,REZZAN ONAY ,109036
ICON RESEARCH LTD,109039,CUSTSERV@MINCO.COM,315-698-2380,DAN / SALES,109039
"EDAK, INC.",109040,AMERICANRO@AOL.COM ,317-858-8215,Todd Thorton,109040
"TORCHMATE, INC.",109041,mary.bingham@ecscase.com,225-644-5595,Dave Cox,109041
MOHAWK MEDICAL MALL,109042,michelle@otainc.com,509-466-3545,GOV'T BUS CENTER,109042
MACHINING BROKERS & ASSOCIATES,109045,accountsreceivable@thompson-safety.com,910-983-4457,Kathy Parrish,109045
SPX THERMAL PRODUCT SOLUTIONS,109049,cbarratt@he-equipment.com,847-447-3430,Charlie Engfer,109049
CHEMPLEX INDUSTRIES INC.,109050,partssales@bauercomp.com,732-257-0300,Todd ,109050
WALLACE CRANES,109055,keeseeboxco@aol.com,315-638-7197,MIKE TOPOLEWSKI,109055
TAW,109057,ELIJAH.VANSLOOTEN@COREANDMAIN.COM,210-651-6367,BOB GEHARD,109057
TELEDYNE OIL & GAS,109062,DeVereR@starktech.com,800-833-1227,Barbara Zoufalik,109062
ASHBURY INTERNATIONAL GROUP,109065,sales@eastcoasttruckstuff.com,678-666-2001,"Crystal Phelps & Nancy,AR",109065
"MEASUREMENT SPECIALTIES, INC.",109070,Bill@indprecision.com,437-3353,SALES,109070
MEC Inc. - Greenville,109072,info@bankstonspaint.com,315-834-6606,KATHY ROACH,109072
PLANSEE USA LLC,109082,ksanchez@telinst.com,913-236-5858,Sales,109082
ALL ISLAND INDUSTRIAL SALES,109084,sales@mcgunnigle.net,949-222-5777,AARON,109084
JENNY PRODUCTS INC.,109085,*** PHONE & FAX NOT GOOD*** NO OTHER #S FOUND,217 222-5400,Laura Kenyon,109085
VIRGO PRODUCTS INC,109088,smeek@bishamon.com,410-272-9250,NICK / SALES,109088
"HTS-ENGINEERING, INC.",109089,tayers@palmerwahl.com,716-821-0091,Inside Sales,109089
ANDERSON METAL INDUSTRIES,109090,sales@casterconcepts.com,800-323-9562,Julie Talley,109090
"S.I. HOWARD GLASS CO., INC.",109092,accounting@unitedcncusa.com,617-227-1133,SALES,109092
BECKER & ASSOCIATES INC.,109099,radams@aai.textron.com,908-272-9171,,109099
"MOUNTAIN TOOLS, INC.",109101,cengasksupply@aol.com,888-476-3580,BOB HARRIS,109101
DACO CORPORATION,109106,mcorona@vmgeng.com,814-443-2799,George Taylor,109106
SANDSTROM PRODUCTS COMPANY,109109,customersupport@midlandindustries.com,302-266-6555,Jeff Oberheu,109109
LITEWAY,109110,Dennis@trianglefans.com,781-461-4034,Eric Sagastume,109110
"WARTSILA NORTH AMERICA, INC.",109112,ron@bettermowers.com,847-983-4761,Roger Davis,109112
MEI CORPORTATION,109114,TIM@HSLING.COM,310-326-0274,RANI MARTIN,109114
CLEAR ALIGN,109117,sales@accesstruckparts.com,800-523-6871,Michael Randall,109117
MASLEY ENTERPRISES INC.,109119,orders@filterpure.com,800-889-0661,JESUS ,109119
LED LIGHTING SOLUTIONS,109127,kphan@manconix.com,281-496-2233,sales,109127
MARVEL MANUFACTURING COMPANY,109131,epinfo@escocorp.com,800-262-8811,ERIN TRAMPER,109131
"17 MACHINERY, LLC",109138,sfarber@oclugo.com,330-315-1208,Ruth Blazel,109138
VERHILL ASSOCIATES,109141,kris@goffscw.com,262-781-3600,BRIAN ROBERTS,109141
ADVANCED CUSTOM MANUFACTURING,109146,scott-patton@lister-petter.com,281-420-4845,SALES,109146
RP LUCE & CO INC.,109151,ww.allstategasket.com,800-678-6648,Doug Reed,109151
KLX AEROSPACE SOLUTIONS,109156,cvilardi@marchelectronics.com,419-294-2358,Tommy Chapman,109156
ROMANO VOLKSWAGEN,109167,,630-620-6808,CHRIS ALEXANDER,109167
PARVUS CORPORATION,109173,thysee@theleeco.com,419-562-6015,,109173
WHITEHILL MANUFACTURING CORP,109177,onalee@usds.bz,800-882-6414,FAX 215-236-1390,109177
THE MACK IRON WORKS COMPANY,109181,customerservice@surveillent.com,919-414-2724,RYAN,109181
MISTY MOUNTAIN,109190,emisales@emi-marine.com,800-822-0804,FRANCIS MARSHALL,109190
RESEARCH PRODUCTS/BLANKENSHIP,109191,stonegotchalab@sbcglobal.net,949-940-1700,Beryl Jordan,109191
ST CLAIR TECHNOLOGIES,109192,WMPsolutonsLLC@comcast.net,313-398-7144,PETE RIEGLER,109192
HEXAGON METROLOGY/TESA USA,109193,ORDERS@e-erb.com,626-915-5651,BRITTANY BOYLS,109193
POWER-DYNE/BIDWELL INDUSTRIAL,109195,CUSTOMERSERVICE@STRATOINC.COM,888-241-6899,Mike Caputo,109195
SHOP CHEVY PARTS.COM,109204,,203-238-2326,JAN ROSE,109204
LYMAN PRODUCTS CORP,109206,Orders@chandlerequipment.com,401-941-4446,JOHN GILCHRIST,109206
"SUNBELT STUD WELDING, INC.",109207,support@qualityrebuildingservice.com,402-331-1797,SALES,109207
TASCO CORP.,109209,lindsey.hawk@centralwire.com,513-223-8141,JULIE,109209
BANNER INDUSTRIES,109211,GO TO CUSTOMER PORTAL TO CHECK FOR P/N BEFORE RFQ!,414-649-4200,SALES,109211
RF-LAMBDA USA LLC.,109214,mattaliano@jescoamerica.com,210-433-9961,SALES,109214
AMERITAPE ,109215,LBsales@avtron.com,716-805-1555,MATT BAKKER,109215
"TONER CABLE EQUIPMENT, INC.",109218,sales@dawnvme.com,800-457-7673,DAVE BOSHART,109218
"AIR COMPRESSOR PRODUCTS, INC.",109219,SALES@COLEPARMER.COM,860-654-3837,Barry,109219
S&Y TRADING CORP.,109221,moneill@wyliesprayers.com,315-422-3343,ANDREW SUTTON,109221
EMPIRE FOAM,109223,MSHAW@COPPERRUNCAP.COM,559-651-2222,Kevin Keegan,109223
CHESAPEAKE SUPPLY & EQUIPMENT,109225,Vic.Flock@boa-us.com,843-454-2812,TIM JOHNSON,109225
METALLIZED CARBON CORPORATION,109227,quotes@IC2INC.COM ,888-892-8348,Byron Ashley,109227
DIAMOND POWER INTERNATIONAL,109228,hal.linton@karcher.com,763-746-8400,Josh Stultz,109228
WURTH USA,109229,shorner@paneloc.com;Liza@paneloc.com,451-1941,Kevin Smith        ,109229
HAWKER PACIFIC AEROSPACE,109230,carol.gogan@aircraftfast.com,716-822-4167,Joe,109230
JAMISON DOOR COMPANY,109231,drichardson@rgrayclamps.com,936-634-4415,"Katelyn Wright,AcctRep",109231
DIESEL RADIATOR CO.,109235,r_stingu@mmc-cnc.com,800-926-8722,JENNY RIPLEX,109235
TRUST ONE COMPONENTS,109236,sales@oemhardware.ca,01163324126540,ALEX H.,109236
"YATES CYLINDERS GEORGIA, LLC",109239,info@dsi-ltd.com,701-271-9111,JASON SUTHERLAND,109239
METROPOLITAN AIRCRAFT PARTS,109240,info@pumpexpress.co.uk,978-544-8255,SHELBY GAUDREAU,109240
RUGGED PORTABLE COMPUTERS LLC,109243,davisgear@earthlink.net,866-477-7076,BILL PHUNDT,109243
CLEANWASTE,109249,rknapp@syracusethermal.com,011441603907050,Jeff Bond,109249
ROSS ENGINEERING CORPORATION,109251,SUERHYNER@ENERQUIP.COM,203-757-9221,Patti Brewington,109251
"DESMI, INC.",109252,AR@VICTORYTRUCKS.COM OR EHOUK@VICTORYTRUCKS.COM,717-234-4262,Jurgen Verwijst,109252
CUMING MICROWAVE,109256,customer-service@use-enco.com,800-456-0707,April Arnold,109256
NASHVILLE SURGICAL INSTRUMENTS,109258,LHill@polarisconnectors.com,562-634-6300,FRANK BAILEY,109258
COMMERCIAL PARTS & SERVICE,109259,DAN@THECABLECONNECTION.COM,480-833-7578,Scott Jerpbak,109259
ROSEMOUNT INC.,109263,contactus@extremeairservice.com,800-643-0084,AMY BECK,109263
"QUALITY NAME PLATE, INC.",109267,ccrep81@aol.com,800-330-9240,"AmieEahle/Carla Swartz,AR",109267
CWC ELECTRONIC SYSTEMS INC.,109268,Toni@Ramco-SafetyShields.com ,630-516-0400,SALES,109268
PETCO INC.,109270,,614.853.3500,CUSTOMER SERVICE,109270
ENERSYS,109271,***SEE NOTES***,301-261-6550,"Shelly Kaufmann,AR",109271
ALEXANDER/RYAN MARINE & SAFETY,109272,jen@kampi.com,281 479-4600,John McKeever,109272
VOLTRONICS CORPORATION,109277,DWrencher@mmioutdoor.net,817-332-5297,Jim Haspas,109277
"BIOMEDIX, INC.",109278,RAE@AMERICANSEALANDPACKING.COM,800-876-4444,Robert Taylor,109278
HARRISON HYDRA-GEN LTD,109285,info@patriot-supply.com,315-472-8841,PARTS,109285
"THE COBURN COMPANY, INC.",109287,timgriffin@gasfiredproducts.com,231-861-4773,Martin Conway,109287
"LISTER CHAIN & FORGE, INC.",109290,john@rainware.us,949-215-9449,PAMELA BOISVERT,109290
CLARK COOPER DIV OF MAGNATROL,109298,clarus-mfgquotes@colfaxfluidhandling.com,637-4500,PARTS,109298
"HEATERWERKS, INC.",109299,rarduini@callsbm.com,315-858-0696,CORENNE KALLGREN,109299
ENREX CORPORATION,109301,ar@jabar.nolato.com,585-427-2222,Vic Mrocka,109301
BALLYMORE ROLLING SAFETY LADDE,109304,wfowler@pengate.com;ar@pengate.com,320-351-4481,JIM THAYER,109304
GRAYCER PRECISION COMPONENTS,109305,sales@thurmalox.com,475-8477,Marianne Steiner,109305
"WMS SALES, INC.",109313,brian@edcosupply.com,610-834-1900,John Francis,109313
AMETEK TECHNICAL & INDUSTRIAL,109314,Perry.Montague@kele.com,673-4955,Cinthia Rojas,109314
A1 SERVICE.COM,109315,,315-336-0322,Sales,109315
DROITCOUR COMPANY,109318,orders@oberoncompany.com,610-272-8960,Bob Lawrence,109318
HANSEN TECHNOLOGIES CORP.,109320,JOHN@EVERLASTSEALS.COM,800-832-0055,SHAUN GRIFFIN,109320
TUBAR EUREKA INDUSTRIAL GROUP,109321,rdc@protec-arisawa.com,800-382-2405,Steve Evans,109321
HABCO INDUSTRIES LLC,109322,mfg@atlaspolar.com,800-903-5853,BILL HAINES,109322
"BRUSH RESEARCH MFG. CO., INC.",109323,info@crittercontrol.com,330-628-4881,Jeff Randall,109323
E.J. PRESCOTT INC. ,109325,SKEEHAN@HAYNESCORP.COM,518-877-5001,Jay Harris,109325
AMERICAN FASTENER TECHNOLOGIES,109326,kkerr@kvh.com,01197165572707,Nina Khoury  x 402,109326
KOMAR SCREW,109327,sgilder@citrucks.com,604.591.1100, ,109327
"VENCO VENTURO INDUSTRIES, LLC",109328,Martin@jpaerocom.co.uk,713-455-0296,SALES,109328
"THERM-OMEGA-TECH, INC.",109329,jenny@howcodistributing.com,732-679-3366,MONICA FLETCHER,109329
BOSCH AUTO SVC SOLUTIONS,109330,,,,109330
AIR CENTER TOOLS,109334,office@metalmite.com,724-776-4841,GEORGE PATTARA,109334
"CPP-RANCHO, INC.",109335,sburns@permanentmagnetco.com,860-767-8295,Matt Seiler,109335
EATON CORPORATION,109340,comsaco@comsaco.com ,638-1448,JOHN BUSCHER,109340
"ASHLEY SLING, INC.",109341,RETRACORDERS@CURTGROUP.COM,909-987-4721,RONNIE / BRUNO,109341
KIMWOOD CORPORATION,109344,shelley.maddux@us.atlascopco.com,618-451-2907,Shelley Cox,109344
ELECTRO INDUSTRIES/GAUGE TECH,109345,WEBSITE..http://www.coaxial.com,616-997-2211,Amy Ashe,109345
RACEWAX.COM,109349,anna@aerialind.com,262-703-5000,Joe Frank,109349
WPI WARWICK ,109353,sales@gold-line.com,    ,GREG MITCHELL,109353
"ARC-ZONE.COM, INC.",109354,dow.elco@gmail.com,770-664-4744,Gene Stafford,109354
"HY-TECH THERMAL SOLUTIONS, LLC",109356,estimating@carrlane.com for RFQ'S,713-682-8900,JOE VOLTER,109356
R.J. SAFETY,109358,sales@libertylogistics.com,860-236-4266,Gene Napalitano,109358
AIR PRODUCTS COMPANY,109359,cleanair@enginaire.com;r.behnke@airesafeusa.com,315-876-4530,"Terrie Surfus,AR",109359
STOP-CHOC LTD.,109361,theleibercompany@gmail.com,315-682-5656,SALES,109361
IMPACT COMPUTERS,109366,BMay@PivotPrecision.com,757-340-0052,S'leta Ward,109366
MIL-MAR CENTURY CORP.,109368,patrick.mcandrews@ecolab.com,775-883-7878,MIKE HORVATH,109368
VISHAY PRECISION GROUP,109371,info@bindingsource.com,763-784-5531,MJ PATTISON,109371
NICHOLSONS,109372,DEBBIE@BAYAREAGASKET.COM,713-465-1996,CUSTOMER SERVICE,109372
LYON LLC,109376,rfq@mastercraftdefense.com,847-441-2540,Jeanette Becker,109376
MECCOM INDUSTRIAL PRODUCTS CO.,109378,jill@baileyparks.com,800-735-8665,JIM,109378
TRIANGLE MANUFACTURING COMPANY,109379,KOREAPLASYS@GMAIL.COM,315-454-8888,Amy Lambert,109379
DOUGLASS INTERIOR PRODUCTS,109381,sales@electriduct.com,703-225-0025,Raj Patel,109381
"LIND ELECTRONICS, INC.",109388,cjbaker@rolfeindustries.com,254-776-0650,Gil Hodges,109388
ADVANCED CABLE TIES INC.,109389,artp@rl-stone.com,740-437-7614,TIM BLACK,109389
"J BOX, INC.",109390,TSCHULTZ@CURTISSWRIGHT.COM,800-533-0909,Phil Mulvey,109390
"RALBO, INC.",109391,alexander.mazick@vestdavitus.com,952-949-1679,Ron Lawson,109391
WINSTON INDUSTRIES,109395,patflavin@att.net,315-541-4464,Skip Coleman,109395
SOUTHWEST THERMAL TECHNOLOGY ,109396,stevepritchett@antonline.com,972-881-2606,CUSTOMER SERVICE,109396
P.A. ELECTRONICS CORPORATION,109397,lthomas@certex.com,941-753-2199,CUSTOMER SERVICE,109397
GRAYMILLS CORPORATION,109401,info@knoedler.com,616-396-1355,,109401
PINES,109404,jthaker@preeceinc.com,011441206302133,GEORGE MOLLES X308,109404
PHI ,109406,pymm@wesbellinc.com,856-662-5500,DIANA M,109406
LEONARDO MW LTD,109412,jeff.plumb@fwwebb.com,800-636-6680,Rachel,109412
GRACO SUPPLY & INTEGRATED SVC.,109413,**** SEE VENDOR V102951 THEY ARE A DISTRIBUTOR **,437-8281,Bill VanHook,109413
ARGUS FLUIDTECHNIK GMBH,109420,renee.grasmucK@nationalfoam.com,860-379-0761,Dawn Ford,109420
LEDFORD STEEL COMPANY,109421,richarb@mechreps.com,704-841-7744,NEIL NGUYEN,109421
KTR CORPORATION,109424,sales@dm-tools.co.uk,650-344-8228,SEAN HUTCHINGS,109424
FAIRVIEW MICROWAVE,109425,sdodson@goldeagle.com,818-896-0019,Tom Yaroch,109425
JA-BAR SILICONE CORPORATION,109427,info@cpnelectronics.com,316-522-5559,Ken Barnard,109427
"HOLMATRO, INC.",109428,kgarrett@qx.net,978-232-8300,Theresa,109428
LEIDOS,109432,KIMBERLY.POSEY@BOWHEAD.COM,585-293-1688,Jeanette Billingsley,109432
QUADRANT VALVE & ACTUATOR LLC,109433,info@mpecompany.com,614-883-5710,SAMMY KEENE,109433
"TACOMA SCREW PRODUCTS, INC.",109434,celebrationflags@hotmail.com,903-438-3104,LARRY,109434
"REDDEN MARINE SUPPLY, INC.",109438,SDesai@mct-ind.com,814-949-3327,TIM CELL # 704-477-7445,109438
FLUID MECHANICS VALVE COMPANY,109443,jdelano@afbrock.com,866-360-5675,JOHN GUIMOND,109443
"AMPHENOL PRINTED CIRCUITS, INC",109450,,800-925-7665,Christi Cooper,109450
BADGER METER/WYCO TOOL,109452,sales@alphametal.com,410-321-5106,DAN RESCHKE,109452
JAVA FARM SUPPLY,109455,suzanne.kennedy@rexnord.com,215-639-0900,R.R. Schramm,109455
"INTERTEX ELECTRONICS, INC.",109456,rich@wemco-usa.com,800-800-0800,ALDO,109456
"WENZEL ASSOCIATES, INC.",109457,DMcmurray@durhamgeo.com,562-404-6300,Karen Hensley,109457
WEBTEC,109458,MMarcos@teledyne.com,716-674-7990,Lexie French,109458
SMOOTH-ON INC.,109461,peterwestcast@verizon.net,850-574-4700,Mark Pendergrass,109461
THE ORIGINAL SAW COMPANY,109465,spayne@safetysocket.com,954-332-2290,JIM PASTIR,109465
"BARON MANUFACTURING CO., LLC",109466,mrodriguez@athleticconnection.com,513-502-9746,Donna King    ,109466
A & J MANUFACTURING CO.,109467,rsitar@certifiedpower.com,504-365-0001,JOHN HANSON,109467
"CONCUT, INC.",109472,salexander@safetysolutions.com,315-451-7515,Muharrem Yavuz,109472
"HYDREMA U.S., INC.",109488,jpetrone@wwewirerope.com,434-5500,Carolyn / Sales,109488
ACT PIPE & SUPPLY,109490,ashley.shoemaker@usaspares.com,740-255-7993,SHARI SCHIEBEL,109490
"ANTRON TECHNOLOGIES, INC.",109491,accounts-us@webtec.com,716-334-0100,Randy Cherubino,109491
MALWIN ELECTRONICS CORP.,109492,cicotta@lightfab.com,860-688-8361,Vicki Sason,109492
BOATZINCS.COM,109493,mearle@pentalift.com,866-482-4357,"Cynthia Ramirez, AR",109493
FREEMAN MANUFACTURING & SUPPLY,109494,jhahn@ronstan.us,315-450-0243,KEN NUTT,109494
DOUGLAS EQUIPMENT,109495,bill.scheib@ngc.com,315-214-8326,John May,109495
BEAVER-VISITEC INT'L INC.,109499,jmcgrail@bristolbabcock.com,011441925853000,RODNEY KRAP,109499
"CS CONTROLS, INC.",109502,chad@internationalconfig.com,585-719-9720,"Doug Chatwin,II (aka DC2)",109502
"BRACKETT AIRCRAFT COMPANY, INC",109506,ramay@kinematicsmfg.com,828-245-4288,Sherry Potter,109506
"SPEEDY MARINE SUPPLY, LLC",109511,debra@1sourcecomponents.com,231 767 1825,Kevin Bhagat,109511
GEOTECH ENVIRONMENTAL EQUIP,109518,support@eyewashdirect.com,910-259-8603X218,SALES,109518
"AHLERS AEROSPACE, INC.",109523,grassl@systemationinc.com,437 6811,Michale Pitkin,109523
C.T. & ASSOCIATES,109524,cameo@pharmapacks.com,780-447-4566,JORDAN SMITH,109524
Plasan North America,109525,elsner@eaatools.com,716-822-4647,GERALDINE MIKES,109525
"SQUARE DEAL MACHINING, INC.",109530,orders@swivels.com,585-244-1800,Bob,109530
WOLSELEY INDUSTRIAL GROUP,109535,pragas@euronotions.com,224-366-8188,JEFF BYER,109535
I.L.F.C.,109537,dfenyk@iphase.com,214-631-6510,Bill ,109537
"CAAP CO., INC.",109538,jeff.bell@psicases.com,800-328-2448,MEREDITH PETERSON,109538
ULTRA SAFETY SYSTEMS INC.,109539,vickie.crumpler@parasense.com,716-633-1011,SALES,109539
"JEA ENTERPRISES, INC.",109541,RYAN@ALLIANCECONCRETEPUMPS.COM,407-768-7178,Steve Scrobot,109541
"KMPARTS.COM, INC.",109549,ada.wilson@target-specialty.com,410-761-2800,SALES,109549
BLOWERS LLC,109550,lauratristar@aol.com,800-257-8226,Tony Giancola,109550
VJ SUPPLY INC,109551,raque@shelbyindustries.com,323-852-0000,Andrew Hodes,109551
DRS PIVOTAL POWER,109553,*** SEE NOTES BEFORE SENDING RFQ ***,781-447-9900,Petrona Reynolds,109553
SOUND SAFETY PRODUCTS,109554,sales@deaconind.com,570-961-1737,Gary Wolfe,109554
INDUSTRIAL POWER UNITS LTD.,109561,sharon@worthingtondirect.com,800-369-6671,LISA BECKER,109561
"OMEGA PACIFIC, INC.",109568,amcaninst@aol.com,330-424-7248,SALES,109568
"WACO PRODUCTS, INC.",109571,SALES@FILTRATIONUNLIMITED.COM,713-433-7700,SALES,109571
"THE OLANDER COMPANY, INC.",109572,billing@martorusa.com,703-661-0283,Jane Meltzer x119,109572
INDUSTRIAL SEATS/UNITED GROUP,109574,orders@gohandh.com,800-328-3852,SALES,109574
CHUGACH INFORMATION TECHNOLOGY,109575,sales@americanfirehose.com,201-568-1000,SALES,109575
NAUTEL INC.,109576,wacker@meco-bielefeld.de,336-298-1070,Mahaley Bisesi,109576
BALCRANK CORPORATION,109579,info@test-sieve.com,800-662-9567,Ken Grupe,109579
"KTA-TATOR, INC.",109581,mattm@aaaemergency.com,905-791-3195,Victor Valenson,109581
"BEACH MARINE SERVICES, INC.",109582,INFO@SUNHOSE.COM,518-447-6800,Joe,109582
SENTRY SOLUTIONS,109583,THETEAM@EURAMCOSAFETY.COM,866-360-9353,Mark Swinhoe,109583
JMS ONLINE.COM,109586,sales@themcnab.com,903-753-8456,Direct Sales,109586
VIDEO ACCESSORY CORPORATION,109588,steve@stuartind.com,516-536-5755,Rich Jensen,109588
ARMORICA SALES INC.,109592,awoods@paladinbrands.com,855-526-2343,DARREL SCHON,109592
"WICHITECH INDUSTRIES, INC.",109593,soswald@laaluminum.com,513-533-5600,KIRTI SHAH,109593
"NORTHEAST HVAC SOLUTIONS, INC.",109595,sales@globalwebsupply.com,914-762-8700,ERIC MOORE (RFQ),109595
MISSION JANITORIAL ,109596,Kern@Kerneng.com/ sales@kerneng.com,585-444-0880,SALES/CUSTOMER SERVICE,109596
INI POWER SYSTEMS,109597,wardc@islandresearch.net,02222694314,SALES,109597
FJORD AVIATION PRODUCTS,109605,customerservice@garden.com,316-733-0661,SALES,109605
MICROLEASE,109610,sales@equipsupply.com /techsupport@equipsupply.com,860-582-3169,RACHEL,109610
BOATS.NET,109611,,203-756-8437,MELANIE KARIM,109611
BIOQUIP PRODUCTS,109613,KDILLER@ISODYNEINC.COM,631-207-7554,,109613
ADVANCED SWITCH TECHNOLOGY,109615,ar@equipmentshare.com,314-336-3100,Larry Sinsel,109615
TAKATA PROTECTION SYSTEMS INC.,109618,fred@utsllc.ws,631-940-7377,Kim Davis,109618
FILTREX S.R.L.,109621,ORDERS@WMFTG.US,610-845-2211,Mike Harden,109621
"KOCHEK CO., INC.",109624,jmdilligaf@aol.com,731 641-6714,BILL WICKERT,109624
NETEON TECHNOLOGIES,109626,PURCHASING@NATVAC.COM,330-762-1611,June Owens,109626
CBC MACHINE COMPANY,109627,,603-267-8865,NICKY HAYDEN,109627
EMS DEVELOPMENT CORPORATION,109629,chefdepot@yahoo.com,704-847-4406,GOV'T SALES,109629
AMERICAN WARMING & VENTILATING,109631,info@centurytool.net,407-872-1901,Dan Sugg,109631
DATA BUS PRODUCTS,109633,nburke@safewareinc.com,800-866-8100,LARRY COOPER,109633
"HIGHSIDE CHEMICALS, INC.",109638,info@enclosuresolutions.co.za,317-288-3691,JEREMY PILOT,109638
POLY-PLANAR GROUP LLC,109640,sales@isolator.com,701-572-7035,TRAVIS SIMECKA,109640
JORGENSEN LABS,109641,shonickman@wswilson.com,248-651-9415,Patricia Marion,109641
"VORTOX AIR TECHNOLOGY, INC.",109642,bkirst@globalsfc.com,216-383-4023,Andrew C. Ruszkay,109642
ELECTRORACK ENCLOSURE PRODUCTS,109644,david@ldts-law.com,215-223-2600,GOV'T SALES,109644
XENONICS HOLDINGS,109646,,405-672-1221,,109646
"ACE INDUSTRIES, INC.",109647,mquinn@terexlight.com,562-926-3724 ,KEISHA WHITE,109647
CLAY & BAILEY,109651,mdibari@iandisling.com,800-298-7466,Rob Weddle,109651
VICTRON ENERGY,109652,heh@eddevices.com,888-226-4673,EMILY,109652
"DAMPNEY COMPANY, INC.",109653,Teresa.Summers@bourns.com,270-667-7666,MIKE RYPKEMA,109653
HOIST WAREHOUSE,109655,orders@geibind.com,416 609 0137,MIKE,109655
SOUTHBOURNE RUBBER CO. LTD,109657,tkennedy@faxonengineering.com,315-457-3181,Evelyn DeOliviera x 632,109657
GEORGE NABLE ,109669,anthony@supersonicservices.com,011441702600316,DIXIE BROWN,109669
COLOR VISION,109673,collections@milliporesigma.com ,541-390-1664,SALES,109673
OBERON COMPANY,109674,jakardos@gmail.com,585-899-3920,FAX 437-2002,109674
"UDT, INC.",109677,SHECKMAN@FSMITHANDSONS.COM,888-329-6371,RUSS,109677
BIOMERIEUX INC.,109678,info@emeraldscreening.com,888-807-5335,TIM FREEHAUF,109678
TURBO HOSES,109679,stremblay@taimi.ca,210-932-1019,Mary Delarosa,109679
ALL ISLAND EQUIPMENT,109685,louie.shar@cummins.com,682-841-1223,SEE COMMENTS,109685
CHRISTIE & GREY LTD.,109688,mail@interlight.biz,800-320-2617,Jared Carris,109688
ADVANEX EUROPE LTD.,109689,gina.reichard@gadjets.com,800-862-7478,PAMELA JARESKO,109689
GENISCO FILTER CORPORATION,109696,darmon@occorp.com,512-836-6076,Danielle Maimone,109696
ASCOM (US) INC,109698,bburns@lucix.com,888-278-4542,Wayne Arnold,109698
SHINE MICRO,109699,GaryWebb@LBWhite.com,618 654-6559,KAI PAETZOLD,109699
"ORTTECH, INC.",109700,brudolph@rmnewell.com,800-631-1246 ,Sylvia,109700
AUSTIN PRECISION PRODUCTS INC.,109715,carlos@fechometalusa.com,202-390-2504,Dave Bruno,109715
PLASTEX MATTING INC,109729,shery.labrush@ccsi-md.com,585-352-3333,PAT,109729
"HUBER, INC.",109737,info@specialtysaw.com,202-393-5710,JIM SUTTON,109737
"AURA SYSTEMS, INC.",109740,ECHIZEK@BAKER-MFG.COM,315-797-5900,BRUCE ANDERSON,109740
RELLUMIX,109742,pvigliot@andersonequip.com,800-537-8984,DAVID ANDERSON,109742
TEXAS ALMET LP,109746,candice.mirch@nielsenhardware.com,972-556-8500,MOLLIE CARROLL ,109746
"K&L PRECISION PLASTICS, INC.",109748,sales@minorrubber.com,410-771-0380,DEBBIE R.,109748
"SCHOTTEL, INC.",109749,Tia.Trine@spartanchassis.com,573-765-4193,Peter Coates,109749
RANCO PARTS,109750,jwolf@colt.com,315-476-4021,ALEX,109750
FORE AND AFT MARINE,109751,www.ncst.com,713-849-9992,Garrett,109751
SPIRAL METALS,109764,vikingfender1@yahoo.com,716-334-5970,BRIAN HOHMAN,109764
GENERATOR JOE,109765,BRYANBORG@JOLLYFLEXUSA.COM,231-779-4390,Ron Carrieri,109765
ALTERNATE FORCE,109767,ThermoInst@aol.com,281-487-9222,MICHAEL SILVESTRI,109767
BOYCE EQUIPMENT & PARTS CO.,109768,tom@impautousa.com;tracy@impautousa.com,310-224-7312,Bill Oliveri,109768
"AMETEK AMERON,LLC/DBA:MASS SYS",109770,resser69@gmail.com,800-376-8415,Louise Harper,109770
"MASTER BOND, INC.",109771,RAY@METAL360.CA,315-437-9967,Rhonda Baker,109771
"BECKMAN COULTER, INC.",109773,parts2@spencerdiesel.com,505-839-6000,Anna,109773
"MAN OF RUBBER, INC.",109774,accounting@texasflange.com,87-943-6826,Joan Jutz,109774
"EPOXY TECHNOLOGY, INC.",109775,bwhittlef@hipco.com,850-871-4777,Patty,109775
HEICO AEROSPACE (1NB18),109776,rracha@indiansprings.com,540-665-0100,Joel Prowant,109776
AMEC FOSTER WHEELER,109778,peter@mcgillhose.com,209-575-7454,Scott Hopkins,109778
GAST MANUFACTURING INC.,109781,JonahBrooks@lockmasters.com,562-426-9411    ,MATT MURPHY ,109781
RH PRODUCTS,109783,sales@lakecompany.com,315-635-1628,Carol Bierach x 6973,109783
WALTER SURFACE TECHNOLOGIES,109784,BMcQuerry@heico.com,715-394-4444,Andre,109784
"BRON AEROTECH, INC.",109785,orders@bullard.com,201-934-9518,Marla Lan Franco,109785
NICOMATIC NORTH AMERICA,109786,sales@fcp-filters.com,877-586-6366,Trey Henderson,109786
ND INDUSTRIES - EASTERN DIV.,109789,PARTS@NFESALES.COM,877-283-2412x172,Kevin Schmidtz,109789
"CLEARLY SUPERIOR TECH, INC.",109792,KENNY.PARZYCH@ITT.COM,800-247-2185,Vince Cardwell,109792
POKORNEY MANUFACTURING CO.,109793,kunal@mbexports.com,626-446-6175,John Tracey,109793
"MEGA FLUIDLINE PRODUCTS, INC.",109794,jpompey@johansontechnology.com,713-844-2259,Mike Cook,109794
PIONEER WESTON LTD.,109795,"rich@hillmanbrass.com, eds@hillmanbrass.com",201-234-1750,JOE CIEMONA,109795
"DAVID BROWN GEAR SYSTEMS, LTD.",109796,parts@cosmodyne.com,989-777-5500,Terry,109796
COMBAT MEDICAL SYSTEMS,109797,ron@portablerestroomtrailers.com,011441406381322,J.D.,109797
CATERPILLAR DEFENSE & FEDERAL,109806,info@easykeys.com,832-875-9178,,109806
WEST MARINE PRO,109810,TERESA.DUHAIME@AIR-VAC-ENG.COM,800-447-3516,Lyle Ranstrom,109810
"OWEN'S FASTENERS, INC.",109815,sales@calinst.com,610-265-1111,"MAX FRANK, COO",109815
"ATHENA CONTROLS, INC.",109828,kmettrick@davis.com,800-237-9012,Max Hoover,109828
AIREX RUBBER PRODUCTS CORP.,109837,UPSParts@eaton.com,574-294-2684,Casey,109837
EUROMOTORS S.R.O.,109838,MCCARTHYS@ROGERSON.COM ,978-897-8000,CHARLIE,109838
HUSSMANN PERFORMANCE PARTS,109840,elewandowski@forestcityco.com,800-527-1168,Jeff,109840
ALBERT JAGGER LTD.,109841,sarah@kolstad-fiess.com,800-691-4230,Dan Gramm,109841
ADVANCED COMPONENT TECHNOLOGY,109843,ajmapope@bell.net,412-261-9122,CUSTOMER SERVICE,109843
"PROPULSION TECHNOLOGIES, INC.",109844,lcelis@wirelessguys.com,315-656-2214,ROBERT HOLEVA (DUKE),109844
HARLTON'S EQUINE SPECIALTIES,109847,master@mastermfg.com,800-237-7079,SCOTT ROLSTON,109847
TD SYNNEX CORPORATION,109853,Sales@Sonfarrel.com,800-800-8300,LOU THOMAS,109853
CARTER BAG INC.,109855,brian@pringlesdirect.com,800-326-0006,SALES,109855
PS DOORS,109856,rcharles@omega.com,215-682-2090,SALES,109856
"ARGON MASKING, INC.",109859,greg.cavanaugh@dlt.com,941-803-0160,Matt Raines,109859
JET EDGE,109861,MPYLE@AQUA-CHEM.COM,800-933-2000,CUSTOMER SERVICE,109861
HYSTAT HYDRAULIC CYLINDERS,109862,john@pearlandgasket.com,800-283-6111,Pat,109862
PIONEER PLASTICS CORP,109872,astagg@racerinternational.com,414-771-4150,Scott Randolph,109872
TECHNICON ACOUSTICS,109877,KPRENDERGAST@USHOSE.NET,716-875-6511,Debra Young x220,109877
PANAKEIA LLC,109885,sue@fairbankscasters.com,416-361-9509,Eileen,109885
"LXD RESEARCH & DISPLAY, LLC",109887,sales@aes-support.com,323-420-3707,Len Guerra,109887
"EMPIRE TECH SOLUTIONS, INC.",109888,CSOBIESKI@TEACHERSDISCOVERY.COM,973-589-4100,WILLIAM JERSEY,109888
"SHELLHAMER ENTERPRISES, INC",109889,sales@twdesignmfg.com,909-597-4889,BRYAN KELLY,109889
"FORCE AMERICA DISTRIBUTING,LLC",109892,sparesorderprocessing@boeing.com,708-948-7600,Jackie,109892
GYRO SYSTEMS CO.,109894,chuck@tri-county-tool.com,315-796-4587,Marlene Glavy,109894
CURTISS-WRIGHT CWDS SALES,109896,hebell@hydroblaster.com,800-848-6564,Don Looyer,109896
"PACIFIC CARGO CONTROL, INC.",109901,jmedin@ibuyofficesupply.com,215-333-2000,Sales,109901
OPAMP LABS,109902,GMPARTS@DVOFFERS.COM,800-972-3800,CHRISTINE FAULKNER,109902
TEAM INDUSTRIAL SERVICES,109905,info@leatherman.com,937-293-1341,DENNIS CABRAL,109905
HOT AND COLD CHESAPEAKE,109906,scot.crum@meas-spec.com,800-222-5261,BOOTS BOENIG,109906
"NSGDATACOM, INC.",109907,jbutner@klingecoatings.com,877-455-5969,BRIAN RILEY,109907
NAV-AIDS LTD.,109910,kancona@acmepumpparts.com,800-877-5242,Pat Ganley,109910
CERAM-KOTE COATINGS INC.,109912,LM_CUSTOMERSERVICE@LUCASMILHAUPT.COM,970-731-4280,Cliff Coffey,109912
"AREMCO PRODUCTS, INC.",109913,CEA@MADISONCO.COM,336-499-2500,CANT USE THIS VENDOR ***,109913
MOTION INDUSTRIES (LOCAL),109917,Dennis.RuppSafety@gmail.com,800-577-6389,JANET WEEKS,109917
POWERTEK USA INC ,109919,sondra.shepardson@wlv.com,951-674-0681,Mike Stelmack,109919
SAE PRODUCTS ,109922,dcook@deangelomarine.com,800-360-8853,Brian Russel,109922
KEENEY MANUFACTURING CO.,109926,das@tjmdrilltools.com,330-678-2511,MELANIE RICHARD,109926
"GE INSPECTION TECHNOLOGIES, LP",109927,cpier@fivestarequipment.com ,800-797-7002,Carol Davis,109927
GOODRICH INTERIORS SPECIALTY ,109928,sales@marineelectricsystems.com,918-665-6888,Ken Levey,109928
"TNR TECHNICAL, INC.",109933,sales@titusco.com,845-359-6066,ROBERT LATIMER,109933
RHP INTERNATIONAL,109934,sales@pecaproducts.com,330-725-6620,Parts/ Daryl,109934
"FPM, INC.",109935,support@filtersolution.com,516-234-4447,BRUCE WAY,109935
SURFACEWORX,109936,kellymccarthy@spba.net,800-645-2833,Jennifer Scotto,109936
PRO DYNE CORP.,109937,northeastus@txtav.com,770-763-8331,Bob Schraff,109937
NORTHERN ENGINE & SUPPLY,109941,BRITTANY@WCC-MFG.COM,732-560-1240,Bob Liebman,109941
HORNER AUTOMATION GROUP,109947,JimC@cilinc.com,585-223-8337,KAREN HARPER,109947
NOSKE-KAESER SERVICE GMBH & CO,109948,Lisa.Tower@peaktech.com,716-632-0662,ANGELA,109948
FLOWSERVE U S INC,109963,sue@earthquake-management.com,775-881-3679,"EMILY BERGER/CrystalB,AR",109963
"MOYER & ASSOCIATES, INC.",109964,THERRINGTON@MULTIVIBE.COM,800-651-4464,Carole Hall,109964
TRISTAR PLASTICS CORP,109965,TRANSACTIONS@EXOSTAR.COM,518-747-4171,SAM CUCCI,109965
UFP TECHNOLOGIES,109972,Peter.Campbell@Ferguson.com,727-397-6076,JIM LOIZZO,109972
"LAW ENFORCEMENT TARGETS, INC.",109980,jayc@reddenmarine.com,314 867-1100,ROB GUGLIELMI,109980
"MACKAY COMMUNICATIONS, INC",109981,info@indigo.com,610-272-7900,ANTHONY AGUILAR,109981
BEIER RADIO/SENTINEL CONTROL ,109982,mark@dsclabel.com,603-224-9988,CUSTOMER SERVICE,109982
ALLIANT ENTERPRISES LLC,109984,chad.l@zinterhandling.com,716-875-9100,Angelina Cudworth,109984
PEAK SUPPLY COMPANY,109988,sales@temppress.com,330-792-1977,Alex,109988
KAL PLASTICS,109989,sales@fotronic.com,315-461-0430,GEORGE WINTHURST,109989
VETROTECH SAINT-GOBAIN,109990,info@columbiasinks.com,800-445-1141,Danielle Wright ,109990
SHOPAID INCORPORATED,109991,sales@ie-central.com,310 212-5051,Logan Zigila,109991
ALCO VALVES,109993,kbhagat@electroind.com,661-327-9588,JIM PRIOR,109993
TECHNA NDT,110001,mzeitlin@aurasystems.com,484-956-0510,DAVID LEE,110001
ADVANTAC TECHNOLOGIES LLC,110003,Mmusto@associated-aircraft.com,415-332-3030,SALES,110003
GEODATA SYSTEMS MANAGEMENT INC,110005,WWW.WAJAX.CA,217-324-6577,Gregory Wainwright,110005
"EVANS COATINGS, LLC",110006,msullivan@issc.com,314-290-3300,REUBEN MENDEZ,110006
"INDUSTRIAL DRIVES, INC.",110010,orders@masterduct.com,763 585-5800,Debbie Evans,110010
PIEDMONT PACIFIC CORPORATION,110013,AR@PBCLINEAR.COM,888-447-6441,Amanda Laughlin,110013
LIFEPORT INC.,110014,sbocchieri@peerlesselectronics.com ,305-420-6096,GRAYDON BLAIR,110014
STAR MARINE DEPOT,110019,ksnyder@pinestech.com,4102976550,KEN YORK,110019
HYDRAMEC LIMITED,110024,lori.beans@howden.com,800-229-9457,"Tim Bollinger, Sales",110024
MONTABERT,110026,priley@mohawkrubber.com,505-884-0000,Jeff Warzala,110026
ECONOLINE ABRASIVE PRODUCTS,110031,paul.stack@flowreps.com,797-1714,ADAM MAY,110031
BLOOM MANUFACTURING INC.,110032,websales@galco.com,817-465-9880,Chuck Hassler,110032
HEATEC INC.,110034,sales@miltonindustries.com,336-342-0306,Celeste,110034
AVL TECHNOLOGIES,110037,sales@ibuystores.com,717-854-3875,SHARON HUGHES,110037
DE NORA WATER TECHNOLOGIES TX,110039,AR@STILLCHAMPION.COM,408-986-8031,DIANE DEROSA,110039
PCX INC.,110043,rock@europlugs.com,281-464-7373,BILL STOLLBERG,110043
JDSU,110044,ACCTG-AR@BOURN-KOCH.COM,316-943-2247,DAN KNAPP,110044
KP INDUSTRIES,110045,sales@dklokusa.com,518 664 6161,LYNDON WALPOLE,110045
FIAMM TECHNOLOGIES LLC ,110051,sales@advancedplatingtech.com,800-382-9335,SALES,110051
K&J MAGNETICS,110055,opsmanager@hydraulichose.com,215-540-9928,Peter Buccino,110055
CORTLAND COMPANY,110056,sales@southwestwheel.com/breagler@southwestwheel.c,450-444-2222,RUTH DREMANN,110056
"AKO, INC.",110059,j.pastir@homewoodsales.com,866-403-4766,CHERYL / SALES,110059
ARMAGEDDON GEAR LLC,110070,service@jgisupply.com,800-433-2297,MRS. NADIA BOSI,110070
QUAL-TRON INC.,110076,sales@trolmation.com,713-467-3226,See Comments,110076
AEROSTAR INTERNATIONAL INC,110077,sales@sgmcoinc.com,661-295-8620,PARTS,110077
SPOKANE INDUSTRIES,110085,ttroia@mohawkglobal.com;ECook@mohawkglobal.com,800-504-7435,KC,110085
PCB PIEZOTRONICS,110086,Leamon.Manley@swagelok.com,973-386-9696,Jessica Kiuber,110086
"HTC-HOT Tool & Cutter, Inc.",110088,ccmfgco@aol.com,323.254.6161,Jeanne,110088
"LATCHWAYS, INC.",110092,kporter@proponent.com,800-328-5224,SANDY SPALEK,110092
KENTEK ,110093,Shelby.L.Hanrahan@EMCIns.com,708-860-9090,DOUG BRAND,110093
GURMAN CONTAINER & SUPPLY CORP,110099,Orders@pricepump.com,631-249-1011,Keith Hinkle,110099
HILLER SYSTEMS,110102,BBolton@anchorfab.com,603-742-1581,Cheryl Koenig,110102
"MARSH INDUSTRIES, INC.",110104,Tony.Quintana@alacorporation.com ,701.642.8820,PAUL CLARK,110104
KNF NEUBERGER INC.,110117,email: ncanela@min-e-con.com,315-422-1076,"Mike, CustServ/AR",110117
BRACO MANUFACTURING CO.,110118,hbrockman@gearup2go.com,315-478-2169,"Joe Washam, b gillispe",110118
"IRVAN-SMITH, INC.",110125,Michelle.Morris@brucesupply.net,248-676-9141,Sharon Scheenman,110125
"SHORTRIDGE INSTRUMENTS, INC.",110126,sharonmmcguire@eaton.com,800-333-6677,Dave Adkins,110126
FREDLOV INC.,110129,kim.morrison@seacopartsintl.com,850-626-7211,LEAH CAQUIAS,110129
LIFESAVING SYSTEMS CORP,110130,phillipsassoc@broadnet.net,800-828-7540,NEAL BATEL,110130
MONTGOMERY CHEMICAL INC.,110131,annie@masterbond.com,631-234-1717,SALES,110131
COLADONATO & C SNC,110134,classoc@aol.com,607-733-7121X200,JIM HADER/T.J.,110134
AM EQUIPMENT,110135,JEFF@FREEMANSCALE.COM,262-252-4301,Volker Nuss,110135
"MITSUI SEIKI (USA),INC.",110137,gregf@thehoseguys.com,212-741-0063,Detlef Koslowsky,110137
AMREL,110140,dawn.heitzman@collins.com/james.johnson2@collins.,651-455-4510,Joanne June,110140
ALLEN & ALLEN COMPANY ,110141,steven.adam@aarcorp.com,201-880-9137,ROGER WEISS,110141
CALICO LADDERS,110147,tarpsplus@yahoo.com,314-894-5500,Mike Jordan,110147
MAGNET SALES & MANUFACTURING,110153,john@workforecompliance.net,800-535-2711,Sales,110153
NICHOLS NET AND TWINE,110156,marylou@rochester.rr.com,476-8356,Arcangelo Capozzolo,110156
B-K LIGHTING ,110160,Maureen.udy@airborne-sys.com,607-753-6041,Cindy Staton,110160
"MANCONIX, INC.",110161,emma@deltec-hose.com.tw,604-521-1170,Laura Leland,110161
MICHELL BEARINGS/ROLLS-ROYCE ,110163,cthompson@amerisafe.net,717-899-7551,Bob Reyna,110163
"MICROWAVE PHOTONIC SYSTEMS, IN",110167,lunkovich@trimlok.com,800-466-9780,FRED SANSONE,110167
XYLEM INC.,110173,Isabella.Zimmer@centralwire.com,451-5059,JODI MEYER,110173
"IKEGAMI ELECTRONICS(USA),INC.",110177,jhullinger@muellerwp.com,855-272-1900,LESTER THEODORE,110177
HAYWARD INDUSTRIAL PRODUCTS,110183,cisco@router-switch.com,281-331-1600,TERRY FRAZIER,110183
"LEXTM3 SYSTEMS, LLC",110184,dennis@mainandpinckney.com,800-837-4966,Kirk Wimer,110184
RSL ELECTRONICS USA INC.,110185,alejandro.lora@sanmina-sci.com,614-539-2100,Peter Esterquest,110185
"NILFISK-ADVANCE, INC.",110187,lidia@landmparts.com,330.794.8700,Jamie Carew,110187
ACME CRYOGENICS INC.,110191,*** MUST USE E-MAIL ***,888-707-8273,Bill Snyder Jr.,110191
TECH SERVICE PRODUCTS INC.,110192,DANIEL.ROARK@IRRSUPPLY.COM,800-631-8114,Mike Gavagan x 7108,110192
ENGILITY LLC,110195,opamplabs@gmail.com,630-365-5200,SALES,110195
BRUCE'S CUSTOM COVERS,110207,SHANNON.W@PACMETAEROSPACE.COM,800-526-6288,JEAN HERMES,110207
DAYTON SEALS & PACKING CO.,110208,tnelson@midalloy.com,519-745-7391,SALES,110208
NORDSON EFD LLC.,110209,Renee@aquatrol.com,818-559-9783,ALLEN BEGNOCHE,110209
GOV'T SECURE SOLUTIONS CGI,110210,ryan.stott@grainger.com,315-243-6193,Al Stick,110210
LEISTRITZ ADVANCED TECHNOLOGIE,110218,Lori.J.Bates@rexnord.com,800-235-4632,Mike Sethi,110218
"STROHMAN ENTERPRISE, INC.",110219,jfburns@prtcnet.org,773-463-3400,Jack Hannon,110219
"BOSCH PACKAGING SERVICES, INC",110227,mchipolone@hosemccann.com,401-828-7600,Larry Aber,110227
ECOLAB,110230,calo@best-bath.com,315-536-7485,Lisa Montecalvo,110230
"W.S. HAMPSHIRE, INC.",110231,AFRELING@BECKERANDASSOCIATES.COM,888-252-9300,Charles Knoblach,110231
EXIDE TECHNOLOGIES,110234,CSMITH@WAGGONERSTUCKING.COM,215-256-0201,Ben Naimoli,110234
SPACE METAL FABRICATORS,110236,info@younits.com,763-295-2162,DOMINIC ALEXANDER,110236
"PCC STRUCTURALS, INC.",110237,amacke@sealanddesign.com,909-923-7800,Nancy Tipitino,110237
BARFIELD INC.,110238,lritchie@pittohio.com,630-871-0147,Dennis ,110238
SAND PROFILE INC.,110239,EMMA@SKYTECH-MFG.COM;stark@skytech-mfg.com,463-7333,ROB BLANK,110239
E & H LAMINATING & SLITTING CO,110240,Margaret@bulbspecialists.com,972-225-4271,Mark Wakefield ,110240
WEEMS INC/DBA LEGACY MFG,110241,jrineberg@shellyinc.com,607-739-3821,Sales,110241
NOVA ELECTRIC,110246,,877 452 4910,SALES SUPPORT,110246
ARTEC MACHINE SYSTEMS,110247,sales@technandt.com,800-558-5990,JERRY KUNKLE,110247
STRATASYS INC.,110248,GENERAL@GTWYLOGISTICS.COM,678-228-8153,Kay Waack,110248
"CAMFIL USA, INC. SYRACUSE",110249,bwhittemore@cahabamedia.com,845.575.6955,Customer Service,110249
ENGINEERED TEXTILE PRODUCTS IN,110252,BWINDSOR@ARROWSAFETYDEVICE.COM,972-241-2321,MATT WARD,110252
"MERCATUS INT'L MARKETING, INC.",110253,melissa.hammond@kalmarrt.com,469-4769,JOSH BELIN,110253
AMERICAN INDUSTRIAL MATERIAL,110254,sales@faria-instruments.com,800-223-3414,Laurie Wood,110254
GEISSELE AUTOMATICS,110260,pokorneymfg@yahoo.com,732-449-4211,GREG GRAVES,110260
HOUSTON CABLE & CONNECTOR,110261,tammy@valterra.com,734-827-4777,JAYME BROOKS,110261
HARD DRIVES DIRECT,110262,sales@jamesduva.com,800-453-7379,STACIE / SALES DEPT.,110262
JOMY INC.,110265,janderson@senett.ca,315-457-3388,Robbin Lawrence,110265
ATLAS POLAR COMPANY LTD,110274,Brendan@onboardsystems.com,471-3181,SALES,110274
"NATIONAL MAGNETICS GROUP, INC.",110275,jhanson@harborlinen.com,254-799-0232,Kellie Constance,110275
STAGE 8 FASTENERS,110276,Acct #283907, ,CAROLYN MCARNEY,110276
"MICROMOLD PRODUCTS, INC.",110280,ken@diamondsystems.com,800-883-0553,JAYE SALTER,110280
GLOBAL LOGISTICS SUPPORT GMBH,110286,sales@shallco.com,219-665-6246,DAN VERNA EXT. 1165,110286
TRI COUNTY TOOL INC.,110290,Steve.Shea@amadamiyachi.com,800-851-5181,LILIAN LEE,110290
AMERICAN-MARSH PUMPS,110293,customerservice@idealtridon.com,406-284-4460,Jack Alexander,110293
CAM LOCK LIMITED,110295,sales@surfacetechnique.com,520-287-5847,DAN,110295
GASKET SPECIALTIES INC.,110297,alambert@tateandale.com,330-733-7921,DENISE HUNTER,110297
SPECIALIZED PRODUCTS COMPANY,110298,DJARVIS3@COX.NET,863 665 3601,JOHN TAGLIAFERRI,110298
METALCRAFT TECHNOLOGIES,110307,payments@bitly.com,315-418-7364,FRANK OETERLE,110307
VALIN CORPORATION,110308,sales@mavikmarine.com,573-334-4991,ED BROSIUS,110308
AXSON TECHNOLOGIES US,110319,THEODORE,262-634-5579,alicia,110319
B/E AEROSPACE SYSTEMS GMBH,110320,PCASPCASTELO@SJTINDUSTRIES.COM,800-458-8763,Larry Schneider,110320
J6 POLYMERS LLC,110321,thomas.fisher@jesco.com,843-537-5231,Jim Randle,110321
SVP MANUFACTURING,110326,sales@bungeeco.com,305-371-7694,"Teresa Bryant,AR/PamDavis",110326
AKROCHEM CORPORATION,110342,kim.wessel@heapg.com,800-444-0294,Ralph,110342
"TERRY'S MACHINE & MFG., INC.",110348,MLAFLEUR@LOCKTON.COM,703-519-0200,PHILIPPE COURTIAL,110348
"E.J. WILLIS CO., INC.",110350,cindy.fitzgerald@pentair.com,586-726-4031,SHANTI SATRA,110350
"KERN STEEL FABRICATION, INC.",110351,supportservices@marinepowerservice.com,800-231-3222,VICTOR BALL,110351
INDEPENDENT HARDWARE INC.,110355,rgoetz@georgemyerco.com,888-426-9488,Ron Harrell,110355
PALM BEACH COMPONENTS INC.,110356,sales@rocketseals.com,334-284-8665,Jamie Wigderson          ,110356
R.M. YOUNG COMPANY,110357,bsteiner@grayusa.com,406-451-0039,SALES,110357
DYNATRONICS,110368,tammy.cox@grote.com,760-240-1355,sales@softballfans.com,110368
COLOC MANUFACTURING,110369,w.bartlett@supply.com,360-860-7300,Burt or Matt,110369
EPAINT COMPANY,110370,ejwillis@ntcnet.com,713-672-9345,Bill Betley,110370
R & P TECHNOLOGIES,110371,glenn@chemguard.com,(330) 239-1781,Marianne Watson,110371
MERSEN UK TEESSIDE LTD,110384,Joseph.Jordan@wescoair.com,609-860-5666,Sharon McGuire,110384
OPERATIONAL SUPPORT GROUP LLC,110390,rbtowne@mmm.com,704-336-2101,BOB KIRST,110390
"ALLIED POWER ASSOCIATES, LLC",110392,terryb@hjkirbycorp.com,603-886-2298,Loree Calderon,110392
MARCO RUBBER,110396,carlton@air-compressor.com,818-767-0777,MARY LEE ARMIGER,110396
MILITARY PARTS EXCHANGE LLC,110398,SALES@AIWALTON.COM,940-898-8301,HALLIE FRY,110398
PEERLESS WINSMITH INC.,110401,accounting@gaylordmarine.com,908-574-2400,DEBBIE SERAFINO,110401
ITC INCORPORATED,110404,info@browncarbonic.com,585-467-7850,CHRIS ARAPOGLOU,110404
AERO FLUID PRODUCTS,110405,sales@kentak.com,337-365-1100,Jennifer Recio     ,110405
LINDSTROM WHEELHORSE,110406,kburns@hawkworld.com,817-293-4220,Mitch,110406
GRAFLEX INCORPORATED,110407,RKNOWLES@PROCONSYSTEMS.COM,800-236-9278,SALES,110407
RATHBUN ASSOCIATES,110408,orders@pipusa.com,813-472-7550,Mike Gismonde,110408
NIXALITE OF AMERICA INC.,110410,rocky.banda@austinhose.com,817-877-5641,Sheila Kadet x 7729   ,110410
SAF-T-LOK INTERNATIONAL CORP.,110426,northeastCS1@worldwidefittings.com,450-246-3865,GREG BARTL,110426
VENUS POWER-COM SUPPLY,110427,SDennis@jwalterinc.com,201-794-9588,Greg Hicks,110427
NATIONAL BOLT & NUT CORP.,110428,advancedstainless@verizon.net,732-545-7223,HILLARY WHITLEY,110428
COLMEK,110430,sales@synaflex.com,410-272-2224 x15,AR / Sales,110430
MP FILTRI USA INC.,110443,SUITSCLAMPS@BELLSOUTH.NET,800-648-8648,PARTS SALES,110443
LECTROTAB,110458,marianne@steinerind.com,704-889-2292elec,Scott Endries,110458
ADVANCED COMPOSITE PRODUCTS &,110461,simtex13@gmail.com,630-350-9470,LARRY NUNNERY,110461
EPOXYSET INC.,110462,jrwood@j6polymers.com,256-383-5040,BERT WILKIE,110462
TIEWRAPS.COM INC.,110472,jsvehla@mestek.com,319-363-8561,TIM / SALES,110472
"EASTERN AERO MARINE, INC.",110475,fpease@BHLawPLLC.com,800-487-7493,Jeremy,110475
ARA D/B/A SEAVEY ENGINEERING,110482,quantitydiscounts@harborfreight.com,909-627-2453,Robert Stein,110482
"LINDSTROM EQUIPMENT, INC",110484,seno@seweurodrive.com;acctbport@seweurodrive.com,541-708-0260,RICHARD RAND,110484
STANWADE METAL PRODUCTS INC ,110495,ethan@streamlinefiltration.com,609-799-0100,TOM ORIENT,110495
REPUBLIC LAGUN MACHINE TOOL,110497,sales@aerospecialties.com,931-684-0941,Maribel Cantu,110497
AUTOPLICITY,110498,SALES@TRI-MAG.COM,817-460-7842,CUSTOMER SERVICE,110498
THE WASSER CORPORATION,110507,wayne@reuland.com,0114539673605,Heidi Schramer,110507
HERESITE PROTECTIVE COATINGS ,110513,speedymarine@gmail.com,516-371-3330,MIKE COLLINSWORTH/DAVE ,110513
INTERNATIONAL CRYSTAL MFG,110530,TRUIZ@PRECISIONSAFETYPROS.COM,480-420-4044,SUSIE FREITAS,110530
"SABINE UNIVERSAL PRODUCTS, INC",110531,MAIN # 800-221-3688,800-848-0756,Len Spence,110531
VIKING SUPPLYNET,110534,ORDERS@DAVENPORTASSOCIATES.COM,457-2074,Eddie Fegan/Parts,110534
HYDRA-BRAKE INC.,110535,lgrose@midwestcaster.net,202-484-1400,Henry Dehr,110535
MEMORY4LESS,110538,mpaquette@fematics.com,713-984-2010,Tyler McClellan,110538
ARROWHEAD ENGINEERED PRODUCTS,110539,jay@dfbrandt.com,800-514-4106,Tom Roberts,110539
CISCO-EAGLE,110547,info@suspensionconnection.com,520-887-2400,DAN KEPNES,110547
MATUSE INC.,110548,sphifer@iskco.com,1-803-789-3363,"BRYON HOFFMAN / AmyM,Acct",110548
ENVISION INDUSTRIES INC,110562,lee@ameripack.com,978-974-1314,John Jones,110562
COMPRESSOR ENGINEERING CORP,110564,GAIL@DURAFLEXINC.COM,626-442-7561,Joseph Fiorentino,110564
"GEIGER ELECTRONICS, INC.",110567,afriol.fleet@gmail.com,800-619-0017,,110567
"DELTA INTERNATIONAL, INC.",110571,ron@rmmachine.com,440-729-2616,SALES,110571
APPLICATION EQUIPMENT,110572,dhpsales.na@parker.com,516-933-4900,Gordon Braid,110572
"AQUA-AIR INDUSTRIES, INC.",110575,info@vegaswirelessus.com,315-635-1789,RENN THOMAS,110575
TK ENGINEERED PLASTICS ,110585,sales@southlandtool.com,219-844-4224,Renee Rettberg,110585
"IC-FLUID POWER, INC.",110586,***DO NOT USE**PER SHIRLEY DAVIDSON***,905-886-2591,KEN BOSCHERT,110586
HAWAII CHEMICAL & SCIENTIFIC,110589,heatherl@monaco-inc.com,315-455-7014,TED GOMEZ,110589
TTM TECHNOLOGIES,110592,JIM@SUR-FITUSA.COM,574-234-0700,DAVE SMITH,110592
R&D FASTENERS,110599,info@trucknvans.com,817-572-3003,JANET BENNETT,110599
VANTAGE ASSOCIATES,110600,mknight@knightaerospace.com,800-836-0413,Fred Streif,110600
"KINGS POINT MACHINERY, INC.",110601,david@diggerparts.net,704-576-3908,ROB SWIFT,110601
AVIATION SPECIALTIES UNLIMITED,110607,sales@hoseandfittings.com,703-917-9171,JARED SCHMONER,110607
"EASTERN METAL OF ELMIRA, INC.",110608,ar@magnumlog.com,201-482-5070,TIM COLE,110608
"ZENITEL USA, INC.",110609,brian.valaitis@mooremedical.com,716-741-9575,TOM TAVENNA,110609
GEVEN S.P.A.,110612,USP@USPLASTIC.COM,713-645-6921,Steve or Mark,110612
JAK ENTERPRISES,110615,edo@pacamor.com,717-354-8430,SALES,110615
KIEFER SWIM PRODUCTS,110618,Charlene.Lew@emerson.com,011912226432674,Lee Hancock,110618
CLARCOR AIR FILTRATION,110619,janet@electrolizingofla.com,775-687-8866,Sales / Josephine,110619
"POWER TEST, INC.",110622,JHAYWARD@HARMONICDRIVE.NET,805-553-9633,BEVERLY,110622
TRI-TEC MANUFACTURING,110625,ralphmorales7@yahoo.com,888-487-2298,Vicki Cech,110625
MARINE INDUSTRIES WEST,110649,tiffanyc@intraservicesinc.com,877.777.1870 ,    ,110649
SWIFT FILTERS INC.,110655,cressilda.sia@cebubionic.com,712-476-4141,JASON LACHUT/LINA DARLING,110655
RANGE SYSTEMS,110658,lcurtis@listerchain.com,708-441-2961,GOV'T SALES,110658
OFFICESPECSTORE,110660,sales@vctusa.com,503-625-2560,al royster,110660
CONTINENTAL WESTERN CORP,110662,Brent.jackson@deltakmfg.com,626-969-6801,Sabrina Cook,110662
PECO-ASTRONICS,110668,Theresa.rivera@airgas.com,800-547-5740,Diane Tellier,110668
POPPELMANN PLASTICS USA LLC,110677,khoeppner@buntingmagnetics.com,740-922-3515,*SEE COMMENTS*,110677
VT MILCOM INC.,110687,info@hossfeldbender.com,916-928-1000,JOE,110687
VERMILLION INCORPORATED,110688,sales@ohiosemitronics.com,203-368-3600,Peter Napierkowski,110688
FPZ INC.,110699,stacy.fults@ttsgroup.com,631-242-2300,Richard Rector,110699
B/E AEROSPACE (UK) LTD,110700,haily@elitegaragefloors.com,215-365-5400,BRIAN WARD,110700
NORTHWEST ENVIROFAN,110703,DAVIDE.VOLANTI@ALFAGOMMA.IT,800-346-2814,GENE,110703
"TACTICAL & RESCUE GEAR, LTD.",110705,lisam@wheelerrex.com,800-758-2743,DANIEL MARX,110705
"POWER MODULES, INC.",110706,arappa@industrialmetals.com,732-560-3800,Bill Schmitt,110706
TENNSMITH,110708,karlie@rbemi.com,714-755-0888,MATT,110708
ADS INC.,110709,vfta@customerfinancing.com,603-671-3617,LARRY,110709
ORCON CORPORATION,110713,jaidinger@earthlink.net,713-641-5988,Mark Miller,110713
FASTENAIR CORPORATION,110716,**DO NOT USE**, 215-572-3356 ,Jim,110716
WAUSAU EQUIPMENT COMPANY,110719,customerservice@stancomfg.com,904-786-1826,LIZ OGLESBY,110719
KEYSIGHT TECHNOLOGIES,110727,GLEN@MARTINSBIKE.COM,866-588-6300,Linda Starlin,110727
WAYNE INTEGRATED TECHNOLOGIES,110728,JGarland@GarlandMfg.com,855-855-2328,Ryan Stephenson,110728
LESJOFORS GAS & STOCKSPRING AB,110731,mail@remfire.com,800-331-3526,MARY,110731
DATAPATH,110733,info@directbus.com,800-848-8092,SALES,110733
COLFAX FLUID HANDLING,110735,sales@wilsonmfgco.com,011330235258450,Ed,110735
GAS TURBINE EFFICIENCY - ETHOS,110737,ROBERTH2@TWCNY.RR.COM  **NMM 9/10/08**,463-8681,John Wisse,110737
"Fenner Inc., dba Fabricote",110740,COLELADDERSAFETY@GMAIL.COM,512-255-6572,Erin Chapman (ACCT#07505),110740
"Lift Technologies, Inc.",110741,charlotteorders@hydradynellc.com,011441242713516,DAWN,110741
"HOSHIZAKI AMERICA, INC.",110742,trnolan@winwaterworks.com,607-272-2314,Nirmal Sehmbey,110742
AMERICAN PATRIOT SALES & SERV,110743,sales@shakeproofgroup.com,908-233-3342,JACK HART,110743
ROURA MATERIAL HANDLING,110748,CHRIS.ALEXANDER@EYERONIX.COM,619-474-7400,KAREN ZIMMERMAN,110748
CONNECTICUT CLEANROOM CORP,110752,brett@promaxima.com,586-427-7700,"Tobias Holm Jerichow,AR",110752
STURDY CORPORATION,110758,rcovington@sup-us.com,800-334-3294,Mark Strzelewicz,110758
L-3 COMMUNICATIONS (WESCAM),110760,donna@grauch.com,330-726-9026,Carol Burton,110760
ZOG INDUSTRIES (SEXWAX),110763,rheusser@coldwork.com,952-405-2712,"JyotiPathak,AR/MadgaA,Sls",110763
METALFORCE INC.,110768,sales@prosecuritys.com,480-961-3600,SALES,110768
PANISH MARINE SYSTEMS LLC,110769,corkman@mantoncork.com,603-893-6191,JIM BAUMAN,110769
A&L VALVE & FITTING,110775,ACCOUNTSRECEIVABLE@PETERSENPRODUCTS.COM,800-845-5255,Scott Szafraniec,110775
NORTH AMERICAN HYDRAULICS,110784,customerservice@fmwfasteners.com,708-495-0100,JEFF COHEN,110784
"NOSHOK, INC.",110786,drumparts@sbcglobal.net,770-953-4710,MIKE MEDINA,110786
FASTENATION,110787,chris.searcy@heartlandfasteners.com ,540-967-9600,Eddie,110787
"FLUORAMICS, INC.",110800,jlewis@beldenuniversal.com (order status),321-473-6075,PARTS,110800
"ROCKFORD RIGGING, INC.",110803,rnlbussone@sbcglobal.net,440-248-5387,Brian Snyder,110803
CORRPRO CANADA INC.,110806,chris@aufhauser.net,01133231799229,EMILY PEKAR,110806
"ALTERNATIVE FUEL SYSTEMS, INC.",110809,alarinsales@alarin.com,253-872-2415,DARRIN,110809
MOREAU MARKETING & SALES,110810,donald.wilder@jci.com,216-255-9171,Marie Griffin,110810
RARITAN ENGINEERING,110813,scott@swairproducts.com,828-250-9950,CUSTOMER SERVICE,110813
"NORATEL NORTH AMERICA, INC.",110826,TOM@APPROVEDSHEETMETAL.COM,215-357-3500,Dawn Brainard,110826
"CREATIVE COMPOSITES, INC.",110828,insidesales@trolmation.com,800-824-3046,STEVE XANDER,110828
ATLANTIC SIGNAL,110834,orders@monarchindustries.com,800-426-6933,MIKE MOTTONEN,110834
OUTSOURCE ELECTRONICS MFG,110836,info@mjtrim.com,847-998-8580,John Warhol,110836
TROXLER ELECTRONIC LABORATORIE,110837,sales@daytongranger.com,800-544-1624,RICK,110837
"BIOMARINE & NEUTRONICS, INC.",110842,shaun.cadman@pentagon.toyota.co.uk,800-334-9291,Elvin Yoder,110842
"PROGRESS SOLAR SOLUTIONS, LLC",110843,SCOT.AR@WILO.COM,516-746-0842,Sue Shanahan   ,110843
THE VERNON CORPORATION,110849,MARTECH@MARTECHSERVICES.COM,1-800-842-5081,MARIA PARR,110849
TS2 TACTICAL SPEC-SOLUTIONS ,110854,ron@mastersourceco.com,888-265-5632,Leslie Lindell,110854
PENCOM (PENINSULA COMPONENTS),110857,adam.lief@fotronic.com,*SEE VDR # 3797,Lou Barnett  x 4119,110857
KAGWERKS,110858,bdelgado@wrenchers.com,708-543-1720,Ken Friedman,110858
OVERSEAS CONTRACTORS SUPPLIES,110863,ACCOUNTING-MIAMI@VSEAVIATION.COM,337-445-3404,MIKE PLICKERT,110863
BLACK DIAMOND ADVANCED TECH,110866,angela.bloshuk@mersen.com,330-562-8983,Ms.May Wang,110866
JMAC SUPPLY CORP,110876,peter_hicks@stonewallcable.com,301-587-6300,SALES,110876
CAPRICE ELECTRONICS INC,110879,Alexandra.Seguin@L3T.com,859-824-3189,Carole St.Pierre,110879
ELDERFIELD & HALL/PRO-FUSION,110881,chet.davis@bioblend.com,401-847-8000,ARIEL MORITA,110881
NOVA-ONE DIAGNOSTICS,110888,kwimberly@ckwplumbing.com,800-248-6868,Douglas V. Grieve,110888
NUTRITEAM INC.,110889,russell@esgard.com,847-364-8500,TREY ALLEN,110889
"SE-KURE CONTROLS, INC.",110892,jim.kittle@joncoind.com,800-245-6248    ,Derek Oustad,110892
RONKEN INDUSTRIES INC.,110898,omnicomponents@omnicomponentscorp.com,585-492-1700,KIA,110898
"BUCKLES INTERNATIONAL, INC.",110899,CUSTOMERSERVICECHAIN@TIMKEN.COM,203-288-6941,Bob Simoni,110899
"KRAYDEN, INC.",110900,CONNECTORS@MWDEVICES.COM,909-606-3377,Denise ,110900
PIONEER MANUFACTURING CO,110922,Sales@bayshoresteel.com,908-871-7000,Jessica Green ,110922
KURZ INSTRUMENTS INC.,110923,jwiitala@ezloader.com,877-806-1790,Billie Mullikin,110923
ULTRA ELECTRONICS -USSI-,110932,sales@britishfilters.co.uk,714-283-3020,BOB TURNER,110932
HONESDALE FIRE EQUIPMENT,110936,lbregard@curbellplastics.com,888-836-3391,Mark Wilson,110936
BAILEIGH INDUSTRIAL,110941,sales@shopblt.com,800-537-9724,STEVE KNICELEY,110941
PENN FLUID SYSTEM (SWAGELOK),110949,TeresaThompson@eaton.com,941 360-0377,Deb Honecker,110949
SCHNEIDER ELECTRIC SYSTEMS INC,110961,tbrown@perfectionrubber.com,610-647-5700,MAUREEN SCHREIBFEDER,110961
UJI CORP.,110963,customerservice@amphenol-acd.com,972-329-2646,Carla J. Wisemore,110963
QEP CO. @ NUPLA CORP ,110964,clandry@homeperfect.com,410-347-1773,BRIAN,110964
MARKERTEK VIDEO SUPPLY,110969,sales@walsh-atkinson.com,845-562-3180,MARK,110969
EXHEAT INDUSTRIAL LTD,110970,jmulligan@aldinemetal.com,310-802-1818,ALEXIS CHHABRA,110970
ATHLETICCONNECTION,110974,ar@davidround.com;info@davidround.com,520-572-4436,James Holm,110974
DRIESSEN AIRCRAFT INT SYSTEMS,110975,sales@horizonsisg.com,212-451-2300,RODGER BECKER,110975
WORLD DRYER CORP,110976,na.marketdevelopment@baesystems.com,609-689-3000,Jennifer,110976
BUTLER BROS.,110978,steve@tonercable.com,631-582-8660,Theresa Jackson,110978
AERO-SENSE,110981,mike@empire-tech.net,269-422-1523,Olivia,110981
CORROSION TECHNOLOGIES,110991,CHRIS@CELLBLOCKFCS.COM,585-425-2090,Shau Berg,110991
WEIBEL EQUIPMENT INC.,111001,RPAZERA@ETNYRE.COM   888-586-1899,203-348-6271,Randy Bowman,111001
WASHINGTON PROFESSIONAL SYS,111010,p.calvi@ugolinispa.com,646-522-4586,ROBERT PARNELL,111010
MICRON INDUSTRIES CORP.,111014,sales@blakewire.com,315-424-7736,ANGELA MEADOWS,111014
FRANKLIN MILLER INC.,111022,sales@magnifier.com,011441912340001,STEVE LLOYD,111022
AERO PERFORMANCE,111023,SALES@CIMPORT.COM,201-986-1131,BRIAN SCANLON,111023
DXP ENTERPRISES INC.,111024,AIMRIVNUT@AOL.COM,888-269-2440,DAVE ALLI,111024
"EMPOWER RF SYSTEMS, INC.",111026,alexander.michalski@graybar.com,455-1812,CHRIS / SALES,111026
AMERICAN MATERIAL HANDLING,111036,websales@hosemaster.com,800-267-2665,TERRI BARTOLETT,111036
ADVANCED MEDIA TECHNOLOGIES,111039,samuel@beaverfitusa.com,317-872-0471,Michael Mays,111039
"YUKON EQUIPMENT, INC.",111040,daniella.meza@circor.com / RFQ@circor.com,704-201-5114,James Coleman,111040
UNILINK INC.,111046,gina@celcoinc.com,770-497-6400,RON BERGMAN,111046
CIGAINERO ENTERPRISES,111047,strumphb@primesourcebp.com,830-481-3962,SALES,111047
"MYERS POWER PRODUCTS,(ABACUS DIV)",111049,boots@industrialdiesel.net,734-422-8000,Don,111049
JOHNSON PLASTICS PLUS,111055,scollins@essexind.com,414-547-3357,Mark Leonardis Jr./Kasia,111055
JT LYNNE & FLOW ELEMENTS,111084,customerservice@gai-tronics.com,407-322-4000,JEFF BALLARD,111084
"CANVAS CONCEPTS, INC.",111086,dfpallet@netsync.net,704-331-0786,ANGELA / SALES,111086
GARDNER SPRING INC.,111088,nesupport@corehandf.com,800-345-1246,FRAU LURSSEN,111088
CUNICO CORP,111089,sshanahan@ernstflow.com,215-730-9000,E.J. Coughlin,111089
W.F. HARRIS LIGHTING INC.,111092,kenneth.drake@suez.com,856-547-3488,,111092
WALHONDE TOOLS INC.,111096,RHINDUSTRIESINC@AOL.COM,457-0200,CUSTOMER SERVICE,111096
"ZOLLERN NORTH AMERICA, L.P.",111097,cgcipolla@reliablesprinkler.com,954-451-0055 ,SALES/HARDWARE,111097
TEREX CORP GSA,111100,sales@abbottplastics.com,973-239-0202,KATHY KRUPP,111100
TERACAI,111110,sales@michiganrubbergasket.com,607-687-2091,SALES,111110
ARROW PNEUMATICS INC,111118,KUEHN@TEXTRONSYSTEMS.COM FOR RFQ'S,201-531-8600,Grant Greene,111118
"AMADA MIYACHI AMERICA, INC.",111120,unitedpvchose@gmail.com,847-827-7000,Jack Venable,111120
"ALLSTANDS, INC.",111121,JMILLER@USCHROME.COM,888-758-0100E.R.,"NaTosha Green, AcctMgr",111121
"ALLSTAR MAGNETICS, LLC",111122,audras@generalcontrol.com,281-310-5405,AGENT-Bob Gallusha,111122
BARNES & NOBLE BOOKSELLERS,111124,sales@moon-american.com,609-228-3080,Customer Service,111124
EJ BOWMAN (BIRMINGHAM) LTD,111125,sales-1@unihydro.com,708-455-3120,MANNY SAHOTA,111125
"MACGYVER SOLUTIONS, INC.",111127,cs_amglo@amglo.com,815-282-7960,Sue Pack,111127
"PAR SYSTEMS, INC.",111137,sales@grievecorp.com,440-779-1400,LARRY MOREAU,111137
"BLAST/COAT SYSTEMS, INC.",111150,tricountyprinting@frontier.com,503-460-9454,Curt Langlios,111150
RICKMEIER PUMPENTECHNOLOGIE,111157,amy.hill@fellfab.com;info@fellfab.com,800-231-9922,CUSTOMER SERVICE,111157
DAWN VME PRODUCTS,111162,bmunro@epicor.com,800-558-7008,SALES,111162
HAMMOND AIR CONDITIONING LTD.,111174,sales@westechrigging.com,218-454-0956,CUSTOMER SERVICE,111174
UNIVEX CORP,111189,sales@leblondusa.com,800-365-6583,Debbie Froelich x257,111189
"GILSON COMPANY, INC.",111193,sales@impexint.com,908-769-0700,Helen,111193
METCALF MACHINE INC.,111207,shilohind@yahoo.com,707-256-1999,George Davet,111207
NIELSEN HARDWARE SOLUTIONS,111213,bdeckard@northwesterntools.com,668-8181,Sales,111213
GEXPRO - REXEL USA,111215,adamb@jwce.com,305-594-4433,Mike Auringer,111215
MONROE AEROSPACE,111218,smasucci@pencomsf.com,800-356-8000,TARYN MARTIN,111218
MAJOR INC. **use #100662,111219,telexpresslive@telexpressinc.com,909-941-2004,GWEN HANGE,111219
"JEPPESEN, A BOEING COMPANY",111220,info@killerfilter.com,315-458-0415,Regina,111220
ROJONE PTY LTD,111222,peter@stanho.com,973-663-4040,Joe N.,111222
EVEREST VALVE COMPANY,111228,SEVI.AYDOGAN@NEXTRUBBER.COM,912-953-2358,SALES,111228
AX CONTROL INC.,111234,kcook@GracoSupply.com,541-772-0144,Chuck Tufo,111234
BLUEFISH WORX,111235,secureglass@outlook.com,515-239-6000,SALES,111235
TELEGENIX INC.,111236,SALES@AMERICORD.COM,516-944-8800,ROBERT WEED,111236
GRIP STUDS,111239,koman@kofit.co.kr,888-284-0607,Brian Crawford,111239
"RULAND MANUFACTURING CO., INC",111241,johannes.eggers@gmail.com,205-355-5322,Larry Cornman,111241
BASCHMANN SERVICES INC.,111250,andrewl@theoringstore.com,315-699-9700,"BRITTNEY CARPENTER, AR",111250
DELTA ELECTRICITY MARINE,111255,hraychou@brasscrafthq.com,713-947-2500,CRAIG REED JR,111255
CONSILIUM MARINE US INC.,111257,Lcalderon@sierramonitor.com,800-448-1668,SALES DEPT.,111257
MAXIM INTEGRATED,111258,slarson@shproductsinc.com,610-459-3566,Deb Griest,111258
DEUTA AMERICA,111259,cwright@fleetone.com,714-554-3895,SALES,111259
DIGITALBUYER.COM,111260,nthomas@kerotest.com,908-996-6841,"Julieta Curiel, AR",111260
NORCO INDUSTRIES,111265,info@superbreakers.net,800-916-2769,Kurt,111265
"LEONHARDT COMPANY, INC.",111278,webrequest@espint.com,800-645-9292,DAN ACKERMAN,111278
IBUYOFFICESUPPLY,111288,TTHORNTON@QUESTBRANDS.CA,652-4306,Randy Wood,111288
EAGLE BRIDGES - MARATHON,111291,ORDERS@VITALOXIDE.COM,713-462-7000,Ronnie Runnels,111291
UNICOM ELECTRONIC CORP,111292,kay@discountedheating.co.uk,718-456-4500,ALLISON,111292
SELEX ES INC.,111293,KCragin@myerstiresupply.com,800-252-2268,ANTHONY,111293
SALSBURY INDUSTRIES,111294,icmexport3@126.com,469-374-5970,Jason Mansfield,111294
CRH CALIFORNIA INC.,111296,DO NOT USE SEE VENDOR #104513,877-456-8313,HESCHEL SOME,111296
TRIMCAST PRODUCTS PTY LTD,111309,mfg@udash.com,323-589-6181,"Linda / Rachel,CustServ.",111309
"STERLING BUSINESS MACHINES,INC",111323,tina.breen@axson.com,800-426-1888,Parts,111323
M & E PUMP & EQUIPMENT CO.,111324,sales-usa@backuptapes.net,704-435-6811,NANCY CHAVEZ,111324
UEC ELECTRONICS,111330,SALES@ELASCOPRODUCTS.COM,904-388-3672,Rick Wagner  x 131,111330
ONTARIO KNIFE COMPANY,111331,INFO@TELONICBERKELEY.COM,800-479-6334,JOYCE,111331
Goldhofer Airport Tech. GmbH,111332,accounting@unitedinstrument.com,416-733-0550,Nancy Brown,111332
NEPTUNE SONAR LTD.,111335,gary.talboys@conaxtechnologies.com,312-829-8720,TODD JORGENSEN,111335
RUGGED CONTROLS,111342,patricia.hetland@putzmeister.com,262-363-2030,SALES,111342
APEX CONTROLS,111343,JBALDWIN@HANNACYLINDERS.COM,704 393-8568-TIM,lisa wallace,111343
VEE MODEL MANAGEMENT CONSULTLI,111347,Lisa.Baker@thermal-edge.com,800-225-9228x370,LIAM REVILLE,111347
"PROTEC ARISAWA AMERICA, INC.",111349,quotes@dwyermail.com,574-267-5166x242,Mike Smith,111349
L-TECHNOLOGIES CORPORATION,111362,sales@autoplicity.com,638-0345,Collette Harvin,111362
"WISCO PRODUCTS, INC.",111363,tom@stewartsusa.com,463-2779,CHRISTINE WALZ,111363
BULLARD,111368,toma@amsmachine.com,847-455-5920,,111368
WESTEK ELECTRONICS,111374,omnicorp@verizon.net,317-275-9400,Kathy,111374
DAYTON T BROWN INC,111376,midwest@midwestattachments.com,847-672-7515,KURT MEYERS,111376
DYNAMIC CONTROLS LIMITED,111384,partsil@zahav.net.il,914-450-0088,Dale Hunt,111384
AVIATION PROCUREMENT SYSTEMS,111386,ALISA.SHEROW@MECHANICALRUBBER.COM,800-233-6261,Sonya Tedder,111386
KADANT UNAFLEX LLC,111389,,514-748-3148,,111389
WHITE MOUNTAIN CHAIN,111391,mikemooney@jementerprises.biz,317-291-1213,Sheri Miner,111391
CEMTROL INC.,111395,sales@ameriseal.com,800-423-5612,Darrell Austin,111395
WEAR-FLEX SLINGS,111396,QISPAM@GREATLAKES.NET,413-773-8120,Kathy Benoit,111396
MASTER ELECTRONICS CORP,111402,justin@woodscrw.com,856-794-2121,Kirk Howard/SALES,111402
INTERSTATE CHEMICAL -BATAVIA-,111403,customer_service@stimpson.com,216 291-6025,JOHN CUTOLO,111403
NETWORK INNOVATIONS US INC.,111405,info@pqcontrols.com,800-667-1772,TINA JORGENSEN,111405
RACER INTERNATIONAL,111412,JASONR@METALFLEXINC.COM,011441214721243, ,111412
AMCAN INSTRUMENTS,111418,cmulhern@rowland2.com,949-250-9335,ROBERT WHITING,111418
VIRCO INC.,111421,kevin.spoonemore@dumpstercrushr.com,468-5421,STEVE WILLIAMS,111421
AUTOTEX,111422,wchung@walrusamerica.com,716-288-2080,Carol Robinson,111422
"NETWORK ALLIES, LLC",111423,amy.kiely@megger.com,704-588-3234,LESLIE CALMERIN,111423
AFTEK INC.,111427,njyorders@hiscoinc.com,704-529-6448,Bobby Blount,111427
ECS Composites,111428,Orders@flowmeters.com,800-327-2278,Joe Dutton,111428
POLYMER IND (ULTRAPOLY DIV),111429,ernac@gsimfg.com,808-485-4985,PAUL ROTH,111429
PHT AEROSPACE LLC,111433,CJACKSON@GIGATRONICS.COM (CAROL),310-507-3242    ,Shari Severson  ,111433
VANAIR,111438,SALES@QUINCO.COM,773-625-3800,JOHN GUMMERSON,111438
TEWCO INC,111440,lisal@peninsularcylinders.com,800-323-1242,Lauren Callaway,111440
ULTRA PRECISION,111455,HPD.SUPPORT@SUPPORT.PARKER.COM,631-957-5858,SHARON JEFFERSON,111455
EVERETT CHARLES TECHNOLOGIES,111473,msdjr1@aol.com / sales@superiorscale.com,609-642-8389,DAVID / SALES,111473
SUPERIOR EQUIPMENT SOLUTIONS,111487,jeffRosenfeld@eaton.com,516-483-7070,CUSTOMER SERVICE,111487
MVA-VALVES,111495,purchaseorders@norfolkspecialties.com,330-372-3800,FAX (330-668-6510),111495
AUTOMETER,111506,Vicki@advcoatingsinc.com,206-767-7100,Tina Ezell,111506
REELL PRECISION MFR CORP.,111507,kstahl@groov-pin.com,972-775-6524,CARINE WALTER,111507
ELLISON BRONZE INC.,111508,thall@comairco.com,800-227-8164,,111508
"CORFU MACHINE CO, INC.",111516,sales@wiscoproducts.com,805-486-1610,Solange Lodomez,111516
ADVENTURE LIGHTS INC.,111518,payson@paysoncasters.com,651-257-5996,Chris Nichols,111518
EVERLUBE PRODUCTS,111519,jgibriano@bristol-industries.com,417-846-0050,CUSTOMER SERVICE,111519
ALLIED SPRING,111521,adame@propper.com,1-800-546-3405,Steve Caton,111521
PHILLIPS CORP.,111522,GREG@AEKTECHNOLOGY.COM,203-756-0102,LOU CASSIDY,111522
NOVENCO MARINE & OFFSHORE A/S,111528,pat@pj-power.com,870-453-8027,contact page on website,111528
GEOTECHNICAL INSTRUMENTS UK,111541,sales@bellmanmelcor.com,800-743-0005,CUSTOMER SERVICE,111541
KIESLER POLICE SUPPLY INC.,111545,JOSH@EUROLINKFSS.COM,437-1722,SALES,111545
ADHESIEVE PACKAGING SPECIALTIE,111565,lschreck@hantech.com,800-247-3901,,111565
INDEPENDENTS OF AMERICA,111573,Brittany.McCallister@Kflexusa.com,866-810-4673,JJ Harris,111573
EVOLUTION INTERCONNECT SYSTEMS,111580,sales@couplers.com,480-892-7325,SALES,111580
STRAN TECHNOLOGIES,111587,KRUTSING@VERIZON.NET,310-297-4010,sales,111587
ASAP SEMICONDUCTOR,111593,Bmoeller@american-micro.com,800-874-3888,,111593
A.M. CASTLE & CO.,111597,info@envirofan.com,585-232-2080,,111597
ALLIANT HEALTHCARE,111603,ar@reycogranning.com,215-736-2000,Phoebe,111603
PRECI-MANUFACTURING INC.,111612,parts@harrob.com,800 332-0590,DOUG,111612
MECS INC.,111618,GSRENNER@RENBRANDT.COM,011441256843193,,111618
INDIUM CORPORATION OF AMERICA,111619,afisher@hilliardcorp.com,704-645-3061,John King,111619
FREEDOM POWER SYSTEMS,111623,a.mandarano@superiortech.org,323-269-0510,,111623
"NEFF EXPANSION PA, LLC",111625,cory.smith@cpspipe.com,701-223-1880,Frank Michal,111625
PESA SWITCHNG SYSTEMS,111628,sales@mesalabel.com,800-903-5853,CUSTOMER SERVICE (LISA),111628
LM GILL WELDING & MFG,111631,parts@lagun.com,972-272-3571,D.R. PROTZMAN,111631
JANEL'S INDUSTRIES,111642,jhovey@vjstanley.com,636-949-3992,Brian Hillier,111642
OrionCase Enterprises LLC,111643,AR@JABAR.NOLATO.COM,716-786-3480,DIANE,111643
MILLENNIUM MANUFACTURING CORP,111650,RKAITERIS@RHFS.COM,301-977-8797,ADAM / SALES,111650
BURCO MOLDING,111651,james@giglienterprises.com,603-668-1400,Sales,111651
FLOTEC RESPIRATORY PRODUCTS,111652,sales@raleighdurhamrubber.com,727-347-2181,SALES,111652
"AMERICAN WIRE TIE, INC.",111653,ben@schiavonendt.com,651-998-1224,CHUCK,111653
SOUTHERN CARLSON INC(BOSTITCH),111656,claudiar@argospringmfg.com,847-680-0879,SALES DEPT.,111656
PRICE PUMP COMPANY,111658,sandy.barry@daltile.com,757-426-6944,Linda / Sales,111658
BRITISH FILTERS LIMITED,111665,brian@iweohio.com,973-239-5150,Steve Christen,111665
SENIOR AEROSPACE BWT,111666,sales@industrialsafety.com,416-278-1149,Brian Perry,111666
SWS VIDMARLISTA,111670,mgarcia@hydraflowusa.com,746-666-6606,SALES,111670
SERVI ULSTEINVIK AS,111673,patti@clarke-hess.com,704-398-4488,Kristina,111673
OPTIMUM VEHICLE,111677,ARPAYMENT@SSWW.COM,585-247-3030,GARY GREPKE,111677
HOUGHTON INTERNATIONAL INC.,111680,bonnbrian69@gmail.com,616-452-6941,Bruce Kibbe,111680
"EVONIK FOAMS, INC.",111694,PKOZLOWSKI@BELTSERVICE.COM,619-287-9362,JESSIE WU,111694
"PAPE' MATERIAL HANDLING, INC.",111702,part.genpowerusa@gmail.com,479-738-2191,Chris Li,111702
STEWARTS-USA,111704,customer_service@factoryauthorizedoutlet.com,518-462-0300,Belinda Duncan Lee,111704
"THOMCO SPECIALTY PRODUCTS, INC",111706,ssalem@rubbair.com,734-429-4773,,111706
AERIAL INDUSTRIES,111710,WESTACH@COMCAST.NET,800-724-0870,DIETMAR KAJNATH,111710
ISLAND TECHNOLOGY,111732,dianavelez@dancometal.com,315-437-0349,Jason,111732
FULTON ARMORY,111744,mgriffith@rlmillerllc.com,229-228-0980,Peter Babigian,111744
HC STARCK INC.,111746,richard.groll@fedex.com,323-581-6194,Maria Barbato,111746
"FEDERAL SECURITY SYSTEMS, INC",111747,jack@specweld.com,800-592-2050,FRANK KENNEDY,111747
TRIAD PROCESS EQUIPMENT,111760,skemp@bracalente.com,732-326-1111,DWAYNE JOWELL,111760
WINCHESTER INTERCONNECT,111761,jgarza@reefindustries.com,972-242-8500,Jennifer Gazda,111761
"SURVIVAL METRICS, LLC",111768,billing@quenchonline.com,301-942-6800,Larry Nist,111768
CS HYDE COMPANY,111770,sales@buildersbook.com,805-257-0566,Fred Vietor  x 275,111770
TM.P.S.P.A TERMOMECCANICAPOMPE,111774,mbarker@intmarkserv.com,518-381-4270,Steve Puleo,111774
MAFELEC,111775,JBUCKMAN@DXPE.COM,419-447-6545,JESSI BEI,111775
FLYWHEEL SUPPLY,111779,*SEE NOTES*,413-562-3902,BARBARA SCHADT,111779
INTERCORP USA,111784,araccounts@curtisswright.com,315-569-1530,Ray Henshaw,111784
JONCO INDUSTRIES,111790,dpmahoney@northeastbattery.com,804-553-9524,VIVIAN SAADE,111790
C-MORE COMPETITION,111791,rclark@erpc.com,800-231-7116,Andy Braje  x 5121   ,111791
MULE LIGHTING,111792,albany@upstatewatergroup.com,800 333-4288,JOSEPH WAGNER,111792
CONGER TOYOTA-LIFT,111798,sales@westernamspec.com,520-887-1727,SymeonArgyropoulos CEO/AR,111798
CHEMRING SENSORS & ELECTRONIC,111807,advancedda@twcny.rr.com,800-626-9199,Henry Hatfield,111807
"ETHOSENERGY LIGHT TURBINES,LLC",111808,INFO@ROLLNRACK.COM,617-532-6825,SHANNON HOFFMAN,111808
"LIFT SYSTEMS, INC.",111829,dale@corfumachine.com,937-415-0207,Gerard Stockmeyer,111829
"PELSEAL TECHNOLOGIES, LLC",111838,www.swktech.com,360-598-4287,Jennifer Bisharah,111838
DETECTO - CARDINAL SCALE,111842,ACCOUNTS.RECEIVABLE@TRILITERAL.ORG,716-484-3985,Dick Croyle,111842
UTC AEROSPACE  **USE #003034**,111846,tdelgatto@eagray.com,800-835-6100,Customer Service,111846
SPECIALTY COATING SYSTEMS,111849,orders@safewaze.com,801-972-3105,DAVID NORTON/MICHELLE C,111849
WEISHAUPT CORPORATION,111855,parts@hytectank.com,410-910-7800,John Escobar,111855
"CARMARKA UAE DUBAI,AL QUSAIA 1",111856,Info@alphaelectrics.com,727-844-2245,,111856
MAS ZENGRANGE (NZ) LTD,111860,reception@advanexeurope.co.uk,800-543-3568,GIFFORD WEBER,111860
COLLIER METAL SPEC (COL-MET),111863,safetechsolutionsllc@gmail.com,800-222-6144,David Ansell,111863
DRUM PARTS INC.,111866,joe@elliottfrantz.com,203-274-9904,SEE V #8212   ,111866
SAWYER PADDLES & OARS,111868,info@fulton-armory.com,800-699-4732,GREG MILLS,111868
SCOPE TOOLS,111873,scucci@photonixtechnologies.com,816-229-3405,fax 608-375-5536,111873
OSHINO LAMPS,111875,sales@blastlineind.com,847-486-0070,ISABEL HERNANDEZ (IZZY),111875
TOP CRAFT TOOL INC.,111878,RGreenday@Liftex.com,716-652-2010,Sales,111878
"GOFF'S ENTERPRISES, INC.",111879,b.wheeler@winconn.com,440-871-2300,JERRY,111879
COBHAM ADVANCE ELECTRONIC SOL,111884,Sheila.Valiton@vericor.com,586-997-1488,TRACIE MCCUE X7182,111884
"RESCUE SYSTEMS, INC.",111892,brian@metrogolfcars.com,714-442-4533,ACCT#957113653000194,111892
SUPERIOR SCALE & INSTRUMENT CO,111894,sschiavi@nicholsons.com,616-396-5450,"John Krause, AR",111894
ULTRACHEM INC,111896,sales@atm1.com / orders.ppd@ametek.com,011441329853119,KIM NEWTON,111896
"GS SUPPLY, LLC",111901,neelk323@gmail.com,850-784-0537,KAY,111901
PROFESSIONAL PETROLEUM SERVICE,111902,MICHELE@ZIPTAPE.COM,850-332-5282,sales,111902
"IRD BALANCING, LLC",111907,danny.burt@republicdiesel.com,856-848-8888,TAMMY SAVARINO,111907
RF MANUFACTURING LLC,111909,accounting@smartequip.com;ar@smartequip.com,800-417-4370,Jerry Cannella,111909
TTS MARINE INC.,111910,sales@deepseausa.com,800-547-9393,"Bob Burkhart, AR ",111910
PROPONENT INC.,111915,sales@continentalcable.com,973-838-1780,JEAN,111915
"Firematic Supply Co., Inc.",111918,shosc@vortexind.com,800-237-3044,John Compton,111918
SEA PEARLS,111920,valwade@Anderson-bolds.com,1-800-929-2100,Glenn Nelson,111920
JUSTRITE,111921,jbritton24@verizon.net,215-750-1100,Mike Dalton,111921
AUTOMATION SYSTEMS INTERCONNEC,111928,InsideSales@viasat.com,716-487-3243,BRUCE RILEY,111928
"ALTA DIAGNOSTICS, INC.",111933,sales@toolrage.com,704-927-1477,Sam Reinhard,111933
BUEHLER / WILSON ,111934,info@bettsind.com,770-277-2648,FAX 315-471-4147,111934
INSTOCK FASTENERS,111939,tim.d.root@cummins.com;cbs.ar.payments@cummins.com,561-317-4154,Mary Junga,111939
VALIMET INC.,111943,sales@tasco-safety.com,01161738115049,DAVE WOOTTON,111943
WARTSILA VALVES LTD,111944,tom_costello@hanenergy.com,540.361.7700,Judy Chestlock,111944
SYRACUSE SCENERY & STAGE LIGHT,111957,cablecraft@mweb.co.za,804-231-6241,CUSTOMER SERVICE,111957
LEYBOLD USA INC.,111962,WJDRESCHER@PDRESCHER.COM,586-254-6500,Jeff Hourihan,111962
"KWIKPRINT MANUFACTURING CO.,IN",111963,kathy.scheimer@americom-gs.com,315-446-7100,STEPHANIE LOPEZ,111963
RELIABLE PLATING CORP.,111969,robert.whiting@fuchs.com,877-694-8290,MIKE ESTES,111969
THORLABS INC.,111972,cstephen@markertek.com,315-622-1341,Pete Bracco,111972
ALLIED_INK,111975,mike.kuhn@teaminc.com,281-359-8538,CATHERINE KIM,111975
WEST SIDE TRACTOR SALES,111976,mwolfin@textol.com,313-568-5345,John Larocca,111976
D'AMBRA EQUIPMENT,111984,tech@knfilters.com ,011442392304392,CUSTOMER SERVICE,111984
BOEING DISTRIBUTION SERVICES,111988,aiis1995@aol.com,,,111988
"L3 ESSCO, INC.",111989,chris@split-fire.com,707-938-5664,SALES,111989
"HELICAL WIRE, INC.",111999,greg@inspirnetics.com,800-695-0446,ELIZABETH KAISER,111999
LANDFALL,112002,Scott@cardinalrubber.com,414-395-8366,Ann Maltzie,112002
"BECK-LEE, INC.",112003,sales@oringsusa.com,201-783-8836,Justin Ross,112003
KRATZKE MACHINING & FAB CO,112005,info@supplydepot.com,315-410-7573,Dan Teufel,112005
AMPHENOL CANADA CORP.,112007,cdunn@HID.com,704-333-5033,Jim Bennett,112007
EPEC ENGINEERED TECHNOLOGIES,112012,***USE V# 103802***,315-458-3325,BILL DROTAR,112012
MEGGER,112016,spares@gichnerss.com,501-851-4000,Allen Frye,112016
MARSHALL CAMBRIDGE AEROSPACE,112017,wes.sharp@missionsupply.com,619-441-5321,Peggy Barber,112017
MITCHELL INSTRUMENT,112021,customer.service@accuspecpackaging.com,210-533-5195,SALES,112021
"INTEPRO SYSTEMS AMERICA, LP",112022,skaplan@dextermagnetic.com,480-922-7446,SALES,112022
BRODERSEN CONTROLS A/S,112023,bushnell@bushnellinc.com,800-487-2879,ROCHELL PANNER,112023
DENRAY MACHINE INC,112024,gwinkler@uppci.com,800-526-6288,Betty Barnett,112024
"BENCHMARK THERMAL, DIV. OF MCF",112028,sales@affordablewater.us,732-938-5641,ADA WILSON,112028
BEVI A/S,112032,sales@astoitmachining.com,425-482-5383,STEVEN THACKRAH,112032
VOLTAGE-CONVERTER-TRANSFORMERS,112033,vickie.frazier@microsemi.com,877-215-8929,Maureen Pelletier x 22,112033
BIOBLEND RENEWABLE RESOURCES,112040,paymentremit@ar.tforcefreight.com,316-522-4981,RYAN OR WALT,112040
MACK FASTENERS INC.,112048,meind@citlink.net,315-461-4212,KC SMITH,112048
STEINER-EOPTICS,112049,whjerseyjr@windustrial.com,914-738-1400,Bob Quinn,112049
DONOVAN MARINE INC.,112058,SALES@USHOSECO.COM,606-564-2073,Becca Beresin,112058
HOMEWOOD PRODUCTS CORPORATION,112059,PLASTICMART@AOL.COM,215-355-1500,JULIA MAIOLO,112059
HOSSFELD MANUFACTURING LLC,112062,laura.dial@engilitycorp.com,800-633-6979,Jed Kelly,112062
"TED PELLA, INC.",112067,egoldenberg@candk.com ,800-818-3201,Randy Garrett,112067
"ACME STAPLE COMPANY, INC",112072,garfield.lee@hotmail.com,985-876-1791,info@cicerolaserengraving,112072
LUCIX CORPORATION,112073,bbetts@htmgroup.com,507-357-6821,TODD SWITZER,112073
CAVINESS WOODWORKING COMPANY,112074,info@curtisswright.com,818-506-7496,Thom Kohlbeck,112074
VALENTINE & COMPANY,112075,winteb@greenteksupply.com,315-458-1126,SUE LARAUS,112075
AERO CHIP,112077,KEVINM@BURNSCOPE.COM,619-477-6940,PETER DALAKER,112077
FUCHS LUBRICANTS CO.(USA),112078,sales@ackerdrill.com,315-426-1634,Peter Wojtowicz,112078
"AKG OF AMERICA, INC.",112079,STACYW@2RM.COM,413-586-7240,CHARLES THOMPSON,112079
TOOL CENTRE BENONI (PTY)LTD,112080,dpalmer@safetypump.com,800-362-6618,ADAM GREENLY,112080
TECONNEX LTD,112081,mark@sentrysolutions.com,630-584-8282,Al,112081
S&S PRECISION MFG,112083,dicompanystore@dyn-intl.com,540-368-3108,Sales,112083
KTSDI LLC,112090,karen_tolbert@hotmail.com,800-253-6300,Sandy Anfang,112090
SHINGLE & GIBB AUTOMATION,112092,VSEWELL@DONOVANMARINE.COM,850-864-4000,Robert Morgan,112092
"TRAVERS TOOL CO., INC.",112096,gyro@gyrosystems.com,804-642-9400,Deanna X429,112096
"ABBOTT RUBBER COMPANY, INC.",112098,cperez@bigbill.com ,800-528-5200,CUSTOMER SERVICE,112098
PACKAGING STRATEGIES INC.,112099,BPSALES@BPMFG.COM,011499001055000,PATRICK MCANDREWS,112099
WOODLAND PLASTICS CORPORATION,112103,christinet@fedtech.com,800-413-8665,Jill,112103
MEARTHANE PRODUCTS CORPORATION,112104,debbiebeatty@nylomatic.com,703-796-4488,E-STORE,112104
BTM COMPANY,112111,michaele@pacmaritime.com,315-454-5535,Kim Newton,112111
"RVT PROCESS EQUIPMENT, INC.",112113,d.styles@kearfott.com,716-897-1904,Jeffrey Engel ,112113
L3 TECHNOLOGIES MAS INC.,112117,Gary.Patterson@pccairframe.com ,585-273-8480,Paul Calark,112117
DISC O BED LP,112118,aflorio@switlik.com,610-363-5450,Adam Winter,112118
MOBICON SYSTEMS PTY LTD,112119,sales@pikotek.com,925-449-9252,CUSTOMER SERVICE,112119
"PD SYSTEMS, INC.",112121,customerservice@superiorglove.com,410-643-4141,CHARLIE FOLAND,112121
"SAFEWARE, INC.",112124,cschneider@appliedenergysol.com,315-457-0314,MIKE SHELDON,112124
FLENDER CORPORATION,112126,info@tci-coatings.com  ,914-246-7017,LUZ LUEBBERT,112126
EXTREME BOLT & FASTENER,112128,GGFITTINGS31@HOTMAIL.COM,888-467-8665,Beverly Jorgensen,112128
AIRPARTS SUPPORT INC,112129,Info@HesseReynolds.com,563-322-0144,Lorraine Alabise,112129
COLT'S MANUFACTURING COMPANY ,112136,ccengineering@earthlink.net,805-581-5591,LINDA TREVELINO,112136
GENERAL MARINE REFRIGERATION,112142,aroelse@omegaparts.net,315-478-6877,EMMA TSAI,112142
PETRO-METER CORPORATION,112143,mrinaldi@voltronicscorp.com,727-461-3000, ,112143
KOMATSU FORKLIFT ATLANTA,112145,**SEE NOTES** PAGE 2,803-817-7126, ,112145
ALTA MAX LLC,112148,DRFAX@CASTERS.COM,419-738-8147,Justin,112148
BAG CORP,112157,tim.murphy@hillrom.com,713-644-1164,Frank Totino,112157
CSAFE GLOBAL,112164,support@perfectdata.com,800-933-3386,"Judy McIntyer,AR",112164
FIBERTRONICS INC.,112165,eduardog@amphenolcanada.com,610-777-1374,CALVIN MANGUM,112165
"PRIMAX MFG & TRADING, INC",112168,rmcmahon@rogersfoam.com,513-351-2000,GARY MATZA,112168
"SUEZ WTS USA, INC.",112188,sales@hdsheldon.com,520-746-8067,EDWARD BEERE,112188
"NAHI, LLC",112189,OCONNORLADDER@AOL.COM,800-253-1036,Don Belleville,112189
PIRANHA ,112199,alarmdevices@comcast.net,215-947-2500,Gina Leyva,112199
BREVAN ELECTRONICS,112200,myhpsales@hp.com,260-624-4800,TODD WALSH,112200
STERLING THERMAL TECHNOLOGY ,112201,info@mid-americauniforms.com,281-433-7620,BRENDA WHEELER,112201
"INTELLIPOWER, INC.",112202,leslinger@computercablestore.com,206-251-8310,MIKE RAY,112202
AUTOFLUG GMBH,112204,caroli@apluswhs.com,1-800-525-0070,Brian Michel,112204
"DESIGN STORAGE & HANDLING, INC",112218,david@4starelectronics.com,623-780-2296,RAYMOND GREGOIRE,112218
ASTRONOVA TEST & MEASUREMENT,112221,T.jernigan@performanceinsulation.net,877-275-2576,Mike Farm,112221
FILTERSERVE/POWER UTILITIES ,112222,lgieseler@waterblast.com,708-652-8724,DEAN EVANS,112222
"ROCKY INDUSTRIES, INC.",112223,Kylee@mccourtmfg.com,1-866-620-6000,Greg Hardon,112223
CABLE AND CONNECTIVITY SOLUTIO,112228,ADME@ATT.NET,609-587-3300,Louise McKinnis,112228
FIRAN TECHNOLOGY GRP/AEROSPACE,112232,bob@wisermfg.com,011441484439000,Tom Foerg,112232
SAFRAN GROUP / ZODIAC,112234,mitsuparts@burdickcars.com,817-276-3165,BOB SMITH,112234
RJCO MACHINERY CO.,112240,mmatricardi@shingle.com,440-354-2600,Ruth Ann,112240
PINNACLE CENTRAL CO,112241,JESSHUDSPETH@PATSOFFROAD.COM,806-791-0444,Jim Konias,112241
STERTIL-KONI,112254,***CLOSED THERE DOORS***,310-768-2800,MARILYN MURRAY,112254
MPI MATERIELS PORTUAIRES INDUS,112256,nsanchez@mercertool.com,909-839-2595,CUSTOMER SERVICE,112256
ADFWEB.COM SRL,112263,usaprinterguy@yahoo.com,800-333-7890,DAVE LIVINGSTON,112263
LINC SYSTEMS,112264,mredlinger@bazookafarmstar.com,978-667-6566,"Maddie Bowers, Acctg.",112264
MUTUAL SCREW & SUPPLY,112266,notifications-support@wickedlasers.com,503-653-8619,CLAUDIA RADMER,112266
LEVEL 10 INDUSTRIES,112269,KATIE.WEBB@SAFRANGROUP.COM,703-778-7699,Martin Porter,112269
CLARENDON SPECIALTY FASTENERS,112273,ceweberjr@gmail.com,888-978-8988,Ann Field,112273
"LAKE ERIE SYSTEMS & SERVICES, ",112274,kbridges@eaglebridges.com,716-773-2985,John D Ogden,112274
"PMF INDUSTRIES, INC.",112277,rppjr@yahoo.com,800-275-4283,DOMINICK,112277
"ALEXANDER SCREW PRODUCTS, INC.",112286,FMPRODUCTS@FMPRODUCTS.COM,514-636-5555,PHIL ROEHL,112286
"VACUUBRAND, INC.",112290,rob@mulelighting.com,800-783-7890,**MUST USE DISTRIBUTOR**,112290
MERMAID MARINE,112291,TODD@PMTGOV.COM,800-383-6304,BRYCE,112291
EMECO ,112293,garyh@waninc.com,618-384-2754,Tony Dover,112293
"VERTIV ENERGY SYSTEMS, INC.",112295,Mike@basicrubber.com,408-280-7777,Bob Donnelly,112295
TRIPLE E SCREW PRODUCTS,112297,denglebert@iftworldwide.com,630-920-8951,TERESA GALATI,112297
GE AVIATION SYSTEMS LLC,112303,dgentile@foranne.com,330-832-1511,Paul,112303
PETMATE,112305,KBBILCO@ROADRUNNER.COM,386 760-0706,Robbin Miller,112305
RAVEN AEROSTAR,112309,SALES@TOPOG-E.COM,215-279-8511,Mr. Aldo Modini,112309
KURT J. LESKER COMPANY,112310,misty@bassproducts.com,503-697-7308,Sales,112310
B MED INDUSTRIAL SUPPLY LLC,112317,sales@brettequipment.com,612-894-9510,Sue Niemiec,112317
DISC-LOCK/ SHEREX FASTENING SO,112325,SHF.ACCOUNTING@SHFINC.COM,(800)-575-1736,"Tony, Sales",112325
DIAGRAPH MARKING & CODING/ITW,112328,ablair@fallsfti.com,908-806-2900,DAVID TURI,112328
"JH TECHNOLOGIES, INC.",112329,cathy@alger1.com,925-373-6700,Tom Hagen x113,112329
PATTY-O-MATIC,112330,greg.tuma@purvisindustries.com,585-219-4761,Steve Carder,112330
"DIE-MATIC TOOL CO., INC.",112337,CCOLLARD@CERTAGS.COM,432-1096,Hans-Peter Gohn,112337
NANOMOTION INC.,112341,PHoltz@prestolite.com,701-252-6250,JANET MILLER,112341
ELECTRAWATCH,112342,ylcrimp@gmail.com,865-525-9318,"SEAN LANGNER, Owner (?)",112342
DWK LIFE SCIENCES LLC,112343,ORDERS@SAVOX.COM,1.256.237.2841,JOSH,112343
AMERICAN FENCE & SUPPLY CO,112344,Francisco.Casco@BoeingDistribution.com,800-342-5911,Anna Tarlton,112344
MORGAN ADVANCED MATERIALS,112345,sales@glasswarepro.com,610-239-8200,Kelsey Nelson,112345
"KEY SAFETY SYSTEMS, INC",112346,Aleyah.Adams@chep.com,440-284-5460,Steve Comet,112346
COLSON X-CEL LTD,112347,support@truckpartstores.com,800-696-8665,CUSTOMER SERVICE,112347
WOMACK MACHINE SUPPLY,112348,sales@colonialscientific.com,315-866-7197,Earl Cubbin,112348
THOMPSON & LITTLE INC.,112356,dbr@dbr-industries.com,215-679-7924,John Fulton x 176      ,112356
CHEMPOINT,112358,Ken@upstatemarketing.com,915-771-5400,SALES,112358
Hydratech Industries Fluid Pwr,112360,sales@trupply.com,417 869-4304,Ruth Malnory,112360
"ELANTAS PDG, INC.",112370,dmorgan@vicorpower.com,310-830-9156,JEFF HOLLIDAY,112370
THERMO KING INTERMOUNTAIN,112376,precisionnameplate@yahoo.com,937-236-5100,Angel Huitron,112376
AMERICAN CORD & WEBBING,112377,shelly@fitzsimmonshydraulics.com,704-596-7581,SALES,112377
INDUSTRIAL TECTONICS INC,112379,amanda.mota@gardnerdenver.com,714-575-1800,Sales,112379
"ADVANCE MFG CO., INC",112381,hking@feainc.com,877-498-7278,DONNA SAVANNAH,112381
ASSOCIATED INDUSTRIES,112382,ap@vermeerallroads.com,800-506-3924,ANDREW PROTTI ,112382
"ARCTIC INDUSTRIES, LLC",112384,don@bakkenfence.com,800-758-4188,Wes Taylor,112384
"LAMART CALIFORNIA, INC.",112385,sales@smarthose.com,713-466-6933,Gordon Tompkins,112385
POMPANETTE LLC,112387,support@lampline.com,613-544-2002,Sandy,112387
HILL-ROM INC.,112390,kevin@palmlabsadhesives.com,453-2000,Tracey,112390
"PHOTONIS SCIENTIFIC, INC.",112393,bjohnston@qual-tron.com,800-711-4959,"RyanDeWachter/D.Walsh,AR",112393
SPECIALTY PRODUCT TECHNOLOGIES,112394,info@standardpipeproducts.com,713-225-0048,BOB WINDSOR,112394
"SCIP ENGINEERING, LLC",112395,jasoncomhyd@gmail.com,845-564-5200,ANDY DENNISON,112395
ROTATING PRECISION MECHANISMS,112404,customerservice@homeclick.com,888-926-2766,"Rose Gonzalez, AR",112404
MIDWEST CASTER & WHEEL INC.,112405,sales@daytronic.com,866-472-4373,Frank Johnson,112405
SCHIAVONE ELECTRONIC LABS,112416,SALES@LIBERTYHOSE.COM,507-345-2885,SUSIE,112416
ER WAGNER INDUSTRIAL HINGES,112418,n.preeper@pivotalpower.com,617-924-1000,Diana Fabrizo,112418
BREATHING AIR SYSTEMS,112421,tmullins@nscemail.com,585-924-7316,Kevin Longley,112421
POWER CONVERSION TECHNOLOGIES ,112423,llievense@norcoind.com,800-298-0450,KRISTA SPENCER,112423
"BARGAIN BUSINESS SUPPLIES, INC",112429,sales@unitedhoseinc.com,434-9307,JOE CORRIGAN,112429
DUPONT SPECIALTY PRODUCTS,112430,rtowne@inscogroup.com,315-449-0500,Debbie Haas,112430
MATERION BRUSH INC.,112434,spaceheaterparts@gmail.com,262-886-3200,Kathy Daniels,112434
"Teledyne Flir Surveillance,Inc",112435,info@srsinternational.co.in,800-258-3654,NANCY MELTON,112435
SENIOR FLEXONICS CANADA,112439,brandon@newmansvalves.com,561-848-4311,"Lorrie Adler, Acctg.",112439
LOUISIANA ENVIRONMENTAL MONITO,112441,prepress@mohawkvalleyprinting.com,949-252-1077,Pauline Drozeski,112441
MERCURY SYSTEMS,112442,bobr@buffalofelt.com,451-3200,ROSS,112442
CHARLES F CONNOLLY DIST CO,112448,clarkco@gmail.com,773-278-1300,Kelly Scott,112448
REDNECK TRAILER SUPPLIES,112450,dsargent@skinnerco.com,972-243-7386,Quaint Crownover,112450
ATLAS NORTH AMERICA LLC,112452,atodaro@mceautomation.com,804-794-7667,JOSEPH DISABANTONIO,112452
DAVIS-ULMER FIRE PROTECTION,112456,leslie.rentas@drs.com,409-544-3084,Mr. Mehul Mehta,112456
CLETOP.COM,112462,sales2010@plumbingsupply.com,814-857-7566,Doreen,112462
C&L TOOL DISTRIBUTORS LLC,112463,GCUSACK@APPLIED.COM,315-638-0084,PAT LOBERGER,112463
KNOEDLER MANUFACTURERS,112467,brianmillwee@specialtyadhesives.com,330-626-7934,Ken Delong,112467
TEXTRON GSE,112471,info@penn.swagelok.com,763 577-0111,Shirley Herrera,112471
CENGAGE ,112475,judy.reifschneider@verhill.com,409-866-5213,NICK MEALE,112475
CARDINAL COMPONENTS INC.,112476,Sandy.Sinagra@Xyleminc.com,313 883 6300,RANDALL / SALES,112476
DRS TRAINING & CONTROL SYSTEMS,112479,dan@valleywoodcraft.com,860-683-0731,CUSTOMER SERVICE,112479
SGM COMPANY INC.,112485,mps@hasco-inc.com,455-8930,MIKE CAVALLO,112485
FILTER PRODUCTS COMPANY,112486,donna.marzullo@cxtec.com,510-895-3334,DEXTER TOOKE,112486
CADEX INC.,112489,ELVIS@GLOBALPOLYSOLUTIONS.COM,800-227-1570,SANDY SPARANGO,112489
"SCHOTT NORTH AMERICA, INC",112490,sales@gopherindustries.com ,908-689-0880,Elaine Locasio,112490
LIFTKING MANUFACTURING CORP.,112494,lwallace@monpac.com,781-937-9909,Bob Schifano,112494
KSC INDUSTRIAL INC.,112499,janet.weeks@hdtglobal.com,see notes,"Shaquasia Thornton,Sales",112499
"ROLFE INDUSTRIES, INC.",112507,RACHAEL.WEATHERFORD@BOLLFILTER.COM,803-548-5256,JUSTIN CACCAMISE,112507
"REYNOLDS & SON, INC.",112513,brian@diecron.com,315-253-6022,CARLOS LARACUENTE X121,112513
KING BAG & MANUFACTURING,112528,sales@bostonheatingsupply.com,602-269-3581,Online Sales,112528
WINGFAN LP,112536,info@stuarttank.com,718-931-8000,KATHY KENDRICKS,112536
KELVION INC.,112539,ed.mourar@clearalign.com,419-485-8571,TYSON LEWIS,112539
NEWMANS VALVE,112553,sue.rynberg@us.mahle.com,800-750-8350,Dave,112553
HUMPHREE USA INC.,112554,garypink@heaterwerks.com,313-768-5682,A.J. Castelbuono,112554
RAMCO MANUFACTURING,112578,warninglightpro@gmail.com,727-535-0572,GEORGE HOWELL,112578
CRIMSON TRACE CORPORATION,112579,chad.wilms@prestolifts.com,312-997-3692,KEN KUEHN (KEEN),112579
IMPERIAL ENGINEERING,112584,mmcdonough@paclock.com,800-808-9179,Pete,112584
ELECTRIC CONTACT SUPPLY CO.,112595,info@unitedpipenipple.com,613-254-5164,KIM BROCK,112595
BEAVERFIT USA,112596,dbousquet@casescases.com,973-383-2200,Laura Arden,112596
MONTROSE MOLDERS CORP,112598,help@routerbitworld.com,260-829-1294,SALES,112598
PROFESSIONAL COMPONENTS LTD,112605,rose@windowdecordist.com,817-615-5304,KATHY STELL,112605
"VALVES UNLIMITED, INC.",112606,customerservice@huberincusa.com,360-392-0432,Stephan Hoeckele,112606
FOR S.P.A STRADA COMUNALE SEGA,112607,sales@bjgelectronics.com,585-657-6140,W. F. McMurdo,112607
MAGNIFIER.COM,112628,rlj@fwwebb.com,802-257-5200,"Tiffany Oswald, AR/OfcMgr",112628
WORTHINGTON DIRECT,112634,ehagemeyer@hohmanplating.com,678 423 0104,"Tina Blackwell,AR/L.Gant",112634
SEALS USA INC.,112636,,,,112636
TECNEC DISTRIBUTING,112645,gfoster2@cinci.rr.com,800-273-7375,SALES,112645
TADANO FAUN GmbH,112665,info@galladechem.com,216-267-0777,CUSTOMER SERVICE,112665
NATIONAL FIRE SUPPLY,112668,NSUMMERS@FIRSTINDUSTRIAL.COM,817-293-4220,IAN,112668
SOLAR MOD SYSTEMS,112669,mitch@emesolutions.com,330-830-4801,Art Nakis,112669
Parker Hannifin - Cylinder Div,112696,niagarafiltration@verizon.net,317-273-6960,Steve Materne,112696
Dok-Ing d.o.o.,112701,Info@spiralcool.com,800-223-7003,MIKE MAKURAT,112701
AMERICAN TIMBER AND STEEL CO,112702,christophe@space-coast-ic.com,203-269-4468,CONNIE BAWAL,112702
AQW INCORPORATED,112703,M.Hasnaoui@argus-fluidtechnik.de,800-566-1133,SALES,112703
United Rotocraft - AMC,112704,bklanda@icorally.com,800-285-5271,CONRAD / SALES,112704
"Aljon Enginerring Co, LTD",112706,jcutolo@hydraulicmotorcontrols.com,206-463-6939,,112706
Sterling Electric Inc,112715,jcooper@flexonics.com / sales@flexonics.com,888-922-2336,IRENE HUNT,112715
"BRACKE MANUFACTURING, LLC",112716,jeanine.standley@ultra-dne.com,201-825-1100,,112716
"BSE, INC",112718,contracts@eastwestindustries.com,908-964-0700,BOB BROWN,112718
BARRON INDUSTRIES,112720,Gail@eBowerman.com,706-886-5500,George Boehm,112720
SUNWIZE POWER & BATTERY,112724,csr.americas@zodiacaerospace.com,713-947-9888,"Maggie Polkowski,CustServ",112724
Quality Custom Metal Fab,112747,STOMBERLIN@ISMRO.COM,951-277-0304,Alisa Hukicevic,112747
ELASTO PROXY INC,112748,jim.bauman@gerberonline.com,434-392-1919,Matt White,112748
"DeZURIK, Inc.",112749,rachel.henry@hdtglobal.com,800-232-09071,SALES,112749
ACCURACY INTERNATIONAL ,112767,parts@fischerpanda.com,800-274-9825,Brenda Hendrix,112767
AMPEX DATA SYSTEMS CORP,112780,mmercer@hammfg.com,NOT COMPETITIVE,Joe Melcher,112780
"AIRTECH INTERNATIONAL, INC.",112789,janayshea.suon@olympus.com,,Barry Butler,112789
"JEN MANUFACTURING, INC",112795,tgaw@sourceNA.com, ,Bobby Wingrove,112795
MICROSEMI FREQUENCY AND TIME,112815,,,,112815
"AJ'S POWER SOURCE, INC. ",112829,mohammed.arshad@jci.com,847-719-5900,Barbara,112829
DICTATOR ENGINEERING LTD,112836,jjs@murraycorp.com,,CHRISTOPHER HUGHES,112836
EASTERN EQUIPMENT INC.,112849,jmalone@arc-zone.com,970-353-3121,KENNA LAYTON,112849
EVOLUTION TRAILER,112865,tadt@bearcom.com,330-425-1400,SEE COMMENTS,112865
NIAGARA COOLER,112866,chris.cummings@smithoptics.com,866-779-2673,David Irwin,112866
STAMPRITE MACHINE CO,112867,ptaylor@sloanled.com  ,228-586-0413,Patricia Lowe,112867
SEATTLE MANUFACTURING CORP-SMC,112873,carolc@bladeindustrial.com,,,112873
ENMET ,112881,information@emsinnovations.com,215-257-4109,Nikki Hamilton ,112881
JASPER WELLER LLC,112888,pced@msn.com,925-456-9890 ,,112888
"CRYOQUIP, LLC",112899,,201-761-3488,JEFF REDELMAN,112899
GPS SOURCE INC.,112912,MPEREDA@SCALESOLUTIONSGROUP.COM,732-938-5641n,VIC FLOCK,112912
"HENTZEN COATINGS, INC.",112943,orders@multi-wing.net,800-624-5463,TINA SULLIVAN,112943
BOUGHTON ENGINEERING LTD,112962,anthonye.wilson@caplugs.com,,KIM WESSEL,112962
BIOSAN LABORATORIES,112964,apotterbaum@trustshield.com,,SALES,112964
BABCO INTERNATIONAL INC,113025,info@conicsystems.com,800-685-1144,Joe Scanlon,113025
PRECISION FLUID POWER INC,113043,dmurray@cazequip.com,314-739-7400,Bob Joyce,113043
HOOD TECH CORP,113044,info@fishoncamping.com,888-201-6008,AZER,113044
AMEE BAY LLC,113045,KEVIN.BENNETT@AAINY.COM,847-215-2300,FRANK,113045
AEROSPACE LIGHTING CORPORATION,113055,ACCTING=JEFF LONCHOR / PO=ORDERS@MARINEHOSE.COM,,Customer Service,113055
SAFRAN ELECTRICAL & POWER,113068,opwnainquiry@dovercorp.com,,Patrick Mee,113068
SMITH EASTERN CORPORATION,113070,atannenbaum@dynamic-living.com,800-635-8720,,113070
LINDE ADVANCED MAT TECH INC.,113071,Rodriguez.P@totalplastics.com,1-800-347-6010,TED WATSON,113071
NIANTIC SEAL INC,113072,raparkhurst@umsincorp.com,315-449-9400,,113072
BIG 4 TIRE Sales & Service Co.,113083,INFO@METCREDITUSA.COM,905-670-0955,RICHARD AUST,113083
BROTHERS BODY AND EQUIPMENT,113089,sales@lightbulbsinternational.com,817-332-3806,"Tamara Smith, AR",113089
NCS TECHNOLOGIES INC.,113098,cobquote@coburns.com,704-423-0111 OFC,JIM HALL,113098
BRANDYWINE COMMUNICATIONS,113103,dina@flomatic.com,607-343-1052,fax- 716-366-3834,113103
PACMET AEROSPACE,113106,sven.wrage@noske-kaeser.com,562-861-6324,NANCY,113106
UNITED ROTARY BRUSH CORP,113110,balloonquestions@bargainballoons.com,860-283-5801    ,CHRISTINA,113110
GLOBAL GROUND SUPPORT LLC,113113,jsderosa@csafinc.com,800-811-1648,Larry,113113
"FIL-TECH, INC",113125,peterd@thinkmate.com,423-631-0631,MELISSA,113125
THE SAFETY KNIFE COMPANY,113131,parts@oemfordpart.com,513-831-2663,,113131
VSE AVIATION INC.,113146,lifts@stertil-koni.com /orders@stertil-koni.com,775 674-5100,Robert,113146
SIX15 TECHNOLOGIES,113148,OWEST1900@AOL.COM,516-338-0707,,113148
EDMO,113164,support@acmetools.com,800-886-0611,Steve Flickinger,113164
MENTO AS,113173,** DO NOT E-MAIL - WANTS ALL RFQ'S FAXED **,724-266-4000,LINDA,113173
SAVAGE ASSOCIATES INC,113183,,,,113183
NYE LUBRICANTS,113187,sales@schlenkent.com,610-966-4488,Morgan Redlinger,113187
L.D. REDMER SCREW PRODUCTS INC,113191,midwestconsultingllc@yahoo.com,310-306-9740,Robin Osborne,113191
BOLL FILTER CORPORATION,113192,parts@kettlerusa.com,781-662-9300,MARK MUSSELWHITE,113192
POLSINELLO LUBRICANTS,113193,sigmaproductsinc@aol.com,414-768-5305,Michelle Ward,113193
ATLANTIC BATTERY SYSTEMS,113396,,978-374-0300,,113396
KLEIN GELENKWELLEN,113397,JILL.KISAMORE@VOLZUSA.COM,718-927-0009,,113397
WEB SEAL INC,113400,AccountsReceivable@ConnectWise.com,705-733-2668,Tim McRandal,113400
APPLIED POROUS TECHNOLOGIES,113401,KJones@newprocess.com,864-846-1918,BOB GRIMM,113401
IMMI VIP STEERING WHEELS,113402,mamail@marsm-a.com,314-432-1812,Bob Patten,113402
FALCON ELECTRIC,113403,cs@sandstromproducts.com,215-679-6645,Stephanie Aipperspach,113403
CREATIVE MICROSYSTEMS,113420,,,,113420
TC LIFESAFETY,113423,SEAN.CUMMINGS@FEDERALRESOURCES.COM,708-562-9221,,113423
DSA DETECTION LLC,113426,,631-273-4940,,113426
NIDEC INDUSTRIAL SOLUTIONS,113428,ebay@ebay.com,419-462-1975,ANTONIO FLETCHER,113428
FLEET PUMP AND SERVICE GROUP,113429,info@easyhvacproducts.com,800-926-3648,Paul,113429
AQUASTAR DISTRIBUTORS INC,113431,,,,113431
CPV MANUFACTURING,113444,wmbergcseast@wmberg.com,815-964-7940,,113444
THE LIGHTSHIP GROUP,113449,,815-745-2100,,113449
SKILL-METRIC MACHINE AND TOOL,113457,,716-334-3378,,113457
MDA CONTROLS,113458,tmcintosh@nooneycontrols.com,410-715-1110,,113458
MATTERHACKERS,113461,tonyr@technisonic.net,479-5300,,113461
POWEREX,113472,info@fol-da-tank.com,215-635-0400,*DISTRIBUTORS ONLY*,113472
ZETRON INC,113481,accounting@castlebranch.com,830-431-1390,"Ken Fox / Cookie, AR",113481
JM CANTY,113482,noc@datapath.com,314-481-2900,GOV'T SALES,113482
MAKERGEAR LLC,113483,americantooling@charter.net,888-331-0555,Greg DeCristofaro,113483
CENTURY INSTRUMENT,113490,,716-633-6439,,113490
ROCKFORD SILK SCREEN PROCESS,113491,,,,113491
Cleanaire Inc. dba Pamlico Air,113493,kevin.brown@altg.com,561-922-9525,Rob Bertella,113493
"GASKET, SEAL, AND PACKING NET.",113499,,877-430-5171,,113499
LADISH VALVES,113512,,800-962-2453,,113512
ZIPTAPE LABEL ID SYSTEMS,113526,custserv@weberpackaging.com,805-581-0116,David Shapllo,113526
"TRIUMPH GROUP OPERATIONS, INC.",113531,scott.nutter@nora.com,202-554-6400,Cara Ort,113531
HYDRAULKOMPANIET AB,113532,,,,113532
MAVERICK FASTENERS LLC,113544,sales@microwaveeng.com,699-2127,John Hunsinger,113544
AMERICAN REELS,113546,ptarantino@scanpac.com,800-882-3711,Diane Piersol,113546
"TRI-LIFT, INC.",113552,kpisano@pamco-inc.com,866-416-4608,,113552
INDUSTRIAL HEAT TRANSFER,113558,,,,113558
THUNDER TECHNOLOGIES,113580,summitprinting@outlook.com,954-525-9846,Jody McRedmond,113580
MOTION CONTROL TECHNOLOGIES,113595,cy@americanea.com;colleen@amerianea.com,800-542-2301,JENNIFER KILLMER,113595
LAZZAR'S FLOOR JACK,113596,hcoffey@gesrepair.com,800-331-4257,,113596
RKI INSTRUMENTS,113602,George.Coles@thyssenkrupp.com,414-728-2647,Lou Mattaliano,113602
"DRS NAVAL POWER SYSTEMS, INC",113616,fkeenan@lokring.com,619-656-4740,KRYSTAL CHARLES,113616
PERFORMANCE HEALTH SUPPLY LLC,113625,kmarchetti@pcb.com ,618 286-6015   ,RODNEY OR CINDY,113625
HYDROTECHNIK USA,113630,DJ@wichitech.com,218-259-9099 c,,113630
"FLEXMAG INDUSTRIES, INC.",113631,sales@hiolo.com,800-642-6538,Todd,113631
"WENZLAU ENGINEERING, INC",113669,sparesittav@exelisinc.com,800-255-1479,"Lorry Gieseler, AR",113669
"Western Inds. Machining, Inc.",113683,richardparsons1@charter.net,,NIDIA PEREZ,113683
"Acromag, Inc.",113701,sales@bwire.com,414-228-7701,Louis Roefaro   x 1039,113701
BOSCH AUTOMOTIVE SERVICE SOLUT,113715,accountsreceivable@legacypaperpkg.com,734-205-2516,WILLIAM MANTON,113715
"Gaylord Marine Services, Inc.",113724,sales@ajmadison.com,011331388682601,Loretta,113724
"Pro-Machine and Tool, Inc.",113732,sales@gcotter.com,215-536-3077,CUSTOMER SERVICE,113732
"Piedmont Pump & Product, Inc.",113733,alexh@acmecontrol.com,717-840-4500,Brian Betts,113733
Thermofin,113735,lori@castcorporation.com,800-332-3000,Joe Mesics  x 117,113735
The Fredericks Company,113754,tmcny@aol.com,305-935-4608,*DO NOT USE*,113754
South-Tek Systems,113759,sales@responderpse.com,011911126814905,LESLIE PALMER,113759
Wing Inflatables Inc.,113773,admin@geodatasys.com/bruce@geodatasys.com,215-674-9100,Sales,113773
"Hill Flight Support, LLC",113775,SHAWN GOODWIN (CONTACT FOR SEALS) ,404-626-8533,Leon Cote,113775
CNI Ceramic Nozzles Inc.,113785,rpiazza@monroetractor.com,716-647-1997,JoAnn Mulligan,113785
Elettrotec SRL,113789,,855-428-6074,Brenna Schell,113789
Reyco Granning LLC,113790,DMUSCLOW@EDWARDJOYELECTRIC.COM,918-459-7116,Kim Braden,113790
"Enthermics Medical Systems,Inc",113792,Eileen@mcmillanusa.com,""" SEE COMMENTS """,SALES,113792
Mission SAS,113794,lmpeng1@supanet.com,972-519-3000,DOROTHY VAN BEUSICHEM,113794
Vincorion LLC,113795,lkirsch@oshkoshcoilspring.com ,254-699-0067,JASON,113795
Witte Technology GmbH,113824,sales@gympart.com,203-484-2002,"""SEE COMMENTS""",113824
,,,,,002538
HARCOSEMCO LLC DBA HARCOSEMCO,00060,,,,100078
MARINE ELECTRIC SYSTEMS INC,00062,,,,100140
CUTLER-HAMMER INC WESTINGHOUSE CUTLER-HAMMER PRODUCTS DIV,000F6,,,,001042
VEECO INSTRUMENTS INC. DBA UPA TECHNOLOGY,00124,,,,006706
"ROLLER BEARING CO OF AMERICA, INC DIV PIC DESIGN",00141,,,,002417
"TE CONNECTIVITY NETWORKS, INC. DIV ADC TELECOMMUNICATIONS SALES, INC.",00144,,,,001270
ACME ELECTRIC CORP,00159,,,,002604
MERIT ABRASIVE PRODUCTS INC,00179,,,,000824
PRATT & WHITNEY CANADA CORP DIV PRATT & WHITNEY CANADA CORP.,00198,,,,102648
TRI LITE INC,001Y1,,,,003590
WESTBERG MFG INC WESTACH,00210,,,,008471
STRUTHERS-DUNN INC.,00213,,,,102549
ENGWALD CORP,00219,,,,100078
ESC CONTROL ELECTRONICS LLC DBA CONTROL ELECTRONICS DIVISION OF FIL-COIL,00222,,,,101935
"BLOWERS, LLC",00248,,,,109550
FUTURECRAFT CORP SUB OF SOUTH BEND CONTROLS INC,00255,,,,008052
HALL-TOLEDO INC,00256,,,,106245
SPIROL INTERNATIONAL CORPORATION,00287,,,,008350
"CURTISS-WRIGHT CONTROLS INTEGRATED SENSING, INC",00288,,,,004162
MARINE ELECTRIC CORP,00289,,,,100140
BEAVER PRECISION PRODUCTS INC,00293,,,,007005
WS DARLEY & CO DIV OHLER PUMP,00299,,,,001456
SHELLY ASSOCIATES INC.,00303,,,,007310
DESIGNATRONICS INCORPORATED DIV STERLING INSTRUMENTS DIV,00328,,,,003663
"ROYAL HOLDINGS, INC.",00333,,,,106342
CLARIANT CORP DIV CLARIANT CORPORATION,00334,,,,006834
APOLLO AEROSPACE COMPONENTS LLC,00360,,,,002380
TLD ACE CORP DIV TLD ACE,00365,,,,006585
AIRMASTER FAN COMPANY DBA AUTUMAIRE FAN,00388,,,,104472
FLABEG TECHNICAL GLASS US CORPORATION,00404,,,,006254
"VICTOR MICROWAVE, INC",00416,,,,007164
AVO MULTI-AMP CORP DIV STATES,00426,,,,112016
WAVELINE INC,00443,,,,003358
WABCO CONSTRUCTION AND MINING EQUIPMENT GROUP INDIANAPOLIS PLANT AN AMERICAN STANDARD INC CO,00447,,,,001049
GOODRICH CORPORATION DBA TRW LUCAS AEROSPACE,00462,,,,008028
NAPA AUTO PARTS,004N3,,,,104582
CONDUCTIX INC DIV CONDUCTIX WAMPFLER,00503,,,,008010
"OIL CAPITAL VALVE COMPANY DBA OCV CONTROL VALVES DIV OCV CONTROL VALVES, LLC",00515,,,,103514
GLENN ELECTRIC HEATER CORPORATION,00550,,,,103506
HYDRAFORCE INC,005K6,,,,000698
MILTECH LTD,005VU,,,,008606
GAP INSTRUMENT CORP,00607,,,,002829
EATON AEROQUIP LLC DBA AEROSPACE GROUP DIV FLUID AND ELECTRICAL DISTRIBUTION,00624,,,,002033
HEALE MANUFACTURING CO LLC,00642,,,,007419
AEROVENT INC,00646,,,,000045
BREWMATIC CO,00666,,,,108323
SPECIALTY PRODUCTS CO DIV OF CLAMPCO PRODUCTS INC,00671,,,,003132
GRIMES AEROSPACE CO,00672,,,,002033
KRAUS & NAIMER GMBH,0071N,,,,106311
RAYTHEON COMPANY DIV ADVANCED PRODUCTS & SOLUTIONS,00724,,,,006555
"FALLS FILTRATION TECHNOLOGIES, INC.",00736,,,,105905
MESSER LLC,00741,,,,000109
TE CONNECTIVITY CORPORATION,00779,,,,111402
"SNAP-ON INCORPORATED DBA SNAP-ON TOOLS DIV SNAP-ON INDUSTRIAL, SPECIAL PRODUCTS DIVISION",00784,,,,006103
DELTA ELECTRONICS MANUFACTURING CORP DIV DELTA ELECTRONICS MFG. CORP.,00795,,,,003465
CLARK-RELIANCE LLC,007F8,,,,003635
FLAIR CORPORATION DBA S P X AIR TREATMENT DIV DEHYDRATION,00819,,,,000045
HOFFMAN ENGINEERING CO DIV OF FEDERAL CARTRIDGE CORP,00843,,,,001042
CORNELL-DUBILIER MARKETING INC,00853,,,,002538
RENOLD INC DIV AJAX,00874,,,,002948
HURON AUTOMATIC SCREW COMPANY,00905,,,,003476
AKRON BRASS COMPANY,00912,,,,002693
CRENSHAW CORPORATION DBA CRENSHAW EQUIPMENT,00916,,,,103964
MICROLAB/FXR LLC,00929,,,,003325
COLUMBUS JACK CORPORATION,00994,,,,101153
"SENTRY SOLUTIONS, LLC",009J2,,,,109583
DETECTO SCALE CO,009P6,,,,111842
RUGGED PORTABLE COMPUTERS LLC,00AF8,,,,109243
MAZZER INDUSTRIES INC.,00EU2,,,,004086
"SEW-EURODRIVE, INC.",00FW5,,,,104457
CINCH CONNECTOR INC,00G44,,,,003197
RICHCO,00H07,,,,003197
SEW-EURODRIVE INC,00HS9,,,,104457
CINCH CONNECTOR,00J42,,,,003197
ALPS INC,00J92,,,,003197
SANYO ENERGY (USA) CORPORATION,00JU0,,,,006681
PULSETECH PRODUCTS CORPORATION,00NQ8,,,,005945
KIPPER TOOL COMPANY,00NS2,,,,107320
"BELL POWER SYSTEMS, LLC DBA BELL POWER SYSTEMS INC",00U12,,,,105286
"HSI ELECTRIC, INC.",00U45,,,,103009
CONSOLIDATED CORDAGE CORPORATION,00UF8,,,,007394
BLACK & COMPANY,00WU8,,,,102376
WEST MARINE INC,00XC0,,,,107554
"LEX PRODUCTS, LLC DBA LEX PRODUCTS CORP",00Y95,,,,106515
FERGUSON ENTERPRISES LLC,00ZP1,,,,005978
"MCKEE, INC DBA FULTON ARMORY",00ZT6,,,,111744
AVTRON AEROSPACE INC,01014,,,,102375
STOFFEL SEALS CORPORATION DIV SECURITY SOLUTIONS,01019,,,,105489
LOK-FAST INC,01022,,,,007144
STEWART-WARNER ALEMITE SALES CO INC,01045,,,,000454
GENERAL INSTRUMENT CORPORATION DBA MOTOROLA DIV MOTOROLA MOBILITY - HOME DIVISION,01113,,,,006966
"ROCKWELL AUTOMATION, INC.",01121,,,,001370
MOMENTIVE PERFORMANCE MATERIALS INC.,01139,,,,100110
BELLOFRAM CORPORATION,01170,,,,002921
"LOURDES INDUSTRIES, INC. DBA LOURDES INDUSTRIES INC",01178,,,,008732
FEDERAL-MOGUL CORP GOVERNMENT SALES DEPT,01212,,,,106513
EMERSON ELECTRIC CO LOUISVILLE LADDER DIV,01252,,,,000485
"DANFOSS POWER SOLUTIONS II, LLC",01276,,,,106165
GENERAL ELECTRIC CO DIRECT CURRENT MOTOR AND GENERATOR DEPT,01288,,,,101063
GENERAL ELECTRIC COMPANY DBA GE DIV GE-AVIATION GEAR PLANT,01289,,,,101458
TEXAS INSTRUMENTS INCORPORATED,01295,,,,002538
"QUANTUM CHEMICAL, LLC",012L8,,,,104031
SOUTHERN GEAR & MACHINE INC,01351,,,,104004
"TRIUMPH THERMAL SYSTEMS - MARYLAND, INC.",01359,,,,100919
"EMERSON PROCESS MANAGEMENT VALVE AUTOMATION, INC.",01379,,,,003384
COLONIAL WIRE AND CABLE OF NEW JERSEY INC,013J0,,,,105250
ALLIS CHALMERS CORP,01406,,,,007300
WESTINGHOUSE ELECTRIC CORP MEDIUM AC MOTOR AND GEARING DIV,01411,,,,002959
AIR LOGISTICS CORPORATION DBA AIR LOGISTICS CORP,01413,,,,006760
AIRCRAFT POROUS MEDIA INC,01414,,,,003379
GENERAL DYNAMICS LAND SYSTEMS INC.,01417,,,,102457
HOYT CORPORATION,01420,,,,003930
LOUIS ALLIS CO THE THIS COMPANY HAS GONE BANKRUPT AND HAS BEEN PURCHASED BY 3 COMPANIES,01425,,,,101512
CABLECRAFT MOTION CONTROLS LLC,01428,,,,002252
HEXCEL CORP HEXCEL SALES,01490,,,,000913
"AIR DRY CO OF AMERICA, LLC",01496,,,,006981
PLAINVIEW BATTERIES INC NEWMAX DIV,014V6,,,,007071
KENNAMETAL INC METALCUTTING DIV,01517,,,,006558
ALNOR INSTRUMENT COMPANY,01518,,,,104022
GENICOM CORP,01526,,,,002701
RAYTHEON COMPANY DBA RAYTHEON CO DIV NAVEL POWER,01534,,,,003379
"EDRO CORPORATION, THE DBA EDRO CORP",01551,,,,100321
"NUMATICS, INCORPORATED DBA NUMATICS",01555,,,,003646
EMHART TEKNOLOGIES LLC DBA STANLEY ENGINEERED FASTENING,01556,,,,002502
ERDCO ENGINEERING CORPORATION,01579,,,,103433
REID SUPPLY COMPANY,01599,,,,101154
CASTER CONCEPTS INC,015E5,,,,102708
PROCESS CONTROL INSTRUMENTATION SERVICE,015L7,,,,102945
"COB INDUSTRIES, INC. DBA COB INDUSTRIES",015N2,,,,105681
FORD MOTOR CRAFT,01637,,,,101568
RIKER PRODUCTS,01652,,,,001336
GENERAL PLASTICS NORTH CORPORATION,01656,,,,008168
PROTEC ARISAWA EUROPE SA,0166B,,,,111349
"AEROFAB COMPANY, INC.",01685,,,,101932
"HOTWATT, INC",01692,,,,100078
"ALVORD-POLK, INC. DBA ALVORD-POLK TOOL COMPANY DIV ALVORD-POLK TOOL",01713,,,,003715
INTERNATIONAL CRYSTAL MANUFACTURING COMPANY DBA ICM,01766,,,,110530
SNYDERGENERAL CORP DBA AMERICAN AIR FILTER,01767,,,,006032
"OTR WHEEL ENGINEERING, INC. DIV OTR WHEEL ENGINEERING",017X3,,,,008595
"EXXELIA USA, INC.",01884,,,,006117
REXA INC,018U9,,,,000066
AMEROCK CORP P O BOX 900 FREEPORT IL 61032-0900,01930,,,,006635
MOELLER MFG CO INC,01943,,,,003229
R H P TRANSMISSION BEARINGS LTD,01954,,,,105119
PULSE ENGINEERING INC,01961,,,,003215
"BALLYMORE COMPANY, INC. DBA GARLIN ENTERPRISES",01972,,,,109304
"ESNA, LLC",019L2,,,,106256
HI-TECH HOSE INC,019R9,,,,008092
PLANSEE USA LLC,01AK0,,,,109082
AMETEK INC PROCESS AND ANALYTICAL INSTRUMENTS DIV,01CW0,,,,106352
VELCRO USA INC,01CW5,,,,110787
OERLIKON METCO US INC,01FK3,,,,007049
JOMY SAFETY PRODUCTS,01JU5,,,,110265
SEW-EURODRIVE INC,01LL5,,,,104457
SNAP ACTION INC.,01NN8,,,,102530
"SHIMADZU SCIENTIFIC INSTRUMENTS, INC. DBA SHIMADZU SCIENTIFIC INSTRUMENTS INC DIV HDQ",01NQ7,,,,106690
SMC CORP,01NT6,,,,001340
"BERENDSEN, INC. DBA ATLANTA SALES",01PL3,,,,000463
"LAW ENFORCEMENT TARGETS, INC DBA LET DIV DBA ACTION TARGET",01RF1,,,,109980
BRADY USA INC INDUSTRIAL PRODUCT DIV,01RP8,,,,100110
WARTSILA NORTH AMERICA INC,01TQ1,,,,109112
TRIPOD DATA SYSTEMS INC.,01UJ9,,,,107149
VECTOR CORP,01VA2,,,,003197
"OTIS PRODUCTS, INC. DBA OTIS TECHNOLOGY",01VS3,,,,108438
GENERAL ELECTRIC COMPANY DBA GE DIV GE SUPPLY,01XK9,,,,003459
USR METALS INC DIV OF USR INDUSTRIES INC,02006,,,,103062
RDF CORPORATION,02009,,,,007313
PENN VENTILATOR CO,02013,,,,103872
"PHOTO-SONICS, INC. DIV PHOTO-SONICS",02024,,,,005889
GYRUS ACMI L.P. DBA CIRCON-ACMI DIV,02033,,,,109984
MJT HOLDINGS LLC,02064,,,,003487
FPPF CHEMICAL CO. INC,020D9,,,,104643
"OECO, LLC DBA PACIFIC SCIENTIFIC OECO",02101,,,,101592
ASSEMBLY TECHNOLOGIES INTERNATIONAL INC.,02105,,,,105365
SPIRAL TOOL CORPORATION DBA STC INDUSTRIES,02108,,,,101495
VISHAY SPRAGUE INC,02111,,,,003775
COOPER WHEELOCK INC.,02116,,,,005974
"RICHARDS IMAGERY INTERPRETATION SYSTEMS, L.L.C.",02145,,,,006930
ROBERTSON TRANSFORMER CO. DBA ROBERTSON WORLDWIDE,02241,,,,005888
THE CHARLES MACHINE WORKS INC DBA DITCH WITCH,02246,,,,103661
PARKER HANNIFIN CORPORATION DBA GRESEN HYDRAULICS DIV HYDRAULIC VALVE DIVISION,02249,,,,001051
"CURTISS-WRIGHT CONTROLS INTEGRATED SENSING, INC.",02250,,,,100078
WOLVERINE BRASS INC,02271,,,,101480
"ALLIED CONTROLS, INC.",02288,,,,004129
GENERAL ELECTRIC CO GENERAL PURPOSE CONTROL DEPT,02295,,,,003459
PATTONAIR USA INC DBA INCORA DIV UNISEAL DIVISION,02310,,,,006616
VICTOR INDUSTRIES INC,02363,,,,100877
ROLEX COMPANY DBA ROLEX COMPANY DIV ROLEX COMPANY,02368,,,,102942
GENERAL RUBBER LLC DBA GENERAL RUBBER CORP,02378,,,,008852
HIGHLAND AUTO & TRUCK SUPPLY,02386,,,,008108
CONXALL CORPORATION DIV CONXALL CORPORATION,023K3,,,,003197
"POWER-DYNE, LLC",023T5,,,,109195
GUARDIAN ELECTRONICS,02483,,,,003197
ASTREX ELECTRONICS INC. DIV TTI INC,02549,,,,003958
SWAGELOK CO DBA USE CAGE CODE 3T9T9 FOR CATALOGING,02570,,,,106113
AEROFLEX LABORATORIES INC ROTATING COMPONENTS DIV,02598,,,,003909
CASCADE CORP,02614,,,,000810
NYLOK FASTENER CORP,02615,,,,007200
MAGNETIKA,02640,,,,008500
DAYTRONIC CORPORATION,02654,,,,103101
AMPHENOL CORP SPECTRA-STRIP/ITD,02660,,,,003957
HUNTSMAN INTERNATIONAL TRADING CORPORATION DIV HUNTSMAN ADVANCED MATERIALS AMERICAS LLC,02684,,,,109413
"UTILITY TOOL &  TRAILER, INC.",02686,,,,004027
MORSE INDUSTRIAL CORP SEALMASTER BEARING DIV SUB OF EMERSON ELECTRIC CO,02695,,,,002175
LIGHTALARMS ELECTRONICS CORP,02720,,,,005898
"MANUFACTURER'S COMMERCIAL FINANCE, LLC DBA ELECTRO-FLEX HEAT",02728,,,,100610
MCDONNELL DOUGLAS HELICOPTER CO INC,02731,,,,006608
BLACK ANAD WEBSTER INC NYLOGRIP PRODUCTS DIV,02751,,,,005874
HOPKINS ENGINEERING CO,02777,,,,004127
BERG ELECTRONICS INC,027H5,,,,003215
CASAPPA CORP,027P6,,,,101007
RYAN HERCO PRODUCTS CORP. DBA RYAN HERCO PRODUCTS CORP,02808,,,,001731
HORIZONS INCORPORATED DIV IMAGING SYSTEMS GROUP,02811,,,,105892
AMERICAN SAW AND MFG CO,02824,,,,005018
DODGE-WASMUND MANUFACTURING INC,02886,,,,007228
HYDRECO INC A UNIT OF GENERAL SIGNAL CORP,02892,,,,001277
INTERNATIONAL PAINT LLC,028S6,,,,109592
"MUELLER DIE CUT SOLUTIONS, LLC DBA MUELLER CUSTOM CUT SOLUTIONS",02921,,,,007182
NEWARK ELECTRONICS CORPORATION DBA NEWARK,02929,,,,002538
PITTSBURGH PLUG AND PRODUCTS CORP,02951,,,,007914
PORTER P L CO,02953,,,,007301
PEPCO MANUFACTURING CO DIV PREMIER METALS,02954,,,,008472
SYMMONS INDUSTRIES INC,02977,,,,000470
OPPENHEIMER PRECISION PRODUCTS INC,02995,,,,005903
FORESPAR PRODUCTS CORP,02AC6,,,,106884
FISHER MANUFACTURING CO.,02AC8,,,,102201
PETROLEUM ANALYZER CO L.P,02BZ8,,,,103839
XEROX CORPORATION DBA XEROX,02DH1,,,,102639
BENCHMARK COMMERCIAL INC,02GG6,,,,102668
AMERICAN TIMBER AND STEEL CO INC DBA MIDWEST WOOD TREATING INC DIV AMERICAN TIMBER & STEEL CO. INC.,02HW1,,,,112702
STEWART & STEVENSON POWER PRODUCTS LLC,02KE5,,,,105824
LUMATECH LLC,02KP7,,,,103573
D & D INSTRUMENTS INC,02LE8,,,,100355
COMPUTER RESCUE SERVICES,02LV2,,,,100079
SCIENCE APPLICATIONS INTERNATIONAL CORPORATION DIV SAIC,02NP8,,,,110195
TURBINE TOOL CORPORATION,02PA5,,,,101103
L-3 MARINE SYSTEMS,02SU8,,,,105961
GRAINGER BR 507,02WA1,,,,000621
FLUKE CORP,02WJ6,,,,002538
AMERICAN CYANAMID CO LEDERLE LABORATORIES DIV,02WV1,,,,107932
WEST SIDE TRACTOR SALES CO,02YK8,,,,111976
"H. A. GUDEN COMPANY, INC.",03007,,,,008643
SENIOR OPERATIONS LLC DIV SENIOR AEROSPACE KETEMA,03024,,,,101332
EMPRO MANUFACTURING CO INC DBA EMPRO SHUNTS,03030,,,,007193
PLASTIFAB INCORPORATED,03033,,,,007147
"LONG-LOK, LLC",03038,,,,004089
VISHAY BLH INC. DBA BLH ELECTRONICS,03089,,,,109371
SUPREME SUPPLY CO INC DBA SUPREME SUPPLY CO INC,03102,,,,006031
"TELEDYNE BROWN ENGINEERING, INC. DBA TELEDYNE TURBINE ENGINES DIV TELEDYNE TURBINE ENGINES",03104,,,,100326
ISODYNE INC.,031M6,,,,101804
"NMC GROUP, INC.",03296,,,,100120
"CHECKERS INDUSTRIAL PRODUCTS, LLC DBA CHECKERS INDUSTRIAL SAFETY PRODUCTS",032T9,,,,111921
TATE ANDALE INC,03458,,,,002957
HOMEWOOD PRODUCTS CORP,03486,,,,112059
GENERAL ELECTRIC CO OUTDOOR BREAKER BUSINESS SECTION,03497,,,,003459
"ANDERSON POWER PRODUCTS, INC.",034K5,,,,005980
SPHAG SORB INC,034Q8,,,,105781
CLARK COMPONENTS NORTH AMERICA A UNIT OF CLARK EQUIPMENT CO,03504,,,,008778
GENERAL ELECTRIC CO MOTOR BUSINESS GROUP,03510,,,,002959
GENERAL ELECTRIC CO SPECIALTY MOTOR DEPT,03511,,,,101458
GENERAL ELECTRIC CO SPECIALTY TRANSFORMER DEPT,03512,,,,003459
GENERAL ELECTRIC CO APPLIANCE CONTROL DEPT,03513,,,,003791
ZERO CORP MCLEAN ENGINEERING DIV,03522,,,,007954
INTEGRATED POWER SYSTEMS LLC,03526,,,,008056
LOCKHEED MARTIN CORPORATION DIV RMS,03538,,,,101416
AMPHENOL CANADA CORP,03554,,,,112007
KRONE INC,035Z7,,,,109455
WANDFLUH OF AMERICA INC,035Z9,,,,000698
OHMITE MFG CO,03615,,,,003197
LOCKHEED MARTIN CORPORATION DIV ROTARY AND MISSION SYSTEMS,03640,,,,100034
GLOBE AEROSPACE INC,03647,,,,105267
TYCO FIRE PRODUCTS LP,03670,,,,107677
STEIN SEAL COMPANY,03673,,,,006665
CONAX BUFFALO CORP,03688,,,,100237
MAGTROL INC. DBA MAGTROL INC,03692,,,,003407
"APEX TOOL GROUP, LLC",03705,,,,005925
MIDWEST TANK AND MFG CO INC,03742,,,,001042
EGS ELECTRICAL GROUP APPLETON DIV,03743,,,,002604
GEARTRONICS INDUSTRIES INC DBA X-4 TOOL DIV,03763,,,,105705
GENISCO TECHNOLOGY CORP ELECTRONICS DIV,03797,,,,003787
"VERDE ENVIRONMENTAL, INC",037V7,,,,104862
"BAILEY REFRIGERATION CO, INC.",03824,,,,008013
GENERAL SCIENTIFIC CORP DBA SURGITEL,03829,,,,007236
"WARREN CONTROLS, INC.",03847,,,,006724
DYNAPAC MFG INC,03880,,,,003699
NEW YORK TWIST DRILL INC,03882,,,,006787
MARKEL CORP.,03890,,,,006259
ARMSTRONG-BLUM MFG. CO.,03895,,,,103749
ARMSTRONG BROS TOOL CO,03914,,,,006997
ARMSTRONG INTERNATIONAL INC DBA ARMSTRONG MACHINE WORKS,03933,,,,003310
MICRO NETWORKS CORPORATION,03947,,,,008209
NORTHROP GRUMMAN SYSTEMS CORPORATION DIV NAVIGATION AND MARITIME SYSTEMS,03956,,,,006658
SCOVILL FASTENERS INC,03961,,,,102791
ZURN INDUSTRIES INC,03966,,,,005978
"CURTISS-WRIGHT CONTROLS ELECTRONIC SYSTEMS, INC.",03972,,,,004162
INGERSOLL-RAND COMPANY DBA INGERSOLL-RAND,03990,,,,003380
DIAMOND SYSTEMS CORP,03AM3,,,,108507
"FREIGHTLINER OF SAVANNAH, INC.",03AZ7,,,,000068
DISCOUNT MICRO SALES DBA MEMORY 4 LESS DIV MEMORY4LESS,03DJ3,,,,110538
"PIGEON MOUNTAIN INDUSTRIES, INC. DBA P M I",03FA0,,,,108224
"ATREX ENERGY, INC.",03FF4,,,,104519
K. K. MACHINE CO. INC,03GR8,,,,103235
DATA BUS PRODUCTS CORP,03JJ7,,,,109633
DAMAN PRODUCTS COMPANY INC,03KD9,,,,000075
BRANDYWINE COMMUNICATIONS,03NF8,,,,113103
"FMW COMPOSITE SYSTEMS, INC. DBA F M W",03RJ8,,,,106259
ADVANCED CABLE TIES INC,03RL1,,,,109389
LAIRD PLASTICS INC,03WD5,,,,101080
JIMMY M. SCOTT DBA POST PARTS CO.,03YF4,,,,104416
COOPER INDUSTRIES INC COOPER DISTRIBUTION EQUIPMENT DIV,04009,,,,101045
PREFORMED LINE PRODUCTS COMPANY,04025,,,,006843
"SETRA SYSTEMS, INC. DBA GEMS SENSORS",04034,,,,104131
"INDUSTRIAL ACOUSTICS COMPANY, INC. DBA I A C DIV IAC ACOUSTICS",04042,,,,105360
EAST PENN MANUFACTURING CO. DBA EAST PENN MANUFACTURING CO INC,04055,,,,008449
ASAHI/AMERICA INC,040N5,,,,002495
"YANMAR MASTRY ENGINE CENTER, LLC DBA MASTRY ENGINE CENTER",040W0,,,,105286
ERICKSON PRODUCTS CO,04147,,,,002972
"WENDON COMPANY, INC. DIV NONE",04155,,,,100078
ATLAS CORP WESTERN SKY INDUSTRIES DIV,04169,,,,003085
PNEU-HYDRO PRODUCTS,04190,,,,008101
ROGERSON AIRCRAFT EQUIPMENT GROUP,04192,,,,008056
FRIGIDAIRE CO,04209,,,,006261
KYOCERA AVX COMPONENTS CORPORATION,04222,,,,003215
KOCH-OTTO YORK DIVISION OF KOCH-GLITSCH INC. DBA KOCH-OTTO YORK DIV KOCH-GLITSCH INC.,04257,,,,006726
GYRUS ACMI L.P.,04264,,,,007202
ROSEMOUNT INC DBA FISHER ROSEMOUNT SERVICE AND SUPPORT,04274,,,,109263
WHITE CONSOLIDATED INDUSTRIES INC RANGE DIV ATHENS PLANT,04280,,,,001013
PHOENIX PRODUCTS INC,042G6,,,,103554
NEWARK ELECTRONICS INC,042U1,,,,002538
"SPECIFIC CRUISE SYSTEMS, INC DBA S C S FRIGETTE",042W1,,,,101781
PARKER-HANNIFIN CORPORATION DBA PARKER HANNIFIN ADVANCED PRODUCTS CO DIV COMPOSITE SEALING SYSTEMS DIVISION,04319,,,,007207
SOLARTRON ELECTRONICS INC SUB OF SCHLUMBERGER LTD,04322,,,,007178
HENKEL LOCTITE CORP,04347,,,,102274
"LIQUID CONTROLS, L.L.C. DIV IDEX CORPORATION",04366,,,,113183
PURITAS METAL PRODUCTS INC,04368,,,,108753
MAGNETEK INC HUNTINGTON DIV,04386,,,,102883
"TOYOTA INDUSTRIAL EQUIPMENT MFG., INC.",043D7,,,,106326
"TELONIC BERKELEY, INC. DBA TELONIC BERKELEY",04423,,,,101394
ILLINOIS TOOL WORKS INC DIV ILLINOIS TOOL WORKS,04426,,,,007183
SQUARE D CO LEEDS MFG PLANT,04429,,,,002193
JETTRON PRODUCTS INC,04435,,,,008692
"SENSOR SYSTEMS, L.L.C. DBA SENSOR SYSTEMS LLC",04454,,,,101460
GALI INTERNACIONAL SA,0451B,,,,109502
CLAUSING CORP,04522,,,,102793
WAMPOLE LABORATORIES DIV OF CARTER-WALLACE INC,04533,,,,103193
"ATWOOD & MORRILL CO., INC. DBA WEIR VALVES AND CONTROLS USA",04537,,,,101400
NATIONAL STARCH AND CHEMICAL CO EMERSON AND CUMING SPECIALTY POLYMERS DIV,04552,,,,102274
TOPWORX INC,04553,,,,100762
AURORA PUMP A UNIT OF GENERAL SIGNAL CORP,04579,,,,006227
TEREX CRANES INC,045T9,,,,003072
"MEGABITE ELECTRONICS, INC.",045V4,,,,102155
"RAYCO ELECTRONIC MANUFACTURING, INC. DIV RAYCO ELECTRONICS MFG INC",04620,,,,008837
CYTEC ENGINEERED MATERIALS INC.,04622,,,,107932
"HYSTER-YALE GROUP, INC.",04627,,,,002024
COMTEC INFORMATION SYSTEMS INC DIGITRONICS DIV,04643,,,,006178
"GENERAL DYNAMICS MISSION SYSTEMS, INC.",04655,,,,100085
PIERCE MANUFACTURING INC,04664,,,,111918
APPLIED INDUSTRIAL TECHNOLOGIES - CA LLC,046N7,,,,006997
WESCON PRODUCTS COMPANY DIV CONTROLS,04710,,,,002747
"FREESCALE SEMICONDUCTOR, INC.",04713,,,,102778
"C&H DISTRIBUTORS, LLC",04718,,,,000688
MYERS ELECTRIC PRODUCTS INC,04722,,,,001370
UNICORP.,04729,,,,006263
M D HOLDINGS LLC DBA SANISERV,04742,,,,107116
BE AEROSPACE CONSUMABLES MANAGEMENT DBA AEROSPACE SERVICES DIV CONSUMABLES SOLUTIONS,04795,,,,003431
"L3HARRIS MARITIME POWER & ENERGY SOLUTIONS, INC",04801,,,,100019
ASHLAND ELECTRIC PRODUCTS INC,04810,,,,100766
THE PRECISION COIL SPRING COMPANY DBA PRECISION COIL SPRING CO,04811,,,,100025
SAINT-GOBAIN PERFORMANCE PLASTICS CORP DIV POLYMER PRODUCTS,04813,,,,109965
HERMETIC SEAL CORPORATION DIV AMETEK CORP,04820,,,,005894
TACTAIR FLUID CONTROLS INC WESTERN HYDRAULICS DIV,04823,,,,003923
GRINNELL FIRE PROTECTION,04826,,,,007274
"TRELLEBORG SEALING SOLUTIONS US, INC.",04827,,,,000015
AUTOMATIC SWITCH COMPANY,04845,,,,101419
SOMAT COMPANY,04863,,,,107116
AUTOMATIC TIMING AND CONTROLS CO DIV OF SYCON CORP,04864,,,,008167
"ND INDUSTRIES INC DIV ND INDUSTRIES, INC. - MICHIGAN DIVISION",04866,,,,109789
JONES HIRAM ELECTRONICS CO,04867,,,,006480
HONEYWELL INC HONEYWELL INFORMATION SYSTEMS INC,04873,,,,006895
ARNOLD MAGNETICS CORPORATION,04879,,,,007130
BOONTON ELECTRONICS CORPORATION DIV BOONTON ELECTRONICS,04901,,,,003438
LOCKHEED MARTIN CORP,04939,,,,008051
STANDARD WIRE & CABLE CO. DBA STANDARD WIRE & CABLE CO,04946,,,,100545
AIRLINE HYDRAULICS CORP DBA AIRLINE HYDRAULICS CORP,04962,,,,101007
3M COMPANY,04963,,,,100110
"FASTENER SPECIALTY, INC.",04967,,,,007192
CELTECH CORPORATION DIV USE CAGE 65552 FOR ALL ORDERS,04984,,,,006932
AUTHORIZED PARTS INC,049L3,,,,101045
ASHCROFT INC,049X3,,,,109084
VJ SUPPLY INC. DBA VJ SUPPLY INC,04BQ9,,,,109551
LIFE SAVING SYSTEMS CORP,04CY8,,,,110130
BEACH MARINE SERVICES INC,04GE8,,,,109582
ANSUL FIRE PROTECTION,04JH1,,,,003850
BIG SKY ENGINEERING CA INC. DBA BIG SKY ENGINEERING,04MA3,,,,107933
CUMMINS INC DIV CUMMINS SALES AND SERVICE,04MP1,,,,106192
"CONTITECH USA, INC DBA VEYANCE TECHNOLOGIES",04NP0,,,,000042
"GOODYEAR TIRE & RUBBER COMPANY, THE DBA GOODYEAR DIV GROUND VEHICLE TIRES",04NP3,,,,000042
"BOSCH SECURITY SYSTEMS, INC DBA R T S SYSTEMS DIV BOSCH SECURITY SYSTEMS, INC.",04PN9,,,,109853
WINTERS THERMOGAUGES INC DBA WINTERS INSTRUMENTS DIV WINTERS INSTRUMENTS,04RZ4,,,,101452
SENTECH CORP,04TF2,,,,103489
"RKI INSTRUMENTS, INC. DBA RKI INSTRUMENTS INC",04VL7,,,,113602
UNITED GROUP INC,04XU0,,,,109574
INGERSOLL-RAND COMPANY DBA INGERSOLL-RAND DIV INDUSTRIAL TECHNOLOGIES,04YP5,,,,105668
"R.E. ATCKISON CO., INC.",05060,,,,100450
"BACHARACH, INC.",05083,,,,006587
KEARFOTT CORP DIV KEARFOTT CORPORATION,05088,,,,006211
NATIONAL AUTOMOTIVE PARTS ASSN/NAPA/,050Q3,,,,104582
VOLTRONICS CORPORATION,050R9,,,,109277
BADGER METER INC,05105,,,,000909
NEW HERMES INC MACHINE DIV,05134,,,,006950
SMITH A O CORP ELECTRIC MOTORS DIV,05147,,,,002959
CMB INDUSTRIES BAILEY DIV,05163,,,,007241
MEGGITT SAFETY SYSTEMS INC,05167,,,,101592
AAI CORPORATION DIV MISSISSIPPI OPERATIONS,05172,,,,007032
NALGE CO DIV OF SYBRON CORP,05178,,,,008793
STERLING PRODUCTS INC,051E2,,,,103308
TED MANUFACTURING CORP DIV TED MANUFACTURING CORPORATION,05209,,,,100049
PTI TECHNOLOGIES INC.,05228,,,,002033
THERMO JARRELL ASH CORP BAIRD DIV,05234,,,,005882
JONATHAN ENGINEERED SOLUTIONS CORP.,05236,,,,003363
TE CONNECTIVITY CORPORATION DIV CORCOM,05245,,,,002666
A M I/ COAST MAGNETICS INC. DBA COAST MAGNETICS,05254,,,,101236
FREUDENBERG-NOK GENERAL PARTNERSHIP,05262,,,,006521
ESSEX ELECTRONICS OF CANADA LTD,05267,,,,006890
FLUKE ELECTRONICS CORP POMONA ELECTRONICS DIV,05276,,,,008180
SHEFFER CORP,05283,,,,000075
GREENFIELD INDUSTRIES,052G9,,,,000793
ENGELHARD CORP SPECIALTY DIV,05301,,,,100349
PARKER-HANNIFIN CORP DIV RACOR DIVISION,05322,,,,001947
GENERAL CERAMICS INC NATIONAL BERYLLIA DIV,05327,,,,006060
LULL LIFT CORP DBA OMNIQUIP PARTS WORLDWIDE,05331,,,,103893
PYROTRONICS DIV OF BAKER INDUSTRIES INC SUB OF BORG-WARNER CORP,05351,,,,007948
"BUCYRUS BLADES, INC. DBA PACAL BLADES",05365,,,,001434
L3HARRIS TECHNOLOGIES INTEGRATED SYSTEMS L.P. DBA L3HARRIS TECHNOLOGIES,05395,,,,008119
AMERICAN SAFETY TECHNOLOGIES INC INSULCAST DIV,053W7,,,,109936
LINDE LIFT TRUCK CORP.,05415,,,,002645
ALLEGHENY VALVE CO,05443,,,,103243
PARKER-HANNIFIN CORPORATION DIV HYDRAULIC PUMP AND POWER DIVISION,05448,,,,000721
MATERION BRUSH INC,05451,,,,008123
"INDUSTRIAL ELECTRONIC ENGINEERS, INC. DBA INDUSTRIAL ELECTRONIC ENGINEERS INC",05464,,,,008309
BALDOR ELECTRIC CO,05472,,,,006805
"AMERICAN FUEL CELL AND COATED FABRICS COMPANY, LLC",05476,,,,100663
NEW SD INC SEATON-WILSON DIV SUB OF BEI ELECTRONICS INC,05477,,,,100078
"LEXMARK INTERNATIONAL, INC. DBA LEXMARK",05487,,,,112274
BRIDGEPORT FITTINGS INC,05500,,,,003225
MARTIN SPROCKET AND GEAR INC,05506,,,,102708
"COOPER INTERCONNECT, INC.",05574,,,,008498
A.G.I. RUBBER COMPANY,05581,,,,101734
AUTODYNE MANUFACTURING CO INC,05584,,,,008383
"SAFRAN ELECTRICAL COMPONENTS USA, INC DIV SAFRAN ELECTRICAL COMPONENTS USA",05593,,,,101160
"GENERAL DYNAMICS-OTS, INC. DIV ORDINANCE AND TACTICAL SYSTEMS",05606,,,,102004
GE AVIATION SYSTEMS LLC DBA GE AVIATION SYSTEMS LLC,05624,,,,102965
RAY ALLEN MANUFACTURING LLC,05639,,,,106212
KIDDE FIRE FIGHTING INC DBA KIDDE FIRE FIGHTING DIV POWHATAN/AUTOMATIC SPRINKLER,05646,,,,006149
"COLE-PARMER INSTRUMENT COMPANY, LLC",05668,,,,100885
MASTER PNEUMATIC-DETROIT INC,05695,,,,003535
BRUNSWICK CORP DEFENSE DIV,05699,,,,005993
DISTRIBUTION SPECIALISTS INC,056E8,,,,106177
PEABODY BARNES INC,05748,,,,001717
PHILLIPS SCREW CO RULE INDUSTRIES DIV,05755,,,,101947
PARKER-HANNIFIN CORPORATION DBA HYDRAULIC FILTER DIVISION DIV HYDRAULIC & FUEL FILTER DIVISION,05779,,,,001230
ELECTRIC INDICATOR CO INC ELINCO WATERBURY DIV,057L8,,,,100078
RCD INC,057U1,,,,003197
REXNORD INDUSTRIES LLC DIV STEARNS,05805,,,,002423
O T S I,05825,,,,102428
DYNEX/RIVETT INC.,05842,,,,000698
BARNSTEAD THERMOLYNE CORPORATION DBA BARNSTEAD INTERNATIONAL DIV LABORATORY EQUIPMENT,05852,,,,005951
"UHRDEN, INC. DBA TUBAR DIVISION",05896,,,,109321
"FIREBOY-XINTEX, INC. DBA AETNA ENGINEERING DIV FIREBOY-XINTEX",05903,,,,102857
"ACROMAG, INCORPORATED",05918,,,,113701
AMADA WELD TECH INC DBA MIYACHI UNITEK CORP,05942,,,,111120
EDKO ELECTRONICS,05955,,,,007074
LOCTITE CORP,05972,,,,105129
"PRATT & WHITNEY AUTOAIR, INC. DBA AUTO-AIR COMPOSITES",05986,,,,103236
CAMERON ENERGY SERVICES CORP.,05991,,,,105618
M3 ASSOCIATES INC,059C6,,,,103595
"BENNETT HOMES OF GAFFNEY, INC",05B30,,,,108233
KIDDE TECHNOLOGIES INC DBA KIDDE DUAL SPECTRUM DIV KIDDE DUAL SPECTRUM,05BU0,,,,103968
PENSKE TRUCK LEASING CO LP,05CH8,,,,103257
DURHAM GEO-ENTERPRISES INC DBA DURHAM GEO-ENTERPRISES INC,05DF2,,,,108208
UNITED REFRIGERATION INC,05GG9,,,,103626
"JOHN SHAW, LLC DBA SBM",05LG1,,,,100637
B & R SYSTEMSTEC INC DBA RJR,05LP8,,,,103252
WATERMAKER STORE INC.,05MH3,,,,100078
"HDT TACTICAL POWER, INC.",05NF7,,,,106261
ACME ELECTRIC CORP DBA POWER ELECTRIC PRODUCTS DIV,05NM0,,,,002604
VEEDER-ROOT COMPANY,05NQ1,,,,111902
DELTA 101 TECHNOLOGIES,05QT0,,,,003197
"ULTRA SAFETY SYSTEMS, INC. DBA ULTRA SAFETY SYSTEMS",05SA2,,,,109539
CULTIV8 LANDSCAPE SERVICES L.L.C,05T25,,,,101201
CUTLER-HAMMER,05VU8,,,,001042
INTEGRATED PROCUREMENT TECHNOLOGIES,05ZJ1,,,,101445
STEWART-WARNER BASSICK CORP,06004,,,,005974
DEERE & COMPANY DBA JOHN DEERE DUBUQUE WORKS DIV JOHN DEERE DUBUQUE WORKS,06021,,,,002120
ANTENNA PRODUCTS CORPORATION DBA ANTENNA PRODUCTS CORP,06032,,,,007175
NEWAGE INDUSTRIES INC,06034,,,,000123
AMETEK INC DBA AMETEK ISCD DIV ISCD,06046,,,,002981
TE CONNECTIVITY CORPORATION DBA RAYCHEM PRODUCT DIVISION,06090,,,,002584
BRETT EQUIPMENT CORP,060A6,,,,100465
"AIRFLO INSTRUMENT COMPANY, THE DBA AIRFLO INSTRUMENT CO",06102,,,,006550
RAYTHEON COMPANY DBA RAYTHEON CO DIV RIS,06129,,,,006609
"MAG INSTRUMENT, INC. DBA MAG INSTRUMENT INC",06134,,,,100112
"L3 AVIATION PRODUCTS, INC. DBA L3 TECHNOLOGIES",06141,,,,102874
VALK MANUFACTURING COMPANY,06143,,,,103002
"ALL STAINLESS, INC.",06164,,,,006572
"ALTEC AIR, LLC",06178,,,,005948
"TECHNOLOGY DYNAMICS, INC. DBA MID-EASTERN INDUSTRIES DIVISION DIV MID-EASTERN INDUSTRIES",06179,,,,102127
LA DEAU MANUFACTURING COMPANY,06192,,,,101706
T AND S BRASS AND BRONZE WORKS INC,06212,,,,102201
"KOOLTRONIC, INC.",06223,,,,005954
POKORNEY MANUFACTURING CO,06256,,,,109793
"EDAL INDUSTRIES, INC. DBA EDAL INDUSTRIES INC",06288,,,,006086
BEACH-RUSS COMPANY,06289,,,,007194
FRANKE GEAR WORKS INC,06314,,,,102860
"NUMET ACQUISITION AEROCISION, INC.",06320,,,,004021
"GLENAIR, INC.",06324,,,,002705
"PRODUCTS/TECHNIQUES, INC. DBA P T I",06341,,,,103260
COOPER INDUSTRIES INC CROUSE-HINDS DIV CAM-LOK MOLDED PRODUCTS,06349,,,,005974
MICROWAVE ENGINEERING CORPORATION,06351,,,,106804
FIKE CORPORATION,06370,,,,105652
PANDUIT CORP.,06383,,,,105250
CAVINESS WOOD WORKING,063B8,,,,112074
COUGAR ELECTRONICS II CORPORATION,063D2,,,,103453
"L3 TECHNOLOGIES, INC. DBA COMMUNICATION SYSTEMS-WEST DIV COMMUNICATION SYSTEMS-WEST",06401,,,,106105
OAKLAND INDUSTRIES LTD,06402,,,,005980
THE PRESRAY CORPORATION,06425,,,,100078
"MIRION TECHNOLOGIES (CANBERRA), INC.",06442,,,,102287
STEPP MANUFACTURING CO INC,06447,,,,105161
"WEST AMERICAN RUBBER COMPANY, LLC. DBA WEST AMERICAN RUBBER CO LLC",06470,,,,008555
SCHLAGE LOCK CO,06474,,,,002377
BAE SYSTEMS LAND & ARMAMENTS L.P.,064S4,,,,103028
WALBRO ENGINE MANAGEMENT,06504,,,,105074
NEW HAVEN MFG CORP AMATOM ELECTRONIC HARDWARE DIV,06540,,,,006580
JOHNSON CONTROLS INC,06541,,,,008129
INGERSOLL-RAND CO MATERIAL HANDLING DIV,06550,,,,105668
BEEDE ELECTRICAL INSTRUMENT CO. INC.,06555,,,,002786
NORTON CO COATED ABRASIVE DIV,06565,,,,004008
MILLER ELECTRIC,065R4,,,,000109
ITT BELL AND GOSSET-HYDRONICS A UNIT OF ITT FLUID HANDLING DIV,06631,,,,002926
GENERAL DEVICES CO INC,06666,,,,112200
"FLAGSHIP MARINE, INC DBA FLAGSHIP MARINE INC",066R6,,,,106889
HALDEX BRAKE PRODUCTS CORPORATION,06721,,,,000759
"SPS TECHNOLOGIES, LLC DBA AIR INDUSTRIES COMPANY DIV AIR INDUSTRIES COMPANY",06725,,,,002081
RIDGEWAY MANUFACTURING CORPORATION,06762,,,,104705
WANG LABORATORIES INC,06763,,,,006030
TIMBER TOP INC,06773,,,,002540
ROBINSON NUGENT INC,06776,,,,008759
PALL CORP DIV PALL CORPORATION,06816,,,,104806
"MICROMOLD PRODUCTS, INC.",06825,,,,110280
HONEYWELL INTERNATIONAL INC DIV AEROSPACE-SOUTH BEND (BENDIX DR),06848,,,,006129
BENDIX COMMERCIAL VEHICLE SYSTEMS LLC DBA BENDIX COMMERCIAL VEHICLE SYSTEMS,06853,,,,000759
DATA INSTRUMENTS INC,06880,,,,005906
BIG JOE MFG CO,06889,,,,002024
"AMETEK, INC. DIV HUNTER SPRING",068A9,,,,000453
SEAMAN-PARSONS CORP,06909,,,,001680
RICHCO INC,06915,,,,006673
HOWMET GLOBAL FASTENING SYSTEMS INC,06950,,,,003137
CABLECRAFT MOTION CONTROLS LLC,06970,,,,002252
VERNITRON CORP AIE MAGNETICS DIV,06978,,,,101460
OCEAN APPLIED RESEARCH CORP,06994,,,,008060
DK MANUFACTURING LLC,06AG3,,,,103766
"ULINE, INC. DBA ULINE",06BK8,,,,102226
CHEMFREE CORPORATION,06BT8,,,,105890
"HANSEN INTERNATIONAL, INC.",06CB9,,,,006696
"THYSSENKRUPP MATERIALS NA, INC. DBA THYSSENKRUPP ENGINEERED PLASTICS DIV THYSSENKRUPP ENGINEERED PLASTICS",06CG2,,,,110585
"HALE PRODUCTS, INC. DBA CLASS 1",06CG4,,,,111918
DUREX INTERNATIONAL CORP.,06CR3,,,,105875
"HANNA INSTRUMENTS, INC. DIV HANNA INSTRUMENTS USA",06EF2,,,,103273
"YINLUN TDI, LLC DBA YINLUN TDI, LLC",06FL5,,,,000463
"AMERICAN FENCE AND SUPPLY CO, INC DIV AMERICAN FENCE AND SUPPLY COMPANY, INC.",06GG1,,,,112344
"CREATIVE COMPOSITES, INC. DBA CREATIVE COMPOSITES INC",06GQ3,,,,110828
"LAIRD R & F PRODUCTS, INC.",06GU3,,,,100639
"MILPOWER, INC. DBA MILPOWER INC",06GW1,,,,106239
COWLES C AND CO ABS LIGHTING DIV,06NV2,,,,110160
SLATE ENTERPRISES INC,06QD6,,,,008697
DRS NAVAL POWER SYSTEMS INC,06RP6,,,,003324
BOSE CORP,06RZ0,,,,105463
FTG INC,06TW0,,,,108094
"PAULI SYSTEMS, INC. DBA PAULI SYSTEMS INC",06UZ8,,,,108836
AEHS INC,06VZ0,,,,003197
"BADGER TRUCK AND AUTOMOTIVE GROUP, INC.",06YZ5,,,,101703
KEENE CORP STONCO LIGHTING DIV,07023,,,,007961
TEMPO INSTRUMENT INC DEFENSE ELECTRONICS DIV,07031,,,,006825
AIREX RUBBER PRODUCTS CORPORATION DBA AIREX RUBBER PRODUCTS CORP,07058,,,,109837
"C. E. CONOVER & CO., INC.",07060,,,,101332
G GENERAL ELECTRO-COMPONENTS INC,07065,,,,003459
"HOWDEN BUFFALO, INC DIV HOWDEN GYROL FLUID DRIVES",07077,,,,006782
BURKE INDUSTRIES PUROSIL DIV,07096,,,,003809
FLEXFAB MOXNESS LLC DIV OF FLEXFAB HORIZONS,07099,,,,100110
CHAMPION ROAD MACHINERY INC PRO-PAV DIV,070K6,,,,001079
GRAINGER,070U6,,,,000621
TECHNETICS GROUP LLC DBA TECHNETICS GROUP BURBANK,07107,,,,103405
ELECTRO SWITCH CORP. DIV DIGITRAN A UNIT OF ELECTRO SWITCH,07126,,,,002704
"TRELLEBORG SEALING SOLUTIONS EL SEGUNDO, INC. DBA TSS EL SEGUNDO",07128,,,,002481
HORIZON AEROSPACE LLC DBA TRANSICOIL,07147,,,,100219
UNITED TECHNOLOGIES CORP HAMILTON SUNDSTRAND CORP,07148,,,,100763
"ELECTRO-MECH COMPONENTS, INC. DBA ELECTRO-MECH COMPONENTS INC",07150,,,,102873
HONEYWELL INTERNATIONAL INC. DBA HONEYWELL INTERNATIONAL DIV AEROSPACE - DEER VALLEY OEM,07187,,,,007918
AMERICAN INDUSTRIAL EQUIPMENT CO,07197,,,,004106
BEVERLY SHEAR MFG CORP,07201,,,,110125
"THERMAL CIRCUITS, INC. DBA THERMAL CIRCUITS INC",07203,,,,102899
HONEYWELL AEROSPATIALE INC,07213,,,,006643
HONEYWELL LIMITED DBA HONEYWELL AEROSPACE TORONTO DIV AEROSPACE-TORONTO,07217,,,,101807
ELECTRO-LINE INC,07232,,,,005961
AVO INTL,07239,,,,003284
THE ZIPPERTUBING CO DIV THE ZIPPERTUBING COMPANY,07240,,,,000902
FAIRCHILD SEMICONDUCTOR CORP,07263,,,,002538
FAIRCHILD INDUSTRIAL PRODUCTS COMPANY,07282,,,,100762
GENISCO FILTER CORP,07294,,,,109696
SPX CORPORATION DBA O T C TOOL & EQUIP DIVISION DIV SPX CORP - KENT-MOORE/OTC DIVISONS DBA USE CAGE CODE 3E2T9 FOR CATALOGING,07295,,,,002902
ROLLS-ROYCE MARINE NORTH AMERICA INC. DBA ROLLS-ROYCE NAVAL MARINE,07309,,,,003021
"CALABRESE & SONS, INC.",07310,,,,004096
MINNESOTA RUBBER CO,07322,,,,006521
RHEEM MFG CO CONTAINER DIV,07327,,,,104926
WAUKESHA BEARINGS CORPORATION,07332,,,,002818
ITW INDUSTRIAL FINISHING DBA BINKS DEVILBISS,07334,,,,000045
"VALLEY CRAFT, INC.",07379,,,,105731
"ROTOR CLIP COMPANY, INC.",07382,,,,100279
"TOROTEL, INC. DIV TOROTEL PRODUCTS, INC.",07388,,,,007387
SHAV-O-DISC MFG CO,07390,,,,007393
"COLSON GROUP HOLDINGS, LLC",07393,,,,102951
"JOSLYN SUNBANK COMPANY, LLC DBA JOSLYN SUNBANK CO LLC",07418,,,,006981
L3HARRIS INTERSTATE ELECTRONICS CORPORATION,07421,,,,005959
BLACK AND DECKER US INC,07429,,,,000197
SQUARE D CO DALLAS ASSEMBLY PLANT,07442,,,,001270
LANDOLL CORPORATION DBA LANDOLL CORPORATION DREXEL DIVISION DIV DREXEL,07443,,,,002847
"ANCHOR FABRICATORS, INC.",07459,,,,102487
BADGER FIRE PROTECTION INC,07464,,,,006148
MINELCO INC SUB OF TALLEY INDUSTRIES INC,07479,,,,006936
"ACCURATE BUSHING COMPANY, INC.",07484,,,,103099
APPLIED POWER INC POWER PACKER,07505,,,,002795
FLUORGLAS A UNIT OF ALLIED-SIGNAL INC,07512,,,,101097
YARDLEY PRODUCTS CORP SUB OF PREDCO INC,07514,,,,107528
MANITOU NORTH AMERICA INC,07516,,,,108538
CARBORUNDUM CO THE REFRACTORIES DIV,07521,,,,104533
DOVER PUMPS & PROCESS SOLUTIONS SEGMENT INC DBA BLACKMER DIV BLACKMER,07524,,,,105372
AMERICAN CYANAMID CO INDUSTRIAL CHEMICALS AND PLASTICS DIV BLOOMINGDALE DEPT,07542,,,,107932
CERAMTEC NORTH AMERICA DBA CERAMASEAL DIV HERMETIC PRODUCTS,07601,,,,003702
SERRA MANUFACTURING CORPORATION DBA SERRA MANUFACTURING,07632,,,,008825
GE AVIATION SYSTEMS LLC,07639,,,,008037
HARRY MILLER CORPORATION,07648,,,,101901
SENIOR OPERATIONS LLC DBA METAL BELLOWS DIV METAL BELLOWS,07649,,,,105447
TOKHEIM CORP SMALL PUMPS DIV,07666,,,,003934
HARDWARE SPECIALTY CO. INC. DBA HARDWARE SPECIALTY CO INC,07679,,,,002584
BAE SYSTEMS CONTROLS INC,07690,,,,005985
TRIAD CORP,07694,,,,003197
"G.S. BLODGETT, LLC DIV BLODGETT",07695,,,,109259
DOGA SA,0769B,,,,108289
BAE SYSTEMS LAND & ARMAMENTS L.P.,076M6,,,,104474
RTI DGE LLC,076Z5,,,,105451
POP FASTENERS A BLACK AND DECKER CO,07707,,,,106562
COOKSON COMPANY THE,07711,,,,002645
JANNEY MACHINE AND ENGINEERING CO,07725,,,,101705
COUNTY OF MANATEE,07759,,,,001042
CORCOM INC,07793,,,,002666
ROCKER SOLENOID CO DBA ROCKER SOLENOID CO,07797,,,,003179
DELCO REMY AMERICA INC,077S2,,,,100857
"BOCK WATER HEATERS, INC.",07810,,,,108906
BOCK ENGINEERED PRODUCTS INC,07819,,,,101120
BODINE ELECTRIC COMPANY,07829,,,,102708
BOGEN COMMUNICATIONS INC,07843,,,,006172
CENTRAL GASKET & SUPPLY CO INC DBA CENTRAL BELTING,07881,,,,102950
SIEMON COMPANY THE,07890,,,,001270
"SMITH-BLAIR, INC",07891,,,,008439
SOUTHWIRE COMPANY DOUGLAS PLANT,07909,,,,105521
LANXESS CORPORATION,07950,,,,112358
"SHELDAHL FLEXIBLE TECHNOLOGIES, INC. DBA SHELDAHL FLEXIBLE TECHNOLOGIES INC DIV SHELDAHL FLEXIBLE TECHNOLOGIES",07955,,,,007316
ROBROY INDUSTRIES,07979,,,,001042
"WHOLESALE BATTERIES, INC. DBA WHOLESALE BATTERIES INC",079M9,,,,101986
"HYDRO SYSTEMS, INC.",07BE8,,,,100709
CHAUVIN ARNOUX INC DIV AEMC INSTRUMENTS,07BQ3,,,,003225
MCMASTER-CARR SUPPLY CO,07BY4,,,,000287
ADVANCED LOGIC RESOURCES INC DBA ALR,07CR8,,,,002829
"TRIONICS, LLC",07CS9,,,,104085
KRUEGER PAT CORP INC,07FW8,,,,005023
"PPG ARCHITECTURAL FINISHES, INC. DBA PROTECTIVE & MARINE COATINGS DIV PPG PROTECTIVE AND MARINE COATINGS",07FX1,,,,109592
PRESTIGE LABEL CO INC,07GU8,,,,006228
SEI,07HT8,,,,003197
"K.R. CAMPBELL, INC. DBA HOT & COLD SUPPLY",07KK8,,,,109906
ULTRAX AEROSPACE INC,07PR7,,,,103789
"AIR METHODS, LLC",07QY8,,,,112704
FASTENAL CO,07RW2,,,,005018
REDDEN MARINE SUPPLY INC,07SU1,,,,109438
"MACK FASTENERS, INC.",07XW8,,,,112048
SWITCHING DEVICES INC,08031,,,,103932
A & J MANUFACTURING CO DBA A & J MANUFACTURING CO,08060,,,,109467
"ADHESIVE APPLICATIONS, INC. DBA STIK-II PRODUCTS",08063,,,,108775
EMD MILLIPORE CORP DBA MILLIPORESIGMA DIV EMD MILLIPORE CORPORATION,08071,,,,105497
STANLEY BOSTITCH INC SUB OF THE STANLEY WORKS CORP,08075,,,,112264
PALMER WAHL INSTRUMENTS INC.,08086,,,,006096
LAMP INDUSTRY FOR USE WITH INDUSTRY DESIGNATIONS AND ABBREVIATIONS FOR LAMPS,08108,,,,001042
EATON AVIATION CORPORATION,08118,,,,007053
BOSTON INDUSTRIAL PRODUCTS INC SUB OF DANA CORP,08132,,,,000179
BE WALLACE PRODUCTS CORP,08136,,,,109055
FEDERAL-MOGUL CORP BALL AND ROLLER BEARING GROUP,08162,,,,002011
EXIDE CORP,08163,,,,002123
"LUBRICATION ENGINEERS, INC.",08171,,,,100078
"GARRETT TRANSPORTATION I, INC.",08179,,,,100857
KAYDON CORPORATION DBA KAYDON FILTRATION GROUP,08181,,,,100591
"CONSOLIDATED DEVICES, INC. DBA CDI TORQUE PRODUCTS DIV SNAP-ON LOGISTICS COMPANY",08194,,,,005974
"COOPER SPLIT ROLLER BEARING CORP., THE",08197,,,,102708
STANLEY HARRISON CORPORATION,08199,,,,007053
KRATZKE MACHINING & FABRICATING CO INC,081X2,,,,112005
KURT MFG CO INC MACHINING DIV,08214,,,,000793
CLEVELAND HARDWARE AND FORGING COMPANY DBA GREEN BAY DROP FORGE CO,08277,,,,006980
EASCO HAND TOOLS INC DBA DANAHER TOOL GROUP DIV DANAHER TOOL GROUP EASCO HAND TOOLS INC.,08292,,,,004008
SIEMENS ENERGY AND AUTOMATION INDUSTRIAL AND LOGISTICS SYSTENS DIV,082D8,,,,003775
PACCAR WINCH INC DBA PACCAR WINCH DIVISION,08302,,,,001079
PPG CANADA INC,08379,,,,108863
BRADLEY CORPORATION,08380,,,,100172
ALFA-LAVAL LTD,08418,,,,002864
ENVIRONMENTAL ELEMENTS CORP,08427,,,,003690
SPX CORPORATION DBA DIELECTRIC COMMUNICATIONS DIV SPX COMMUNICATION TECHNOLOGIES,08441,,,,101153
SENIOR FLEXONICS /CANADA/ LTD,08471,,,,112439
"TEXAS HYDRAULICS, INC.",08481,,,,102797
BREEZE-EASTERN LLC,08484,,,,100709
"TEKTEST, INC DBA E-Z-HOOK DIV E-Z-HOOK, DIVISION OF TEKTEST, INC.",08505,,,,008310
DEUTSCH FASTENER CORP,08524,,,,002502
"RELIANCE MICA COMPANY, INC.",08530,,,,005901
"PENTAIR FILTRATION SOLUTIONS, LLC",08576,,,,110531
HIGHSIDE CHEMICALS INC,08589,,,,109638
BRIGGS AND STRATTON CORP,08645,,,,001286
BRISTOL BABCOCK INC INSTRUMENTS-SYSTEMS DIV SUB OF BABCOCK INTL INC,08664,,,,003661
MEGASONICS INC,086B4,,,,103395
"AUSTIN PRECISION PRODUCTS, INC DIV LARUE TACTICAL",086B5,,,,109715
ATLAS SPONGE RUBBER CO,08711,,,,008883
CEN ELECTRONICS A DIV OF CHLORIDE POWER ELECTRONICS INC,08715,,,,008268
"SLOAN COMPANY, THE DBA SLOAN LED",08717,,,,003589
"DUCOMMUN LABARGE TECHNOLOGIES, INC",08719,,,,008700
DUFF-NORTON CO INC,08722,,,,003367
VEMALINE PRODUCTS INC DBA HANDLES UNLIMITED DIV HANDLES UNLIMITED,08730,,,,007363
ASTEC AMERICA INC.,08742,,,,008215
LOC PERFORMANCE PRODUCTS LLC,08754,,,,000042
"VENTURO MANUFACTURING, INC.",08766,,,,109328
"TAYLOR-DUNN MANUFACTURING, LLC",08786,,,,002162
HUBBELL HARVEY INC LIGHTING DIV,08793,,,,000031
"VON ROLL USA, INC. DBA VON ROLL USA INC",08800,,,,100110
GENERAL ELECTRIC COMPANY DBA GE,08805,,,,001270
GENERAL ELECTRIC CO MINIATURE LAMP PRODUCTS DEPT LIGHTING BUSINESS GROUP,08806,,,,003791
GENERAL ELECTRIC CO LAMP GLASS AND COMPONENTS DEPT,08808,,,,003791
SCHROEDER INDUSTRIES LLC,08832,,,,104118
"MARATHONNORCO AEROSPACE, INC.",08844,,,,008056
"LA-CO INDUSTRIES, INC. DBA MARKAL COMPANY",08854,,,,001138
NYLOMATIC,08863,,,,108772
BROWN CORP,08892,,,,006115
C SYSTEMS LLC DBA CRAIG SYSTEMS DBA EASTERN TECHNOLOGIES,088A2,,,,008266
HYDE CS CO,088B5,,,,111770
"BEAVER AEROSPACE & DEFENSE, INC.",088K1,,,,007005
TUTHILL CORP FILL-RITE DIV,08915,,,,105159
WAHL INSTRUMENTS INC PYRODYNE DIV,08918,,,,006096
GRANGER ASSOCIATES MS 1101,08935,,,,000621
SPRINGFIELD SPRING CORP THE,08989,,,,008584
AGM CONTAINER CONTROLS INC DBA AGM CONTAINER CONTROLS INC,08992,,,,006115
NATALE MACHINE & TOOL CO INC DBA CIRCLE D LIGHT,08998,,,,108876
PRODUCT SERVICES CO,08BR6,,,,102323
ALPHA ELECTRONICS,08GE1,,,,003197
DYNATRONICS CORP,08JY3,,,,110368
AVNET MICROWAVE TECHNICAL SOLUTIONS,08MQ0,,,,102426
RANGE SYSTEMS INC DBA RANGE SYSTEMS,08QN6,,,,110658
"CCF ENTERPRISES, INC.",08QQ4,,,,103095
KITCO FIBER OPTICS INC DIV KITCO FIBER OPTICS,08RC6,,,,108302
"AMERICOM GOVERNMENT SERVICES, INC. DBA SES AMERICOM",08RH0,,,,106250
TITAN TIRE CORPORATION,08SN2,,,,008041
NEC AMERICA INC,08SX7,,,,003197
SPIRIT OF AMERICA CORPORATION,08UQ0,,,,104920
SIEMENS ENERGY AND AUTOMATION INC AUTOMATION PRODUCTS DIV,08VG8,,,,002959
"PIEDMONT PUMP AND PRODUCTS, INC. DIV PIEDMONT PUMP AND PRODUCT, INC.",08VL5,,,,113733
SLIDELL MARINE INC,08YS9,,,,112849
TRANSISTOR DEVICES INC DIV ASTRODYNE TDI HIGH POWER BUSINESS UNIT,09004,,,,003429
EDO,09017,,,,004198
"TATE ANDALE, LLC",09032,,,,002957
SONFARREL INC.,09036,,,,007261
SAFT AMERICA INC. DIV TRANSPORTATION DIVISION,09052,,,,002033
"BAL SEAL ENGINEERING, INC.",09055,,,,003334
"BROWN & SHARPE, INC. DIV PRECISION MEASURING INSTRUMENTS, TESA USA",09058,,,,000824
"NATEL ENGINEERING COMPANY, LLC DIV NATEL CHATSWORTH DIVISION",09059,,,,008253
QRP INC,09094,,,,004199
AIN PLASTICS INC,090R7,,,,006485
M.M. NEWMAN CORP,09106,,,,006657
FAME TOOL & MFG CO INC,09113,,,,104634
WESTERN FIBRE PRODUCTS DBA WESTERN FIBRE PRODUCTS INC,09154,,,,105119
PARKER-HANNIFIN CORPORATION DIV PNEUMATIC DIVISION,09176,,,,102279
KESTER SOLDER CO DIV OF LITTON SYSTEMS INC,09185,,,,005896
LOCKHEED MARTIN CORP ELECTRONICS AND MISSILES DIV,09205,,,,008051
HENTZEN COATINGS INC,09225,,,,112943
"TRELLEBORG SEALING SOLUTIONS US, INC.",09257,,,,100861
CALIFONE INTERNATIONAL INC,09277,,,,107215
KEARFOTT CORP SOMA FORWARDING DIV,09301,,,,006211
"INVENSYS SYSTEMS, INC. DBA SCHNEIDER ELECTRIC",09306,,,,102673
SYLTONE INDUSTRIES LLC DBA GARDNER DENVER INC. DIV EMCO WHEATON,09310,,,,002553
"AEROFAST, INC.",09332,,,,006284
"ROCKWELL COLLINS, INC. DBA RC DISPLAYS SYSTEMS",09344,,,,008328
MAGNETIC CIRCUIT ELEMENTS INC DBA MAGNETIC CIRCUIT ELEMENTS INC,09349,,,,101202
C AND K COMPONENTS INC,09353,,,,002689
MINCO PRODUCTS INC,09359,,,,003864
TURBOCRAFT INC DIV OF COSMODYNE CORP,09363,,,,007300
DEUTZ-ALLIS CORP ENGINE DIV,09367,,,,007300
"CEC VIBRATION PRODUCTS, LLC DBA CEC VIBRATIONS PRODUCTS",09384,,,,005920
"ROCHESTER SENSORS, LLC",09393,,,,103519
SMITH FILTER CORPORATION,09401,,,,104239
BUEHLER LTD.,09410,,,,007956
RBC TRANSPORT DYNAMICS CORP DIV RBC TRANSPORT DYNAMICS,09455,,,,006997
TECHNETICS GROUP CHICAGO LLC,09456,,,,007189
PHOTONIX TECHNOLOGIES INC,094M9,,,,007296
AMPHENOL INTERCONNECT INDIA PRIVATE LIMITED DIV AMPHENOL INTERCONNECT INDIA PVT LTD,0950Y,,,,003586
NEW PHILADELPHIA FAN CO BUFFALO FORGE MARINE FANS,09519,,,,100078
"SEMCO INSTRUMENTS INC DIV ATLAS-AERO CORP., DIVISION OF SEMCO INSTRUMENTS, INC.",09526,,,,101702
"FARIA BEEDE INSTRUMENTS, INC. DBA FARIA BEEDE INSTRUMENTS INC",09527,,,,111642
HERSEY MEASUREMENT CO DIV OF MILLER INDUSTRIES INC,09550,,,,003621
DURACELL INC,09569,,,,003197
WARREN ALLOY VALVE AND FITTING CO INC,095Y7,,,,108430
BOMAG USA SUB OF UNITED DOMINION INDUSTRIES LTD,09605,,,,003009
ELECTRI-FLEX CO,09641,,,,002193
AQUA-CHEM INC.,09647,,,,102317
ARCAIR CO,09687,,,,000109
SEATS INC DIV SEATS INCORPORATED,09704,,,,002080
E. D. BULLARD COMPANY DBA ED BULLARD CO,09729,,,,111368
"WEST COAST LOCKWASHER CO., INC. DBA WEST COAST LOCKWASHER CO INC DIV WEST COAST LOCKWASHER",09772,,,,100225
"BURCH COMPANY INC, THE",09780,,,,103827
EATON AEROSPACE LLC DBA STERER ENGINEERING DIV VALVE & ACTUATOR,09790,,,,004165
"LOW TEMP INDUSTRIES, INC.",09791,,,,006002
TIM PRICE INC. DBA TIM PRICE INC,097B0,,,,107763
PARKER-HANNIFIN CORP DIV MOBILE SYSTEMS DIVISION,097R6,,,,001230
"SHERWIN-WILLIAMS DIVESIFIED BRANDS, INC.",09800,,,,004015
LIP S A DEPARTEMENT INDUSTRIE,09810,,,,100401
GENERAL ELECTRIC CANADA INCGE MOTORS AND INDUSTRIAL SYSTEMS/GEMIS/,09815,,,,003459
COVAULT NANCY G,09826,,,,101702
AIRCRAFT INSTRUMENTS CO,09959,,,,006225
"VISHAY DALE ELECTRONICS, INC.",09969,,,,105237
PARKER-HANNIFIN CORPORATION DIV HYDRAULIC VALVE DIVISION,09990,,,,001230
"DATATRAN LABS, INC.",099D7,,,,106617
ADTECH PLASTIC SYSTEMS CORP. INC.,09AU0,,,,110319
CYTEC FIBERITE INC,09BV7,,,,107932
SHURFLO PUMP MFG CO,09BX1,,,,006288
HDT EXPEDITIONARY SYSTEMS INC,09CS7,,,,106787
"JACKSON MSC, LLC DBA JACKSON DISHMACHINES",09DG9,,,,102201
GARCIA TIERRY F,09DY7,,,,008190
SAYRE ENTERPRISES INC,09EJ1,,,,106148
"DEANGELO MARINE EXHAUST, INC. DBA DEANGELO MARINE EXHAUST INC",09GG9,,,,108481
KTA-TATOR INC,09HA2,,,,109581
WHEDON PRODUCTS INC,09HB4,,,,102738
"COSENSE, INC.",09HK6,,,,100078
U. S. DEDICATION INC.,09HS3,,,,104152
EATON CORP CUTLER-HAMMER PRODUCTS,09JD6,,,,003324
GE AVIATION SYSTEMS LLC DBA GE AVIATION,09LX4,,,,006007
RITTAL NORTH AMERICA LLC,09PJ2,,,,104808
"MANN+HUMMEL WATER & FLUID SOLUTIONS, INC.",09RC4,,,,105109
ALPINE COMPONENTS LLC,09SM8,,,,105754
HARWIL CORP,09TK8,,,,106034
BRASHEAR LP,09TS1,,,,104453
SOUTHWEST THERMAL TECHNOLOGY INCORPORATED,09UZ1,,,,109396
JOHNSON CONTROLS INC TRAINING INSTITUTE M/S45,09VZ7,,,,008129
"PARASENSE, INC",09WX1,,,,108745
MILLENNIUM MANUFACTURING CORP,09YN3,,,,111650
"ADVANTUS, CORP.",09ZF6,,,,103083
CERBERUS PYROTRONICS INC,0A0E0,,,,007948
YOUNG AND CUNNINGHAM AMERICA INC A JOINT VENTURE,0A0N9,,,,100612
WESTERN ENTERPRISES,0A1K0,,,,001285
R G DUNN & ASSOCIATES INC,0A272,,,,102305
CURTIS INDUSTRIES INC,0A2D4,,,,003197
LINEAR MOTION LLC,0A335,,,,103967
CONTROLS CORP OF AMERICA,0A389,,,,000109
NICKS HYDRAULIC SERVICES INC,0A3F0,,,,100333
BLD PRODUCTS LTD,0A463,,,,100431
KENNAMETAL INC WEAR SYSTEMS DIV,0A5L6,,,,002846
AMERICAN WIRE TIE INC,0A6C5,,,,111653
KILO-TEC,0A6F9,,,,003197
INDUSTRIAL RESEARCH AND DEVELOPMENT INC,0A6J3,,,,101952
NORMAN LAMPS INC,0A6Z1,,,,103642
"BRAY INTERNATIONAL, INC. DBA ULTRAFLO",0A7U4,,,,103643
ATCO PRODUCTS INC,0A822,,,,107378
MICHELIN TIRE CORP GOVERNMENT SALES DEPT,0A8K5,,,,100222
SGM CO INC,0A9V8,,,,112485
INFITEC INC,0A9W1,,,,003197
"HUMPHREYS INDUSTRIAL PRODUCTS, INC DBA THE RUBBER GROUP",0AA66,,,,002329
HOSHIZAKI AMERICA INC,0AAU8,,,,110742
OSRAM SYLVANIA INC,0AAW3,,,,002193
THEPITT MFG CO,0AB34,,,,005974
"KURIYAMA OF AMERICA, INC.",0ABC1,,,,000116
GALCO INDUSTRIAL ELECTRONICS INC DIV GALCO INDUSTRIAL ELECTRONICS,0ABG8,,,,107725
"S.B.S. PRECISION SHEET METAL, INC",0ABU3,,,,102972
"TRANSCAT, INC.",0ACA5,,,,108060
SMR ACQUISITION LLC,0ACH0,,,,101941
PARKER-HANNIFIN CORP DIV HYDRAULIC PUMP/MOTOR DIVISION,0ACY8,,,,001230
QUALTEK ELECTRONICS CORP FAN-S DIV,0ACZ1,,,,008180
TEMPRITE COMPANY,0AD96,,,,104068
"GS GLOBAL RESOURCES, INC",0ADW4,,,,108678
TECHNISERVICES INC,0AF06,,,,101748
"BUCK GLOBAL LLC DBA BUCK GLOBAL, LLC",0AF13,,,,103058
"NATIONAL ELECTRICAL CARBON PRODUCTS, INC. DBA MORGANITE DIV ELECTRICAL",0AHP6,,,,008438
KALMAR AC INC,0AHU0,,,,106326
"REMOTEC, INC.",0AJL2,,,,107945
CONNECTA CORP,0AJU0,,,,007050
SCHAEFFLER GROUP USA INC,0AJV0,,,,002497
YANMAR DIESEL AMERICA CORP,0AK42,,,,002699
ASIA SMITH MOTOR CO INC,0AK49,,,,106149
"HIGHLAND ENGINEERING, INC.",0AK83,,,,100668
DAYCO PRODUCTS INC,0AKY3,,,,103250
CRANE ELECTRONICS INC,0AKZ5,,,,003197
"SOUND SEAL, INC. DBA SOUND SEAL, INC",0ALA1,,,,105360
PARKER HANNIFIN CORP DIV SPORLAN DIVISION,0ALB6,,,,002771
PETCO INC,0ALK8,,,,109270
MDC PRECISION LLC DBA MDC PRECISION LLC,0ALZ2,,,,103691
A B WIBE,0AM23,,,,101683
GALI CORPORATION DBA DYNAMATION RESEARCH,0AMA0,,,,101749
"CLAMSHELL STRUCTURES, INC",0AMA6,,,,103638
GORE W L AND ASSOCIATES INC INDUSTRIAL SEALANT GROUP,0AMD8,,,,006521
COFFIN TURBO PUMP INC,0APJ5,,,,103131
"COFFIN WORLD WATER SYSTEMS, LLC DBA COFFIN WORLD WATER SYSTEMS, LLC",0AR12,,,,101110
EIDOS CORPORATION,0ARA2,,,,105413
DACO CORP DBA DACO CORP,0ARJ2,,,,109106
RAYOVAC CORP,0ASA1,,,,003197
DELTA INDUSTRIES INTERNATIONAL,0ASG2,,,,108246
"INDUSTRIAL HEAT TRANSFER, INC. DBA INDUSTRIAL HEAT TRANSFER INC",0ASU6,,,,113558
"DERBYSHIRE MARINE PRODUCTS, LLC DBA DERBYSHIRE MARINE PRODUCTS LLC",0ASY6,,,,100603
BRIERTON ENGINEERING INC.,0AT39,,,,104893
"SIEMENS ENERGY, INC. DBA DRESSER-RAND",0AT62,,,,101458
L & L BOILER MAINTENANCE INC,0ATF2,,,,104241
"MICROCARE, LLC DBA MICRO CARE CORP",0ATV9,,,,102806
BERKELEY MAGNETICS,0AU10,,,,101334
VICTOREEN INC,0AUB7,,,,003197
ALPS INC,0AUY1,,,,003197
R.J. SAFETY SUPPLY COMPANY INC DBA RJ SAFETY SUPPLY,0AWF7,,,,109358
HILL ROSS CONTROLS CORP,0AX25,,,,101007
"WEEMS INDUSTRIES, INC. DBA WEEMS INDUSTRIES INC",0AYB6,,,,110241
"HIGH QUALITY MACHINE SHOP, INC.",0B011,,,,008757
VAL ROLLERS INCORPORATED,0B039,,,,104617
DALLAS SEMICONDUCTOR CORPORATION DBA MAXIM DALLAS DIRECT,0B0A9,,,,100639
MAHLE AFTERMARKET INC. DBA AE CLEVITE INC,0B0B1,,,,105720
HOLMATRO INCORPORATED,0B0C0,,,,109428
"ARAMCO, INC. DIV ARAMCO OUTSIDE BLINDS",0B0K1,,,,003775
MATHEWS ASSOCIATES INC. DBA BATTERY ASSEMBLERS USE CAGE CODE 4U927 FOR CATALOGING,0B0Y5,,,,006530
MERITOR SPECIALTY PRODUCTS LLC,0B103,,,,106161
LORAL/ROLM MIL-SPEC CORP LORAL RUGGED COMPUTER SYSTEMS,0B142,,,,007124
"EMERSON NETWORK POWER-EMBEDDED COMPUTING, INC. DIV EMERSON NETWORK POWER, EMBEDDED COMPUTING",0B1A3,,,,102778
NATIONAL SERVICE INDUSTRIES INC,0B229,,,,107787
MINE SAFETY APPLIANCES CO MARKET DEVELOPMENT GROUP,0B274,,,,000621
NEC AMERICA INC,0B3A1,,,,003197
THE PROPHET CORPORATION DBA GOPHER SPORT,0B3N4,,,,108918
ELECTRI-CORD MFG CO INC,0B445,,,,003197
"POLYFORM U.S., LTD.",0B530,,,,108233
NEMCO ELECTRONICS CORP,0B5H1,,,,003197
"ANCO INTERNATIONAL, INC",0B6R6,,,,008179
"LYNCOLE GROUNDING SOLUTIONS, LLC",0B7C8,,,,108713
HONEYWELL INTERNATIONAL INC DIV HONEYWELL CORPORATE,0B7T5,,,,006129
ARROW PNEUMATICS INC,0B8K7,,,,111118
CUMMINS INC.,0B8S3,,,,000963
"ISSPRO, INC. DBA ISSPRO INC",0B8Y6,,,,101084
DME INC,0B9B5,,,,100078
SCHAFFNER,0B9D0,,,,003197
MEGGITT AIRCRAFT BRAKING SYSTEMS CORPORATION,0B9R9,,,,108985
"TRACEY ROAD EQUIPMENT, INC.",0BA58,,,,000068
"GE INTELLIGENT PLATFORMS EMBEDDED SYSTEMS INC DIV ABACO SYSTEMS, INC.",0BAS8,,,,107948
"U.S. DEFENSE SERVICES, INC. DBA USDS",0BAT5,,,,004056
"ENTERASYS NETWORKS GOVERNMENT SALES, INC.",0BC68,,,,008605
"ANGELUS CORP, THE DIV THE ANGELUS CORPORATION",0BCW9,,,,104795
TEWCO INC,0BFU2,,,,111440
CARTER LIFT BAG INC DBA CARTER BAG CO,0BFW9,,,,109855
"PORTER MANUFACTURING, L.L.C. DBA PORTER MANUFACTURING CORP",0BGA6,,,,101747
MICO INC MICO WEST DIV,0BHC4,,,,000759
PRIME TECHNOLOGY LLC,0BHF9,,,,003010
"SUPREME INTEGRATED TECHNOLOGY, INC. DBA C.S. CONTROLS",0BJ09,,,,109502
IN MAR SYSTEMS INC,0BJH3,,,,102554
MEDBAR CORP. DBA HONDA HOUSE,0BJH5,,,,106264
W MACHINE WORKS INC,0BJV5,,,,008220
"SUREFIRE, LLC DBA SUREFIRE LLC",0BJZ8,,,,111545
"OPTEX SYSTEMS, INC",0BK64,,,,101346
HEWLETT-PACKARD CO CUPERTINO MFG OPN,0BKN6,,,,003220
BRAKE PARTS CO DIV OF ECHLIN INC,0BL13,,,,003306
GRAINGER DIV OF W W GRAINGER INC,0BL49,,,,000621
CENTURY SPRING MFG. CO INC,0BLF2,,,,108916
PARKER HANNIFIN CORP HYDRAULIC VALVE DIV,0BLJ7,,,,001230
AMERICAN TORCH TIP CO INC,0BMJ6,,,,006709
BING AGENCY INTERNATIONAL,0BMX7,,,,105828
STANADYNE CORPORATION DBA STANADYNE DIESEL SYSTEMS,0BND4,,,,105928
"SIEMENS GOVERNMENT TECHNOLOGIES, INC. DBA SGT DRESSER-RAND DIV SGT DRESSER-RAND",0BR59,,,,101458
"PRESCOTT AEROSPACE, INC. DBA PRESCOTT AEROSPACE INC",0BR71,,,,008823
FIGGIE INTERNATIONAL INC TAYLOR ENVIRONMENTAL INSTRUMENTS DIV,0BSZ7,,,,000453
"BARRETT FIREARMS MANUFACTURING, INC. DBA BARRETT FIREARMS MANUFACTURING INC",0BT64,,,,101332
GITS MFG CO INC,0BT82,,,,005018
ENREX CORP,0BTD4,,,,109301
EASTERN CO THE CCL SECURITY PRODUCTS,0BTF0,,,,006635
"TTI, INC. DIV GOVERNMENT SALES",0BTU6,,,,003215
"M. E. INDUSTRIES, INC.",0BUN9,,,,105940
CAPY MACHINE SHOP INC. DBA CAPY MACHINE SHOP INC,0BVP9,,,,104156
REELL PRECISION MFG CO,0BVZ8,,,,111507
MOUNTAIN TOOLS INC.,0BWY0,,,,109101
"AEROSPACE FITTINGS, INC",0BXR0,,,,002395
NIAGARA CUTTER SERVICE CENTER INC,0BY29,,,,110978
DURAMAX INC DURAMAX MARINE DIV,0BY54,,,,101792
TADRIAN ELECTRONIC INDUSTRIES INC,0BYG1,,,,002538
"PACIFIC STAR COMMUNICATIONS, INC. DBA PARVUS DIV CURTISS-WRIGHT DEFENSE SOLUTIONS",0C0C7,,,,109173
TROMPETER ELECTRONICS,0C262,,,,002683
CONCUT INC. DBA CONCUT DIAMOND PRODUCTS,0C3D9,,,,109472
TOMCO INC,0C3R0,,,,105637
KFH INDUSTRIES INC,0C551,,,,001874
WORLD MAGNETICS COMPANY LLC,0C579,,,,100463
SANYO ENERGY CORP BATTERY DIV,0C8Z7,,,,102417
WALTHAM CLOCK CO INC PRECISION COMPONENTS DIV,0C902,,,,006799
GEOTECH ENVIRONMENTAL EQUIPMENT INC,0C974,,,,109518
PERATON INC,0C9D4,,,,103412
ATLAS COPCO,0CA08,,,,001049
"MICROWAY SYSTEMS, INC.",0CA77,,,,003332
SEI INDUSTRIES LTD,0CAE9,,,,103745
"POINT EIGHT POWER, INC",0CAT4,,,,103564
INDEPENDENT SEALING COMPANY,0CBA2,,,,105100
"GTA CONTAINERS, INC.",0CBB4,,,,107473
HAMWORTHY INC.,0CBL5,,,,103645
HOWMET GLOBAL FASTENING SYSTEMS INC DIV RAM PRODUCTS,0CBU7,,,,003137
"AIRCRAFT HINGE, INC.",0CD56,,,,106286
ICM CONTROLS CORP. DBA ICM DIV INTERNATIONAL CONTROLS AND MEASUREMENTS CORP,0CE00,,,,104822
SPRING MFG CORP,0CF72,,,,100940
NMC INC DBA NORTHSIDE MACHINE CO,0CF78,,,,000897
WICHITECH INDUSTRIES INC,0CGG7,,,,109593
BOMBARDIER INC,0CHW9,,,,100563
HAMILTON COMPUTER SERVICES INC DBA COMTRAD CABLE,0CJU4,,,,100362
HESSTON CORP WOODS DIV,0CJY4,,,,109455
"FIBER INSTRUMENT SALES, INC.",0CKD9,,,,001270
R & B PLASTICS INC,0CR15,,,,103426
ALL SEASONS INC,0CRF6,,,,102555
"POWER ENGINEERING AND MANUFACTURING, LTD. DBA POWER ENGINEERING & MANUFACTURING LTD",0CU54,,,,108910
"LKD AEROSPACE, LLC DBA LKD AEROSPACE",0CUF4,,,,102360
PIVOT POINT INC,0CUJ4,,,,100362
COLORADO ELEVATOR SERVICE INC.,0CUY9,,,,102872
MANUFACTURING TOOL & SUPPLY INC DBA MTS PRECISION TOOL REPAIR & CERTIFICATION LABORATORY,0CW74,,,,103561
C R P INDUSTRIES INC.,0CWZ5,,,,000917
PRESTONE PRODUCTS CORPORATION,0CXZ7,,,,104465
COMAIR ROTRON INC,0CY92,,,,006900
MALLORY INDUSTRIAL AND TOOL SUPPLY CO INC OF OREGON,0CYH9,,,,003197
"PROTECTION TECHNOLOGIES, INC.",0CZ62,,,,006935
"COOPER INTERCONNECT, INC. DIV INTERCONNECT",0D0V6,,,,007205
NMB TECHNOLOGIES CORPORATION DIV ADVANCED ELECTRONICS ENGINEERING,0D1M6,,,,003297
SAUER-SUNDSTRAND A JOINT VENTURE,0D2A5,,,,000463
"MICROWAVE COMMUNICATIONS LABORATORIES, INC.",0D2L5,,,,008628
HITACHI ENERGY USA INC,0D3T2,,,,109141
AXICOM SYSTEMS INC,0D550,,,,003197
CHAND LLC,0D5X4,,,,008622
VACHON INDUSTRIES INC DBA KASCO ABRASIVE DIV DIV KASCO ABRASIVES,0D5Z8,,,,103582
CARP INDUSTRIES CORP DBA CARP COASTAL MARINE & RV,0D9X5,,,,008741
CYTEC ENGINEERED MATERIALS INC. DIV CORPORATE HEADQUARTERS,0DD72,,,,107932
"MILITARY SYSTEMS GROUP, INC.",0DDW5,,,,008056
BUFFALO MACHINE TOOLS OF NIAGARA INC DIV BUFFALO MACHINES INC,0DER9,,,,105182
AMERICAN METALS COMPANY,0DGG4,,,,007359
TRIAD CORP,0DHF3,,,,003197
"GULF COAST HOLDINGS, INC DBA UNIDYNAMICS",0DHG4,,,,007230
PULSAFEEDER INC A UNIT OF IDEX DIV A UNIT OF IDEX  INC,0DJ28,,,,006227
SILVAN INDUSTRIES,0DL01,,,,105471
MULTICORE INC,0DMK4,,,,003197
"ATLANTIC RUBBER COMPANY, INC.",0DND6,,,,103619
AMETEK SCP INC,0DNZ3,,,,108873
"PETROLAB, L.L.C.",0DRR8,,,,107141
DELTEC CO,0DRX0,,,,105861
SYNCO CHEMICAL CORP,0DSZ6,,,,000621
EATON CORPORATION DBA EATON INOAC,0DT23,,,,102797
ELLIS PROPELLER CO INC,0DUX4,,,,100078
WALHONDE TOOLS INCORPORATED DBA WALHONDE TOOLS,0DVK0,,,,111096
"AERO CHIP, INC.",0DWU0,,,,112077
AMPHENOL CORP,0DX32,,,,003197
SABB-AMERICA EAST INC,0DY62,,,,104534
"MINNESOTA ELECTRIC TECHNOLOGY, INC.",0DZP0,,,,107422
CATHOLIC INFORMATION SOCIETY,0E286,,,,100521
ADT SECURITY SYSTEMS INC,0E2H6,,,,100521
CONTROL CABLES INC,0E2U9,,,,105664
"FLAMBEAU, INC",0E3E3,,,,004123
SCHUTTE & KOERTING ACQUISITION COMPANY DIV SCHUTTE & KOERTING ACQUITISION COMPANY,0E3N0,,,,008121
MARITIME APPLIED PHYSICS CORPORATION DBA BLACKSEA TECHNOLOGIES,0E3P8,,,,108940
CORRPRO COMPANIES INC,0E3U3,,,,110806
"AVIATION TECHNOLOGY, INC.",0E3Y1,,,,100078
HARGER INC DBA HARGER LIGHTNING PROTECTION INC,0E4Y4,,,,001042
NIPPONDENSO OF LOS ANGELES INC,0E5W9,,,,000324
DIXIE ELECTRIC LTD,0E6Y2,,,,108877
BRON TAPES OF COLORADO INC.,0E7C4,,,,109785
EMKA-INCORPORATED,0E8J0,,,,104668
MASTERGEAR CORP,0E9F7,,,,105778
DAVID BROWN HYDRAULICS INC DBA HYDRECO,0E9N0,,,,102708
SHEEPSCOT MACHINE WORKS,0EBA9,,,,100078
ANDON ELECTRONICS CORPORATION DBA ANDON ELECTRONICS CORP,0EBT2,,,,003197
PRESTOLITE ELECTRIC INC DEFENSE PRODUCTS DIV,0EDY1,,,,008202
HELICAL WIRE INC,0EE83,,,,111999
"ROCKWELL COLLINS, INC.",0EFD0,,,,008328
"CONNECTEC COMPANY, INC. DBA CONNECTEC CO INC",0EFR2,,,,100831
DP MANUFACTURING INC.,0EJ14,,,,101332
FALCON ABRASIVE MANUFACTURING INC,0ELH9,,,,103987
IEC/BAYLOR,0EN99,,,,005907
REMTEC INTERNATIONAL,0ETK4,,,,106340
RDI ELECTRONICS INC,0EUJ0,,,,003197
SAFETY SYSTEMS CORPORATION,0EUP8,,,,104138
"TIM TUSING ENTERPRISES, INC.",0EV39,,,,101232
MAGNETIKA EAST LIMITED PARTNERSHIP,0EVN3,,,,008500
PROCONEX INC,0EW18,,,,103193
RINEER HYDRAULICS INC,0EW41,,,,101007
"PLASTIC REINFORCEMENTS, INC DBA ADVANCED CUSTOM MANUFACTURING",0EWF2,,,,109146
MARINCO COMPUTER PRODUCTS,0EWP3,,,,003197
"AQUA-CHEM, INC. DBA AQUA-CHEM INC",0EXU3,,,,102317
MEISSNER FILTRATION PRODUCTS INC DIV OF MEISSNER MFG CO INC,0EY68,,,,106719
"DEFENSE MARITIME SOLUTIONS, INC.",0EYA6,,,,007099
CURTIS INDUSTRIES INC,0EYU5,,,,003197
"TRITEX, CORP.",0EZB9,,,,103022
ORBITAL PARTS INC,0EZH6,,,,100521
"L&C PROTEC, INC. DBA COCOON",0F052,,,,100078
DIHARD CO,0F1U4,,,,008541
BRIGGS AND STRATTON,0F2F7,,,,001286
"HYDRAULIC AND PNEUMATIC SYSTEMS, INC.",0F434,,,,103374
AEROVAC LLC,0F451,,,,112382
FORTUNE CHEMICAL COMPANY INC. DBA PANTHEON CHEMICAL,0F5L5,,,,104735
CPI SATCOM & ANTENNA TECHNOLOGIES INC.,0F6V7,,,,106109
"K S ELECTRONICS, L.L.C. DBA K S ELECTRONICS LLC",0F961,,,,107457
"MOLDEX-METRIC, INC. DBA MOLDEX METRIC INC",0FA00,,,,108702
INTERSTATE BATTERY SYSTEM OF AMERICA,0FA13,,,,103058
NEW ERA CONTRACT SALES INC,0FA68,,,,101332
FUCHS LUBRICANTS CO.,0FB35,,,,112078
"ELLSWORTH CORP DIV ELLSWORTH ADHESIVES SPECIALTY CHEMICAL DISTRIBUTION, INC",0FBV8,,,,104897
KEYSTONE INTL INC,0FCV0,,,,101400
"FEDCO ELECTRONICS, INC",0FCZ6,,,,103859
RADIALL USA INC DBA RADIALL USA INC,0FDA5,,,,111915
ALLIED SYSTEMS CO ALLIED MARINE CRANE DIV,0FEV4,,,,008389
MAN B&W DIESEL INC,0FF23,,,,008717
"PRAXAIR SURFACE TECHNOLOGIES, INC. DBA PRAXAIR",0FGH2,,,,113071
THE MODERN AUTO RECYCLING TECHNIQUES CORPORATION DBA MART THE,0FGT5,,,,105960
STERLING HYDRAULICS INC,0FHH8,,,,001230
"ZENITEL USA, INC. DBA ZENITEL USA INC",0FJP1,,,,110609
VIZIFLEX SEELS INC,0FKE3,,,,100611
"ALEMITE, LLC DBA SKF USA INC.",0FKM1,,,,000454
NIDEC AVTRON AUTOMATION CORPORATION DBA AVTRON INDUSTRIAL AUTOMATION DIV NIDEC AVTRON AUTOMATION CORP,0FMV7,,,,102375
TRIAD ELECTRONICS INC,0FN29,,,,003197
PPM CRANES INC,0FNE7,,,,003072
L-3 COMMUNICATIONS WESTWOOD CORPORATION DBA MC II ELECTRIC DIVISION DIV L3 WESTWOOD CORPORATION,0FNW8,,,,100078
"TREND TOOL, INC. DBA TREND TOOL INC",0FNZ2,,,,104760
INTERNATIONAL LUBRICATION & FUEL CONSULTANTS INC,0FR20,,,,109537
MSC INDUSTRIAL SUPPLY CO,0FR58,,,,001138
STANCOR INC,0FRE0,,,,002538
"AMETEK AMERON, LLC DIV AMETEK AEROSPACE & DEFENSE, INC.",0FRR4,,,,109770
RAM-PAC INTERNATIONAL INC.,0FSB1,,,,003725
"DYNACON, INC. DIV FORUM US, INC.",0FSD0,,,,008809
SMITH FIBERGLASS PRODUCTS INC,0FSN9,,,,004029
"BISCO INDUSTRIES, INC. DIV BISCO INDUSTRIES",0FSS5,,,,003383
ABDO ENGINEERING,0FST9,,,,103202
CORROSION PROTECTION & SOLUTIONS LLC DBA CORROSION PROTECTION & SOLUTIONS,0FT11,,,,104977
WARNCO ASSOCIATES,0FTR1,,,,002670
KEITH HUBER CORP,0FUC5,,,,107140
AEROPRODUCTS INC.,0FUC8,,,,104041
PORT SUPPLY DIVISION OF WEST MARINE PRODUCTS,0FVF7,,,,109810
FALES N M INC,0FW38,,,,002960
MARATHON INDUSTRIES INC,0FWX8,,,,111291
"SEA BOX, INC.",0FXA9,,,,106576
LISTER CHAIN & FORGE INC,0FXJ9,,,,109290
M AND I SUPPLY CORP INC,0FXX5,,,,104283
AEROSPACE SPECIALTIES INC,0FY58,,,,008332
"METHODS AND MACHINING SERVICES COMPANY, INC.",0FYD8,,,,100670
RAMROD INDUSTRIES LLC,0FYL8,,,,102257
ACCURATE SCREW MACHINE CO,0FYV4,,,,006537
SPORT SUPPLY GROUP INC,0FZP5,,,,110974
"HAPCO, INC",0G1Z0,,,,100827
CONTROLAIR INC,0G2V6,,,,105374
TRYGG INC,0G3A3,,,,111391
SPARTECH LLC DBA POLYCAST,0G7B2,,,,001330
GRAINGER DIV OF W W GRAINGER INC,0G8T2,,,,000621
ADVANCED INDUSTRIES INC,0GA21,,,,008727
PARKER SEAL GROUP ALPHA SEAL AND PACKING DIV,0GAY3,,,,113400
AKS INDUSTRIES INC,0GC93,,,,106393
AERO BRAKE & SPARES INC,0GDP5,,,,103430
"DIRECT LINE, INC",0GE52,,,,003306
"YOUNG ENGINEERING & MANUFACTURING, INC. DBA YOUNG ENGINEERING & MANUFACTURING INC",0GFE1,,,,008221
CINCINNATI HOSE AND FITTING,0GGS2,,,,104916
EDO MTECH INC.,0GHS0,,,,104847
KENTEK CORPORATION DBA KENTEK CORP,0GTP7,,,,110093
"ECLIPTEK, INC.",0GUG6,,,,105237
STAR POWER SERVICES INC,0GUY0,,,,105286
FLUKE CORP,0GVY8,,,,003197
ESMOND ENGINEERING,0GXH8,,,,002045
"VANTAGE ASSOCIATES INC. DIV COMPOSITES AND THERMOFORMING, A DIVISION OF VANTAGE ASSOCIAT",0GZ25,,,,110600
GLOBAL CATHODIC PROTECTION INC,0GZ64,,,,107976
"SURVIVAL SYSTEMS INTERNATIONAL, INC",0GZT5,,,,102585
"HUBER + SUHNER, INC",0GZV8,,,,101504
BW TECHNOLOGIES LTD,0H015,,,,112124
ACHILLES AEROSPACE PRODUCTS INCORPORATED,0H380,,,,104805
"RUCH TOOL COMPANY, INC",0H385,,,,006059
"USHIO AMERICA, INC DBA USHIO AMERICA INC",0H3N2,,,,103336
KOVATCH MOBILE EQUIPMENT CORP.,0H4A9,,,,003847
MACGREGOR USA INC. DIV MACGREGOR USA,0H7R3,,,,103645
UOP MOLECULAR SIEVE DEPT A JOINT VENTURE,0H8X3,,,,006174
EPSON AMERICA INC,0HAF7,,,,104070
SIEMENS ENERGY AND AUTOMATION INC,0HB82,,,,005946
BALON CORP,0HBF1,,,,101844
"EDAK, INC.",0HBL8,,,,109040
POLY-PLANAR INC,0HBN8,,,,109640
"ROCKFORD RIGGING, INC. DBA ROCKFORD RIGGING INC",0HBT5,,,,110803
"RUBBER & SPECIALTIES, INC. DBA RUBBER & SPECIALTIES INC DIV RUBBER AND SPECIALTIES INC",0HC82,,,,109025
"ALIGN PRECISION - CEDAR CITY, LLC",0HCF0,,,,110307
ALPHA TECHNOLOGIES,0HF27,,,,100203
"SHUERT INDUSTRIES, INC. DBA SHUERT INDUSTRIES INC",0HGG5,,,,108667
"DOUGLASS INTERIOR PRODUCTS, INC",0HGX6,,,,109381
CROUSE HINDS NAVIGATION AIDS,0HKL4,,,,005974
BEAVER CREEK STEEL ROOFING LLC,0HLQ3,,,,005974
XACTEX CORPORATION,0HLW6,,,,103834
WINCHESTER INTERCONNECT RF CORPORATION DBA WINCHESTER INTERCONNECT DIV WINCHESTER INTERCONNECT,0HM01,,,,111761
FALCON MANUFACTURING CORP,0HM72,,,,100137
"KOCHEK COMPANY, LLC DBA KOCHEK CO INC",0HR25,,,,109624
JETSEAL INC,0HRD8,,,,101223
INSULATED WIRE INC. DIV IW MICROWAVE PRODUCTS DIV.,0HRT9,,,,101367
"REV-CAP COMPANY, INC.",0HS46,,,,100077
ACME FIBERGLASS INC,0HS51,,,,111343
SUN CO INC,0HTE2,,,,102504
THERMO ENVIRONMENTAL INSTRUMENTS LLC DIV ENVIRONMENTAL AND PROCESS MONITORING,0HTS3,,,,101847
RIDEWELL CORPORATION DBA RIDEWELL CORP,0HUY6,,,,111521
"BECKMAN COULTER, INC DIV US CUSTOMER OPERATIONS",0HWD8,,,,109773
MIDWEST INSTRUMENTS,0HWW8,,,,000453
AMPHENOL PRODUCTS INC,0HX47,,,,003197
FLUKE CORP,0HYG7,,,,003197
"GENUINE PARTS COMPANY DIV AUTOMOTIVE PARTS GROUP, DBA NAPA",0HYJ6,,,,104582
ABBOTT TECHNOLOGIES INC,0HZ11,,,,007031
DIESEL RADIATOR CO.,0HZP9,,,,109235
"WALTER KIDDE PORTABLE EQUIPMENT, INC DBA KIDDE SAFETY",0J0S5,,,,102875
MARLEY ENGINEERED PRODUCTS LLC,0J1V5,,,,103719
PATTERSON FAN COMPANY,0J3S1,,,,106287
"VARGA ENTERPRISES, INC DBA AIRCRAFT ENGINE SPECIALISTS",0J437,,,,111023
A O SMITH CORPORATION DBA A O SMITH WATER PRODUCTS CO,0J4C5,,,,106682
ARRAY CONNECTOR CORPORATION DBA CINCH CONNECTIVITY SOLUTIONS,0J4E7,,,,100715
PANASONIC INDUSTRIAL CO AFFIL OF MATSUSHITA ELECTRIC CORP OF AMERICA,0J4G8,,,,103859
INDIANA HEAT TRANSFER CORPORATION,0J567,,,,104250
"MARCO SUPPLY COMPANY, INC. DBA STOCKYARDS HARDWARE",0J575,,,,101956
AMERWAY INC DBA AMERWAY INC,0J598,,,,105552
BOBCAT ENTERPRISES INC,0J6C1,,,,106454
"FASTECH OF JACKSONVILLE, LLC DBA FASTECH OF JACKSONVILLE",0J6T3,,,,110787
SEA PEARLS INC,0J7B6,,,,111920
HISCO INC,0J7Z5,,,,104115
APPLIED TECHNICAL SYSTEMS INC DBA ATS,0JB39,,,,104709
BEC SYSTEMS LLC DBA BEC MACHINE PRODUCTS,0JC12,,,,100351
NEON CONTROLS INC,0JD09,,,,102245
MC KEON ROLLING STEEL DOOR CO INC,0JF20,,,,108721
DONALD BOZICK DBA BOZICK ELECTRIC,0JFK0,,,,110484
"DEEP SEE, INC. DBA DEEP SEA PRODUCTS",0JGB0,,,,103997
WULFF BROS CONSTRUCTION CO,0JGZ7,,,,107604
"FIRST SOURCE, INC. DBA FIRST SOURCE INC",0JHX2,,,,102380
LEYBOLD USA INC.,0JKC7,,,,111962
JCB INC,0JKF0,,,,002024
ULSTEIN USA INC,0JKF4,,,,103238
STEWART WARNER SOUTH WIND CORPORATION,0JKH1,,,,007977
"HDT EXPEDITIONARY SYSTEMS, INC.",0JKN0,,,,106787
FERNCO INC,0JM37,,,,005978
"GPT INDUSTRIES, LLC",0JM95,,,,106687
TEXTRON INC CAMCAR SOCKET SCREW DIV,0JMM5,,,,002250
OKWU ASSOCIATES INC,0JP46,,,,107779
GEIGER ELECTRONICS INC,0JP62,,,,110567
PREMIER COPPER DIVISION OF W & O SUPPLY DIV PREMIER COPPER,0JPG9,,,,103562
THOMSEN L C INC,0JR79,,,,007068
ETA TECHNOLOGIES CORP,0JSD4,,,,003197
"GENERAL MARINE PRODUCTS, INC",0JU31,,,,103784
ITW LPS LABORATORIES DBA PT TECHNOLOGIES A DIV OF LPS LABORATORIES,0JVH6,,,,006267
DELAWARE MFG INDUSTRIES CORP,0JVY1,,,,000075
"VPS CONTROL SYSTEMS, INC.",0JVY6,,,,100078
"SPECTRUM COATINGS LABORATORIES, INC.",0JVY7,,,,106673
GRAINGER DIV OF W W GRAINGER INC,0JW21,,,,000621
GENERAL ELECTRIC CO PARTS SERVICE CENTER,0JXA5,,,,003459
METREX RESEARCH LLC,0JXD3,,,,108286
LOKRING CORP,0K091,,,,105808
KLINGE CORPORATION DBA KLINGE CORP,0K0L1,,,,100078
INLAND TECHNOLOGY INCORPORATED DBA INLAND TECHNOLOGY INC,0K209,,,,006090
LEXSECO INC,0K2X5,,,,111907
PROMARK ELECTRONICS INC,0K4Y0,,,,100901
SEQUENCE SUPPORT SERVICES INC,0K620,,,,008021
EDI INC,0K645,,,,003197
SATURN FASTENERS INC DIV ACUMENT,0K6Z0,,,,008021
RGB SPECTRUM,0K7E4,,,,108795
KRAYDEN INC,0K7F6,,,,110900
VALENTINE & CO,0K828,,,,112075
CERBACO LTD,0K8Y4,,,,101720
DAUBERS INC OF RICHMOND,0K9E8,,,,103094
"SPECIALTY & BALL VALVE ENGINEERING, INC. DBA SPECIALTY & BALL VALVE ENGINEERING",0K9K5,,,,104053
WIRELESS DATA CORPORATION,0K9K6,,,,002698
PHT AEROSPACE LLC,0KAA8,,,,111433
AMERICAN RELIANCE INC DBA AMREL,0KAG7,,,,110140
"IMMI VEHICLE IMPROVEMENT PRODUCTS, INC.",0KAW7,,,,113402
JET EDGE INC SUB OF POSSIS CORP,0KB19,,,,109861
PRATT AND WHITNEY SERVICES INC DBA PRATT AND WHITNEY SERVICES INC DALLAS AEROSPACE OPNS,0KEG8,,,,102648
"JONCO INDUSTRIES, INC. DBA JONCO INDUSTRIES INC",0KF38,,,,111790
KINEDYNE LLC,0KHZ6,,,,106685
RAMADA INN AN INDEPENDENTLY OWNED AND OPERATED BUSINESS,0KJ35,,,,003197
"HYDROMOTION, INC.",0KJH2,,,,105779
"CORNET TECHNOLOGY, INC. DBA CORNET TECHNOLOGY INC",0KPC5,,,,107356
EDI INC,0KSW3,,,,003197
ALTA DIAGNOSTICS INC,0KTR3,,,,111933
MCMASTER-CARR SUPPLY CO,0KVE6,,,,000287
TYCO ELECTRONICS DBA CRITCHLEY PRODUCTS DIV ELECTRONICS/GIC,0KW00,,,,002538
MERCATUS INTERNATIONAL MARKETING INC,0KWD6,,,,110253
BLAST COAT SYSTEMS INC DBA BLAST COAT SYSTEMS INC,0KWT4,,,,111150
"WICHARD, INC. DBA WICHARD INC",0KWT7,,,,102107
"S.S. WHITE TECHNOLOGIES, INC.",0KZS2,,,,002486
WESTINGHOUSE MOTOR CO A JOINT VENTURE,0KZV5,,,,005973
"SERVICE EXPRESS COMPANY, INC",0L0H1,,,,007283
"J BOX, LLC",0L201,,,,109390
LELAND AES INC,0L2J4,,,,008037
THERMO ENVIRONMENTAL INSTRUMENTS,0L2N5,,,,101847
FM INDUSTRIES INC,0L4B1,,,,102613
SUMITOMO MACHINERY CORP OF AMERICA,0L5F0,,,,000117
STONEWALL CABLE,0L5X1,,,,106795
ETA TECHNOLOGIES CORP,0L5Y4,,,,003197
FLOJET CORP,0L724,,,,004126
"TECMOTIV (USA), INC.",0L7R7,,,,105121
"BUCK EQUIPMENT, KABS INC. II",0L7T5,,,,105516
HYDRO MECHANICAL SYSTEMS INC,0L817,,,,008778
CVB COMPANY,0L844,,,,104158
RINKUS CONSTRUCTION AND ROOFING INC,0L884,,,,104158
AMFS AMERICAN FLEET SERVICES,0L8N4,,,,102575
BALMAR ACQUISITION COMPANY LLC,0L9X3,,,,105070
WEBTEC LLC,0LB04,,,,109458
JTEKT COLUMN SYSTEMS NORTH AMERICA CORPORATION DIV JTEKT COLUMN SYSTEMS NORTH AMERCIA,0LB15,,,,101496
MCMILLAN FIBERGLASS STOCKS INC,0LB99,,,,104321
SEACOAST ELECTRONICS INC,0LD35,,,,101465
STEWART WARNER ALEMITE CORP,0LDJ2,,,,000454
LABORATORY ACCESSORIES INC,0LDZ7,,,,103581
CUMMINS NPOWER LLC DBA CUMMINS DIESEL SALES,0LE70,,,,105688
ZF INDUSTRIES INC,0LEB5,,,,006880
"PLAINVIEW BATTERIES, INC.",0LEJ1,,,,007071
"J ALTUS, INCORPORATED DIV ZEPCO",0LF73,,,,103010
WILSON MFG CO DBA DOUTY MFG CO,0LFK0,,,,106016
MAGNETEK INC LIGHTING PRODUCTS GROUP,0LG51,,,,001042
MAC AEROSPACE CORP,0LGT4,,,,103554
MSC INDUSTRIAL SUPPLY CO,0LGX1,,,,001138
"CUSTOM MANUFACTURING SOLUTIONS, INC",0LJJ1,,,,106470
"LOKRING TECHNOLOGY, LLC",0LLE0,,,,105808
,,,,,105808
MET-PRO CORPORATION DIV KEYSTONE FILTER DIVISION,0LM72,,,,105504
BERNARD WELDING,0LN68,,,,000109
TURBO INDUSTRIES INC,0LPU3,,,,101332
"TEREX USA, LLC",0LRM3,,,,111100
SHOCK TECH INC DBA SHOCK TECH INC,0LRN7,,,,100078
STONCO CORP,0LRR4,,,,001042
"SPECTRUM CONTROL, INC.",0LSP2,,,,003215
EXTECH INSTRUMENTS,0LTF4,,,,106844
MAYR CORPORATION,0LU55,,,,006997
TRI-CLOVER INC PO BOX 581909 PLEASANT PARK WI 53158,0LU89,,,,002864
BIG HORN EQUIPMENT COMPANY INC,0LUR3,,,,100321
MAGNETIC SENSORS CORPORATION DBA MAGNETIC SENSORS CORP,0LVP6,,,,101332
"THORLABS, INC",0LW43,,,,111972
WATTS AUTOMATIC CONTROL VALVE INC,0LX27,,,,005759
SNAP-ON TOOLS CORP,0LY11,,,,006652
CENTRAL PIPE SUPPLY INC,0LY30,,,,105764
CHEM TECH INTERNATIONAL,0LZ78,,,,104571
"PRC - DESOTO INTERNATIONAL, INC. DIV ASC-INDIANAPOLIS",0LZE0,,,,102049
AMERICAN FIBERTEK INC,0M2L9,,,,101470
KENWORTH SALES CO,0M3U0,,,,104874
E P MAXIMA-J INC,0M5X9,,,,002344
"INGRAM INDUSTRIES, INC. DIV COLOC MANUFACTURING",0M6Y0,,,,110369
"PEERLESS-WINSMITH, INC",0M7V4,,,,006997
GRAINGER DIV OF W W GRAINGER INC,0M8K1,,,,000621
"TEXAS ALMET, L.P.",0MCC8,,,,109746
AMPHENOL CORP RF/MICROWAVE OPNS DEPARTAMENTO SONIMEX /XM 6 1/2/ TERRAZAS,0MCV9,,,,003197
SCHNEIDER ELECTRIC IT CORPORATION DIV SCHNEIDER ELECTRIC IT CORP.,0MG77,,,,101377
"WPI-SARASOTA DIVISION, INC",0MGD6,,,,103359
NAVPAR INC,0MHC4,,,,102970
HYVAC PRODUCTS INC,0MJA2,,,,104580
"KELLY AEROSPACE POWER SYSTEMS, INC. DBA CONSOLIDATED FUEL SYSTEMS",0MJG0,,,,006772
PEE DEE DOOR AND SPECIALTIES INC,0MJK4,,,,005911
HI-GRADE PRODUCTS CO INC,0MKJ3,,,,003331
ALTA TECHNOLOGIES INC,0MKJ4,,,,005911
HALLCREST INC DBA LIQUID CRYSTAL RESOURCES / HALLCREST,0MKM3,,,,105707
"MINNPAR, LLC DBA MINNPAR",0MKW7,,,,005023
"FEDERAL SECURITY SYSTEMS, INC. DBA FEDERAL SECURITY SYSTEMS INC",0MLD0,,,,111747
MARINE CORPS SYSTEMS COMMAND PROGRAM MANAGER ASSAULT AMPHIBIOUS VEHICLE,0MLM6,,,,000109
"MENDENHALL TECHNICAL SERVICES, INC.",0MMF3,,,,104118
MALLORY INC,0MNK1,,,,003197
ELLIOTT MOLDING AND COMPONENTS,0MNS7,,,,103178
"NORDEX, INCORPORATED DBA NORDEX INC",0MTR9,,,,002433
COMMUNICATIONS SPECIALTIES INCORPORATED,0MTV5,,,,110969
"LIFESTREAM WATERSYSTEMS, INC. DBA LIFESTREAM WATERSYSTEMS INC",0MU02,,,,101166
RAYTHEON DATA SYSTEMS,0MUW4,,,,008609
HURST EMERGENCY PRODUCTS,0MVF1,,,,108415
INTERNATIONAL PARTS SUPPLY CORPORATION DBA INTERNATIONAL PARTS SUPPLY CORP,0MVG5,,,,000627
"GRAYCER SCREW PRODUCTS CO., INC. DBA GRAYCER SCREW PRODUCTS CO INC",0MZE9,,,,109305
"K & N ENGINEERING, INC. DBA AEM INDUCTION",0N0N0,,,,106544
FLUKE CORP,0N0X4,,,,003197
"GLOCK, INC. DBA GLOCK INC",0N2S7,,,,111545
DAVID WHITNACK DISTRIBUTING INC DBA JOHNSTONE SUPPLY PHILADELPHIA,0N2Y6,,,,102981
LINTECH COMPONENTS CO. INC. DBA LINTECH COMPONENTS CO INC,0N439,,,,105713
PACKAGING STRATEGIES INCORPORATED DBA PACKAGING STRATEGIES INC,0N4N5,,,,112099
BREVINI USA INC,0N4U6,,,,000129
QUALITEK INTL INC,0N5C3,,,,101069
ALPS INC,0N630,,,,003197
OUT...GERBER SCIENTIFIC PRODUCTS INC,0N6J0,,,,100802
"HANNON HYDRAULICS, INC. DBA HANNON OFFSHORE DRILLING EQUIPMENT",0N7R3,,,,104887
"CRANE ELECTRONICS, INC. DBA SIGNAL TECHNOLOGY DIV OLEKTRON",0N8W8,,,,003021
CHESTNUT GROUP INC ATLANTIC SPRING,0N9P8,,,,100835
F.S. WELSFORD COMPANY,0NB72,,,,102479
SNYDERGENERAL CORP DBA AMERICAN AIR FILTER,0NCG7,,,,006032
COBURN COMPANY INC THE CHICAGO TAPE & LABEL DIV,0NH20,,,,109287
MULTIQUIP INC. DBA MULTIQUIP INC,0NH46,,,,106942
"G/GSA, INC. DBA GSA",0NH54,,,,103660
FERRISHIELD INC,0NLW6,,,,003197
CLEAN-SEAL INC DBA CLEAN SEAL INC,0NM25,,,,100544
WHITMORE WIRENETICS,0NRF3,,,,105765
ALLIED METRICS SEALS & FASTENERS INC,0NS28,,,,103082
"DELTA INTERNATIONAL, INC.",0NTD8,,,,110571
"ORIGINAL SAW CO, THE DIV ORIGINAL SAW COMPANY",0NUC6,,,,109465
"TECHNICON INDUSTRIES, INC. DBA TECHNICON ACOUSTICS",0NUE1,,,,109877
"KWIKPRINT MANUFACTURING COMPANY, INC., THE",0NVE4,,,,111963
JOHNSTONE SUPPLY,0NWY4,,,,102981
HYDRATECH LLC,0NXA2,,,,108920
"MAZZELLA LIFTING TECHNOLOGIES, INC. DBA MAZZELLA JOHN SAKACHO CO",0NXJ2,,,,103788
MERCURY MARINE GROUP DBA MERCRUISER,0NY24,,,,105856
ENVIRONMENTAL PROTECTION INC,0NY42,,,,001398
BRAVO COMMUNICATIONS INCORPORATED,0NYK1,,,,103414
VIDEO ACCESSORY CORPORATION,0NZE9,,,,109588
ENGINEERED COMPONENTS INC,0NZJ1,,,,002252
"J. R. MERRITT CONTROLS, INC. DBA JR MERRITT CONTROLS INC",0NZL0,,,,108321
"MIDTRONICS, INC",0P2U2,,,,006885
"AJ'S POWER SOURCE, INC.",0P327,,,,112829
NATIONAL B-CAM INC. DBA NATIONAL TOWELETTE COMPANY,0P668,,,,006467
"BASS PRODUCTS, LLC",0P7E7,,,,108570
ST JOSEPH EQUIPMENT INC,0P805,,,,100078
GRAINGER DIV OF W W GRAINGER INC,0P823,,,,000621
INTEGRATED HYDRAULICS INC,0P8V4,,,,000075
"INTERACTER, INC",0P9C2,,,,104001
SESAME TECHNOLOGIES INC,0P9C7,,,,002033
HART SYSTEMS INC DIV HART SYSTEMS,0P9Y2,,,,100078
"FEDERAL-FABRICS-FIBERS, INC.",0P9Y9,,,,107393
PRECISION MANIFOLD SYSTEMS INC DBA PMSI,0PAP6,,,,100078
BASIC INDUSTRIES INC,0PEY1,,,,003197
SPX FLUID POWER,0PFG7,,,,102503
GENERAL ELECTRIC CO GENERAL ELECTRIC MARINE SYSTEMS AND SERVICES,0PG62,,,,003459
"AQUA ENVIRONMENT CO, INC",0PH81,,,,112421
NORTHERN BATTERY CORP,0PHD4,,,,106958
MICROSEMI CORP. - RF POWER PRODUCTS,0PJR2,,,,101015
THOMCO SPECIALTY PRODUCTS,0PJT6,,,,111706
REELCRAFT INDUSTRIES INC,0PK87,,,,001437
"QUADTECH, INC",0PK96,,,,008534
AMPEX DATA SYSTEMS CORPORATION DBA AMPEX INTELLIGENT SYSTEMS,0PN68,,,,112780
"CONQUEST MACHINE, INC. DIV BAYJET MILITARY SALES",0PNX2,,,,006768
NTE INC,0PR93,,,,003197
"MERLIN INDUSTRIES, INC.",0PRR6,,,,108798
"SUNBELT STUD WELDING, INC. DBA SUNBELT STUD WELDING INC",0PTG9,,,,109207
ETA TECHNOLOGIES CORP,0PUF2,,,,003197
WHIRLPOOL CORP,0PVD2,,,,106491
BURR ENGINEERING & DEVELOPMENT CO,0PVN1,,,,107418
"BELZONA, INC.",0PX05,,,,109035
BLACK AND DECKER /U S/ INC,0PX37,,,,005974
"RG INDUSTRIES, INC. DBA POWERTECH HYDRAULICS DIV POWERTECH HYDRAULICS",0PXH5,,,,003998
MEDALIST-REIN LEITZKE,0PXJ7,,,,003507
"CONTINENTAL MOTORS, INC.",0PYA5,,,,102910
"RAYCO SERVICES, INC.",0PZ83,,,,106167
POLYMER TECHNOLOGIES INC,0PZF7,,,,107125
EIZO RUGGED SOLUTIONS INC. DBA EIZO RUGGED SOLUTIONS,0R367,,,,108872
"SATAIR USA, INC. DBA SATAIR USA INC DIV PEACHTREE CITY",0R3X9,,,,004165
"LAWRENCE FACTOR, INC. DBA LAWRENCE FACTOR INC",0R763,,,,108268
"HAZMATPAC, INC",0R779,,,,103326
"NIAGARA COOLER, INC.",0R7T0,,,,112866
OHIO ASSOCIATED ENTERPRISES LLC DIV MERITEC,0RAG4,,,,008391
DRACO SPRING MANUFACTURING COMPANY DBA DRACO SPRING MANUFACTURER DIV DRACO SPRING MFG. CO. INC,0RAL6,,,,108673
BARTON SUPPLY CO INC,0RCD6,,,,101083
"HOOSIER INDUSTRIAL SUPPLY, INC",0RCD8,,,,100773
MAGNUM ELECTRONICS INC,0RCP5,,,,003197
KNOTT BRAKE COMPANY,0RG94,,,,105741
WERNER ELECTRIC SUPPLY CO,0RGX6,,,,106191
SOLA ELECTRIC A UNIT OF GENERAL SIGNAL CORP,0RJ90,,,,003197
CAPSTONE ELECTRONICS,0RM11,,,,006471
"BRIGHT LIGHTS USA, INC",0RMF7,,,,100202
KABA ILCO CORP. DBA KABA ACCESS CONTROL DIV KABA WINSTON SALEM DIVISION,0RRE0,,,,006635
WELDCO BEALES MANUFACTURING LIMITED DIV WELDCO-BEALES MANUFACTURING INC.,0RS15,,,,100078
"CARL STAHL AMERICAN LIFTING, LLC DBA AMERICAN LIFTING",0RSC0,,,,003656
SPECIALTY COATING SYSTEMS INC,0RSM1,,,,111849
SKF CONDITION MONITORING INC,0RSM5,,,,008128
HOLSET ENGINEERING CO INC SUB OF CUMMINS ENGINE CO,0RTM2,,,,100857
CHANCE AB,0RUR0,,,,003225
"80/20, LLC",0RVK9,,,,000075
AIREX CORPORATION,0RXR4,,,,107899
OSHKOSH TRUCK CORP,0RZB8,,,,100155
"VALLEY PRECISION TOOL & TECHNOLOGY, INC.",0RZZ2,,,,104935
"AMERICAN LASER, INC.",0S0F8,,,,103231
"DLT SOLUTIONS, LLC",0S0H9,,,,107496
RCD INC. DIV ELECTRICAL,0S0P3,,,,003197
TOMPKINS INDUSTRIES INC,0S1H5,,,,004133
LEM USA INC,0S2B6,,,,100639
"MECHATRONICS, INC. DIV NATIONAL PRECISION BEARING",0S2W9,,,,102897
OLSON MFG AND DISTRIBUTION,0S2Z2,,,,008843
MULTITON MIC CORPORATION DBA MULTITON MIC CORPORATION,0S4E5,,,,002162
"PRECISION DEVICES, INC. DBA PRECISION DEVICES INC",0S4G1,,,,104038
"PORTACO, INC.",0S4R0,,,,101185
"ROMEO-RIM, INC.",0S913,,,,105782
MALLORY INDUSTRIAL AND TOOL SUPPLY CO,0S9G4,,,,003197
KOMATSU AMERICA CORP.,0SAT8,,,,001049
MB MFG INC,0SBD3,,,,002175
BENCHMARK COMMERCIAL INC,0SC13,,,,102668
"PHOENIX LOGISTICS, LLC",0SCJ7,,,,103049
LEXMARK INTL INC FEDERAL SALES DIV,0SD37,,,,008058
"INDUSTRIAL INSTRUMENTS & SUPPLIES, INC.",0SGG3,,,,104161
"EURAMCO SAFETY, INC. DBA RAM CENTRIFICAL PRODUCTS",0SHJ6,,,,100879
"INTERTEX ELECTRONICS, INC. DBA INTERTEX ELECTRONICS INC",0SJR0,,,,109456
BAKER BEARING CO. DBA BAKER BEARING CO,0SKZ0,,,,105235
RUDELL CARBIDE INC.,0SKZ6,,,,103703
"AERO INTERNATIONAL, LLC",0SML3,,,,101350
WESCO AIRCRAFT HARDWARE CORP.,0SNL6,,,,003692
"ADMARTEC, INC",0SPX0,,,,103522
REPCO INC,0SPX5,,,,007342
TUTHILL CORPORATION DBA TUTHILL VACUUM & BLOWER SYSTEMS,0STD9,,,,108373
"HARDWARE SALES, INC. DBA HARDWARE SALES",0STE4,,,,105811
"GENERAC MOBILE PRODUCTS, LLC",0SUA9,,,,106181
"SAFT AMERICA INC DIV AEROSPACE, DEFENSE, AND PERFORMANCE DIVISION",0SUJ7,,,,002033
"BUFFERS USA, INC. DBA BUFFERS USA INC",0SW64,,,,108173
WARTSILA LIPS INC,0SYN4,,,,006544
MANITEX INC,0SZB6,,,,001054
"FALCON ELECTRIC, INC.",0SZM1,,,,113403
"CME ARMA, INC. DBA CME ARMA INC",0T0Y2,,,,103936
ANRITSU COMPANY,0T1F7,,,,108182
DWYER INSTRUMENTS INC,0T4J0,,,,008089
ACME CRYOGENICS INC,0T7G3,,,,110191
SARCO HYDRAULICS INC,0T8B5,,,,002265
MONTGOMERY CHEMICAL INC,0T8S3,,,,110131
"RELIANCE AEROPRODUCTS INTERNATIONAL, L.L.C DBA RELIANCE AEROPRODUCTS INTERNATIONAL LP",0TAN3,,,,102113
"D. W. INDUSTRIES, INC.",0TE27,,,,100910
HEIL TANK SERVICE,0TEM1,,,,101660
"KNIGHT AEROSPACE PRODUCTS, INC.",0TF60,,,,100078
"WOODWARD, INC. DIV INDUSTRIAL CONTROL SYSTEMS",0TFM1,,,,008073
REILLY-BENTON INSULATION CO,0THJ2,,,,107188
FLUID-FLOW PRODUCTS INC,0TJ52,,,,100996
TRIAD CORP DBA AMERICAN PACIFIC FIRE,0TLM7,,,,003197
GFS CHEMICALS INC,0TNM0,,,,103779
FUNCTIONAL DEVICES INC,0TNS2,,,,002771
PRESTON CURTIS ENTERPRISES INC,0TP31,,,,105877
"FEDERAL INDUSTRIES, INC. DBA UNITED VALVE COMPANY",0TR84,,,,004088
"GARMIN INTERNATIONAL, INC. DBA GARMIN",0TRC3,,,,110219
CREATIVE LABS INC,0TRC7,,,,109366
"EXXON MOBIL CORP DIV EXXONMOBIL PRODUCT SOLUTIONS COMPANY, AVIATION LUBRICANTS",0TS34,,,,004141
"BREG OIL SPONGE INTERNATIONAL, INC. DBA BREG ENVIRONMENTAL",0TSE1,,,,101423
"W. F. HARRIS LIGHTING, INC.",0TST7,,,,111092
OCLANSPILL INC,0TT89,,,,103229
CRAIG BARRY DBA KIC PRODUCTS,0TUH3,,,,111046
NELSON INDUSTRIES INC DBA NELSON INDUSTRIES UNIVERSAL SILENCER,0TW02,,,,105444
ASM INDUSTRIES INC,0TW27,,,,102507
AMPCO PUMPS COMPANY LLC,0TWN3,,,,108903
AIRTROL COMPONENTS INC,0TWZ3,,,,001542
SIEMENS INDUSTRIAL AUTOMATION INC,0TX97,,,,001309
PEAK INDUSTRIAL INC,0TY29,,,,112376
BOSTROM SEATING INC,0TYM1,,,,100905
UNICOM ELECTRONIC CORP,0TZH8,,,,111292
CENTER - MOELLER PRODUCTS LLC,0U276,,,,109072
MISTRAL SECURITY INC.,0U4P3,,,,102656
SAE INTERNATIONAL,0U583,,,,111999
CERAM-KOTE COATINGS INCORPORATED DBA CERAM KOTE COATINGS INC,0U675,,,,109912
"E-W TRUCK & EQUIPMENT CO., INC. DBA E-W TRUCK & EQUIPMENT CO INC",0U7U2,,,,000810
CENTURION NON DESTRUCTIVE TESTING INC DBA CENTURION NDT,0U8D5,,,,006080
"THRANE & THRANE INC. DBA FOREIGN PARENT IS THRANE & THRANE A/S, KONGENS LYNGBY, DENM",0U8J3,,,,111405
HARVEY HUBBELL INC,0U8W5,,,,005974
DAYCO PRODUCTS INC,0U928,,,,103250
OTP HOLDING LLC DBA TP PUMP DIV TP PUMP,0U9J4,,,,104905
DF FAN SERVICES INC DBA CLARAGE FAN CO,0U9U1,,,,106310
"PRIDE CAST METALS, INC.",0U9Z1,,,,102830
SUPERIOR FLAME FIGHTER CORPORATION DBA NATIONAL FLEET PRODUCTS,0UBY8,,,,107137
"SHAFT CURRENT SOLUTIONS, INC.",0UCP5,,,,105236
M.S. AEROSPACE INC. DBA MS AEROSPACE INC,0UCY9,,,,102872
TECO AMERICAN INC,0UDW1,,,,002959
CAMMENGA & ASSOCIATES LLC,0UF75,,,,103989
EL-O-MATIC USA INC,0UH71,,,,103193
REGAL-BELOIT CORP,0UHB7,,,,105778
"CLARIOS, LLC DBA CLARIOS LLC DIV MILITARY BATTERY SYSTEMS",0UJ55,,,,103058
WASHINGTON FIRE AND SAFETY EQUIPMENT,0UL01,,,,108777
JIM DONSKEY CORP. DBA NORTHERN BATTERY,0UMH8,,,,106958
"INTELLIPOWER, INC.",0UMT8,,,,112202
COLEMAN CABLE INC. DIV TEXARKANA PLANT,0UNX6,,,,105250
ASEA BROWN BOVERI RELAY DIV,0UNY8,,,,109141
THOMAS INDUSTRIES INC PNEUMOTIVE DIV,0UPS6,,,,001243
MARC AVE CORP,0URS3,,,,103078
WEST MARINE PRODUCTS INC DBA PORT SUPPLY,0URT0,,,,109810
BLUE WAVE ULTRASONICS INC,0UU57,,,,008252
"ATLANTIC COMPONENTS, INC. DBA ATLANTIC COMPONENTS",0UXE8,,,,000919
OLSON BY-PRODUCTS CO INC DBA JONES BARREL CO,0UYK1,,,,002793
POLARIS INDUSTRIES INC,0V180,,,,107778
"POWER CONVERSION TECHNOLOGIES, INC. DBA PCTI",0V1G9,,,,112423
DEACON INDUSTRIAL SUPPLY CO INC,0V203,,,,102268
"INDUSTRIAL DRIVES, INC.",0V235,,,,110010
RIA ELECTRONIC INC,0V4D5,,,,003197
"BASIC CONCEPTS, INCORPORATED",0V4E7,,,,104108
"TRUCK EQUIPMENT MANUFACTURING COMPANY OF CHARLOTTE, INC",0V5A4,,,,106631
SNOWBIRD TECHNOLOGIES INC. DBA SNOWBIRD TECHNOLOGIES INC,0V5R4,,,,100902
"LIND ELECTRONICS, LLC",0V7A3,,,,109388
CYTEC INDUSTRIES INC.,0V7G8,,,,107932
HARRIS CORPORATION DBA HARRIS CORPORATION DIV BROADCAST COMM.,0V7Y9,,,,000109
AMERITAPE LLC,0VA37,,,,109215
LUMINATOR HOLDING L.P DBA LUMINATOR TECHNOLOGY GROUP,0VDA9,,,,006088
LINCOLN CO,0VF45,,,,104118
"NORTH ATLANTIC INDUSTRIES, INC. DBA NORTH ATLANTIC INDUSTRIES",0VGU1,,,,108187
"ROCKFORD SILK SCREEN PROCESS, INC.",0VH88,,,,113491
AMPROBE TEST TOOLS,0VJ05,,,,005974
U.S. CORROSION TECHNOLOGIES A RELIANSE GLOBAL COMPANY LLC DBA CORROSION TECHNOLOGIES DIV CORROSION TECHNOLOGIES,0VJ14,,,,110991
"BOLLHOFF RIVNUT., INC. FASTENING AND ASSEMBLY TECHNOLOGY DBA BOLLHOFF RIVNUT., INC. DIV BOLLHOFF RIVNUT., INC.",0VK23,,,,102405
BUSAK AND SHAMBAN INC,0VKZ8,,,,104608
SHOP AID INC. DBA SLAVIN & CO NE DIV SHOP-AID,0VP19,,,,109991
TYVIN CORP,0VPD4,,,,007076
ALEXANDER SCREW PRODUCTS INC,0VRU1,,,,112286
ANCRA INTERNATIONAL LLC DIV ANCRA CARGO,0VU83,,,,003416
"TELEDYNE INSTRUMENTS, INC. DIV TELEDYNE OIL & GAS / TELEDYNE ODI",0VV88,,,,109062
ADVANTAGE BATTERY CORP,0VW59,,,,100113
SUPERIOR CO INC,0VXU2,,,,003197
VIKING MARINE PRODUCTS INC DBA VIKING FENDER COMPANY,0VY80,,,,108318
RIKER PRODUCTS INC,0VYJ5,,,,001336
"FJORD AVIATION PRODUCTS, L.L.C. DBA FJORD AVIATION PRODUCTS",0W0L8,,,,109605
THOMAS AND BETTS CORP ELECTRICAL DIV,0W1Z2,,,,001042
"OSI LASER DIODE, INC",0W2Z9,,,,100078
"PDI GROUND SUPPORT SYSTEMS, INC.",0W357,,,,008549
LEGEND INDUSTRIES INC,0W3E9,,,,002652
SMAR INTERNATIONAL CORPORATION,0W4H7,,,,101070
NCC COMPUTERS INC,0W4P2,,,,003197
MIDDLEBY MARSHALL INC SOUTHBEND DIV,0W4U2,,,,107116
R & R ELECTRONIC DEVELOPMENT INC,0W7J6,,,,103881
BRAY VALVE AND CONTROLS USA,0W7W3,,,,003758
"GOFF'S ENTERPRISES, INC. DBA GOFFS ENTERPRISES INC",0W9V1,,,,111879
"TRANSITION NETWORKS, INC.",0WA58,,,,001270
BAR-STO PRECISION MACHINE,0WBA0,,,,100078
FORD MOTOR COMPANY DBA FORD,0WD50,,,,101568
,,,,,102431
DHS SYSTEMS LLC,0WFM3,,,,100078
"STARLED, INC. DBA STARLED INC",0WHG2,,,,107764
"POWER-SONIC CORPORATION, THE",0WJ05,,,,003775
HDT EXPEDITIONARY SYSTEMS INC,0WJE1,,,,107097
RSL ELECTRONICS USA INC DIV RSL ELECTRONICS USA INC GRAND RAPID,0WKM4,,,,110185
"AMERIDRIVES INTERNATIONAL, LLC DBA AMERIDRIVES INTERNATIONAL LLC",0WL43,,,,001251
D AND D CARBIDE GRINDING INC,0WNB3,,,,102376
GENERAL PUMP INC,0WPX0,,,,105150
ZATKOFF ROGER,0WSA5,,,,103930
"ECAS, LLC DBA MONROE AEROSPACE",0WTF7,,,,111218
"UNIVERSAL FABRIC STRUCTURES, INC.",0WTN8,,,,103360
ECOLINK INC,0WU71,,,,101439
AST ASSOCIATES INC,0WVW0,,,,107380
BELMOR LTD PARTNERSHIP,0WWY7,,,,008533
"MICROSORB TECHNOLOGIES, INC.",0WY12,,,,105959
ENERSYS ENERGY PRODUCTS INC. DBA ENERSYS ENERGY PRODUCTS INC,0WY95,,,,103877
DONG SUNG MILITARY SUPPLY CORP LTD,0WYA6,,,,007099
"ALLIED WIRE AND CABLE LLC DIV ALLIED WIRE & CABLE, LLC.",0X4C9,,,,102316
POWER DYNAMICS CORP,0X5T3,,,,003197
MARTIN FLUID POWER COMPANY,0X8S1,,,,106879
FAD PENNSYLVANIA INC DBA THE TITUS CO,0X9M7,,,,008442
NAHI LLC,0XA44,,,,110784
ENERGY TECHNOLOGIES INC DIV RUGGED POWER <> GLOBAL SOLUTIONS,0XBF7,,,,102443
"SHAWCOR PIPE PROTECTION, LLC DBA DGS CANUSA DIV DSG-CANUSA",0XD17,,,,101653
ALNITAK CORPORATION,0XEU2,,,,006993
CREATIVE IMPRESSIONS INC,0XF72,,,,104497
KTR CORPORATION,0XFT2,,,,109424
CENTURY METAL SPINNING CO,0XGE0,,,,103173
"DIESEL SPECIALISTS, L.L.C. DBA DIESEL PARTS DIRECT",0XGS5,,,,106817
PANDUIT CORP,0XJ45,,,,002538
RIA CORP,0XJC0,,,,003197
A-1 HYDRAULICS SERVICES INC,0XP09,,,,106793
A F TECHNOLOGIES INC,0XPA4,,,,101160
LEVITON MFG CO INC,0XSP3,,,,005974
"MAGNUM ELECTRONICS, INC",0XU03,,,,003197
EDDY PUMP CORPORATION DBA EDDY PUMP CORP,0XU76,,,,008056
EFD INC SPECIALTY PRODUCTS DIV,0XUL4,,,,110209
NCC COMPUTER INC,0XVV8,,,,003197
KUBOTA TRACTOR CORP,0XWR1,,,,003826
DEERE & COMPANY DIV JOHN DEERE SABD & GOVERNMENT SALES,0XWZ3,,,,002120
AZDEN CORP,0XZX8,,,,107105
ETA TECHNOLOGIES,0Y057,,,,003197
FASTENAL COMPANY,0Y3H3,,,,005018
WALTHAM AIRCRAFT CLOCK CORP,0Y4A4,,,,006799
PETROLEUM SERVICE CO,0Y4S8,,,,103760
MANNING SYSTEMS INC DBA MANNING SYSTEMS,0Y580,,,,104729
"METTLER-TOLEDO, INC. DBA PACK RITE MACHINE DIV",0Y664,,,,108742
C P S PRODUCTS INC,0Y6L5,,,,000470
"CALTAM, INC",0Y7K2,,,,007241
METRIC & MULTISTANDARD COMPONENTS CORP.,0Y9V9,,,,006280
VALVOLINE CO THE DIV OF ASHLAND OIL INC,0Y9X3,,,,000963
UNION TECHNOLOGY CORP. DBA UNION TECHNOLOGY CORP,0YBX7,,,,108073
CRANE JOHN LEMCO INC SUB OF CRANE JOHN INC,0YDC0,,,,101983
HONEYWELL INTERNATIONAL INC. DBA HONEYWELL INTERNATIONAL DIV HONEYWELL REDMOND DEFENSE,0YFP0,,,,102360
"CHAMP INDUSTRIES DIV CHAMP INDUSTRIES, INC",0YGR5,,,,007357
BIOSAN LABORATORIES INC,0YGX8,,,,112964
MASTER METER INC,0YHL2,,,,003428
"APC SUPPLY, INC.",0YM94,,,,105453
BUCKNER CONSTRUCTION,0YNA9,,,,103238
"WINGS-PENSACOLA, INC",0YNX7,,,,100078
ULSTEIN USA INC,0YNZ9,,,,103238
"TUTTNAUER U.S.A. CO., LTD. DBA TUTTNAUER USA CO LTD",0YPC5,,,,109042
AJ WASHROOM ACCESSORIES INC,0YPE9,,,,106464
"FIBER SYSTEMS INTERNATIONAL, INC. DIV FIBER SYSTEMS INTERNATIONAL",0YPM2,,,,106011
"STEINER EOPTICS, INC. DIV STEINER EOPTICS",0YR11,,,,112049
HOOD TECHNOLOGY CORP,0YRF8,,,,113044
MUNCK INTL LTD,0YRT5,,,,100234
"R.P. LUCE & COMPANY, INC.",0YTP2,,,,109151
WENZLAU ENGINEERING INC,0YTT1,,,,113669
KAMEWA USA INC,0YYU8,,,,103238
"HANTRONIX, INC.",0YZS5,,,,003197
"COLLIER METAL SPECIALTIES, LTD DBA COL-MET",0Z1A1,,,,111863
COMMERCIAL REFRIGERATION SERVICE INC,0Z2N1,,,,102201
MSC INDUSTRIAL SUPPLY CO,0Z3R2,,,,001138
GAMBER-JOHNSON LLC DBA GAMBER  0687 DIV GAMBER-JOHNSON,0Z563,,,,107443
NATIONAL DRAGER INC,0Z5B2,,,,107708
"XENETECH GLOBAL, INC. DBA XENETECH",0Z686,,,,006226
LEISTRITZ ADVANCED TECHNOLOGIES CORP,0Z799,,,,110218
BLUDOT INC,0Z899,,,,105611
FIRELITE ALARMS INC,0Z9H8,,,,103246
POWERSTAR INC,0ZAP8,,,,108842
CHEVRON U S A PRODUCTS CO LUBRICANT BUSINESS CENTER,0ZAT4,,,,006131
TRIMAN INDUSTRIES INC,0ZBE8,,,,100709
TAMCO GROUP LLC DBA TAMCO COMPANY,0ZBL9,,,,107369
HEARTLAND PRECISION FASTENERS INC,0ZC92,,,,101947
"P C I OF AMERICA, INC",0ZCB7,,,,102058
ALLOY METAL PRODUCTS,0ZEH0,,,,105807
CUTLER HAMMER WESTINGHOUSE AND CUTLER HAMMER PRODUCTS,0ZH76,,,,002959
GSE PRODUCTION AND SUPPORT LLC DBA GSE SPARES,0ZLV2,,,,101153
"CINCINNATI HEAT EXCHANGERS, INC. DIV CINCINNATI HEAT EXCHANGERS, INC",0ZM12,,,,106328
LITHONIA LIGHTING L A D C,0ZM33,,,,100112
BPR-RICO MANUFACTURING INC.,0ZM56,,,,106162
"BPR-RICO EQUIPMENT, INC",0ZM57,,,,106162
SUPERIOR CO,0ZM98,,,,003197
EFSON INC,0ZN87,,,,006997
BIOMEDIX-INC DIV BIOMEDIX-WAI,0ZNW8,,,,109278
MOUSER ELECTRONICS INC,0ZQ52,,,,105237
UCOM INC DBA UCOM INC OF TENNESSEE,0ZSM8,,,,102404
BROWN AVIATION TOOL SUPPLY CO. DBA BROWN AVIATION TOOL SUPPLY CO.,0ZT94,,,,108082
"TRELLEBORG SEALING SOLUTIONS US, INC.",0ZU05,,,,104974
BERGQUIST CO,0ZVJ2,,,,008718
MEASUREMENT SPECIALTIES INC,0ZW31,,,,109070
KHD DEUTZ OF AMERICA CORP,0ZW45,,,,003826
MOOG INC. DIV TORRANCE OPERATIONS,0ZWK8,,,,100712
LIPS USA INC,0ZXN8,,,,007099
,,,,,000003
"MANEY AIRCRAFT, INC. DBA MANEY AIRCRAFT",10000,,,,008112
AVAHO ACQUISITION CORP DBA IMPAC,10018,,,,006784
"CHROMALOX, INC. DIV CHROMALOX",10023,,,,003766
GLASSEAL PRODUCTS INC SUB OF HCC INDUSTRIES,10025,,,,008391
,,,,,008449
MARSON CORP,10054,,,,103358
GRADALL COMPANY THE,10086,,,,100078
,,,,,004162
POWER PARAGON INC DBA AIR BORNE POWER DIV AIRBORNE POWER,10109,,,,100019
HARTFORD COMPRESSORS INC,10119,,,,005966
PARKER-HANNIFIN CORPORATION DBA PNEUTRONICS DIV GEAR PUMP DIVISION,10129,,,,001230
C R C CHEMICALS U S A,10136,,,,000621
ASTRONAUTICS CORPORATION OF AMERICA,10138,,,,005028
C. H. & E. MANUFACTURING CO. INC DIV ABS DEWATERING,10190,,,,100078
WISCO PRODUCTS INC,10203,,,,111363
"WYMAN-GORDAN INVESTMENT CASTINGS, INC. DIV PCC STRUCTURALS - ALUMINUM OPERATIONS",10207,,,,110237
ELECTRODYNAMICS INC DIV L3HARRIS ELECTRODYNAMICS INC,10236,,,,005909
CADILLAC GAGE TEXTRON INC.,10237,,,,006083
AIRBORN INTERCONNECT INC,10400,,,,103406
,,,,,104533
"O-RINGS, INC. DBA O RINGS INC",10464,,,,002478
COLUMBUS ELECTRIC MFG CO,10594,,,,004997
"SECO TOOLS, LLC DBA SECO",10627,,,,000824
ANILLO INDUSTRIES INC,10630,,,,003457
"AVIONICS SPECIALTIES, INC.",10639,,,,008741
CESIWID INC,10646,,,,101178
TAYLOR-DUNN CORPORATION DBA METRO CROWN INTERNATIONAL,10695,,,,002162
STANLEY ELECTRIC MFG CO DBA LIGHTING BY STANLEY,10709,,,,007931
CARLISLE & FINCH CO,10741,,,,006472
DOWTY ROTOL LTD,10811,,,,102379
CARTER MOTOR CO,10904,,,,101613
AVIONIC INSTRUMENTS LLC DBA AVIONICS INSTRUMENTS INC,10933,,,,104949
CARVER PUMP COMPANY,10941,,,,001838
"KRAUS & NAIMER, INC.",10983,,,,101153
CNH INDUSTRIAL AMERICA LLC DBA CNH AMERICA,10988,,,,001079
PALL AEROPOWER CORP SUB OF PALL CORP MECTRON INDUSTRIES DIV,10989,,,,003379
FORENTA LP,11023,,,,006171
CATERPILLAR INC DIV CATERPILLAR DEFENSE,11083,,,,001559
AMERACE CORP ELASTIMOLD DIV,11117,,,,005974
COLE INSTRUMENT CORP,11135,,,,003941
ALLEN TEL PRODUCTS INC,11136,,,,001270
VELCRO USA INC,11153,,,,110787
DEVAL LIFE CYCLE SUPPORT LLC,11201,,,,007227
"HARDIGG INDUSTRIES, LLC DIV HARDIGG CASES",11214,,,,005897
"COSMODYNE, LLC DBA COSMODYNE LLC",11243,,,,007932
MOSER JEWEL CO DBA MOSER JEWEL CO,11262,,,,104883
ORBIT INTERNATIONAL CORP. DIV ORBIT INSTRUMENT,11263,,,,006277
"VELOCITY AEROSPACE - BURBANK, INC. DBA VELOCITY AEROSPACE",11282,,,,000924
RITCHIE ENGINEERING CO INC,11284,,,,003338
DAYCO PRODUCTS LLC,11288,,,,103250
TRANS PACIFIC TRAVEL INC DIV TRAVEL PACIFICANA,11304,,,,006255
HUTCHINSON SEAL CORPORATION,11314,,,,002011
CROSS MFG CO INC,11341,,,,008842
CENTURY ELECTRIC INC,11349,,,,002959
PARKER-HANNIFIN CORPORATION DIV STRATOFLEX PRODUCTS DIVISION COUPLING BUSINESS UNIT,11362,,,,002253
"HISONIC, LLC",11402,,,,101764
REXNORD HOLDINGS INC,11406,,,,100571
GLEASON CORP,11431,,,,008522
CHALLENGE MACHINERY CO THE,11444,,,,103275
VERMEER MANUFACTURING COMPANY DBA VERMEER CORPORATION,11457,,,,103472
"INTERNATIONAL RESISTIVE COMPANY, INC. DIV WIRE AND FILM TECHNOLOGIES (WAFT)",11502,,,,003762
CHAMPION INDUSTRIES INC.,11520,,,,002604
"FLANDERS FILTERS, INC DBA FLANDERS FILTERS INC",11524,,,,104059
"BEI SENSORS & SYSTEMS COMPANY, INC. DBA BEI DUNCAN",11534,,,,003775
M/A-COM INC,11556,,,,002773
GARDNER DENVER INC.,11568,,,,001340
CHAMPION SPARK PLUG CO AVIATION PRODUCTS DIV,11583,,,,002033
"A.E.YORK, LLC",11700,,,,008392
IDEAL PRECISION METER CO,11707,,,,101042
AMETEK INC.,11710,,,,106122
MGR EQUIPMENT CORP,11718,,,,103311
THE CHELSEA CLOCK LLC,11755,,,,103176
PARKER HANNIFIN CORPORATION DIV CHELSEA PRODUCTS DIVISION,11757,,,,100857
E/M COATING SERVICES DIV E/M COATING SERVICES NORTH HOLLYWOOD,11770,,,,008603
MUSTEE E L AND SONS INC,11796,,,,004205
"SPS TECHNOLOGIES, LLC DBA CHERRY AEROSPACE DIV DIV CHERRY AEROSPACE",11815,,,,002250
MACLEOD INSTRUMENT CORP,11824,,,,007946
NATIONAL OILWELL,11836,,,,002967
BEAIRD INDUSTRIES INC.,11839,,,,112441
DANIELS MANUFACTURING CORPORATION,11851,,,,100920
"HUNT VALVE COMPANY, INC. DBA WAECO VALVE DIVISION",11859,,,,001927
GENERAL MOTORS CORP CHEVROLET MOTOR DIV SPECIAL PRODUCTS DEPT,11862,,,,000469
MCGRAW EDISON CO USD OPNS SUB OF COOPER INDUSTRIES,11873,,,,005974
NEWPORT SCIENTIFIC INC HYGRODYNAMIC PRODUCTS DIV,11877,,,,003433
POWER-TRONIC SYSTEMS INC,11901,,,,000920
CHICAGO DRYER CO,11914,,,,006703
"SIFCO APPLIED SURFACE CONCEPTS, LLC",11924,,,,008047
"SEILER INSTRUMENT AND MANUFACTURING COMPANY, INCORPORATED",11934,,,,006278
"KIDDE FIRE FIGHTING, INC. DIV NATIONAL FOAM",11939,,,,006149
KIRKHILL TA HASKON DIV,11960,,,,007160
CHICAGO PNEUMATIC TOOL CO,11976,,,,002795
FLOTRON,11988,,,,101998
MINARIK CORPORATION DBA MINARIK AUTOMATION & CONTROL DIV MINARIK,12012,,,,006168
ALLENAIR CORP,12018,,,,002530
METTLER-TOLEDO LLC,12021,,,,108742
SIERRACIN CORPORATION,12035,,,,002323
GENERAL KINETICS INCORPORATED DBA GKI DIVISION OF ELECTROMET CORPORATION,12049,,,,103217
CHICAGO TOOL AND ENGINEERING CO PALMGREN STEEL PRODUCTS DIV,12052,,,,001138
DIODES INC,12060,,,,003197
OHIO SEMITRONICS INC,12066,,,,107304
MARWILL PRODUCTS CO DIV OF MAREMONT CORP,12088,,,,100427
"DRS ICAS, LLC",12115,,,,100056
NAMMO DEFENSE SYSTEMS INC. DBA NAMMO DEFENSE SYSTEMS INC,12116,,,,113775
COLUMBUS MCKINNON CORP CM HOIST DIV,12128,,,,002710
NIBCO INC,12168,,,,003428
HALPRIN SUPPLY CO,12183,,,,000054
METERMASTER INC,12189,,,,101090
CURTISS-WRIGHT FLOW CONTROL CORPORATION DBA ENERTECH DIV CURTISS-WRIGHT FLOW CONTROL,12190,,,,007127
TECHNETICS GROUP LLC DBA TECHNETICS GROUP DELAND DIV TECHNETICS GROUP DELAND,12193,,,,103405
"MICHELIN NORTH AMERICA, INC",12195,,,,100222
HY-CAL ENGINEERING A UNIT OF GENERAL SIGNAL CORP,12199,,,,007187
CINCINNATI ELECTRICAL TOOL INC,12280,,,,007318
THE CINCINNATI GEAR COMPANY DBA POWER TRANSMISSION SYSTEMS,12285,,,,100078
MERSEN CANADA DN LTD,12287,,,,101709
WALLACE AND TIERNAN CANADA INC,12308,,,,006028
DUPREE INC. DBA STAKE FASTENER,12324,,,,007126
FREEWAY CORP,12327,,,,108037
"RIIMIC, LLC DBA SUNAIR ELECTRONICS",12338,,,,007125
"DRS TRAINING & CONTROL SYSTEMS, LLC DIV RANGE, CONTROL AND UNMANNED SYSTEMS",12339,,,,112479
GROVE U.S. LLC DBA GROVE US LLC,12361,,,,005023
ORION ELECTRONIC CORP,12365,,,,003197
TRANSICOIL LLC DBA ADS TRANSICOIL,12400,,,,006996
HENKEL LOCTITE CORP,12405,,,,102274
BAE SYSTEMS INFORMATION AND ELECTRONIC SYSTEMS INTEGRATION INC. DIV BAE SYSTEMS INFORMATION & ELECTRONIC SYSTEMS INTEGRATION INC,12436,,,,100073
THERN INC,12437,,,,003105
DESIGNATRONICS INC PERFECT GEAR AND INSTRUMENT DIV,12444,,,,003663
BARRY BLOWER DIV OF THE MARLEY-WYLAIN CO SUB OF THE MARLEY CO,12454,,,,107090
CISSELL MANUFACTURING COMPANY DBA CISSELL MFG,12489,,,,104513
INSULTAB INC DIV PEXCO ATHOL,12509,,,,102494
SIMMONDS PRECISION PRODUCTS INC DBA UTC AEROSPACE SYSTEMS,12511,,,,103491
COMPONENT RESEARCH CO INC,12517,,,,002896
"STACO SYSTEMS, INC. DBA STACO SYSTEMS DIV DBA STACO SYSTEMS",12522,,,,101153
GENERAL ELECTRIC CO MOTOR BUSINESS GROUP,12532,,,,002959
SAINT-GOBAIN PERFORMANCE PLASTICS CORPORATION DIV ENGINEERED POLYMERS,12599,,,,003033
CLARK EQUIPMENT CO,12603,,,,006498
U S TERMINALS INC,12615,,,,008403
KROHN-HITE CORPORATION,12619,,,,108897
SPRAY PRODUCTS CORPORATION,12625,,,,002885
SQUARE D CO ELECTROMAGNETIC INDUSTRIES DIV,12670,,,,001270
CLAROSTAT SENSORS AND CONTROLS,12697,,,,002698
CLAY AND BAILEY MANUFACTURING COMPANY,12718,,,,109651
CLAYTON MANUFACTURING COMPANY,12736,,,,003964
ASTRA ASSOCIATES INC,12762,,,,006274
DYNALEC CORPORATION,12763,,,,102876
AQUA-CHEM INC CLEAVER-BROOKS DIV,12793,,,,102317
"CARLISLE INTERCONNECT TECHNOLOGIES, INC. DIV THERMAX",12814,,,,101445
WINCHESTER INTERCONNECT RUGGEDIZED CORPORATION DBA WINCHESTER INTERCONNECT,12835,,,,105220
SEALTITE CORP DIV SEALTITE CORPORATION,12837,,,,100562
METAL TEXTILES CORPORATION DBA METAL TEXTILES DIV ELECTRONIC SHIELDING GROUP,12881,,,,100074
SILVER KING REFRIGERATION INC.,12884,,,,104841
CARDION INC,12909,,,,008046
MICROSEMI CORP.-SCOTTSDALE DBA MICROSEMI,12954,,,,008497
MICRO USPD INC,12969,,,,007143
"QUALITY NAME PLATE, INCORPORATED DBA QUALITY NAME PLATE INC",12998,,,,109267
PRICE PUMP MANUFACTURING COMPANY DIV PRICE PUMP,13012,,,,111658
ASSOCIATED AIRCRAFT SUPPLY CO. LLC DBA ASSOCIATED AIRCRAFT SUPPLY CO LLC,13028,,,,008292
"CON-VEL, INC.",13038,,,,104694
"MAURY MICROWAVE, INC. DBA MAURY MICROWAVE",13047,,,,105574
"SPECTRUM CONTROL, INC. DIV API TECHNOLOGIES - EIS/WESSON",13050,,,,002688
SORA POWER INC. DBA SORA POWER INC,13058,,,,007945
"CLEVELAND RANGE, LLC",13059,,,,100925
MULTI-FLEX SEALS INC,13074,,,,003536
CLEVELAND TRENCHER CO INC,13125,,,,104095
CLEVELAND TWIST DRILL CO DIV OF GREENFIELD INDUSTRIES INC,13130,,,,000117
WEST ELECTRONICS INC,13136,,,,101122
GOULDS PUMPS INC VERTICAL PUMP DIV,13152,,,,103340
PARKER HANNIFIN CORP HOSE PRODUCTS DIV,13174,,,,001505
"BETTS INDUSTRIES, INC. DBA BETTS INDUSTRIES INC",13226,,,,006053
MAGNASYNC/MOVIOLA CORPORATION DBA MAGNASYNC/MOVIOLA CORP,13297,,,,002980
HOKE INC DBA HOKE CONTROLS HOUSTON DIVISION,13330,,,,000066
AMERICAN PACKING AND GASKET CO,13440,,,,000030
COLE HERSEE COMPANY,13445,,,,112092
PERKINS ENGINES INC,13446,,,,105420
"FRICTION HOLDINGS, LLC DBA FRICTION PRODUCTS CO DIV RAYBESTOS POWERTRAIN",13475,,,,002867
"PRECISION ELECTRONICS, INC",13483,,,,006236
"ROCKWELL COLLINS, INC. DBA COLLINS AEROSPACE GOVERNMENT SYSTEMS DIV COLLINS AEROSPACE - GOVERNMENT SYSTEMS",13499,,,,008328
AMPHENOL CABLES ON DEMAND CORP DIV CABLES ON DEMAND,13509,,,,002538
"DONALDSON COMPANY, INC.",13520,,,,001413
"NOR-LAKE, INCORPORATED DBA NOR-LAKE SCIENTIFIC",13543,,,,104288
"TRUCK-LITE CO., LLC",13548,,,,000759
LABINAL COMPONENTS AND SYSTEMS INC CINCH MILITARY AEROSPACE DIV,13556,,,,002538
PARKER HANNIFIN CORP DIV AEROSPACE FILTRATION DIVISION,13573,,,,104462
EMS DEVELOPMENT CORPORATION DBA EMS DEVELOPMENT CORP,13619,,,,109629
WORLD DRYER CORPORATION,13622,,,,110976
ROSEMOUNT SPECIALTY PRODUCTS LLC DIV EMERSON ELECTRIC CO.,13624,,,,100078
CRYO-CHEM INC,13627,,,,007932
"COLT'S MANUFACTURING COMPANY, LLC",13629,,,,112136
"HUTCHINSON AEROSPACE & INDUSTRY, INC.",13636,,,,002403
WILO USA LLC,13646,,,,003591
TESCOM CORP DBA TESCOM DIV TESCOM,13669,,,,003564
WEMS INC DIV WEMS ELECTRONICS,13675,,,,108470
"SENSOR SYSTEMS, INC.",13691,,,,103438
"BUSHNELL GROUP, INC DIV BUSHNELL HOLDINGS, INC.",13711,,,,111545
COLUMBUS MCKINNON CORP DIV CORPORATE HEADQUARTERS,13743,,,,002497
MICRO PLASTICS INC,13764,,,,008694
"SUPREME EDGELIGHT DEVICES, INC.",13774,,,,006124
SANLO INC,13792,,,,103599
PARKER-HANNIFIN CORPORATION DBA PROCESS ADVANCED FILTRATION DIV PROCESS ADVANCED FILTRATION DIVISION,13800,,,,001999
HAROWE SERVO CONTROLS INC SUB OF BOWMAR INSTRUMENT CORP,13833,,,,008496
TECHNIPOWER LLC DBA UNIPOWER,13850,,,,106693
KING NUTRONICS CORPORATION DBA KING NUTRONICS,13859,,,,006939
BISCO INDUSTRIES INC DBA NATIONAL PRECISION PRODUCTS COMPANY DIV NATIONAL PRECISION PRODUCTS,13861,,,,003383
EASTERN METAL OF ELMIRA INC,13894,,,,110608
HYDRO-FITTING MANUFACTURING CORPORATION,13899,,,,001153
"NEWDELL COMPANY, THE",13902,,,,101943
"L3 TECHNOLOGIES, INC. DIV L3 TELEMETRY & RF PRODUCTS",13923,,,,008599
"MORITO SCOVILL AMERICAS, LLC DBA SCOVILL MANUFACTURING",13940,,,,102791
LITTON SYSTEMS INC. DIV NAVIGATION SYSTEMS DIVISION,13973,,,,101136
EQUIPTO ELECTRONICS CORP,14002,,,,008634
GATES CANADA INC,14003,,,,103335
NIBCO INC,14007,,,,003428
STANDARD WELDERS EQUIPMENT CORPORATION,14011,,,,000109
"SYPRIS ELECTRONICS, LLC",14028,,,,003825
ERICO PRODUCTS INC DBA ERICO DIV ERICO INTERNATIONAL CORPORATION,14045,,,,000031
DEWEY ELECTRONICS CORPORATION,14058,,,,003701
SEMTECH CORPORATION,14099,,,,002985
SAUER-SUNDSTRAND HYDRO-TRANSMISSION DIV,14120,,,,000463
"FOSTER MANUFACTURING CO, INC. DBA FOSTER MANUFACTURING CO",14127,,,,001242
INRANGE TECHNOLOGIES CORPORATION DBA MCDATA SERVICES CORPORATION,14195,,,,103272
NAVAL ELECTRONIC SYSTEMS ENGINEERING CENTER,14203,,,,105250
MAGNALOY COUPLING CO DIV OF DOUVILLE-JOHNSTON CORP,14204,,,,000075
DUNHAM-BUSH INC,14205,,,,000463
"MISCO/MINNEAPOLIS SPEAKER COMPANY, INC.",14208,,,,100911
HAMCO DIV OF KAYEX CORP,14220,,,,104289
"VOSS INDUSTRIES, LLC",14242,,,,002443
"SCHNEIDER ELECTRIC USA, INC. DBA SCHNEIDER ELECTRIC",14280,,,,000031
AMPHENOL OPTIMIZE MANUFACTURING CO. DIV AMPHENOL AEROSPACE/MATRIX,14283,,,,002737
"L3HARRIS TECHNOLOGIES, INC. DIV HARRIS DEFENSE COMMUNICATIONS",14304,,,,003285
"ATLANTIC BATTERY COMPANY, INC. DIV ATLANTIC BATTERY COMPANY",14309,,,,108340
CONTINENTAL MACHINES INC,14320,,,,105062
"PD&E ELECTRONICS, LLC",14321,,,,007196
EVERSEAL GASKET INC DBA EVERSEAL GASKET INC,14323,,,,006870
ROLM CORP MIL SPEC COMPUTERS,14345,,,,007124
TELEDYNE CONTINENTAL MOTORS INDUSTRIAL PRODUCTS DIV TELEDYNE INDUSTRIES INC SUB OF TELEDYNE INC,14351,,,,006772
FISCHER AND PORTER CO,14381,,,,006008
"FABER ENTERPRISES, INC. DIV FABER ENTERPRISE INC",14397,,,,003879
TEXAS TRANSFORMER CORP,14407,,,,106649
APEMCO INC,14411,,,,003197
FIRE TRUCKS INC,14443,,,,000897
HAMMOND VALVE CORP,14448,,,,003948
"WEISS INSTRUMENTS, INC.",14449,,,,002103
SCHINDLER ELECTRIC INCORPORATED,14503,,,,100078
PENTA ENGINEERING DATA TECH DIV,14506,,,,006207
HABASIT ABT INC,14526,,,,102100
"LUMINESCENT SYSTEMS, INC DBA LSI DIV LUMINESCENT SYSTEMS, INC, NY",14550,,,,008640
MICROSEMI CORPORATION,14552,,,,102778
STANLEY WORKS THE,14557,,,,102870
MAGNATROL VALVE CORP DIV CLARK-COOPER,14561,,,,109298
"D. C. COOPER CORPORATION, THE",14562,,,,106705
COPELAND CORP,14569,,,,006527
TUTHILL CORPORATION DIV COPPUS PORTABLE VENTILATION DIVISION,14579,,,,006008
VERIDIAN ENGINEERING INC,14590,,,,006628
AMFLO PRODUCTS,14592,,,,003194
EMHART INDUSTRIES INC CORBIN CABINET LOCK HARDWARE DIV,14608,,,,006635
"HARPER TRUCKS, INC. DBA HARPER",14625,,,,006294
"DRS SIGNAL SOLUTIONS, INC.",14632,,,,003402
CORNELL-DUBILIER ELECTRONICS,14655,,,,003239
POWER CONTROL CORP,14678,,,,008547
BRASS CRAFT MFG CO SUB OF MASCO CORP,14679,,,,006994
"RSA ENGINEERED PRODUCTS, LLC DBA RSA ENGINEERED PRODUCTS LLC",14711,,,,007905
"ELECTRO-TERM, INC. DBA ELECTRO-TERM/HOLLINGSWORTH - PLANT 1",14726,,,,006810
ACOPIAN TECHNICAL COMPANY,14749,,,,002969
"ELECTROCUBE, INC. DBA ELECTROCUBE INC",14752,,,,002698
RENCO ELECTRONICS INC DBA RENCO ELECTRONICS INC,14778,,,,101269
CLEMCO INDUSTRIES CORP ZERO PRODUCTS DIV,14793,,,,101666
"DONALDSON COMPANY, INC.",14818,,,,001413
"MAR-VEL INTERNATIONAL, INC. DBA MAR-VEL UNDERWATER EQUIP",14819,,,,001966
"WRIGHT TOOL COMPANY, LLC",14846,,,,002970
GULF AND WESTERN MFG CO BOHN HEAT TRANSFER GROUP,14852,,,,006527
TEXAS INSTRUMENTS INC CONTROL PRODUCTS DIV,14859,,,,007392
BENDIX CORP THE BRAKE AND STEERING DIV,14892,,,,003115
ALLIED AUTOMOTIVE ALLIED AFTERMARKET DIV,14894,,,,003306
CRAMER CO DIVISION OF CHESTNUT GROUP INC,14907,,,,005884
GENERAL SEMICONDUCTOR INC,14936,,,,006003
GENLYTE GROUP INCORPORATED DBA WIDE-LITE CORPORATION DIV WIDE-LITE CORP.,14938,,,,005974
CRANE CO DIV VALVE DIV,14959,,,,003428
"TYLOK INTERNATIONAL, INC.",14971,,,,003428
"RAVEN INDUSTRIES, INC.",14979,,,,110077
CRITERION MACHINE WORKS,15111,,,,006169
ZERO-MAX INC.,15128,,,,102708
CPI ESSCO INC,15175,,,,111989
ETHYLENE CORP,15211,,,,000033
NSGDATACOM INC,15230,,,,109907
BEDFORD PRECISION PARTS CORP,15232,,,,008239
CROUSE-HINDS CO,15235,,,,001270
EATON CORPORATION DIV FED,15284,,,,100205
SERVICAIR/B W ELLIOTT MFG CO LLC SHIELDING AND CONDUIT DIV,15285,,,,003214
SOUTHERN RUBBER COMPANY INCORPORATED,15289,,,,106892
"JEWELL INSTRUMENTS, LLC DBA MODUTEC USE CAGE CODE 33005 FOR CATALOGING",15309,,,,005900
IMO INDUSTRIES INC DELROYD WORM GEAR DIV,15330,,,,006061
CONSOLIDATED AERO STRUCTURES CORP,15365,,,,008496
LOGITEK INC,15420,,,,100330
CUMMINS INC.,15434,,,,000963
AVIA MARINE CO,15438,,,,108646
DEXTER AXLE COMPANY,15460,,,,104118
3M PURIFICATION INC DBA C C S E DIV PURIFICATION AND FILTRATION DIVISION,15472,,,,106699
COMPAQ FEDERAL LLC,15476,,,,003220
CURTIN MATHESON SCIENTIFIC INC,15481,,,,008712
JET SPRAY CORP JET SPRAY CUSTOMER SERVICES DIV,15498,,,,102201
AGM ELECTRONICS INC,15505,,,,104715
CARBORUNDUM CO THE COATED ABRASIVES DIV MACHINE BR,15510,,,,104533
DISPLAY PRODUCTS INC. DBA DATA DISPLAY PRODUCTS,15513,,,,107898
MILWAUKEE CYLINDER INC,15515,,,,007319
METRIC AND MULTISTANDARD COMPONENTS CORP,15526,,,,006280
MACHINE COMPONENTS CORP. DBA MACHINE COMPONENTS CORP,15531,,,,100078
SCIENTIFIC COMPONENTS CORP DBA MINI-CIRCUITS,15542,,,,008269
"TRICOR DIRECT, INC. DBA SETON IDENTIFICATION PRODUCTS DIV SETON",15563,,,,003609
MGM BRAKES INC DIV INDIAN HEAD INDUSTRIES INC,15564,,,,000759
"HON COMPANY LLC, THE DIV THE HON COMPANY LLC",15599,,,,111288
EATON CORP OPNS & TECHNICAL CENTER,15605,,,,005974
LUXO LAMP CORP,15607,,,,004043
SINGER INDUSTRIAL SEWING PRODUCTS CO CUTTERS EXCHANGE DIV,15613,,,,008785
MAGNETIKA INC,15634,,,,008500
HOWMET GLOBAL FASTENING SYSTEMS INC,15653,,,,003137
"K & H INDUSTRIES, INC. DBA K & H INDUSTRIES",15664,,,,102763
DYNISCO INC,15687,,,,008486
VACUUM INSTRUMENT CORPORATION DBA VIC LEAK DETECTION,15718,,,,102408
JSJ CORPORATION DBA DAKE DIV DAKE DIV,15746,,,,003011
"A. DAIGGER AND COMPANY, INCORPORATED DBA ETA HAND2MIND",15747,,,,007902
"SURE POWER, INC",15755,,,,007031
HONEYWELL INTERNATIONAL INC. DBA HONEYWELL DIV SENSING & CONTROL,15801,,,,003874
"SINCLAIR & RUSH, INC. DBA SINCLAIR & RUSH INC",15819,,,,101520
"BEACH FILTER PRODUCTS, INC",15821,,,,003804
DOTCO/COOPER AIR TOOLS AN AFFIL OF COOPER INDUSTRIES INC,15826,,,,101424
WHITMOR PLASTIC WIRE & CABLE CORP.,15851,,,,105765
W S DARLEY & CO,15852,,,,001456
GERBER PLUMBING FIXTURES LLC,15891,,,,004205
THOMAS AND BETTS CORP ELECTRONICS GROUP,15912,,,,001042
"TEPRO OF FLORIDA, INC. DBA TEPRO OF FLORIDA DIV TEPRO OF FLORIDA",15915,,,,003875
DANIEL INDUSTRIES INC,15916,,,,006908
DAVEY COMPRESSOR CO DIV OF KECO INDUSTRIES INC,16004,,,,104876
GAR ENTERPRISES DBA KGS ELECTRONICS,16017,,,,007197
LIFTEX CORPORATION DIV MIDWEST,16018,,,,006250
TELECTRO-MEK INC,16058,,,,006285
DEVCON CORP,16059,,,,005018
M.T. DAVIDSON COMPANY,16062,,,,102416
LAKESIDE MANUFACTURING INC DIV LAKESIDE MFG INC,16063,,,,103437
CALIFORNIA INSTRUMENTS CORP,16067,,,,008137
RODALE ELECTRONICS INC. DBA RODALE WIRELESS,16111,,,,007244
PECO INC,16115,,,,110668
GICHNER SYSTEMS GROUP INC GICHNER MOBILIZER DIV,16128,,,,001755
WESTERN ENTERPRISES DIV OF SCOTT AND FETZER CO,16166,,,,001285
TELEDYNE TECHNOLOGIES INCORPORATED DBA TELEDYNE MICROELECTRONIC TECHNOLOGIES DIV TELEDYNE MICROELECTRONICS,16170,,,,005996
M/A-COM INC,16179,,,,002773
ERNST FLOW INDUSTRIES LLC DIV ERNST FLOW INDUSTRIES,16199,,,,003635
RWM CASTERS CORP.,16216,,,,112405
"SPACE-LOK, INC. DBA SPACE-LOK INC DIV SPACE-LOK",16258,,,,002033
THERMOPATCH CORPORATION DBA THERMOPATCH CORP DIV THERMOPATCH,16274,,,,108840
"DUCOMMUN LABARGE TECHNOLOGIES, INC.",16275,,,,106971
"SEALING EQUIPMENT PRODUCTS CO, INC DIV SEALING EQUIPMENT PRODUCTS COMPANY, INC.",16281,,,,102989
SYMMCO INC,16286,,,,006997
"METSO MINERALS INDUSTRIES, INC. DBA BULK MATERIAL HANDLING",16288,,,,103012
AVX CORP RALEIGH PLANT,16299,,,,003446
"HUBER+SUHNER ASTROLAB, INC. DBA HUBER & SUHNER ASTROLAB INC",16301,,,,104821
"AIRCO INDUSTRIES, INC. DBA PHOTO ETCH DIV PHOTO ETCH",16329,,,,006256
LOCKHEED MARTIN CORPORATION DIV ROTARY AND MISSION SYSTEMS,16331,,,,102412
"ROYAL ENGINEERED COMPOSITES, INC.",16357,,,,008637
"PRATT & WHITNEY ENGINE SERVICES, INC DBA PRATT & WHITNEY ENGINE SERVICES INC",16359,,,,102648
DAZOR MANUFACTURING CORP.,16403,,,,007177
"GEAR PRODUCTS, INC DBA GEAR PRODUCTS, INC",16412,,,,002958
POWCON INC,16422,,,,109642
BELDEN WIRE & CABLE COMPANY LLC DBA BELDEN CDT ELECTRONICS DIVISION,16428,,,,003775
UNITED INSTRUMENTS INC.,16455,,,,007967
"LACLEDE CHAIN MANUFACTURING COMPANY, LLC DIV LACLEDE CHAIN MANUFACTURING COMPANY",16457,,,,001967
MAXIMA TECHNOLOGIES & SYSTEMS LLC,16476,,,,104099
"DRESSER, INC. DBA DRESSER EQUIPMENT GROUP DIV INDUSTRIAL VALVE OPERATIONS, DRESSE",16497,,,,105293
MOTSON GRAPHICS INC DBA GENTAPE DIV GENTAPE,16498,,,,007970
"ENGINE SYSTEMS, INC.",16505,,,,101552
ABELCONN LLC,16512,,,,008391
MET-PRO CORP DEAN PUMP DIV,16517,,,,008385
ALTEK SYSTEMS INC,16528,,,,003257
LITHONIA LIGHTING NATIONAL SERVICES INDUSTRIES INC DIV,16543,,,,005974
"CONTITECH USA, INC.",16563,,,,000042
GH BETTIS A GALVESTON-HOUSTON CO,16583,,,,003384
CIRCOR INTL INC,16626,,,,006634
FLEXFAB LLC,16632,,,,000035
MAC PANEL CO,16654,,,,100240
BIACH INDUSTRIES INC.,16658,,,,100078
LIFT PARTS MFG CO INC DIV OF ECHLIN MFG CO THE,16662,,,,102064
S T K ELECTRONICS INC DBA PELCO ELECTRONIC COMPONENTS AIROTRONICS DIV,16663,,,,100078
"STAMPINGS OF MINNESOTA, INC. DBA STAMPINGS OF MINNESOTA INC",16673,,,,103397
RHOMBUS INDUSTRIES INC. DBA RHOMBUS INDUSTRIES INC,16714,,,,100366
"RFS TECHNOLOGIES, INC.",16733,,,,008715
RBC SPECLINE INC DBA SPECLINE INC,16746,,,,008280
GENERAL MOTORS CORP DELCO REMY DIV,16764,,,,000324
EATON AEROSPACE LLC,16780,,,,101153
MOSIER FLUID POWER OF OHIO INC DBA KC MOSIER CO,16799,,,,003371
"HASTINGS FIBER GLASS PRODUCTS, INC",16819,,,,103219
DELTOX INC,16826,,,,100537
"LOCKHEED MARTIN SIPPICAN, INC. DBA LOCKHEED MARTIN SIPPICAN INC DIV LOCKHEED MARTIN MARION",16848,,,,105469
CRANE CO DBA CRANE-DEMING PUMPS DIVISION DIV DEMING PUMPS,16859,,,,001717
EXIDE CORP,16879,,,,005892
SIMPSON ELECTRIC CO SIMPSON INSTRUMENTS DIV,16902,,,,101090
LONG-LOK LLC,16941,,,,004089
QUANTUM-DYNAMICS CO. DBA QUANTUM-DYNAMICS CO INC,16951,,,,107166
HAGGLUNDS DENISON CORP,16954,,,,003348
UNIMAC CO INC,16974,,,,103214
BRUCE AEROSPACE INC,17023,,,,103657
VALAD ELECTRIC HEATING CORP.,17032,,,,101438
DESPATCH INDUSTRIES LIMITED PARTNERSHIP DBA DESPATCH INDUSTRIES,17068,,,,100616
YODER BRAKE & MANUFACTURING CO,17098,,,,102978
ELECTRONIC MOLDING CORP,17117,,,,008537
WL GORE & ASSOCIATES INC,17217,,,,100720
JACKSON PRODUCTS CO,17228,,,,002482
PALL CORPORATION,17238,,,,104806
COOPER INDUSTRIES INC HALO LIGHTING DIV,17244,,,,001042
PERFECT-LINE MFG CORP,17245,,,,001042
MERCURY PRODUCTS CORP,17284,,,,100557
3M CO ELECTRONICS & COMMUNICATIONS MANUFACTURING,17325,,,,001042
SENCO PRODUCTS INC,17339,,,,104600
ELECTRO FREETO MANUFACTURING COMPANY INC,17401,,,,008539
"SANDVIK, INC. DIV SANDVIK COROMANT COMPANY",17411,,,,110978
DEUTSCH CO THE,17419,,,,005980
ILLINOIS TOOL WORKS INC.,17431,,,,000045
"HUCK INTERNATIONAL, INC",17446,,,,003274
M P PUMPS INC,17449,,,,104871
TIMKEN GEARS & SERVICES INC. DIV PHILADELPHIA GEAR,17454,,,,006838
EATON AEROSPACE LLC DIV FUEL & MOTION CONTROL SYSTEMS DIVISION,17472,,,,103115
"TRANEX, INC.",17474,,,,101248
TELEDYNE INSTRUMENTS INC DBA DGO DIV TELEDYNE D.G.O'BRIEN,17476,,,,104852
IC CORPORATION,17482,,,,001192
METCALF MACHINE INC,17498,,,,111207
AIR-MAZE CORP ALFCO DIV,17504,,,,003804
THERMAL DYNAMICS CORP,17514,,,,000109
"SKYWORKS SOLUTIONS, INC.",17540,,,,008141
EASTERN TECHNOLOGIES LTD,17566,,,,008266
STERLING PRECISIONS OPTICS INC,17578,,,,101655
"DIAMOND POWER INTERNATIONAL, INC.",17590,,,,109228
REXCO CHEMICAL CO,17629,,,,109494
HEAT CONTROLLER INC,17650,,,,000470
DICTAPHONE CORPORATION,17657,,,,008545
RHEEM MFG CO WATER HEATER DIV,17702,,,,104926
GENISTRON INC OF ILLINOIS,17707,,,,101042
GULTON INDUSTRIES INC LUMINATOR DIV,17744,,,,006088
VISHAY ANGSTROHM PRECISION INC DBA VISHAY ANGSTROHM,17745,,,,100639
"AERO ENGINEERING & MANUFACTURING COMPANY OF CALIFORNIA, LLC DBA AEROENGINEERING & MANUFACTURING CO",17772,,,,003330
TECHNO COMPONENTS CORP DBA TECHNO COMPONENTS,17826,,,,002190
NELSON PAINT COMPANY INC,17833,,,,108682
MAGNET SALES & MFG. CO INC DBA MAGNET SALES & MANUFACTURING INC MAGNET SALES & M,17853,,,,110153
ZEKS AIR DRIER CORP SUB OF KEMP CO,17858,,,,000045
LITTON SYSTEMS INC GUIDANCE AND CONTROL SYSTEMS DIV,17863,,,,005957
EATON CORPORATION DBA AIR CONTROLS DIVISION DIV AIR CONTROLS DIVISION,17875,,,,008699
"AVERY WEIGH-TRONIX, LLC DBA DILLON DIV AV CO1 LIMITED",17885,,,,106122
DINGS CO DIV OF VENTUREDYNE LTD,17904,,,,006831
ENERGY MANUFACTURING CO. INC.,17913,,,,108236
"UNIWELD PRODUCTS, INC. DBA UNIWELD PRODUCTS INC",17941,,,,002961
SCI SYSTEMS INC,17981,,,,006846
DIVINE BROS CO,17999,,,,002247
"GROBET FILE COMPANY OF AMERICA, INC. DBA USE CAGE CODE 26462 FOR CATALOGING",18037,,,,008311
DIODES INC POWER COMPONENTS DIV,18041,,,,003197
DOALL BALTIMORE COMPANY,18056,,,,007087
ASTROCOM ELECTRONICS INC,18068,,,,003312
"UMPCO, INC. DBA UMPCO INC",18076,,,,002435
VIRGINIA PANEL CORPORATION DBA VIRGINIA PANEL CORP,18117,,,,006023
AMERICAN PRECISION GEAR COMPANY DBA AMERICAN PRECISION GEAR CO DIV SAME,18131,,,,102327
FLO-LOK INC,18154,,,,105678
DOLLINGER CORP,18170,,,,100380
JULIAN ELECTRIC INC,18179,,,,108644
"COOPER CROUSE-HINDS, LLC DBA AIRPORT LIGHTING DIVISION",18192,,,,008463
WELD TOOLING CORPORATION,18247,,,,000109
"DONALDSON COMPANY, INC.",18265,,,,001413
LIPS PROPELLERS,18295,,,,007099
"CONCORD ELECTRONICS, INC.",18310,,,,008131
FTI FLOW TECHNOLOGY LLC,18316,,,,007952
PALL AEROPOWER CORPORATION,18350,,,,003379
"OIL STATES INDUSTRIES, INC. DIV SPECIAL PRODUCTS DIV",18444,,,,104193
TEKTRONIX SERVICE SOLUTIONS INC. USE CAGE CODE 7H140 FOR CATALOGING.,18479,,,,006084
"PSG CONTROLS, INC.",18509,,,,007950
SHARP ELECTRONICS CORP PROFESSIONAL PRODUCTS DIV,18520,,,,103838
DREMEL MFG CO,18531,,,,101509
BEAN RUBBER MFG CO,18545,,,,002705
"ACR ELECTRONICS, INC. DBA ACR ELECTRONICS INC",18560,,,,109810
"CURTIS INSTRUMENTS, INC. DBA CURTIS PMC DIVISION",18583,,,,105885
MILLER-STEPHENSON CHEMICAL CO INC,18598,,,,005956
"VISHAY INTERTECHNOLOGY, INC.",18612,,,,007297
PRODUCT DEVELOPMENT GROUP INC,18631,,,,007121
TALBERT MANUFACTURING INC DBA TALBERT TRAILERS,18634,,,,103363
"YALE INDUSTRIAL PRODUCTS, INC. DBA COFFING HOISTS DIV DUFF NORTON COMPANY",18740,,,,109917
TE CONNECTIVITY CORPORATION,18741,,,,100309
MIRAJ CORP,18783,,,,008438
"GLENAIR, INC. DBA GLENAIR INC",18863,,,,002705
"GERHARDT GEAR CO, INC",18868,,,,107428
DU PONT E I DE NEMOURS AND CO INC SECURITY DIRECTOR/LEGAL DEPT,18873,,,,100110
LEADS METAL PRODUCTS INC,18885,,,,103223
WEBB WHEEL PRODUCTS INC A MEMBER OF THE MARMON GROUP OF COMPANIES,18889,,,,100291
"PEP WEST, INC. DBA PENTAIR TECHNICAL PRODUCTS USE CAGE CODE 61081 FOR CATALOGING DIV PENTAIR TECHNICAL PRODUCTS",18915,,,,008188
PARKER-HANNIFIN CORPORATION DIV PNEUMATIC DIVISION,18925,,,,000075
KORODY-COLYER CORP A CR INDUSTRIES CO,18954,,,,100483
WARREN RUPP-HOUDAILLE INC SUB OF HOUDAILLE INDUSTRIES INC,18966,,,,006227
EAGLE CRUSHER CO INC DBA STEDMAN MACHINE CO,18990,,,,002882
SE-KURE CONTROLS INC,19000,,,,110892
"LAMSCO WEST, INC DBA LAMSCO NW",19040,,,,102449
AMPHENOL EASTERN DIV OF AMPHENOL-BORG ELECTRONICS CORP,19048,,,,003197
DATAMETRICS CORPORATION,19059,,,,006940
"ESSEX INDUSTRIES, INC. DIV CRYOGENICS DEPARTMENT",19062,,,,008474
EASTERN AIR DEVICES INC DBA EAD MOTORS,19070,,,,106747
AEROJET-GENERAL CORP AEROJET CENTER-FLORIDA,19105,,,,105250
KINGS POINT MACHINERY INC DBA KPM,19122,,,,110601
MOBIL OIL CORP BEAUMOUNT REFINERY,19135,,,,108723
"MARC ALAN GROUP THE, INC",19136,,,,100078
EASTMAN KODAK CO,19139,,,,104818
"HAR, INC DBA MERCURY MACHINE & MFG CO DIV",19147,,,,104940
LYNN ELECTRONICS LLC,19151,,,,102812
SERVO INSTRUMENT CORPORATION,19176,,,,003368
OASIS CORP,19177,,,,104901
ZERO CORP DBA APW WRIGHTLINE,19178,,,,006750
FANON COURIER INC.,19179,,,,105651
BRAND HYDRAULICS,19184,,,,000463
WESTERN CONTROLS DIV OF WAHLCO INC,19189,,,,103704
GARD INC,19190,,,,105784
"COIL SPECIALTY COMPANY, INC.",19193,,,,100423
ENERGIZER POWER SYSTEMS,19209,,,,102543
ECHLIN INC,19239,,,,104582
ITT FLUID TECHNOLOGY CORP ITT ENGINEERED VALVES DIV,19243,,,,003428
ARCOS INDUSTRIES LLC,19270,,,,104732
DETROIT SWITCH INC DBA DETROIT SWITCH INC,19278,,,,104284
DEL CITY WIRE CO INC POBOX 3241 MILWAUKEE WI 532013241,19328,,,,105805
SAVAGE BROS. COMPANY,19367,,,,003197
"REXNORD INDUSTRIES, LLC DIV LINK-BELT BEARING OPERATION",19382,,,,106320
E N M CO,19386,,,,101497
MILO MACHINING INC. DBA MILO ENGINEERING,19395,,,,106860
BAE SYSTEMS INFORMATION & ELECTRONIC SYSTEMS INTEGRATION INC.,19397,,,,006618
EDWARDS HIGH VACUUM INC,19400,,,,002331
STERIS CORP CALGON VESTAL DIV,19410,,,,105891
EMPIRE ABRASIVE EQUIPMENT CO LP,19428,,,,000045
BIMBA LLC,19541,,,,000075
"SHIP STREET CAPITAL, LLC DBA EDSON CORPORATION",19548,,,,100867
EDWARDS SIGNALING AND SECURITY SYSTEMS A PART OF GE SECURITY,19557,,,,003775
ADAMATION INC DBA ADAMATION,19561,,,,111487
CRSI INC DELAWARE DIV GENERAL DYNAMICS SATCOM TECHNOLOGIES INC.,19564,,,,006275
"SYMBOLIC DISPLAYS, INC",19565,,,,008629
"BOEING DIGITAL SOLUTIONS, INC.",19580,,,,111220
R-K ELECTRIC CO INC,19582,,,,005974
INSCOM ELECTRONICS CORPORATION,19605,,,,100002
VISHAY INTERTECHNOLOGY INC MEASUREMENTS GROUP MICRO-MEASUREMENTS DIV,19612,,,,006266
GE AVIATION SYSTEMS LLC,19623,,,,102877
CADDOCK ELECTRONICS INC.,19647,,,,006190
MERSEN USA SPM CORP. DIV ELDRE CORPORATION,19648,,,,104402
AMERICAN PERMANENT WARE COMPANY DBA APW/WYOTT FOODSERVICE EQP CO,19677,,,,008254
"MPC PRODUCTS CORPORATION DBA WOODWARD MPC, INC.",19710,,,,101415
ELECTRIC HEATER CO,19857,,,,008612
CHART INC DIV CRYOGENIC SYSTEMS DIV,19879,,,,007120
"STROCO MANUFACTURING, INC. DBA STROCO MANUFACTURING INC",19904,,,,006152
EATON CORP FLUID POWER OPNS MARSHALL DIV,19954,,,,008446
NAVISTAR INC. DBA NAVISTAR DIV FEDERAL GOVERNMENT SALES GROUP,1A177,,,,008321
"ABSTON MACHINE SHOP, INC. DBA ABSTON MACHINE SHOP INC",1A228,,,,101135
BARNES AND NOBLE,1A371,,,,111124
SOLA ELECTRIC DIV SOLA BASIC INDUSTRIES,1A396,,,,003197
"LEE AIR COMPANY, INC.",1A679,,,,100084
LEE SPRING COMPANY LLC,1A699,,,,003947
LC INDUSTRIES INC,1A920,,,,104567
MICROWAVE PHOTONIC SYSTEMS INC DIV SYSTEMS ENGINEERING,1A9M1,,,,110167
INLAND SUPPLY INC,1AB66,,,,103937
AMPHENOL CORP,1AH62,,,,003197
AMSCO MEDICAL PRODUCTS DIV,1AH64,,,,002836
SYRACUSE DIESEL & ELECTRIC INC,1AS48,,,,000324
WEKSLER INSTRUMENTS,1AU48,,,,003206
MICROSEMI FREQUENCY AND TIME CORP,1B0C5,,,,112815
RS AMERICAS INC,1B0K1,,,,003775
"GLOBAL GROUND SUPPORT, LLC",1B1P0,,,,113113
GRAND LUMBER AND MILLWORK,1B219,,,,008401
JONES ENGINEERING & MANUFACTURING CO INC,1B3F8,,,,007121
ROXTEC INC,1B3L6,,,,008867
"FOOTE AXLE & FORGE, LLC",1B644,,,,106336
UNIVERSAL METAL HOSE CO,1B742,,,,102011
"DITCH WITCH OF CHARLOTTE, INC. DBA DITCH WITCH OF THE CAROLINAS",1B7J8,,,,105650
"NUDRAULIX, INC. DBA DK-LOK USA",1B7P1,,,,105553
REIMEL MACHINE INC,1B8H8,,,,107159
HENKEL ADHESIVES CORP,1B8U0,,,,104897
FLUKE CORP,1B907,,,,003197
"FOSS-BROWN, INC.",1B934,,,,002965
E PAINT COMPANY,1B9N0,,,,110370
"FREEDOM POWER SYSTEMS, INC. DBA FREEDOM POWER SYSTEMS INC",1B9P8,,,,111623
"NOVA POWER SOLUTIONS, INC.",1BCN7,,,,108135
"ENERGY FOCUS, INC. DIV MMM",1BD15,,,,109127
NCS TECHNOLOGIES INC DBA NCS TECHNOLOGIES INC,1BEK6,,,,113098
"SAMSON CONTROLS, INC.",1BFL3,,,,106036
"FREDLOV, INC",1BGL5,,,,110129
TOKAR WILLIAM G AND ASSOCIATES,1BJ78,,,,006668
"SY-KLONE COMPANY, THE DBA SY-KLONE INTERNATIONAL",1BJU4,,,,105079
SPECTRO SCIENTIFIC INC,1BL81,,,,100856
FABREX UNLIMITED INC,1BL94,,,,104724
"STAGE 8 FASTENERS, INC. DBA STAGE 8 LOCKING FASTENERS",1BMM7,,,,110276
INTERCONNECT SYSTEMS SOLUTION,1BMU0,,,,112254
MUELLER REFRIGERATION PRODUCTS CO,1BND5,,,,002771
"DEACON INDUSTRIAL SUPPLY CO., INC. DBA DEACON AUTOMATION",1BNR4,,,,102268
APEX SIGNAL CORP DIV APEX SIGNAL DIVISION,1BNS1,,,,108187
"DATAPATH, INC. DBA DATAPATH INC",1BPK0,,,,110733
ACKER DRILL CO INC,1BRM0,,,,105570
G R MFG,1BVQ2,,,,002120
CAES SYSTEMS LLC DIV MISSILE SYSTEMS DIVISION,1BWN1,,,,002985
SCHRACK COMPONENTS,1BWP7,,,,003197
LEGEND VALVE AND FITTING INC,1BXJ2,,,,002652
"JOHN BOYD ENTERPRISES INC DBA J B ENTERPRISES DIV JB RADIATOR SPECIALTIES, INC",1BY77,,,,106497
"TRU-HITCH, INC.",1BZD4,,,,100078
SPEEDY MARINE SUPPLY LLC,1C2W1,,,,109511
STUART C. IRBY COMPANY,1C4L6,,,,003225
SUPERIOR ELECTRONICS DBA SUPERIOR SATELLITE,1C5J4,,,,003197
KA-BAR KNIVES INC,1C5S3,,,,106499
ESPAR PRODUCTS INC,1C645,,,,003382
"ATLANTIC DIVING SUPPLY, INC. DBA ADS",1CAY9,,,,110709
MAC GREGOR USA INC,1CC45,,,,103645
GORMAN-RUPP CO THE MANSFIELD DIV,1CC55,,,,101044
ALEXANDER/RYAN MARINE AND SAFETY CO,1CCF0,,,,109272
RED VALVE CO INC,1CE25,,,,105652
HANSEN TECHNOLOGIES CORPORATION,1CEB5,,,,109320
"MANTECH TEST SYSTEMS, INC.",1CEE5,,,,104981
"AIRGAS USA, LLC DIV NORTH",1CEG4,,,,108702
INGERSOLL-RAND SALES CO,1CFC2,,,,105668
RESCUE TECHNOLOGIES CORPORATION,1CFD4,,,,102627
"BRISTOL, INC. DBA REMOTE AUTOMATION SOLUTIONS DIV REMOTE AUTOMATION SOLUTIONS",1CFF7,,,,003661
"COLEMAN CABLE, INC. DIV COLEMAN CABLE LLC",1CG98,,,,105250
BRIDON-AMERICAN CORP,1CK21,,,,102260
COMPREHENSIVE SOFTWARE,1CL46,,,,003225
HITTITE MICROWAVE LLC,1CN88,,,,108542
PERFEKTA INC,1CN99,,,,105932
PIERCE BIOTECHNOLOGY INC,1CNC5,,,,108213
"ADVANCED POWER PRODUCTS, INC",1CNZ7,,,,101551
ANRITSU COMPANY DBA AMERICAN SALES REGION,1CPM8,,,,108182
MOTOROLA INC,1CR33,,,,102980
CONAX TECHNOLOGIES LLC,1CRL3,,,,100237
"CUMMINS POWER SYSTEMS, LLC DBA CUMMINS DIV CUMMINS POWER SYSTEMS",1CS43,,,,000963
CONGER INDUSTRIES INC.,1CS53,,,,111798
MINE SAFETY APPLIANCES COMPANY,1CS58,,,,006001
"SCHUTT INDUSTRIES OF CLINTONVILLE, WIS., INC. DIV SCHUTT INDUSTRIES OF CLINTONVILLE, WI INC.",1CSL0,,,,100228
CHEMETRON FIRE SYSTEMS,1CSX7,,,,112456
SEALING CORPORATION DIV SOLE LOCATION,1CT47,,,,105697
KELLSTROM DEFENSE AEROSPACE INC. DBA KELLSTROM INDUSTRIES,1CT61,,,,008808
"SYSTEMS 3, INC.",1CU19,,,,100032
"GIGLI ENTERPRISES, INC. DBA DIVER'S DEN",1CU83,,,,101913
MOBILE CLIMATE CONTROL CORP. DBA HVAC MANUFACTURER DIV MILITARY DIVISION,1CVR1,,,,108855
HELLA INC,1CW22,,,,100798
"MJO INDUSTRIES, INC. DBA MJO INDUSTRIES INC DIV HUGHES PETERS",1CW50,,,,003197
INTERMEC MID-ATLANTIC,1CW65,,,,006500
BART CORPORATION,1CW96,,,,003183
BUCYRUS CONSTRUCTION PRODUCTS DIV OF NORTHWEST ENGINEERING,1CX55,,,,104267
ISLAND RESEARCH AND DEVELOPMENT CORPORATION DBA ISLAND RESEARCH AND DEVELOPMENT CORP,1CXR6,,,,111732
CENTURY COMPONENTS CORPORATION,1CXT7,,,,101714
QUESTRON AEROSPACE / FAS-TRONICS DIV.,1CY13,,,,101782
SPECIALTY RUBBER INC,1CY19,,,,101307
HAMPSHIRE SPECIALTY PRODUCTS INC,1CZ81,,,,110231
EXCELL TECHNOLOGIES INTERNATIONAL CORPORATION DBA EXCELTEC,1D1T5,,,,108833
ALCOA FUJIKURA LTD.,1D2F9,,,,109192
HYSPAN PRECISION PRODUCTS INC DBA UNIVERSAL HOSE AND BRAID DIV UNIVERSAL HOSE AND BRAID,1D2W5,,,,003028
CROWN EQUIPMENT CORP DBA CROWN LIFT TRUCKS DIV GOVERNMENT SALES DEPARTMENT,1D3P6,,,,000591
OIL MIST MEASUREMENTS INC DBA OIL MIST MEASUREMENTS INC,1D5E4,,,,100078
"DOVER FLUID MANAGEMENT, INC. DIV DOVER RESOURCES INC.",1D9T5,,,,102490
"OFF THE WALL PRODUCTS, LLC DBA OTW SAFETY",1DAL6,,,,108319
"ADVANCED FLUID SYSTEMS, INC",1DB40,,,,108938
"POWER STEERING SPECIALISTS, INC",1DB47,,,,103357
GRAFLEX INC,1DBZ2,,,,110407
FALCONER-LEWISTOWN INC SUB OF FALCONER GLASS INDUSTRIES INC,1DC81,,,,007291
"CHROMALOX, INC..",1DE81,,,,101458
"ABM EQUIPMENT, LLC DBA ABM EQUIPMENT & SUPPLY LLC",1DF03,,,,007237
"KURT MANUFACTURING COMPANY, INC. DIV KURT MANUFACTURING COMPANY",1DFG9,,,,102182
CENTURY INSTRUMENT CO,1DH69,,,,113490
"KELTEC, INC. DBA KELTEC-TECHNOLAB DIV KELTEC-TECHNOLAB, INC.",1DJ40,,,,108075
HEILIND MIL-AERO LLC DBA INTERSTATE CONNECTING COMPONENTS DIV INTERSTATE CONNECTING COMPONENTS,1DJ61,,,,003586
"PENINSULAR, INC. DBA PENINSULAR CYLINDER COMPANY",1DKU8,,,,002600
FLEETGUARD INC DIV OF CUMMINS ENGINE CO,1DL99,,,,000963
TRI-STAR PLASTICS CORP. DBA TRI-STAR PLASTICS CORP,1DM22,,,,109965
WIRECO WORLDGROUP INC. DBA PHILLYSTRAN,1DN70,,,,108510
CIRCUITS & SYSTEMS INC DBA ARLYN  SCALES,1DNC0,,,,100078
"THOMPSON & LITTLE, INC.",1DR96,,,,112356
CIRCOR AEROSPACE INC,1DRT7,,,,004162
PRO MACHINE & TOOL INC,1DS66,,,,113732
SWIX SPORT U S A INC,1DW38,,,,109349
SIGMA PRODUCTS AND MANUFACTURING,1DWR0,,,,008183
INGERSOLL-RAND COMPANY DBA INGERSOLL-RAND,1DZM1,,,,105668
AUSTIN HARDWARE & SUPPLY INC,1E045,,,,008231
WILLIAMS CARL,1E1T2,,,,003197
ALCAD INC DBA ALCAD STANDBY BATTERIES,1E3G3,,,,106602
SCHIEBEL INSTRUMENTS INC,1E3X7,,,,102448
SEI ELECTRONICS INC,1E4C5,,,,003197
G & Z INDUSTRIES INC,1E533,,,,103418
VANAIR MANUFACTURING INC,1EAE2,,,,111438
"THE BRASS WORKS, INC",1EAT4,,,,108923
SCHROTH SAFETY PRODUCTS LLC,1EAW9,,,,109618
PARAGON ASSOCIATES INC,1ECH1,,,,002162
BOYD CORP,1ED19,,,,103476
VERTIV CORPORATION,1EDC2,,,,101638
SPECTRUM CORP,1EE17,,,,100265
ALOMA MFG CO INC,1EE29,,,,103543
SIG SAUER INC,1EF82,,,,111545
GENERAL DYNAMICS LAND SYSTEMS - FORCE PROTECTION INC. DBA GDLS DIV GDLS-FP,1EFH8,,,,100078
LAGUNA INDUSTRIES INC.,1EG13,,,,105131
NEW YORK FASTENERS,1EG27,,,,100199
AMERICAN FASTENER TECHNOLOGIES CORP,1EHS4,,,,109326
HOLT INTERNATIONAL LLC,1EKS2,,,,104925
WIMAN CORPORATION,1EL74,,,,003197
LUMEX INC,1EM90,,,,111402
GRAND CRAFT CORPORATION,1EMG6,,,,104989
ZF MARINE PROPULSION SYSTEMS MIRAMAR LLC,1EMK1,,,,008372
PALL AEROPOWER CORPORATION,1EP30,,,,000075
PALMER JOHNSON POWER SYSTEMS LLC DBA PALMER JOHNSON DISTRIBUTORS,1EPQ7,,,,104406
INGERSOLL-RAND COMPANY DBA INGERSOLL-RAND,1EQ48,,,,105668
CHAUVIN ARNOUX INC,1ES16,,,,106720
"MAXIM INTEGRATED PRODUCTS, INC.",1ES66,,,,111258
GEORGIA HYDRAULIC CYLINDERS INC,1EV30,,,,109239
N A K ENGINEERING INC,1EW06,,,,008674
TRI-METAL INDUSTRIES INC,1EX09,,,,003966
DONALDSON CO INC,1EYT0,,,,001413
"A. E. PETSCHE COMPANY, INC.",1F242,,,,101367
FREEMAN MANUFACTURING & SUPPLY CO,1F275,,,,109494
"R. A. PHILLIPS INDUSTRIES, INC. DBA PHILLIPS INDUSTRIES",1F3G5,,,,001383
GERHARDT'S INC,1F555,,,,008073
ABRAMS AIRBORNE MANUFACTURING INC DBA ABRAMS AIRBORNE MANUFACTURING INC,1F747,,,,103750
MSC INDUSTRIAL SUPPLY CO DIV OF SID TOOL CO INC,1F9N2,,,,001138
"ACCURACY INTERNATIONAL OF NORTH AMERICA, INC.",1F9Q6,,,,112767
"EASTERN CONTROLS, INC OF PA",1FAL7,,,,105374
PARKER-HANNIFIN CORPORATION DBA PARKER ATI DIV AIR TECHNOLOGIES,1FBJ9,,,,110619
"OMNITRON SYSTEMS TECHNOLOGY, INC. DBA OMNITRON SYSTEMS TECHNOLOGY INC",1FCX6,,,,107008
ADVANCED CHEMISTRY AND TECHNOLOGY INC /AC TECH/ MIDWEST DIV,1FDY5,,,,105173
"KNF NEUBERGER, INC",1FEC1,,,,110117
THERM-OMEGA-TECH INC DBA THERM-OMEGA-TECH INC,1FEY0,,,,109329
CIRCUIT SYSTEMS CO INC,1FF12,,,,100797
MERITOR HEAVY VEHICLE SYSTEMS LLC,1FF79,,,,008446
OSRAM SYLVANIA PRODUCTS INC. DIV IC NATIONAL/FEDERAL GOVT ACCOUNTS DEPT,1FHF4,,,,103933
GORE W L AND ASSOCIATES,1FK04,,,,002253
"BERENDSEN, INC.",1FK08,,,,000463
HAYES AXLE CO,1FK49,,,,004104
AMPHENOL CORPORATION DBA AMPHENOL FIBER-OPTIC PRODUCTS,1FL20,,,,003197
FRONTGRADE TECHNOLOGIES INC.,1FLE8,,,,003909
HYDAC TECHNOLOGY CORP,1FLG9,,,,000698
IKON SYSTEMS INC,1FP59,,,,101098
RESION LLC,1FPU5,,,,102740
BERG COMPANIES INC.,1FR69,,,,105086
"ALLIED ELECTRONICS, INC",1FV21,,,,003775
G.S. BLODGETT CORPORATION DBA BLODGETT COMBI DIV BLODGETT COMBI,1FVT3,,,,008254
"FALLONELECTRIC CO., INC.",1FWD0,,,,109892
"ALL-SPEC INDUSTRIES, INC.",1FWM0,,,,103464
FLEXFAB HORIZONS INTERNATIONAL INC. DBA FLEXFAB,1FWY1,,,,000035
HODGE DONALD C INC DBA SPIRAKUT PRODUCTS,1FX93,,,,102135
"NEW ENGLAND DIE CUTTING, INC. DBA NEW ENGLAND DIE CUTTING INC",1FY32,,,,100564
"EC/NDT, L.L.C. DBA EC",1FYY4,,,,101527
TECH SPRAY INC,1G390,,,,003197
BANJO CORP,1G3R1,,,,000168
MARINCO SHORE POWER SYSTEMS,1G3R2,,,,003197
CUMMINS NPOWER LLC DBA CUMMINS DIESEL SALES,1G7D0,,,,000963
SUNAIR INCORPORATED DBA SUNAIR CO,1G8R5,,,,103584
"CABLECO TECHNOLOGIES, INC",1G8V7,,,,105146
OCEAN CABLES INCORPORATED DBA OCEAN SYSTEMS DIV OCEAN SYSTEMS,1G9H1,,,,108869
"MOTION INDUSTRIES, INC. DIV HOUSTON",1GB54,,,,102708
"ROCK HOUSE PRODUCTS INTERNATIONAL, INC. DBA ROCK HOUSE PRODUCTS INTERNATIONAL INC DIV ROCK HOUSE PRODUCTS",1GBE2,,,,109934
"APPLIED FIBER TELECOMMUNICATIONS, INC.",1GBP5,,,,104444
SAFEWAY HYDRAULICS INC.,1GC16,,,,000142
CPI SATCOM & ANTENNA TECHNOLOGIES INC DIV LARGE ANTENNAS DIVISION,1GD22,,,,106109
WHIPP & BOURNE INC,1GD61,,,,106587
"CUMMINS ROCKY MOUNTAIN, LLC DBA CUMMINS",1GH62,,,,000963
R&B ELECTRONICS INC.,1GK47,,,,100580
"STRATASYS, INC",1GKB4,,,,110248
"ADVANCED MICRO INSTRUMENTS, INC. DBA ADVANCED MICRO INSTRUMENTS INC",1GKY2,,,,102700
LTV ENERGY PRODUCTS CO OIL STATES INDUSTRIES INC CUSTOM MOLDED PRODUCTS DIV,1GN00,,,,104193
PILGRIM SCREW CORP DBA PILGRIM AEROSPACE FASTENERS DIV ARIZONA,1GP79,,,,105384
PRO-FUSION TECHNOLOGIES INC. DBA PRO-FUSION,1GPX2,,,,110881
"R.E. HUBER CONSTRUCTION CO., INC.",1GSF6,,,,108359
GRACO INDUSTRIES INC,1GT22,,,,109223
WING INFLATABLES INC,1GTC0,,,,113773
TACTICAL & RESCUE GEAR LTD DBA T R G,1GTM5,,,,110705
MEGAPHASE LLC,1GVT4,,,,100077
"CLARUS TECHNOLOGIES, LLC",1GWN9,,,,110735
"HAGEMEYER NORTH AMERICA, INC.",1H333,,,,104779
JACO ENGINEERING,1H427,,,,101039
MALLORY CAPACITOR CO SUB OF EMHART INDUSTRIES INC,1H462,,,,003197
IVES EQUIPMENT CORPORATION DBA IVES EQUIPMENT CORP DIV IVES EQUIPMENT LLC,1H855,,,,003621
CHICAGO MINIATURE LAMP INC,1HBB3,,,,003197
LOBO VENTURES LTD,1HC54,,,,104959
"MUELLER DIE CUT SOLUTIONS, INC. DBA USE CAGE CODE 02921 FOR CATALOGING",1HC70,,,,106146
ROCORE THERMAL SYSTEMS,1HFQ6,,,,105871
CALVERT HYDRAULIC INC DBA CHI TECHNOLOGIES INC,1HHX4,,,,106766
EATON CORPORATION DIV ENGINEERING SERVICES,1HJG4,,,,109340
HUBER REVERSIBLE FAN INC,1HK95,,,,106902
SONG CHUAN USA INC,1HKM2,,,,105237
"LEIDOS, INC.",1HKR2,,,,109432
SIEMENS INDUSTRY INC DIV CORPORATE HEADQUARTERS,1HLQ3,,,,111343
DIVERSIFIED ELECTRONICS INC,1HM04,,,,104327
"ROCORE INDUSTRIES, INC.",1HM18,,,,105871
PHASE III INC.,1HMH5,,,,102323
METRO CROWN INTERNATIONAL,1HN57,,,,100433
ALTO PRODUCTS CORP. AL,1HQE5,,,,106262
ITC INCORPORATED,1HRF9,,,,110404
CLYDE BERGEMANN INC,1HRU7,,,,003690
CHICAGO POWER SYSTEMS INC,1HS72,,,,104484
"SHELBY GROUP INTERNATIONAL, INC DBA MCR SAFETY DIV SHELBY SPECIALTY GLOVE & MCR SAFETY",1HT35,,,,001456
NELSON DIV OF NELSON INDUSTRIES,1HT81,,,,105444
KINEMATICS MFG INC,1HUG6,,,,108846
"CHAUVIN ARNOUX, INC. DBA AEMC INSTRUMENTS DIV AEMC INSTRUMENTS",1HUX8,,,,003225
GRAYBAR ELECTRIC COMPANY INC,1HVR4,,,,001270
"ACE AND COMPANY, INC",1HVU5,,,,111587
AMERICAN RELAYS INC,1HY41,,,,008319
MOBILE CYLINDERS INC,1HZU4,,,,111829
SNAP-ON TOOLS CORP,1J112,,,,006652
BERG GENERAL SUPPLY INC,1J2D7,,,,105085
CONTINENTAL FAN MANUFACTURING INC,1J2S6,,,,102638
"SIEMENS ENERGY & AUTOMATION, INC DBA SIEMENS MARINE SERVICE DIV INDUSTRIAL PLANTS MARINE SOLUTIONS",1J3A4,,,,005946
JOHN DEERE CONSTRUCTION & FORESTRY COMPANY DIV DIRECT GOVERNMENTAL SALES,1J955,,,,002120
"FLOWSERVE US, INC. DIV FLOW CONTROL DIVISION",1J9B9,,,,109963
NEW PIG CORPORATION,1JA49,,,,007937
"WEST MARINE PRODUCTS, INC. DIV GOVERNMENT SALES",1JAB0,,,,107554
MEGA FABRICATION LLC,1JCN3,,,,112199
CENTURY FASTENERS CORP,1JF72,,,,002250
"UNDERSEA SENSOR SYSTEMS, INC. DIV ULTRA MARITIME",1JGV5,,,,110932
WHEATON SCIENCE PRODUCTS,1JJB2,,,,112343
"J. E. GASHO & ASSOCIATES, INC.",1JLB9,,,,103059
"VALCONN ELECTRONICS, INC. DIV ADAM TECH",1JMK8,,,,003197
"MOUSER ELECTRONICS, INC DBA MOUSER ELECTRONICS",1JN02,,,,105237
"STEWART & STEVENSON SERVICES, INC",1JN64,,,,101109
"CUSTOM SYSTEMS TECHNOLOGY, INC. DBA WMI  GROUP",1JNN7,,,,104810
PUTNAM-NORTHERN WESTCHESTER BOCES,1JPL3,,,,003197
"AUGUSTA ENGINE PARTS, INC. DBA AUGUSTA ENGINE PARTS, INC.",1JQZ6,,,,104013
ASHLEY MANUFACTURING CORP DBA CHRISTIE AUTOMOTIVE PRODUCTS,1JS43,,,,007936
BAG CORP,1JW00,,,,112157
DANFOSS INC,1JW34,,,,000463
"PACIFIC COAST MARINE, LLC",1JX04,,,,003955
"AVIATRON, INC. (U.S.) DBA AVIATRON INC",1JYM3,,,,103544
BUHL INDUSTRIES INC,1JZ30,,,,103295
BALCRANK PRODUCTS INC,1JZ80,,,,109579
POWER PACKER NORTH AMERICA INC,1K076,,,,008056
"C&D TECHNOLOGIES, INC.",1K126,,,,110392
PARKER HANNIFIN CORP ENGINEERED POLYMER SYSTEMS DIV,1K209,,,,002253
COWLES OPERATING COMPANY DBA CARLIN COMBUSTION TECHNOLOGY DIV CARLIN COMBUSTION TECHNOLOGIES,1K2S1,,,,003243
VEGA AMERICAS INC,1K2S2,,,,108932
GRAINGER W W INC GRAINGER BR NO 906,1K4C0,,,,000621
"QUALITY CASES & CONTAINERS, LLC DBA QUALITY CASES & CONTAINERS LLC DIV QUALITY CASES & CONTAINERS",1K5M9,,,,106313
LIBERTY MOUNTAIN SPORTS LLC,1K6Y2,,,,106739
FLSMIDTH USA INC. DBA FLSMIDTH USA INC-TUCSON OPERATIONS,1K6Y7,,,,100603
FLODRAULIC GROUP INCORPORATED,1K833,,,,008492
HOLLAND LP DBA RAILWELDING HOLLAND,1KB59,,,,007064
FASTAR INCORPORATED,1KDE3,,,,102863
CAMFIRE INC,1KFD1,,,,002501
NIELSEN-KELLERMAN CO,1KFL8,,,,006003
"XENONICS, INC.",1KGM2,,,,109646
"BOLTTECH MANNINGS, LLC",1KGZ6,,,,108539
CAVALLARO SPECIALITY FOODS INC,1KGZ7,,,,108539
NOVAFLEX HOSE INC DBA NOVAFLEX HOSE INC,1KL62,,,,000119
"APPLIED INDUSTRIAL TECHNOLOGIES, INC.",1KN15,,,,006997
MM REIF LTD,1KNH1,,,,006154
RELLI TECHNOLOGY INC.,1KPT1,,,,106194
"THE LIGHTSHIP GROUP, LLC DBA LIGHTSHIPS",1KQ62,,,,113449
SAFARILAND GOVERNMENT SALES INC,1KR76,,,,111545
CYTEC ENGINEERED MATERIALS INC,1KU10,,,,107932
DRUM PARTS INC,1KVA9,,,,111866
TFC MANUFACTURING INC. DBA TFC MANUFACTURING INC,1KVF7,,,,102046
MD HELICOPTERS INC,1KVX4,,,,101524
LINDE LLC,1KVX7,,,,002645
"SAUER COMPRESSORS USA, INC.",1KWT0,,,,108469
BANNISTER INC,1KZK6,,,,111455
"MARYSVILLE MARINE DISTRIBUTORS, INC.",1L170,,,,102403
"BISHOP LIFTING PRODUCTS, INC",1L2F2,,,,107476
GKS INC,1L397,,,,103252
AURORA PUMP A UNIT OF GENERAL SIGNAL CORP,1L434,,,,003649
ALKON CORPORATION,1L4D9,,,,101005
DENRAY MACHINE INC,1L5T1,,,,112024
INTERSTATE CHEMICAL CO INC DIV INTERSTATE CHEMICAL COMPANY INC,1L8M0,,,,111403
MAGNETIKA INC DIV MAGNETIKA/PHILLIPSBURG LOCATION,1L8V1,,,,008500
STERLING S CO INC,1LBC0,,,,100798
TAITRON COMPONENTS INCORPORATED,1LBC3,,,,003197
"SOUTHWEST WIRE ROPE, LP",1LBG1,,,,103731
MOREAU MARKETING AND SALES,1LCF7,,,,110810
"AIRCRAFT COVERS, INC.",1LE67,,,,110207
AVON PROTECTION SYSTEMS INCORPORATED DBA AVON PROTECTION SYSTEMS INC,1LEW5,,,,103851
"WORTHINGTON AVIATION, LLC",1LP50,,,,101546
"CRYSTAL GROUP, INC",1LTM5,,,,100078
"BORGWARNER PDS (ANDERSON), L.L.C.",1LW55,,,,006131
FELLFAB CORPORATION,1LW95,,,,108325
PHILMORE CALIFORNIA INC,1M285,,,,003197
VOLEX INC,1M3W9,,,,003775
RAYOVAC CORP,1M635,,,,003197
"MOTION INDUSTRIES, INC. DIV PHILADELPHIA",1M6M9,,,,102708
"CALIFORNIA INDUSTRIAL FACILITIES RESOURCES, INC.",1M7W1,,,,105010
"STERTIL-KONI U.S.A., INC. DBA STERTIL-KONI USA INC",1MBU0,,,,112254
"UEC ELECTRONICS, LLC",1MCJ4,,,,111330
GNY EQUIPMENT LLC,1MCJ5,,,,103572
"ARGONAUT INFLATABLE RESEARCH AND ENGINEERING, INC. DIV AIRE ENVIRONMENTAL",1MDS4,,,,105525
CUMMINS ATLANTIC INC,1ME38,,,,000963
"MARINO ENTERPRISES, INC. DBA GEAR TECHNOLOGY DIV GEAR TECHNOLOGY",1MF53,,,,104648
"AVIATION SPECIALTIES UNLIMITED, INC.",1MFX9,,,,110607
CARQUEST AUTO PARTS,1MGY9,,,,001958
"SCHNEIDER ELECTRIC SYSTEMS USA, INC.",1MHW8,,,,105374
PHOTONIS SCIENTIFIC INC DBA PHOTONIS SCIENTIFIC INC,1MK42,,,,112393
BRINKLEY TECHNOLOGY GROUP LLC DBA HERCULES MANUFACTURING,1ML14,,,,001173
"L-3 COMMUNICATIONS EOTECH, INC. DBA EOTECH",1MLU1,,,,105476
,,,,,106304
"JOHNSON CONTROLS GOVERNMENT SYSTEMS, LLC",1MN13,,,,008129
"ORIONCASE, LLC",1MP64,,,,111643
HAMMOND MAUFACTURING COMPANY INC,1MPP4,,,,001042
"PELSEAL TECHNOLOGIES, LLC",1MRE7,,,,111838
VENTURE MEASUREMENT COMPANY LLC DBA FORTIVE CORPORATION DIV FORTIVE CORPORATION,1MU21,,,,003621
"SPICER HEAVY AXLE & BRAKE, INC.",1MVZ1,,,,008446
INTERCORP INC,1MWJ9,,,,111784
RADIANT POWER CORP,1MXA1,,,,007905
"AGILENT TECHNOLOGIES, INC. DIV AGILENT TECHNOLOGIES HEADQUARTERS",1MY97,,,,101385
INDECO NORTH AMERICA INC,1N0L6,,,,001049
B & B PRECISION COMPONENTS INC. DBA B & B PRECISION COMPONENTS,1N108,,,,103837
SCHAFFNER INC,1N137,,,,003197
R & B ELECTRONICS INC,1N1A7,,,,100580
GRAINGER BRANCH 081,1N1R5,,,,000621
"HADER, INC.",1N365,,,,106368
INGERSOLL-RAND COMPANY DBA INGERSOLL-RAND,1N370,,,,105668
GRAPHIC SERVICE INC,1N561,,,,107778
"EMPOWER RF SYSTEMS, INC. DBA EMPOWER RF SYSTEMS INC",1N5X2,,,,111026
KAWASAKI MOTORS CORP USA,1N651,,,,107778
HENKEL CORPORATION,1N6B3,,,,102274
"KRISMARK GROUP, INC. DBA KRISMARK GROUP INC",1N6X0,,,,102360
NICOMATIC LLC,1N7B0,,,,109786
VERICOR POWER SYSTEMS LLC,1N8S8,,,,105330
"RADECO, INC. DBA RADECO INC",1N8W5,,,,107954
"PHELPS INDUSTRIAL PRODUCTS, LLC",1N9M1,,,,008517
AMPHENOL CORP,1NA24,,,,003197
LOUIS ALLIS,1NAS7,,,,101512
CYLINDER CITY INC DIV MOBILE CYLINDER DIVISION,1NDQ3,,,,001051
HYDRAULIC AND PNEUMATIC SYSTEMS INC,1NDT3,,,,103374
EATON CORPORATION,1NDU7,,,,002959
KENNAMETAL INC. DIV KENNAMETAL INDUSTRIAL PRODUCTS GROUP,1NEX4,,,,006558
GILMORE-GLOBAL INSTRUMENTS CO INC,1NF90,,,,003869
"WAM USA, INC.",1NGB7,,,,105958
CDK MOBILE SYSTEMS INC,1NHH8,,,,102962
HYDRADYNE LLC,1NHP0,,,,103527
,1NIL9,,,,003197
COX AMANDA JO,1NJR2,,,,006669
GARRETT METAL DETECTORS SECURITY DIV,1NKF2,,,,105068
"OIL STATES INDUSTRIES, INC. DIV OILSTATES SKAGIT SMATCO",1NMW6,,,,104193
H&H MEDICAL CORPORATION DBA H & H MEDICAL DIV NONE,1NNH6,,,,108632
ALLIED ELECTRONICS INC,1NNN2,,,,003775
"AVIATION DEVICES AND ELECTRONIC COMPONENTS, L.L.C.",1NPE1,,,,105603
H A T A,1NQ60,,,,103088
"AYDIN DISPLAYS, INC.",1NSE4,,,,103485
PRODUCT SERVICES COMPANY DBA GATOR INTERNATIONAL,1NVR6,,,,102323
FORD MOTOR COMPANY,1NVV8,,,,101568
INDEPENDENT ROUGH TERRAIN CENTER LLC,1NWY2,,,,106326
EATON CORPORATION,1NX78,,,,005974
"PHILLIPS ENVIRONMENTAL PRODUCTS, INC. DIV PHILLIPS ENVIRONMENTAL, INC. DBA CLEANWASTE",1NXM2,,,,109249
LITTLE TURTLE DISTRIBUTION,1NYW2,,,,106326
KOCH MEMBRANE SYSTEMS,1NZW4,,,,101580
"UNITED INDUSTRIAL TEXTILE PRODUCTS, INC.",1P296,,,,108608
EATON-AEROQUIP INC.,1P322,,,,102868
KINEDYNE LLC,1P346,,,,106685
CRANE VALVE SERVICES DIV OF CRANE CO,1P394,,,,100664
ASSEMBLY TECHNOLOGY COMPONENTS INC DBA A T COMPONENTS DIV AT COMPONENTS,1P3J4,,,,102427
"QUALITY FOAM PACKAGING, INC. DBA QUALITY FOAM PACKAGING INC DIV QUALITY FOAM PACKAGING",1P494,,,,000911
"SPACE METAL FABRICATORS, INC.",1P4V7,,,,110236
HYTORK CONTROLS INC,1P7C1,,,,105659
K.C. TRADING LTD.,1P9K9,,,,101332
TOTAL INDUSTRIAL & PACKAGING CORPORATION,1PBG9,,,,105006
INSTOCK FASTENERS,1PCW1,,,,111939
BOSCH REXROTH CORPORATION DIV ELECTRIC DRIVES & CONTROLS,1PD48,,,,101007
HARRINGTON INDUSTRIAL PLASTICS LLC,1PFS0,,,,102066
HOWMET GLOBAL FASTENING SYSTEMS INC DIV ASSEMBLY TOOLING DIVISION,1PGC0,,,,003137
PACIFIC TORQUE INC.,1PJF8,,,,107079
"NAG, LLC DBA NAG LLC",1PL37,,,,108932
LINCOLN INDUSTRIAL CORPORATION DIV LINCOLN INDUSTRIAL CORPORATION,1PL57,,,,108034
"TRACEWELL SYSTEMS, INC.",1PMK5,,,,108523
"ENGINEERED PIPING PRODUCTS, INC.",1PTU4,,,,108788
"INTERSTATE BATTERY SYSTEM INTERNATIONAL, INC",1PTU5,,,,103058
VACCO INDUSTRIES,1PVC5,,,,007337
TEMPSHIELD LLC,1PVF9,,,,108702
"HAMILTON JET, INC.",1PWP4,,,,106701
PRO-QUIP INC,1PWY2,,,,107582
VACUUBRAND INC,1PZD0,,,,112290
APEM P O BOX 8288 HAVERHILL MA 01835-0788,1PZR2,,,,102897
"MADISON AEROSPACE, INC. DBA MADISON AEROSPACE INC",1Q009,,,,102038
KUBOTA ENGINE AMERICA CORP,1Q0C4,,,,003826
S A S SAFETY CORP. DIV SAS SAFETY CORPORATION,1Q0Z7,,,,109358
DAUBERS INC,1Q3T9,,,,103094
"SIEMENS ENERGY & AUTOMATION, INC. DBA SIEMENS WESTINGHOUSE TECHNICAL SERVICES DIV INDUSTRIAL SERVICES BUSINESS UNIT",1Q3Z5,,,,005946
"FEDERAL RESOURCES SUPPLY COMPANY, LLC",1Q3Z9,,,,104299
"BLUE SEA SYSTEMS, INC. DBA BLUE SEA SYSTEMS DIV BLUE SEA SYSTEMS",1Q449,,,,109810
HYDRA-BRAKE LLC,1Q703,,,,110535
ALJERS LLC,1Q8T8,,,,101973
INDUSTRIAL COMPONENTS TECH DBA I R D  SWITCHES,1Q9N3,,,,101952
"COMPASS WATER SOLUTIONS, INC",1QA97,,,,101110
BLACK BOX NETWORK SERVICES,1QFC3,,,,101377
KRAISSL COMPANY INC,1QFG3,,,,007323
"ALLIED ELECTRONICS, INC",1QFU4,,,,003775
PA ELECTRONICS CORP,1QGG9,,,,109397
"MARINE SYSTEMS, INC",1QJ94,,,,101552
"DOOSAN BOBCAT NORTH AMERICA, INC. DIV BOBCAT COMPANY",1QK63,,,,106454
VIAVI SOLUTIONS INC. DBA VIAVI,1QLU8,,,,113164
YATES INDUSTRIES INC,1QM81,,,,006997
"PAPE MATERIAL HANDLING, INC",1QMY9,,,,111702
"CMARK INTERNATIONAL, INC. DBA COMMERCIAL MARKETING",1QNG7,,,,106329
ALLIED MARINE SERVICES LLC,1QNM6,,,,103658
"LIFT TECHNOLOGIES, INC. DBA LIFT-TEK ELECAR",1QNQ0,,,,110741
FASTENAL CO DBA FASTENAL CO DIV FASTENAL MANUFACTURING,1QNZ3,,,,005018
W & O SUPPLY INC DIV PHILADELPHIA BRANCH,1QP40,,,,105808
"REINEN MACHINE SALES, INC. DBA REINEN MACHINE SALES INC",1QS53,,,,104908
M C T BRATTBERG INC,1QU26,,,,111257
PALL CORPORATION DIV PALL TRINCOR,1QUD6,,,,104806
VOGELE AMERICA INC,1QUF7,,,,001079
"RMX COMPANY, LLC",1QVZ4,,,,104812
"MARINE TECH WIRE & CABLE INC DIV MARINE TECH WIRE AND CABLE, INC.",1QWC0,,,,105250
"THE HELLAN STRAINER CO DIV SISTER COMPANY OF CLEVELAND GEAR, SUBS. OF INDUSTRIAL MFG. C",1QZK3,,,,104299
"WESCO DISTRIBUTION, INC. DIV MILWAUKEE WI",1R0D2,,,,005974
"ASCO POWER TECHNOLOGIES, L..P.",1R2X5,,,,111402
"HEIL TRAILER INTERNATIONAL, LLC",1R5C8,,,,100078
CORSAIR ELECTRICAL CONNECTORS INC DBA CORSAIR ELECTRICAL CONNECTORS INC,1R6R9,,,,101076
BELDEN TOOLS INC DIV HEADQUARTERS,1R6X2,,,,106010
AIRGAS USA LLC DBA AIRGAS,1R6Z3,,,,108702
IRIDIUM SATELLITE LLC,1R7A4,,,,106716
AMETEK INC DIV AMETEK SWITCH,1R7H6,,,,102239
VALLEY PRECISION PLASTICS CORPORATION,1R7V6,,,,104935
ASCO SURGICAL SALES CO,1R908,,,,008164
GE AVIATION SYSTEMS LLC DBA GE AVIATION,1R9D8,,,,101327
"AVISTA TECHNOLOGIES, INC.",1R9H9,,,,104968
C & D CAR COLOR SUPPLY DBA AUTO PAINT STOP DIV COLORVISION CORPORATION,1R9Q7,,,,109673
TRONAIR INC,1RBA3,,,,106118
HOWMET GLOBAL FASTENING SYSTEMS INC DIV CITY OF INDUSTRY OPERATIONS,1RC86,,,,003137
HAMPTON RUBBER COMPANY DIV HAMPTON RUBBER COMPANY(NORFOLK),1RDT0,,,,004171
BE AEROSPACE CONSUMABLES MANAGEMENT DBA CONSUMABLES SOLUTIONS DIV CONSUMABLES SOLUTIONS,1RDZ1,,,,109156
WASSER CORP DIV WASSER TECHNOLOGIES,1RE12,,,,110507
EQUIPMENT USA LIMITED LIABILITY COMPANY,1RE31,,,,105475
POLARIS INDUSTRIES INC,1RE78,,,,107778
MASLEY ENTERPRISES INC.,1RGE4,,,,109119
"AUTOMATIC TIMING & CONTROLS, INC DBA AUTOMATIC TIMING & CONTROLS CO, INC DIV AUTOMATIC TIMING AND CONTROLS, INC",1RGT9,,,,002921
WOODLAND PLASTICS CORP.,1RJR6,,,,112103
NIELSEN HARDWARE CORPORATION DIV NIELSEN HARDWARE CORP,1RRL5,,,,111213
GPS SOURCE INC DBA GPS SOURCE INC,1RTJ5,,,,112912
"SAFARILAND, LLC",1RTM5,,,,106304
PALM BEACH COMPONENTS INC.,1RUZ5,,,,110356
"CALIFORNIA CASTER AND HAND TRUCK COMPANY, INC.",1RX67,,,,104359
ZF LEMFORDER CORPORATION DIV HEAVY TRUCK DIVISION,1RX69,,,,104359
"CHASE SUPPLY, INC. DBA CHASE DEFENSE PARTNERS",1RZM1,,,,104160
CHARLES REED KNIGHT JR DBA KNIGHT'S ARMAMENT COMPANY,1S002,,,,107562
"BOBCAT PLUS, INC.",1S2L6,,,,108026
AURORA PUMP A UNIT OF GENERAL SIGNAL CORP,1S376,,,,003649
SIEMENS BUILDING TECHNOLOGIES DBA SIEMENS FIRE SAFETY DIVISION DIV SIEMENS BUILDING TECHNOLOGIES INC.,1S4T2,,,,002959
"JEA ENTERPRISES, INC. DBA JEA ENTERPRISES LLC",1S5U2,,,,109541
AMERICAN AEROSPACE PRECSN MFG DBA AAPM,1S5U7,,,,100078
INGERSOLL-RAND COMPANY DBA INGERSOLL-RAND DIV ROAD DEVELOPMENT,1S654,,,,105668
BAUMANN H D ASSOCIATES LTD,1S732,,,,103193
LORAIN DIV OF KOEHRING,1S876,,,,104267
D & W DIESEL INC DBA D & W DIESEL INC,1S9F5,,,,100857
SOUTHWEST PRODUCTS CORPORATION DBA S W P,1SAF5,,,,100078
KOHLER CO.,1SCA4,,,,001286
TRAMAC CORPORATION,1SDV3,,,,110026
EBARA INTERNATIONAL CORPORATION,1SE97,,,,006227
AVAHO AQUISITION CORP DBA DRYOMATIC,1SG24,,,,102356
WHIRLPOOL CORP,1SH55,,,,106504
"CANVAS CONCEPTS, INC",1SHN4,,,,111086
ATLANTIC METALCRAFT CO,1SJJ7,,,,102383
DYNCORP INTERNATIONAL LLC,1SMB2,,,,007308
"FLEXDECKS, INC.",1SQE8,,,,110092
BECKY KATONA DIV KATONA CABLING SYSTEMS,1SS93,,,,105332
"THUEMLING INSTRUMENT GROUP, INC.",1ST83,,,,100078
"WOMACK MACHINE SUPPLY CO OF HOUSTON, LLC DBA WOMACK MACHINE SUPPLY CO OF ALAB DIV WOMACK MACHINE SUPPLY COMPANY OF HOUSTON, LLC",1SV90,,,,112348
APPLICATION EQUIPMENT INC,1SVP6,,,,110572
"ENERSYS CORPORATION DIV GOVT SALES OFFICE,  RESERVE POWER BUSINESS",1SWJ4,,,,103877
"SOLBERG MFG., INC. DIV SOLBERG MANUFACTURING, INC.",1SYX8,,,,007405
"HTS-ENGINEERING, INC DBA HTS ENGINEERING INC",1SZ86,,,,109089
"GAYLORD MARINE SERVICES, INC. DBA GAYLORD MARINE SERVICES INC",1T1B2,,,,113724
E & R INDUSTRIAL SALES INC,1T1K8,,,,000621
"ENTHERMICS MEDICAL SYSTEMS, INC.",1T3M1,,,,113792
SHIMADZU SCIENTIFIC INSTRUMENTS INC,1T422,,,,106690
BRP US INC.,1T4E6,,,,104480
ARMACELL LLC,1T5T4,,,,008572
"GRANITE FLUID POWER MACHINING & FABRICATION, INC.",1T7Y7,,,,007083
HEAT WAGONS INC,1T8G7,,,,002779
ACME PRODUCTS & ENGINEERING INC,1T943,,,,103771
"O.C.E.M. ACQUISITION CORP. DBA MULTI ELECTRIC MFG., INC.",1T9K5,,,,005950
FOX AVIATION SALES DBA FOX AVIATION SALES,1T9K7,,,,101191
"CHEMRING SENSORS AND ELECTRONIC SYSTEMS, INC.",1TBR6,,,,111807
"TELEDYNE FLIR MARITIME US, INC.",1TC81,,,,007026
"IRONCOMPANY.COM, LLC",1TCW6,,,,106370
"EAGLE INDUSTRIAL TRUCK MANUFACTURING, L.L.C. DIV EAGLE INDUSTRIAL TRUCK MFG LLC DBA EAGLE TUGS",1TE71,,,,108479
"KMW LONG RANGE SOLUTIONS, LLC DBA KMW LONG RANGE SOLUTIONS LLC",1TE83,,,,104367
"CHALMERS & KUBECK, INC. DBA MONARCH VALVE CORP",1TG13,,,,105293
MITSUBISHI HEAVY INDUSTRIES AMERICA INC DIV MACHINE TOOL DIVISION,1TGK4,,,,106701
PALADIN TECHNOLOGIES INC,1TGP3,,,,003197
"LITEWAY, INC. DBA LITEWAY INC",1TGU2,,,,109110
ROLLS-ROYCE MARINE NORTH AMERICA INC,1TH76,,,,103238
GEORG FISCHER LLC DBA GEORG FISCHER PIPING,1THV5,,,,003428
SAFE-TECH SOLUTIONS LLC DBA SAFE TECH SOLUTIONS LLC,1TKG2,,,,102149
ROTRON INCORPORATED DBA AMETEK ROTRON TECHNICAL MOTOR DIV DIV TECHNICAL & INDUSTRIAL PRODUCTS DIVISION,1TLW8,,,,109314
THE FILTER FACTORY INC,1TM59,,,,107235
"STANCOR, L.P. DBA STANCOR PUMPS",1TN99,,,,003197
ALKON CORPORATION,1TNF3,,,,101005
ROLLS-ROYCE MARINE NORTH AMERICA INC,1TNS3,,,,103238
"CRESS MANUFACTURING COMPANY, INC.",1TR08,,,,108688
TITAN DISTRIBUTION INC DBA TITAN TIRE,1TUY2,,,,104118
WORLD PRODUCTS INC DBA MARMAX DISTRIBUTION,1TWZ3,,,,003197
AMERICAN BERYLLIA INC,1U1C3,,,,006060
"METTLER-TOLEDO THORNTON, INC. DIV METTLER-TOLEDO PROCESS ANALYTICS, INC.",1U1C6,,,,108742
"ETS INTERNATIONAL, LLC.",1U238,,,,100599
CELL ENERGY INC. DBA BATTERIES FOR EVERYTHING,1U269,,,,101383
"MAXLITE, INC.",1U3H8,,,,108729
PARKER-HANNIFIN CORPORATION DBA GEAR PUMP DIVISION DIV GEAR PUMP DIVISION,1U3R2,,,,001230
CSI INTERNATIONAL INC,1U4Y1,,,,007178
"REDCOM LABORATORIES, INC. DBA REDCOM LABORATORIES INC",1U548,,,,106688
GENERATOR JOE INC. DBA GENERATORJOE DIV GENERATORJOE,1U5V7,,,,109765
BABCO INTERNATIONAL INC,1U617,,,,113025
AMPHENOL CORP SUB OF ALLIED CORP,1U671,,,,003197
KEYSTONE FIRE PROTECTION CO DBA KEYSTONE FIRE PROTECTION CO,1U693,,,,103246
MMI OUTDOOR INC,1U7D0,,,,108397
FASTENATION INC DIV FASTENATION,1U7U4,,,,110787
CUSTOM FABRICATED PRODUCT LLC,1UBL5,,,,106441
"BERENDSEN, INC. DBA ORANGE SERVICE",1UE56,,,,000463
WL GORE & ASSOCIATES INC DBA W L GORE & ASSOCIATES INC,1UH12,,,,006521
COMMUNICATIONS SUPPLY CORPORATION DIV CSC NORFOLK VA,1UHA3,,,,005974
DOUBLECO INCORPORATED DBA R & D FASTENERS,1UKP3,,,,110599
"ITIN SCALE CO., INC. DBA ITIN SCALE CO",1UKW9,,,,103694
VESTIL MANUFACTURING CORP,1UQJ3,,,,104134
FLUKE ELECTRONICS CORPORATION DBA FLUKE NETWORKS DIV FLUKE NETWORKS,1UQL0,,,,003818
"VERTIV ENERGY SYSTEMS, INC. DBA VERTIV",1UQZ6,,,,112295
"PRC - DESOTO INTERNATIONAL, INC. DIV INTERNATIONAL RESEARCH CENTER",1URE0,,,,102049
ABB INC DIV PROCESS AUTOMATION,1URU2,,,,003310
"TRI COUNTY TOOL, INC.",1UV43,,,,110290
BRP US INC,1UVT5,,,,104480
COOPER BUSSMANN,1UW16,,,,005974
ARGO-HYTOS INC.,1UWD6,,,,107766
"MOLEX, LLC",1UX99,,,,103664
OKONITE CO INC THE,1V176,,,,005974
INTERSTATE BATTERY SYSTEM OF AMERICA INC,1V1H7,,,,103058
GEIB INDUSTRIES INC. DBA AEROQUIP,1V243,,,,106165
"BYRAM LABORATORIES, INC DBA BYRAM LABS",1V249,,,,102422
FIAT ALLIS NORTH AMERICA INC,1V307,,,,104267
"PREMIER GEAR & MACHINING, INC. DBA PREMIER GEAR & MACHINING INC",1V4W5,,,,105919
DAIGGER A & CO DAIGGER SCIENTIFIC DIV,1V571,,,,007902
RIA CORP,1V678,,,,003197
DPH HOLDINGS CORP.,1V6F3,,,,103664
WESCO AIRCRAFT HARDWARE CORP. DBA INCORA,1V757,,,,100669
CADILLAC PRODUCTS PACKAGING COMPANY DBA CADILLAC PRODUCTS PACKAGING CO,1V793,,,,108701
"CORTLAND COMPANY, INC.",1V795,,,,110056
SOUTHERN VEHICLE PRODUCTS INC DBA S V P,1V863,,,,006685
SALTAWAY PRODUCTS INC,1V8N4,,,,100078
"KNEE-PRO INDUSTRIES, INC DBA K-P INDUSTRIES",1V8S5,,,,110045
VINCORION LLC,1VD61,,,,113795
"KNIGHT ELECTRONICS, INC DIV ORION FANS",1VEL5,,,,105237
"PANTHEON CHEMICAL, INC. DBA PANTHEON ENTERPRISES",1VFJ3,,,,104735
FASTENAL COMPANY,1VJB6,,,,005018
DANIEL VALVE COMPANY DBA DANIEL INDUSTRIES,1VJS7,,,,106735
CAMFIL USA INC,1VK04,,,,110249
"DOUBLEDAY ACQUISITIONS, LLC",1VL05,,,,112164
INSTRUMART LLC,1VL38,,,,106720
DON ORFIELD,1VLP6,,,,106778
AIRDALE EXPRESS LLC DIV AIRDALE EXPRESS,1VN02,,,,103290
"GENERAL DYNAMICS MISSION SYSTEMS, INC.",1VN18,,,,106458
SPILLTECH ENVIRONMENTAL INC,1VNK5,,,,104283
FISHER SCIENTIFIC COMPANY L.L.C.,1VP93,,,,008712
"GENERAL DYNAMICS MISSION SYSTEMS, INC. DBA GDMS",1VPW8,,,,106458
"MERCURY SYSTEMS, INC. DBA MERCURY SYSTEMS, INC",1VQH4,,,,100078
"GLOBAL AIRCRAFT PARTS, LLC",1VUR1,,,,100078
LUCIX CORP DBA LUCIX CORP,1VVD0,,,,112073
"HEATERCRAFT MARINE PRODUCTS, INC.",1VXE0,,,,107594
CARLISLE POWER TRANSMISSION PRODUCTS INC,1VZM7,,,,103065
"TRICOR INDUSTRIES, INC. DBA TRICOR INDUSTRIES INC",1W068,,,,102072
SCHNEIDER ELECTRIC SYSTEMS USA INC,1W0E8,,,,105374
UNITED REFRIGERATION INC,1W121,,,,101371
SHUSTER CORPORATION,1W309,,,,103291
FOXFIRE MICROWAVE INC,1W337,,,,105848
CARLETON TECHNOLOGIES INC DIV TAMPA FACILITY,1W506,,,,100078
ALTA MAX LLC DBA ALTA MAX LLC,1W6B4,,,,112148
PATRIOT AMERICAN SOLUTIONS LLC,1W820,,,,104705
"BOWHEAD MANUFACTURING COMPANY, L.L.C.",1WB54,,,,104498
"PENINSULA COMPONENTS, INC. DBA PENINSULA COMPONENTS INC DIV HEAD QUARTERS",1WBY0,,,,110857
"WESTEK ELECTRONICS, INC.",1WBY2,,,,111374
"SHINN FU CO OF AMERICA, INC",1WDP3,,,,104118
US CONEC LTD (INC),1WEB4,,,,001270
"LKR, INC. DBA LKR INC DIV RAYCON INDUSTRIES",1WG21,,,,106054
JACK SHULIMSON,1WL55,,,,100857
HOFFMAN ENCLOSURES INC DBA NVENT,1WSN4,,,,001042
"RICHARDS INDUSTRIALS, INC.",1WUF0,,,,104997
"HEXAGON MANUFACTURING INTELLIGENCE, INC.",1WUK4,,,,109193
"KEY SAFETY RESTRAINT SYSTEMS, INC.",1WVN7,,,,112346
BREED SAFETY RESTRAINT SYSTEMS INC,1WVZ0,,,,008212
UNITED REFRIGERATION INC,1WWV3,,,,006527
TRIPLE E SCREW PRODUCTS,1WY49,,,,112297
"SPRINGER CONTROLS COMPANY, INC.",1WYC9,,,,105517
KAWASAKI CONSTRUCTION MACHINERY CORP OF AMERICA,1X0C7,,,,109685
TDG ACQUISITION CO LLC,1X0E0,,,,113148
"VOLVO CONSTRUCTION EQUIPMENT NORTH AMERICA, LLC",1X0J7,,,,104267
"ALTA ROBBINS, INC. DBA ALTA ROBBINS INC",1X438,,,,000906
SAAB BARRACUDA LLC,1X5J9,,,,100078
EMERSON AUTOMATION SOLUTIONS FINAL CONTROL US LP DBA MARINE PRODUCT TEAM DIV MARINE PRODUCT TEAM,1X5W8,,,,003384
POMONA ENTERPRISES,1X6R3,,,,003197
MEYER HYDRAULICS CORPORATION,1X747,,,,104690
"FIBERSOURCE, INC.",1X7T7,,,,001270
"SYSTEMS EXPERIENCE INTERNATIONAL, CORP DBA SEI DIV PROJECT MGMT, ENTERPRISE ARCHITECTURE, IT SERVICES, STAFFING",1XFC0,,,,003197
PURE WATER SERVICES,1XHD7,,,,102383
"JOHN R. FREUNDSCHUH, INC. DBA BOBCAT OF BUFFALO",1XHJ7,,,,108026
CYTEC ENGINEERED MATERIALS INC. DIV D'AIR,1XNT8,,,,107932
AI-TEK INSTRUMENTS LLC DBA AI-TEK INSTRUMENTS LLC,1XP56,,,,103193
KOEHLER-BRIGHT STAR LLC,1XRW6,,,,001138
"MECS, INC. DIV ELESSENT CLEAN TECHNOLOGIES",1XSR7,,,,111618
"FCT TECHNOLOGIES, INC.",1XT78,,,,107823
VEE MODEL MANAGEMENT CONSULTING INC. DBA VEE MODEL DIV EXECUTIVE OFFICE,1XTF3,,,,111347
STAMPRITE MACHINE COMPANY INC. DBA STAMPRITE MACHINE CO,1XUA0,,,,112867
DUFF-NORTON CO INC SUB OF SPRECKLES INDUSTRIES INC,1Y029,,,,102503
"NATIONAL PRODUCTS, INC. DBA N P I",1Y041,,,,105708
COOPER ELECTRONIC TECHNOLOGIES,1Y0K8,,,,005974
SAFETY KNIFE COMPANY LLC,1Y0R7,,,,113131
D & D MACHINERY & SALES INC,1Y128,,,,100078
"AAR SUPPLY CHAIN, INC DBA AAR DEFENSE SYSTEMS & LOGISTICS",1Y249,,,,103491
SUNTEC INDUSTRIES INC DEL DBA SUNTEC,1Y370,,,,000470
GDT INC,1Y3P4,,,,108122
ATKINS CHRISTOPHER AND ASSOCIATES INC,1Y449,,,,102937
"WESTERN INDUSTRIAL MACHINING, INC. DBA WESTERN INDUSTRIAL MACHINING INC",1Y638,,,,113683
TBM PRINCETON PRECISION GROUP LLC,1Y686,,,,100078
"STANDARD VALVE AND FILTER, INC",1Y6D4,,,,104539
INGERSOLL-RAND COMPANY DBA INGERSOLL-RAND,1Y7G8,,,,105668
"SOUTHERN AUTOMOTIVE WHOLESALERS, INC",1Y875,,,,103801
SENEX CORPORATION,1Y8D1,,,,104517
"ONBOARD SYSTEMS INTERNATIONAL, LLC",1Y921,,,,107668
TC LIFE SAFETY INC,1Y9T1,,,,113423
"MOYER & ASSOCIATES, INC",1YBJ4,,,,109964
"ARC-ZONE.COM, INC. DBA ARC ZONE",1YBU7,,,,109354
"NTS TECHNICAL SYSTEMS, LLC DBA ELEMENT U.S. SPACE & DEFENSE DIV NTS TECHNICAL SYSTEMS",1YEH6,,,,102622
ABB INC. DIV U.S. RESEARCH CENTER,1YF18,,,,003310
"GTA CONTAINERS, LLC",1YFX5,,,,107473
"CAREY MANUFACTURING CO, INC DIV AMATOM ELECTRONIC HARDWARE",1YGB8,,,,006580
ITT FLUID TECHNOLOGY CORPORATION DBA I T T CONOFLOW,1YHA8,,,,100996
"JLG INDUSTRIES, INC.",1YHH8,,,,100078
"MOTOR COMPONENTS, LLC",1YHR9,,,,104099
3M COMPANY DBA 3M DIV AEROSPACE AND AIRCRAFT MAINTENANCE DEPARTMENT,1YJL6,,,,105909
"VANTAGE VEHICLE INTERNATIONAL, INC",1YKW5,,,,108403
"PINNACLE CENTRAL COMPANY, INC. DIV PINNACLE CENTRAL CO.",1YPK9,,,,112241
"PENTAIR WATER TREATMENT (OH) COMPANY DBA PENTAIR WATER DIV CODELINE, STRUCTURAL, ADVANCED STRUCTURES",1YQY0,,,,103340
JESSUP MANUFACTURING COMPANY,1YYH3,,,,000621
"GREEN LEAF, INC.",1Z024,,,,107454
JOHN G PAPAILIAS CO INC DBA J G PAPAILIAS,1Z740,,,,008610
"G. R. MANUFACTURING, INC. DBA GR MANUFACTURING INC",1ZCD7,,,,002120
TORO COMPANY (THE) DIV COMMERCIAL,1ZCN0,,,,108214
TDK CORPORATION OF AMERICA,1ZFM7,,,,002538
JOHNSON CONTROLS INC DBA JOHNSON CONTROLS,1ZJA6,,,,008129
"CERATECH, INC.",1ZJZ4,,,,105855
FREUND CONTAINER DIV DIV BERLIN PACKAGING LLC,20005,,,,106923
WARD LEONARD CT LLC,20019,,,,101153
"GARDNER DENVER THOMAS, INC. DBA THOMAS PRODUCTS DIVISION",20024,,,,001243
STRYTEN ENERGY LLC DBA STRYTEN MANUFACTURING,20038,,,,002123
THE ELECTRIC TACHOMETER CORP.,20049,,,,006852
TITAN WHEEL CORPORATION OF ILLINOIS,20076,,,,008041
HATCO CORP,20087,,,,102201
FRC ELECTRICAL INDUSTRIES INC,20093,,,,008613
INTRUPA MFG CO,20149,,,,001907
LAMINATED MATERIALS CORP,20200,,,,008084
,,,,,002771
"LEATHERTONE, INC.",20212,,,,104261
PURE AIRE CORPORATION,20225,,,,108375
"HENLEY MARINE, INC",20227,,,,008294
ELKAY MANUFACTURING COMPANY DBA ELKAY SALES INC,20247,,,,005978
MKT GEOTECHNICAL SYSTEMS,20263,,,,001656
"ELKHART BRASS MANUFACTURING COMPANY, LLC DIV ELKHART BRASS MANUFACTURING COMPANY",20266,,,,000936
PETTIBONE/TRAVERSE LIFT L.L.C.,20417,,,,003035
"DRS SUSTAINMENT SYSTEMS, INC. USE CAGE CODE 98255 FOR CATALOGING",20418,,,,100128
SPARTECH LLC,20434,,,,002776
"POWELL ELECTRONICS, INC.",20441,,,,002784
DISSTON,20455,,,,001433
ENCO MFG CO,20528,,,,008050
THE ENTWISTLE COMPANY LLC,20722,,,,007388
L-3 COMMUNICATIONS CORPORATION DBA GLOBAL NETWORK SOLUTIONS DIV AYDIN COMMUNICATIONS DIVISION,20747,,,,008599
SPECTRONICS CORPORATION,20772,,,,008710
DAYCO PRODUCTS LLC,20796,,,,103065
WILTRON CO,20944,,,,003446
ESSEX BRASS CORPORATION,20969,,,,001409
LGS TECHNOLOGIES LP,20982,,,,101487
ARROW SAFETY DEVICE CO,20984,,,,002040
3M CO ADMININISTRATIVE ELECTRONIC & COMMUNICATIONS,20999,,,,001089
SPARTON ENGINEERED PRODUCTS INC FLORA GROUP,21003,,,,002304
"MORGAN ADVANCED CERAMICS, INC.",21004,,,,112345
METREX VALVE CORP. DBA METREX VALVE CORP,21013,,,,006827
HIGH ENERGY CORP.,21052,,,,006655
TELEDYNE INSTRUMENTS INC DIV TELEDYNE ANALYTICAL INSTRUMENTS,21070,,,,005996
"EVANS TEMPCON MICHIGAN, LLC",21102,,,,103043
HENKEL US OPERATIONS CORPORATION DIV HENKEL ELECTRONIC MATERIALS,21109,,,,002253
EVINRUDE MOTORS PRODUCT GROUP OF OUTBOARD MARINE CORP,21119,,,,104480
"CORNELL-CARR CO., INC.",21204,,,,100709
MCCLAIN INTERNATIONAL INC,21214,,,,109776
DIONEX CORPORATION,21248,,,,104616
ILLINOIS TOOL WORKS INC. DIV ITW CHEMTRONICS,21267,,,,002538
EDWARDS VACUUM LLC,21268,,,,002331
EDSYN INC,21325,,,,103292
TIMKEN CO DIV THE TIMKEN COMPANY,21335,,,,006997
LTA/D-CEMCO INC DBA D-CEMCO,21355,,,,100688
BLUE TEE CORP. DBA GEFCO,21363,,,,002583
TRANSDIGM INC DIV ADELWIGGINS GROUP,21392,,,,004061
RICHARDS INDUSTRIES VALVE GROUP JORDAN VALVE DIV,21476,,,,100996
PYRO-CHEM INC DIV OF BAKER INDUSTRIES INC SUB OF BORG-WARNER CORP,21481,,,,112668
"BELCO INDUSTRIES, INC. DBA BELCO INDUSTRIES INC DIV FAMCO MACHINE DIVISION",21482,,,,005899
SPENCER INDUSTRIES INC,21530,,,,003865
SCHILLINGER J L CO,21536,,,,100230
"GENERAL DYNAMICS OTS (AEROSPACE), INC. DIV SEATTLE  OPERATIONS",21562,,,,008683
SENDURE PRODUCTS INC,21563,,,,100230
FARR CO,21585,,,,110249
"RARITAN ENGINEERING COMPANY, INC.",21593,,,,110813
MADISON COMPANY,21603,,,,007307
OTTO ENGINEERING INC,21649,,,,002081
FKI INDUSTRIES INC DBA FAULTLESS CASTER DIVISION,21672,,,,008832
WRAP-ON CO INC,21739,,,,104128
ASTRONICS TEST SYSTEMS INC,21793,,,,003722
BARFIELD INC,21844,,,,110238
"SOLITRON DEVICES, INC.",21845,,,,007004
"NASCO AIRCRAFT BRAKE, INC. DBA NASCO AIRCRAFT BRAKE INC DIV NASCO",21849,,,,003266
"HBD INDUSTRIES, INC DIV HBD/THERMOID INC",21868,,,,000041
NORTHROP GRUMMAN SYSTEMS CORPORATION,21877,,,,100441
CARBONARA LABS INC,21913,,,,008741
ZELENDA MACHINE AND TOOLS CORP,21969,,,,007086
SL INDUSTRIES INC,22012,,,,003066
TIGHITCO INC.,22013,,,,101153
AIR-WAY MANUFACTURING COMPANY,22031,,,,008245
ANTHONY D S AND SONS INC,22051,,,,002940
HB PERFORMANCE SYSTEMS,22075,,,,106350
AMERICAN LOCK COMPANY DBA AMERICAN LOCK,22107,,,,006635
SOUTHWIRE CO,22123,,,,105521
HARCO MANUFACTURING COMPANY DIV HARCO MANUFACTURING COMPANY INC,22165,,,,105889
RICHARDS INDUSTRIES VALVE GROUP BIRKETT/RICHARDS DIV,22167,,,,104997
"J & M PRODUCTS, INC",22175,,,,006130
BANDY MANUFACTURING LLC,22176,,,,003329
MUTUAL SCREW MACHINE AND MFG CO,22214,,,,112266
SOLITRON DEVICES INC SEMICONDUCTOR GROUP SAN DIEGO OPNS,22229,,,,007004
BEY ELECTRIC CORP,22237,,,,104155
TERRY HINGE AND HARDWARE CO,22261,,,,104858
BELL-MEMPHIS INC,22277,,,,104753
NELSON INDUSTRIES INC UNIVERSAL SILENCER DIV,22313,,,,105444
HONEYWELL INTERNATIONAL INC. DBA HONEYWELL AEROSPACE DIV AEROSPACE-OLATHE,22373,,,,008128
FISCHER AND PORTER CO,22375,,,,006008
PLANTRONICS INC.,22447,,,,101377
HOWELL LABORATORIES INC DBA HOWELL LABORATORIES INC,22501,,,,002940
FISHER CONTROLS CO INC,22508,,,,103193
DATA DELAY DEVICES,22519,,,,101265
INSTRUMENTS AND FLIGHT RESEARCH INC.,22525,,,,007140
"FCI USA LLC DBA FCI CONNECTORS, INC",22526,,,,106172
FISHER SCIENTIFIC COMPANY L.L.C. DBA FISHER SCIENTIFIC,22527,,,,008793
"COVENTRY MANUFACTURING COMPANY, INC. DBA COVENTRY MANUFACTURING CO INC",22540,,,,002946
"COAST/ADVANCED CHIP MAGNETICS, INC.",22558,,,,101236
ATAP INC,22638,,,,102797
"BOEING DISTRIBUTION, INC.",22819,,,,002033
FOLEY-BELSAW COMPANY,22831,,,,103791
"SCOTT INDUSTRIAL SYSTEMS, INC",22841,,,,102255
JOYCE TELECTRONICS CORP,22861,,,,006167
KAVLICO CORPORATION DIV KAVLICO AEROSPACE LVDT/RVDT/FT,22863,,,,006173
FMC CORP,22888,,,,105343
GILSON CO INC,22898,,,,111193
MASTER DYNAMICS CORP,22921,,,,006041
FCG INC,22928,,,,104688
MAR-OIL HYDRAULICS INC,22936,,,,001487
WICHITA CLUTCH CO INC SUB OF DANA CORP,22968,,,,103534
GLAR-BAN DIV OF MARK IV INDUSTRIES INC,22973,,,,006088
MEASUREMENT SYSTEMS INC,22978,,,,008030
HYKON MANUFACTURING COMPANY,23008,,,,003532
"FORD, M A MANUFACTURING CO INC",23030,,,,001089
"KOEHLER INSTRUMENT COMPANY, INC.",23035,,,,104179
FORD MOTOR CO FORD PARTS AND SERVICE DIV GOVERNMENT PART SALES,23040,,,,101568
N T N BEARING CORP OF AMERICA,23043,,,,002497
PRODUCT COMPONENTS CORPORATION,23050,,,,006943
OVERHEAD DOOR CORP INDIANA DIV,23060,,,,000484
PRECISION MULTIPLE CONTROLS INC. DBA RAMSEY BUILDING SUPPLY DIV RAMSEY BUILDING SUPPLY,23138,,,,007930
LINDGREN RF ENCLOSURES INC ELMAG DIV,23160,,,,100036
HAMMEL DAHL INC,23168,,,,000066
DELTECH ENGINEERING LP,23185,,,,109888
KELCH CORP,23224,,,,005006
AMEC FOSTER WHEELER NORTH AMERICA CORP. DBA FOSTER WHEELER,23230,,,,109778
JAY-EM AEROSPACE CORPORATION,23233,,,,103078
"SECS, INC. DBA SECS INC",23266,,,,006875
"CUSTOM ELECTRONICS, INC. DBA CUSTOM ELECTRONICS INC",23280,,,,100890
AVALON MACHINE PRODUCTS INC,23294,,,,100943
PROTEKAIR,23324,,,,103505
"PRC - DESOTO INTERNATIONAL, INC. DIV ASC-PHILADELPHIA",23354,,,,102049
ALVIN AND CO INC,23366,,,,006098
FWD SEAGRAVE HOLDINGS LP,23382,,,,100078
THALES DEFENSE & SECURITY INC DBA THALES USA DEFENSE AND SECURITY INC,23386,,,,006620
FOXBORO CO THE GOVERNMENT MARKET DEVELOPMENT DEPT,23439,,,,102673
FRANKLIN ELECTRIC CO INC,23452,,,,001717
PALMER INSTRUMENTS INC. DBA PALMER INSTRUMENTS INC,23471,,,,100242
ELECTRONIC HARDWARE CORP DBA ELECTRONIC HARDWARE CORP,23480,,,,006803
DYNCORP DBA USE CAGE CODE 03543 FOR CATALOGING DIV NORTH AMERICAN PUBLIC SECTOR,23495,,,,007308
NEILL AIRCRAFT CO. DBA NEILL AIRCRAFT CO,23518,,,,008614
AIR-KONTROL FILTER MFG CO INC,23536,,,,107175
NIAGARA PLASTICS L.L.C.,23540,,,,003074
ROSS ENGINEERING CORPORATION DBA ROSS ENGINEERING CORP,23598,,,,109251
"HYDRO-CRAFT, INC.",23619,,,,000129
"SHAKESPEARE COMPANY, LLC DIV MILITARY ELECTRONICS",23657,,,,107699
JOSLYN PRODUCTS,23663,,,,101124
RUTHMAN PUMP AND ENGINEERING INC DBA FULFLO SPECIALTIES CO DIV FULFLO SPECIALTIES CO.,23724,,,,108216
"LIFT-ALL COMPANY, INC",23755,,,,107476
REVERE TRANSDUCERS INC,23796,,,,104556
BIDORO MFG CO PO BOX 103 HUNTINGTON STA NY  11746,23798,,,,100078
"SUPERIOR COMPANIES, INC. DBA SUPCO",23808,,,,102788
CANTEX INC DBA CANTEX OF DELAWARE,23823,,,,001042
SIEMENS ENERGY AND AUTOMATION INC SIEMENS FURNAS CONTROLS DIV,23826,,,,002959
ELLIOTT MACHINE WORKS INC,23834,,,,100078
SPACE SPRING AND STAMPING CO.,23882,,,,100133
PANELOC CORP THE,23893,,,,007320
L-3 COMMUNICATIONS WESTWOOD CORPORATION DBA EDI DIVISION DIV TANO DIVISION,23905,,,,004176
IDEAL SPECIALTY INC.,23910,,,,007940
RAMSEY WINCH CO,23911,,,,100305
KOMATSU AMERICA INTL CO,23926,,,,001049
THE CAPTOR CORPORATION,23939,,,,101218
"GALLAND HENNING NOPAK, INC. DBA GHN",23952,,,,006997
MATHESON GAS PRODUCTS DIV OF WILL ROSS INC,23972,,,,008507
RESEARCH PRODUCTS / BLANKENSHIP CORPORATION,23989,,,,109191
HIGH VOLTAGE ENGINEERING CORP ELECTRONIZED CHEMICALS CO DIV,24011,,,,002698
"TELEDYNE DEFENSE ELECTRONICS, LLC DBA TELEDYNE MICROWAVE SOLUTIONS",24022,,,,106369
VARO LLC,24039,,,,006018
GAST MFG CORP,24123,,,,109781
GATES CORPORATION,24161,,,,103335
INDUSTRIAL CONTROLS DISTRIBUTORS LLC,24188,,,,101216
"GOWANDA HOLDINGS, LLC DIV GOWANDA ELECTRONICS CORP.",24226,,,,005030
AUSTIN-WESTRAN LLC,24234,,,,001804
LIFETIME INDUSTRIES INC,24247,,,,103448
ALLIED PRECISION PRODUCTS INC,24249,,,,100696
POMONA ELECTRONICS CO,24253,,,,002538
RUSSELL INDUSTRIES INC,24324,,,,101954
"L3 TECHNOLOGIES, INC. DIV L3HARRIS EDO WESTERN CORPORATION",24338,,,,007199
"LDI INDUSTRIES, INC. DBA LDI INDUSTRIES INC",24346,,,,101077
NEER MFG CO INC,24381,,,,100148
ITT ENIDINE INC. DBA ITT ENIDINE INC,24403,,,,001243
HAWKER SIDDELEY DIESELS ANDELECTRICS LTD,24439,,,,008215
GENERAL ELECTRIC COMPANY,24446,,,,002959
GENERAL ELECTRIC CO MEDICAL SYSTEMS DIV,24456,,,,003791
GENERAL ELECTRIC CO WIRE AND CABLE BUSINESS DEPT,24457,,,,003459
CAES MISSION SYSTEMS LLC,24469,,,,003472
HUMPHREY PRODUCTS CO,24522,,,,107766
AGILENT TECHNOLOGIES INC. DIV SEMICONDUCTOR PRODUCTS GROUP BUSINESS CENTER,24539,,,,101385
DALE ELECTRONICS INC A VISHAY INTERTECHOLOGY INC CO P O BOX 74 NORFOLK NE68702-0074,24546,,,,003962
INDUSTRIAL MACHINE MFG CO INC,24550,,,,105200
"GENERAL MACHINE PRODUCTS COMPANY, INC. DBA GMP",24551,,,,007296
RAYTHEON CO ESD LONG ISLAND DIV,24587,,,,006609
NORTECH SYSTEMS INC DIV NORTECH SYSTEMS - AEROSPACE SYSTEMS DIVISION,24600,,,,103367
GENERAL MOTORS CORP,24617,,,,000469
OAKLEAF INC DBA DYNAGE POWER AND MAGNETICS DIVISION,24622,,,,006848
GENRAD INC,24655,,,,006737
GENERAL REGULATOR CORP. DBA ACCUDRIV,24658,,,,008282
JONAL LABORATORIES INC,24664,,,,008002
MEMCOR INC,24681,,,,006488
STANDEX INTL CORP DBA GENERAL SLICING RED GOAT DISPOSERS,24684,,,,008254
OPAMP LABS INC,24699,,,,109902
QED INC DBA QED INC,24708,,,,101153
SEACON BRANTNER & ASSOCIATES DBA SEACON GIANNINI,24727,,,,108396
GODDARD VALVE CORP,24770,,,,006547
REOTEMP INSTRUMENT CORPORATION,24793,,,,103172
ESC TECHNOLOGIES INC,24805,,,,008551
"ROSEMOUNT ANALYTICAL, INC. DIV PROCESS ANALYTICAL DIVISION",24821,,,,008604
BLACHFORD H L INC,24825,,,,002471
WHITE CONSOLIDATED INDUSTRIES INC WCI REFRIGERATOR DIV,24826,,,,001013
"AIRGAS USA, LLC DIV NORTH DIVISION",24839,,,,108702
BOWLES FLUIDICS CORPORATION,24866,,,,100078
"DVCC, LLC",24869,,,,000025
HAROLD D HARD CO,24871,,,,006721
PENGO CORPORATION,24873,,,,003225
GILBARCO INC. DBA GILBARCO INC,24902,,,,001753
SPECIALTY CONNECTOR CO INC,24931,,,,008067
UNITED TECHNOLOGIES CORP ELECTRO SYSTEMS INC,24956,,,,000324
"JO KING INC DIV J.O. KING, INCORPORATED",24973,,,,003089
PRESTOLITE ELECTRIC INC,24975,,,,104135
DANFOSS INC,24976,,,,000078
HYDRAFLOW,24984,,,,106054
"VIANNEY INDUSTRIES, LLC DBA MIDLAND METAL MANUFACTURING COMPANY",24994,,,,006493
"BECKLIN HOLDINGS, INC.",24995,,,,111428
MARK BODY TRUCK AND EQUIPMENT INC,25022,,,,006565
NOEL-SMYSER ENGINEERING CORPORATION DBA NOEL SMYSER ENGINEERING CORP,25039,,,,103394
SIEMENS CORP,25088,,,,002604
CASCADE GASKET & MANUFACTURING CO INC,25099,,,,108495
HI-TEMP INSULATION INC DBA HI-TEMP INSULATION INC DIV NA,25167,,,,008056
PLASTIC MOLDING CORP,25182,,,,003379
PARKER HANNIFIN CORPORATION DIV O-RING DIVISION,25184,,,,003696
ADMIRAL FILTER COMPANY LLC,25204,,,,110043
"MOLDED DEVICES, INC. DBA MDI DIV MOLDED DEVICES",25205,,,,103244
MAGNETEK INC INDUSTRIAL CONTROLS GROUP DIV DBA MAGNETEK,25230,,,,100637
JOHNSON CONTROLS INC DIV JOHNSON CONTROLS,25244,,,,008129
RIDER PLASTICS INC,25268,,,,100858
"OETIKER, INC",25281,,,,107378
DENT MANUFACTURING INC,25291,,,,002664
"COOPER CROUSE-HINDS, LLC DBA GENERAL CONNECTOR",25330,,,,102145
RALMARK CO,25337,,,,105097
SPX CORPORATION DBA O T C TOOL & EQUIP DIVISION DIV SPX CORP - KENT-MOORE/OTC DIVISONS,25341,,,,002902
"ES BETA, INC DBA BETATRONIX DIV BETATRONIX",25413,,,,006758
GOODRICH CORPORATION,25472,,,,006688
HOLT BROS,25496,,,,008470
METERMASTER INC,25497,,,,101090
LOCKHEED MARTIN CORPORATION DBA LOCKHEED MARTIN DIV ROTARY AND MISSION SYSTEMS,25500,,,,002033
NORTHERN LINE MACHINE DIV OF COMMENCEMENT INTL CORP,25511,,,,100301
"CONTINENTAL DISC CORPORATION, LLC",25515,,,,105652
"PARKER-HANNIFIN CORP DIV CYLINDER DIVISION, CUSTOM CYLINDER OPERATIONS",25561,,,,000097
THE GORMAN-RUPP COMPANY DIV GORMAN-RUPP,25567,,,,101044
ENTWISTLE CO THE KENETT HYDRAULIC SYSTEMS DIV,25573,,,,007388
"L3HARRIS AVIATION PRODUCTS, INC",25583,,,,008038
R H PRODUCTS INC,25592,,,,109783
EXPANDED RUBBER & PLASTICS CORP. DBA EXPANDED RUBBER & PLASTICS,25598,,,,101609
BUNN-O-MATIC CORPORATION DIV GOVERNMENT SALES,25628,,,,003732
DBP  MICROWAVE INC. DBA DBP MICROWAVE INC.,25656,,,,101227
"ITT GOULDS PUMPS, INC.",25681,,,,002636
MEGGITT SAFETY SYSTEMS INC,25693,,,,101592
DABURN WIRE & CABLE CORP,25706,,,,008724
VERMILLION INCORPORATED DIV VERMILLION INC,25714,,,,110688
"BOSCH SECURITY SYSTEMS, LLC",25734,,,,109853
H-P PRODUCTS INC,25735,,,,107462
HUBBELL INCORPORATED DIV HUBBELL LIGHTING,25759,,,,000031
SIERRA TECHNOLOGIES INC GARDEN CITY DIV,25778,,,,007244
Y T AND A INC,25788,,,,107351
"W.W. GRAINGER, INC. DIV GOVERNMENT SALES DIVISION",25795,,,,000621
TRANSICOIL LLC DBA ADS TRANSICOIL USE CAGE CODE 82686 FOR CATALOGING DIV TRANSICOIL,25805,,,,100078
"TRI-TECH ELECTRONICS, INC.",25857,,,,100353
"L. D. REDMER SCREW PRODUCTS, INC. DBA SGM PRECISION",25865,,,,113191
"ANDPAK, INC. DIV ZIP-CHEM PRODUCTS",25873,,,,105909
SCRAPPER RINGS CO DIV OF ROBERTS TOOL CO,25942,,,,008074
ACME ENGINEERING AND MFG CO,25961,,,,103450
GRACO INC.,25980,,,,000045
GRAYMILLS CORPORATION,26023,,,,109401
SAF INDUSTRIES LLC DBA SAF INDUSTRIES LLC DIV GARKENYON,26044,,,,004162
PARKER-HANNIFIN CORP DIV FLUID SYSTEMS DIVISION,26055,,,,004097
ELECTRORACK PRODUCTS COMPANY DBA ELECTRORACK,26073,,,,109644
COOPER ATKINS,26075,,,,101768
"AAR ALLEN SERVICES, INC DBA AAR COMPONENT SERVICES WELLINGTON",26101,,,,113531
GGB LLC,26124,,,,002497
KEARFLEX ENGINEERING COMPANY,26136,,,,104445
STEMCO INC SUB OF COLTEC INDUSTRIES INC,26151,,,,000759
ROTA FILE CORPORATION DBA ROTA TOOL,26190,,,,007014
JCORPS DBA LASHUNDRA CRAIG,26232,,,,102507
NYLOK LLC,26233,,,,007200
"J.E. MILLER, INC.",26236,,,,105212
ROGERS FOAM CORPORATION DBA ROGERS FOAM AUTOMOTIVE CORP,26253,,,,101595
MERSEN USA BAY CITY-MI LLC,26260,,,,106694
CAMLOCK-FLANGE SALES CORP,26266,,,,100078
UNITED ROTARY BRUSH CORPORATION DBA UNITED ROTARY BRUSH CORP,26275,,,,113110
LITTON SYSTEMS INC DATA SYSTEMS DIV,26294,,,,100943
GREENE TWEED AND CO ADVANTEC DIV,26303,,,,003104
PARKER-HANNIFIN CORPORATION DIV HYDRAULIC ACCUMULATOR DIVISION,26337,,,,102279
NEW HAVEN MFG CORP,26344,,,,006580
INTERNATIONAL PAINT LLC DBA INTERLUX DIVISION OF COURTAULDS COATINGS DIV MARINE AND PROTECTIVE COATINGS,26351,,,,109592
INSTRUMENTATION & CONTROL SYSTEMS INC DBA I C S DIV EPAC,26393,,,,005950
LUMEX INC,26402,,,,003197
"REGAL BELOIT AMERICA, INC",26405,,,,111402
"GROBET FILE COMPANY OF AMERICA, INC. DBA WILLIAM DIXON",26462,,,,008311
DOVER CORP GROEN DIV,26465,,,,008254
GROVER PRODUCTS CO,26501,,,,104772
GRUENBERG OVEN COMPANY,26507,,,,109049
NORTHROP GRUMMAN SYSTEMS CORPORATION DIV MISSION SYSTEMS,26512,,,,101765
R.S. CORCORAN CO.,26541,,,,100382
WEMS ELECTRONICS TRANSFORMER GROUP,26543,,,,008500
AEROQUIP CORP TRANSPORTATION PRODUCTS DIV LAWRENCE PLANT,26622,,,,003201
"MANITOWOC COMPANY, INC., THE DIV MANITOWOC CRANE GROUP",26641,,,,102201
H-B INSTRUMENT CO,26659,,,,007030
"TELEDYNE BROWN ENGINEERING, INC. DBA TELEDYNE ADVANCED ELECTRONIC SOLUTIONS DIV TELEDYNE ADVANCED ELECTRONIC SOLUTIONS",26687,,,,100100
"LOAD KING, LLC DIV LOAD KING",26697,,,,104590
SPRAGUE PALM BEACH INC A VISHAY/SPRAGUE CO,26769,,,,002538
"WEGO PRECISION MACHINE, INC.",26772,,,,100272
"BEAM'S INDUSTRIES, INC. DBA BEAM'S SEATBELTS DIV BEAM'S INDUSTRIES",26786,,,,100405
TYCO ELECTRONICS CORP,26805,,,,002737
AMERICAN ZETTLER INC,26806,,,,003775
FISHER CONTROLS CO INC,26819,,,,103193
"INDUSTRIAL TUBE CO LLC DBA INDUSTRIAL TUBE CO LLC DIV INDUSTRIAL TUBE COMPANY, LLC",26831,,,,100165
COMPAC ENGINEERING INC,26851,,,,008567
"TELEDYNE INSTRUMENTS, INC. DBA TELEDYNE BENTHOS DIV TELEDYNE BENTHOS",26858,,,,004165
ALL-STATES INC.,26863,,,,101626
"CORONADO MANUFACTURING, INC.",26879,,,,007321
LOUIS M. GERSON CO INC DBA LOUIS M GERSON CO INC DIV SAFETY / MEDICAL,26895,,,,108142
THE HAMILTON CASTER & MFG. COMPANY,26935,,,,006279
"MULE LIGHTING, INC.",26947,,,,111792
BOSCH REXROTH CORPORATION DIV INDUSTRIAL HYDRAULICS,27005,,,,101007
NATIONAL SEMICONDUCTOR CORPORATION,27014,,,,002538
"DCP SPRING ACQUISITION COMPANY, INC. DBA NEW ENGLAND SPRING DIV NEW ENGLAND SPRING",27068,,,,007365
UNITED ELECTRIC MOTOR CO INC,27074,,,,008680
"TROXLER ELECTRONIC LABORATORIES, INC.",27098,,,,110837
HANNA CORP,27125,,,,105128
MARMON-HERRINGTON COMPANY,27188,,,,112888
DRS NAVAL POWER SYSTEMS INC DBA LEONARDO DRS NAVAL POWER SYSTEMS,27192,,,,003324
EATON CORP AEROSPACE/COMMERCIAL CONTROLS DIV,27193,,,,003324
METERMASTER INC METERMOD DIV,27197,,,,101090
"OCEAN PRODUCTS RESEARCH, INC. DBA OCEAN PRODUCTS RESEARCH",27232,,,,102034
BRISTOL INDUSTRIES LLC,27238,,,,102992
MOLEX INCORPORATED DBA USE CAGE CODE 1UX99 FOR CATALOGING DIV MOLEX CONNECTOR CORPORATION,27264,,,,008410
"ELECTRONIC DEVELOPMENT LABORATORIES, INC. DBA ELECTRONIC DEVELOPMENT LABORATORIES INC DIV NA",27281,,,,102032
3M COMPANY DIV BUILDING & COMMERCIAL SERVICES DIV,27293,,,,102226
"CRANE ELECTRONICS, INC. DBA STC MICROWAVE SYSTEMS DIV SIGNAL TECHNOLOGY CORPORATION",27338,,,,003021
POLYPLASTEX INTL INC,27350,,,,110406
HARRINGTON HOISTS INC,27353,,,,100322
BURKE PRODUCTS INC,27361,,,,100283
LINCOLN ELECTRIC CO THE HARRIS CALORIFIC DIV,27372,,,,000109
VIATRAN CORPORATION DIV VIATRAN CORP,27385,,,,008714
TENNECO INC. DBA TENNECO DIV THE PULLMAN COMPANY,27387,,,,003548
HARBOUR INDUSTRIES LLC,27478,,,,101804
"STAFFALL, INC. DBA STAFFALL INC",27494,,,,008176
CONTROL PRODUCTS CORPORATION DBA CONTROL PRODUCTS CORP,27520,,,,007041
"TRANSAERO, INC.",27541,,,,004162
HARTWELL BROS,27553,,,,003085
NOLATO JABAR LLC,27565,,,,109427
J F C ELECTRONICS INC,27594,,,,100069
JONARD INDUSTRIES CORPORATION DBA JONARD TOOLS,27596,,,,110298
TAYLOR MACHINE WORKS INC,27618,,,,000485
SPS TECHNOLOGIES LLC DBA PB FASTENERS DIV PB FASTENERS,27624,,,,100238
ALORIS TOOL CO INC,27641,,,,103726
WARN INDUSTRIES INC,27647,,,,100167
"ACUITY SPECIALTY PRODUCTS, INC DBA ZEP SALES & SERVICE",27674,,,,107787
GREER STOP NUT INC.,27687,,,,103118
HAUCK MANUFACTURING COMPANY,27695,,,,002127
CARBORUNDUM CO THE BONDED ABRASIVES DIV,27710,,,,104533
CARBORUNDUM CO THE COATED ABRASIVES DIV,27713,,,,104533
CARBORUNDUM CO THE TECHNOLOGY DIV,27724,,,,104533
HAWS CORPORATION,27775,,,,005978
"L3 TECHNOLOGIES, INC. DBA INSIGHT TECHNOLOGY DIVISION DIV INSIGHT TECHNOLOGY DIVISION",27777,,,,006018
SCHRADER-BRIDGEPORT INTERNATIONAL INC DBA SCHRADER AUTOMOTIVE,27783,,,,100136
"NAMEPLATE MANUFACTURERS OF AMERICA, INC.",27796,,,,005988
THE WISE COMPANY LLC DIV THE WISE CO,27797,,,,002284
UNITED INDUSTRIAL CORP,27809,,,,004088
EATON AEROSPACE LLC ED AND C DIV,27878,,,,103115
UNITED STATES PLASTIC CORP,27901,,,,100391
"J. W. HARRIS CO., INC.",27911,,,,000109
GENERAL DYNAMICS INFORMATION SYSTEMS INC. DBA GENERAL DYNAMICS ADVANCED INFORMATION SYSTEMS,27963,,,,003588
949 NATIONAL CORP,27966,,,,006162
PANAMETRICS LLC,27970,,,,102647
HEIL ENVIRONMENTAL INDUSTRIES,27996,,,,106039
"SYPRIS ELECTRONICS, LLC DIV SYPRIS ELECTRONICS, LLC - COLORADO FIELD SERVICES",28009,,,,003825
FLUORAMICS INC,28017,,,,110800
HEIN WERNER CORP,28047,,,,104118
"SHALLCO, INC",28057,,,,008749
ASHCROFT INC,28066,,,,103143
"MALLORY INDUSTRIES, INCORPORATED DBA MALLORY INDUSTRIES INC",28069,,,,003197
"DEARBORN/CDT, INC.",28105,,,,103559
LO-MAR CORPORATION,28116,,,,100264
HELWIG CARBON PRODUCTS INC,28118,,,,006847
"HME, INC. DBA HME AHRENS-FOX",28158,,,,001183
PASLODE CORP DIV OF SIGNODE CORP,28168,,,,006901
ALPHA METALS INC,28175,,,,103478
"HENRY TECHNOLOGIES, INC.",28193,,,,006669
POSITRONIC INDUSTRIES INC DIV AMPHENOL MILITARY AEROSPACE OPERATIONS,28198,,,,002784
"L3 TECHNOLOGIES, INC. DIV L3 HENSCHEL",28199,,,,006780
KESSLER-ELLIS PRODUCTS CO,28222,,,,105803
NATIONAL REFRIGERATION & AIR CONDITIONING PRODUCTS INC DBA CONTINENTAL REFRIGERATOR,28233,,,,002863
WASCOMAT OF AMERICA DIV OF BERMIL INDUSTRIES CORP,28260,,,,006871
QUALITY TRANSFORMER CORP,28262,,,,100078
HERCULES ENGINE CO INC,28265,,,,001173
US2C HOLDINGS LLC DBA BAY SWISS MANUFACTURING DIV MAIN,28271,,,,102559
FASCO INDUSTRIES INC,28274,,,,003424
REDINGTON COUNTERS INC,28292,,,,111402
STARRETT L S THE CO STARRETT GRANITE SURFACE PLATE DIV,28318,,,,004008
SNAP ON TOOLS CORP SERVICE REPAIR CENTER,28356,,,,103310
SPECTRON INC,28375,,,,007408
COXWELLS INC DBA COXREELS,28381,,,,001108
"R.E. DARLING CO., INC.",28445,,,,008774
DELTROL CORP DELTROL CONTROLS DIV,28478,,,,003197
HEWLETT-PACKARD COMPANY DBA HP,28480,,,,003220
WEST AMERICAN RUBBER CO EXTRUDE PRODUCTS DIV,28486,,,,008555
"RACO, A DIVISION OF HUBBELL INCORPORATED(DELAWARE)",28488,,,,003225
SWISS CONTROLS INC,28501,,,,100178
SPIROL INTL CORP,28505,,,,008350
"GENERAL AVIATION INDUSTRIES, INC. DBA GENERAL AVIATION INDUSTRIES INC",28510,,,,103215
HEYL AND PATTERSON INC,28512,,,,000793
HEYCO INC DBA HEYCO PRODUCTS,28520,,,,002484
"L3HARRIS TECHNOLOGIES, INC.",28527,,,,006605
ITT INDUSTRIES INC ITT AEROSPACE COMMUNICATIONS DIV EAST,28528,,,,007001
BRUSH RESEARCH MANUFACTURING CO INC,28532,,,,109323
NORLAKE MANUFACTURING CO,28535,,,,102409
FABRICATION SPECIALTY INC DBA FABRICATION SPECIALTY INC,28548,,,,008308
RAMCO MANUFACTURING CO INC,28591,,,,112578
SMITH A O WATER PRODUCTS CO DIV OF A O SMITH CORP,28611,,,,006711
BANNER ENGINEERING CORP.,28642,,,,112092
THYSSENKRUPP ROTHE ERDE USA INC.,28666,,,,002379
"HILL-ROM, INC.",28713,,,,112390
THE HILLIARD CORP,28718,,,,101514
AUSTIN ATHLETIC EQUIPMENT CORP,28728,,,,101514
FLOWSERVE US INC. DIV FLOWSERVE COOKEVILLE VALVE OPERATION,28740,,,,100027
WACKER CORP,28792,,,,103893
SEALED UNIT PARTS CO INC,28795,,,,100975
GENERAC CORP,28813,,,,106181
"THE SOUNDCOAT COMPANY, INC. DBA SOUNDCOAT CO",28818,,,,107442
GIGA-TRONICS INC POWER MEASUREMENT DIV,28821,,,,004134
HOBART BROS CO,28835,,,,000109
TELEDYNE INDUSTRIES INC TELEDYNE POWER SYSTEMS DIV,28839,,,,102910
TELEX COMMUNICATIONS INC SUB OF TELEX CORP,28856,,,,112645
ITW FOOD EQUIPMENT GROUP LLC DBA HOBART SERVICE,28873,,,,106446
"TSS TECHNOLOGIES, INC. DBA TSS MEDICAL",28884,,,,103716
ELPAC ELECTRONICS INC ELPAC POWER SYSTEMS DIV,28905,,,,002538
LUMAX INDUSTRIES INC,28932,,,,007934
RIX INDUSTRIES,28953,,,,006573
TRUFLEX RUBBER PRODUCTS CO DBA PANG RUBBER COMPANY,28954,,,,008580
"CIRCOR INSTRUMENTATION TECHNOLOGIES, INC. DBA HOKE GYROLOK",28968,,,,000066
"DAICO INDUSTRIES, INC. DBA DAICO INDUSTRIES INC",28983,,,,100963
AMPHENOL CORPORATION DBA AMPHENOL NEXUS TECHNOLOGIES,28986,,,,100527
K-D LAMP CO VEHICLES PRODUCTS DIV,29008,,,,101084
"TECHNOLOGY DYNAMICS, INC. DBA MID-EASTERN INDUSTRIES DIVISION DIV NOVA ELECTRIC A DIVISION OF TECHNOLOGY DYNAMICS, INC.",29019,,,,110246
WOODARD ELECTRIC INC,29056,,,,008768
LINDGREN RF ENCLOSURES INC LECTROMAGNETICS DIV,29098,,,,100036
VALENITE INC,29125,,,,004008
KURT J LESKER CO,29145,,,,112310
"SCREWMATIC, INC.",29165,,,,102025
MACK BORING & PARTS CO,29186,,,,008372
MICROFLECT CO. INC. DBA VALMONT/MICROFLECT,29189,,,,104554
OLYMPUS SCIENTIFIC SOLUTIONS TECHNOLOGIES INC.,29192,,,,006944
"JENNY PRODUCTS, INC",29215,,,,109085
M-D PNEUMATICS INC,29236,,,,108373
PRINCE MANUFACTURING CORPORATION,29260,,,,102708
"ADVANCE MFG.CO., INC.",29293,,,,112381
PROMPT MACHINE CO INC,29312,,,,002502
HOWMET GLOBAL FASTENING SYSTEMS INC. DIV TRIDAIR PRODUCTS,29372,,,,003137
"GICHNER SYSTEMS GROUP, INC. DIV C5ISR DIVISION",29381,,,,001755
MOBIL CHEMICAL CO CHEMICAL COATINGS DIV DIV OF MOBIL OIL CORP,29430,,,,108723
C&H DISTRIBUTORS LLC DBA USE CAGE CODE 04718 FOR CATALOGING,29438,,,,006085
"W. M. BERG, INC.",29440,,,,007119
"JOHANSON DIELECTRICS, INC",29454,,,,108995
"TITAN SPRING, INC. DBA TITAN SPRING AND WIRE PRODUCTS",29465,,,,102444
HOSSFELD MFG CO,29481,,,,112062
KOMATSU AMERICAN INTL CO,29510,,,,001049
HYTRONICS CORP.,29525,,,,100760
AMERICAN BOA INC,29573,,,,008750
THE FOXBORO COMPANY DBA FOXBORO ENVIRONMENTAL,29581,,,,007908
PHI,29688,,,,109406
EXXON MOBIL CORPORATION DBA EXXONMOBIL FUELS MARKETING COMPANY DIV EXXONMOBIL FUELS MARKETING COMPANY,29700,,,,004141
"HUNT VALVE COMPANY, INC.",29709,,,,001927
SIMPLEX ACCESS CONTROLS CORP,29722,,,,000727
"THERMODYNE INTERNATIONAL, LTD",29724,,,,100828
"GARDNER DENVER WATER JETTING SYSTEMS, INC. DIV ENGINEERED PACKAGE GROUP",29731,,,,006082
HUNTER FAN COMPANY DBA KENROY INTERNATIONAL,29766,,,,006162
DELTROL CORP,29771,,,,000075
"MAG AEROSPACE INDUSTRIES, LLC DIV SAFRAN CABINS",29780,,,,008056
CBT TECHNOLOGY INC,29822,,,,104623
"RAY-CHECK MANUFACTURING, INC.",29884,,,,006220
JET SPRAY CORP,29897,,,,005883
"OMEGA ENGINEERING, INC.",29907,,,,006945
ALLIED DEVICES CORP DBA ABSOLUTE PRECISION CO,29964,,,,003094
"ARVAN, INC. DBA AEROSPACE DIVISION",29965,,,,103576
MECHANICAL EQUIPMENT SALE INC,29968,,,,002656
CALEX MFG CO INC,29988,,,,005944
"ENVISION INDUSTRIES, INC.",2A178,,,,110562
"KEMCO TOOL AND MACHINE CO, INC DBA KEMCO AEROSPACE MANUFACTURING CO",2A532,,,,108209
JOHNSON CONTROLS INC,2A868,,,,103311
DURACELL INC,2A917,,,,003197
ALLIED INTERNATIONAL CORPORATION DIV ALLIED INTERNATIONAL CORP,2A981,,,,003839
"OSHKOSH TRUCK, FL. DIV.",2AA56,,,,004176
"WESCO DISTRIBUTION, INC. DIV DAYTON OH",2B094,,,,005974
A S A P ELECTRONICS INC,2B200,,,,008035
"PEI/GENESIS, INC. DIV PEI US",2B395,,,,005980
RAYTHEON SERVICE CO LOGISTICS SUPPORT CENTER,2B487,,,,006609
THE SMITH GROUP INC,2B613,,,,102134
SPACECRAFT COMPONENTS CORP,2B618,,,,101076
THAL MOR ASSOCIATES INC.,2B648,,,,107255
"DIXIE AIR PARTS SUPPLY, INC.",2B816,,,,102742
ESSNER MANUFACTURING LP,2B834,,,,103846
SEATS CANADA INC,2C110,,,,108957
REINHOLD INDUSTRIES INC DBA REINHOLD INDUSTRIES CORP,2D301,,,,108033
TRUCK-LITE CO INC,2E279,,,,001192
GRAINGER DIV OF W W GRAINGER INC,2E374,,,,000621
"FARGO ASSEMBLY OF PA, INC. DBA DAVID CITY MANUFACTURING",2E480,,,,105805
VIRGINIA DOALL COMPANY DIV DGI SUPPLY,2E496,,,,007087
WABER ELECTRONICS,2F339,,,,003197
HAMMOND ELECTRONICS INC,2F707,,,,003197
AURORA PUMP A UNIT OF GENERAL SIGNAL CORP,2G556,,,,003649
"W B ARNOLD COMPANY, INC.",2H266,,,,001779
UNEX CORP DIV HYTORC DIVISION UNEX CORPORATION,2J479,,,,008116
"SCI TECHNOLOGY, INC",2J622,,,,006846
"MITSUI SEIKI (U.S.A.), INC. DBA MITSUI SEIKI USA INC",2J730,,,,110137
HANSON RIVET & SUPPLY CO,2J754,,,,106562
"AXIS ELECTRONICS, INC.",2J929,,,,101358
MONARCH-MCLAREN LIMITED,2J970,,,,105615
TWECO PRODUCTS INC,2K209,,,,000109
METALLIZED CARBON CORP,2K384,,,,109227
ITT SNYDER,2K891,,,,100274
EMPIRE FASTENERS INC,2L029,,,,102706
STRUTHERS-DUNN INC,2L151,,,,003197
MARION MANUFACTURING CO INC DBA MARION FLUID POWER DIVISION,2L172,,,,101332
FIAT-ALLIS CONSTRUCTION MACHINERY INC CENTRAL PARTS OPERATION,2L453,,,,104267
UNI-GRIP INC,2L480,,,,008357
POWER MODULES INC,2L557,,,,110706
OHMITE MFG CO,2L804,,,,003197
ALLEN AND ALLEN CO,2M168,,,,110141
THE MACK IRON WORKS COMPANY,2M430,,,,109181
GOLD EAGLE CO,2M612,,,,105987
THYSSENKRUPP ROTHE ERDE USA INC,2M712,,,,002379
PENTAIR WATER TREATMENT,2M769,,,,103340
"CUSTOM PRODUCTS, INC.",2M953,,,,108325
DURACELL INC,2N182,,,,002193
"PATTONAIR USA, INC.",2N335,,,,006616
"HYDRAULICS INTERNATIONAL, INC. DBA USE CAGE CODE 56529 FOR CATALOGING",2N386,,,,008473
"SOUND SAFETY PRODUCTS CO., INC.",2N532,,,,109554
"CARLSON COMPANY, THE DBA MISSION JANITORIAL & ABRASIVE SUPPLIES DIV MISSION JANITORIAL AND ABRASIVES",2N691,,,,109596
"L.M. GILL WELDING & MANUFACTURING, L.L.C. DBA LM GILL WELDING & MANUFACTURING LLC",2N865,,,,111631
QUAL-TRON INC,2N899,,,,110076
"BOEING DISTRIBUTION SERVICES X, INC.",2N935,,,,111988
ANCHOR DARLING VALVE CO,2P342,,,,007246
VOGEL LUBRICATION SYSTEMS OF AMERICA INC,2P743,,,,101692
LEMO USA INC,2P953,,,,105237
IMPERIAL SUPPLY COMPANY INC,2P981,,,,105325
AMERICAN MOBILE POWER CORP,2R206,,,,106802
FLEXBAR MACHINE CORP,2R260,,,,104682
GCS SERVICE INC,2R641,,,,105584
"HAWAII CHEMICAL COMPANY, LIMITED DIV HAWAII CHEMICAL & SCIENTIFIC",2R846,,,,110589
LENTERN INTL INC,2S109,,,,103657
DIGI-KEY CORP,2S894,,,,100639
WEOT PRECISION INDUSTRIES INC,2T401,,,,006282
"MORTON GRINDING, INC DBA MORTON MANUFACTURING",2T498,,,,102952
GITS BROS MFG CO,2T731,,,,005018
"MERCEDES-BENZ USA, LLC",2T773,,,,111856
BLAIR INDUSTRIES INC,2U518,,,,105903
NU-ART GRAPHICS INC,2U910,,,,104602
MYERS INDUSTRIES INC DIV CORPORATE,2U930,,,,001980
NORTON CO INDUSTRIAL CERAMICS DIV,2U971,,,,000824
"AIR INSTRO, INC. DBA AIR INSTRO INC",2V191,,,,008431
"FLAME ENTERPRISES, INC. DBA FLAME ENTERPRISES INC",2V320,,,,005909
"ONTARIO KNIFE COMPANY, THE DBA ONTARIO KNIFE COMPANY",2V376,,,,111331
MCMASTER-CARR SUPPLY COMPANY,2V507,,,,000621
INTERPHASE CORPORATION,2V643,,,,107120
SABRE ENGINES LTD,2V905,,,,105420
"S & B, INC. DBA W G HENSCHEN",2W268,,,,008771
WILTEC INDUSTRIES INC.,2W448,,,,100078
ENGINEERED PRODUCTS CO DIV PDU CABLES,2W569,,,,008301
SHIM IT MANUFACTURING CORP,2W710,,,,008247
BELDEN WIRE AND CABLE CO WIRE AND CABLE OFFICE,2W733,,,,002538
CEJN INDUSTRIAL CORPORATION,2W883,,,,003890
THE CUBBISON COMPANY,2X077,,,,105357
SPRECHER AND SCHUH INC S AND S CONTROL DIV,2X175,,,,109917
"LOMBARDINI U.S.A., INC",2X179,,,,001173
"INSPIRNETICS, INC",2X974,,,,103802
B & H FOTO & ELECTRONICS CORP. DBA B & H FOTO & ELECTRONIC CORP,2Y053,,,,107105
NOYO INVESTMENT CO INC DBA HOLMES FRED C LUMBER CO,2Y164,,,,105343
WIELAND ENGINEERING & MANUFACTURING INC.,2Y173,,,,003197
DAMAR INDUSTRIES INC,2Y439,,,,104072
"LINK-BELT CRANES, L.P., LLLP",2Y614,,,,105343
"ENGINEERED CONTROLS INTERNATIONAL, LLC",2Y894,,,,101448
NORTHERN TOOL & EQUIPMENT COMPANY INC,2Z432,,,,104749
"HYSPAN PRECISION PRODUCTS, INC. DBA HYSPAN PRECISION PRODUCTS INC",30009,,,,003028
SIMPSON CO INC,30015,,,,005974
MYRON L COMPANY DBA MYRON L CO,30053,,,,105158
DELTA POWER HYDRAULIC CO,30058,,,,000463
"HYSTER-YALE GROUP, INC.",30076,,,,002024
"L3HARRIS MARITIME POWER & ENERGY SOLUTIONS, INC. DBA SPD ELECTRICAL SYSTEMS, INC.",30086,,,,003021
"FREDERICK COWAN & COMPANY, INC.",30169,,,,104913
"COMPONENT ENTERPRISES COMPANY, INC.",30194,,,,103621
MERCER PRODUCTS & MANUFACTURING COMPANY DBA MERCER PRODUCTS & MANUFACTURING CO DIV MERCER PRODUCTS & MANUFACTURING,30205,,,,100557
GENERAL ELECTRIC CO ARMAMENT AND ELECTRICAL SYSTEMS DEPT ELECTRICAL SYSTEMS PRODUCTS DEPT,30221,,,,008164
VERNITRON CORP VERNITRON CONTROLS DIV,30223,,,,003425
CURT MANUFACTURING LLC,30226,,,,006868
THERMO NESLAB INC.,30234,,,,108213
AVTECHTYEE INC DBA AVTECH,30242,,,,006221
"FINISH THOMPSON, INC.",30255,,,,104871
"PIMA VALVE, LLC",30263,,,,002081
"DRAF INDUSTRIES, INC",30282,,,,007281
FLEXIBLE TECHNOLOGIES INC,30299,,,,008092
ILLINOIS TOOL WORKS INC,30323,,,,100225
IMPERIAL,30327,,,,001505
CONCURRENT COMPUTER CORPORATION,30331,,,,008465
IMPERIAL ELECTRIC CO,30335,,,,101528
AJ OCONNOR LADDER CO DIV AJOCONNOR METAL FABRICATORS,30356,,,,100078
L-TEC WELDING AND CUTTING SYSTEMS,30367,,,,000109
ILCO UNICAN CORP DBA WOLF SALES,30399,,,,006635
"ASSOCIATED SPRING US, LLC DIV MILWAUKEE",30408,,,,006009
"DCX-CHOL ENTERPRISES, INC. DBA ELECSYS DIVISION OF DCX-CHOL DIV ELECSYS",30463,,,,003439
GENERAL ELECTRIC CO LARGE STEAM TURBINE-GENERATOR DEPT,30464,,,,101458
MELLISH & MURRAY CO. DBA AERO FLASH SIGNAL DIV AEROFLASH SIGNAL,30467,,,,002033
AMERICAN HOFMANN CORP,30471,,,,103530
QUALIFIED AIR COMPONENTS INC.,30485,,,,006553
TECHNICAL CONTROLS INC.,304V5,,,,110308
LBM PRODUCTS,30541,,,,103629
"KLEIN PRODUCTS, INC. DBA KLEIN PRODUCTS INC",30568,,,,102461
"OWEN'S FASTENERS, INC.",305Q5,,,,109815
ALLIS-CHALMERS CORP INDUSTRIAL TRUCK DIV,30612,,,,109455
SNOWBIRD INDUSTRIES INC,30617,,,,100902
BESWICK ENGINEERING CO INC,30634,,,,100533
INTRONICS POWER INC. DBA INTRONICS INC,30635,,,,100078
MOON AMERICAN INC,30659,,,,004034
REGIONAL EXTENSION FORESTRY OFFICE,306E9,,,,104267
"ESSEX PRODUCTS GROUP, INC. DBA INDUSTRIAL TIMER COMPANY",30703,,,,100749
LENCO DBA NLC INC ELECTRONIS DIV,30733,,,,002597
PARKER-HANNIFIN CORPORATION DBA MOBILE CLIMATE SYSTEMS DIVISION DIV MOBILE CLIMATE SYSTEMS DIVISION,30756,,,,000097
INGERSOLL RAND CO,30760,,,,105668
PARKER-HANNIFIN CORPORATION DIV TUBE FITTINGS DIVISION,30780,,,,001230
INSINGER MACHINE CO,30793,,,,008608
KROBACH MFG. CORP. DBA KROBACH MANUFACTURING CORP,30828,,,,100420
ORANGE RESEARCH INC,30839,,,,003604
"JAECO FLUID SYSTEMS, INC DBA JAECO-STEWART",30863,,,,103469
REPUBLIC MACHINERY CO INC DBA REPUBLIC LAGUN MACHINE TOOL CO,30870,,,,110497
MICRON INDUSTRIES CORP,30882,,,,101409
ELECTRIC FUEL BATTERY CORPORATION DBA EFB,308Z9,,,,111330
ANDERSON METALS CORP INC,30924,,,,101963
"EAST/WEST INDUSTRIES, INC.",30941,,,,106776
SNAP-TITE HOSE INC. DBA NATIONAL FIRE HOSE DIVISION,30951,,,,001358
"AEROFIT, LLC",30974,,,,006070
PARATECH INC,30978,,,,006977
CBB SEAL CO,30982,,,,103930
THERMO ELECTRON CORPORATION DBA IEC CENTRIFUGE DIV LABORATORY EQUIPMENT DIVSION,30988,,,,108213
"AMPHENOL CABLE AND INTERCONNECT TECHNOLOGIES, INC.",30990,,,,005979
"INFINITE ELECTRONICS INTERNATIONAL, INC",30992,,,,001270
"SUNBURST ELECTRONIC MANUFACTURING SOLUTIONS, INC. DBA SUNBURST ELECTRONIC MANUFACTURING SOLUTIONS INC DIV SUNBURST EMS",30VE5,,,,003197
ARCTIC INDUSTRIES INC,30VU3,,,,112384
NAVISTAR INTERNATIONAL CORPORATION DBA NAVISTAR,31007,,,,001192
"ENGINE DISTRIBUTORS, INC.",31013,,,,003826
C M P CORPORATION,31042,,,,006543
DUTCH VALLEY SUPPLY CO.,31068,,,,101153
KIRK-HABICHT CO INC,31089,,,,104028
"MILLIPART, INC.",31095,,,,000912
JBAR A/C INC,310G3,,,,102702
INTERMATIC INCORPORATED DIV INTERMATIC INC.,31117,,,,001042
DATUM INC BANCOMM-TIMING DIV,31160,,,,006845
MOTOROLA AUTOMOTIVE ELECTRONICS,31211,,,,002955
"AMI INDUSTRIES, INC DIV UTC AEROSPACE SYSTEMS",31218,,,,109928
"TEREX USA, LLC",31245,,,,005023
ANCRA INTERNATIONAL LLC,31272,,,,003416
SEMITRONICS CORP,31338,,,,008250
LEE CO THE J B T DIV,31356,,,,006850
"WOODWARD, INC. DBA INDUSTRIAL PRODUCTS GROUP DIV INDUSTRIAL PRODUCTS GROUP",31361,,,,006654
"PARKER-HANNIFIN CORPORATION DBA RACOR DIV DIV RACOR DIVISION, HYDROCARBON FILTRATION",31381,,,,100385
SANTA FE TEXTILES INC,31415,,,,105698
ITT JABSCO PRODUCTS,31425,,,,004126
LUCAS AEROSPACE POWER EQUIPMENT CORPORATION,31435,,,,006531
AMERICAN SAFETY FLIGHT SYSTEMS INC,31441,,,,004162
PROTOLAB,31447,,,,100078
ELECTRO ADAPTER INC,31461,,,,002675
TEMPO PRODUCTS CO,31493,,,,006119
"AMERICAN WELDING SOCIETY, INC.",31505,,,,102573
LANNEX LTD,31509,,,,000897
BUHL INDUSTRIES INC,31535,,,,103295
"L3HARRIS TECHNOLOGIES, INC. DBA HARRIS CORPORATION",31550,,,,102343
NATEL ENGINEERING COMPANY INC DBA POWERCUBE DIV POWERCUBE,31557,,,,003753
"ANAREN, INC. DIV ANAREN MICROWAVE INC",31597,,,,008304
FASTENAIR CORP,31610,,,,110716
REVERE PRODUCTS CO,31622,,,,110922
ALINABAL HOLDINGS CORPORATION DIV ENGINEERED PRODUCTS GROUP,31633,,,,103796
OVERTON CHICAGO GEAR CORPORATION,31634,,,,102860
GOODRICH CORPORATION DBA PART OF COLLINS AEROSPACE A,31645,,,,111846
RIG-A-LITE CO INC,31655,,,,001042
PICO ELECTRONICS INC,31669,,,,007173
JAMISON DOOR COMPANY,31670,,,,109231
PUROLATOR PRODUCTS CO DIV OF AIR FILTRATION CO,31695,,,,006175
"DUPONT SPECIALTY PRODUCTS USA, LLC",31708,,,,112430
BONDHUS CORP,31734,,,,103090
MICROPAC INDUSTRIES INC,31757,,,,007322
JARVIS CORP,31786,,,,102649
EATON CORPORATION,31795,,,,109340
"DOMS, INCORPORATED DIV DOMS INCORPORATED",31844,,,,100232
CAMIE CAMPBELL INCORPORATED,31868,,,,006485
STRUTHERS-DUNN SYSTEMS DIV,31889,,,,003197
VSE CORPORATION,31902,,,,008154
TODD COMBUSTION INC,31923,,,,008775
COLE INSTRUMENT CORP. DBA COLE INSTRUMENTS,31946,,,,003941
ARGO INTL CORP,31962,,,,002976
"KERN STEEL FABRICATION, INC. DBA KERN STEEL FABRICATION INC",31AY6,,,,110351
"J.W.F. TECHNOLOGIES, LLC",31KK8,,,,103130
"AMERICAN DEFENSE SYSTEMS, INC. DBA ADSI",31UG4,,,,100078
GENERAL COMBUSTION CORP SUB OF GENCOR INDUSTRIES INC,32060,,,,111984
"MARVIN ENGINEERING CO, INC",32067,,,,103097
CONNECTOR INDUSTRIES OF AMERICA INC DIV OF MICRODOT CONNECTOR GROUP,32076,,,,008297
BOSE CORP,32108,,,,105463
"HYDRASEARCH COMPANY, LLC",32142,,,,003969
EASTMAN KODAK CO COMMERCIAL & GOVERNMENT SYSTEMS,32153,,,,005924
"SWEEPSTER ATTACHMENTS, LLC",32157,,,,103163
"JOHNSON MANUFACTURING COMPANY, INC",32166,,,,108933
CROMPTON MODUTEC INC,32171,,,,101177
CDI INDUSTRIES INC,32186,,,,100745
OUTBOARD MARINE CORP JOHNSON MOTORS DIV,32195,,,,001398
THERMAL ENGINEERING CO A DIV OF SEA KAY CO INC,32207,,,,100078
GAMMON TECHNICAL PRODUCTS INC,32218,,,,001199
"JOHNSON CONTROLS, INC DIV BUILDING EFFICIENCY",32242,,,,003428
DATRON SYSTEMS INC,32255,,,,103714
DUAL MACHINE CORPORATION DBA DUAL MACHINE CORP,32320,,,,003861
ABB CONTROL INC,32353,,,,102993
ASCO POWER TECHNOLOGIESDIV OF EMERSON ELECTRIC CANADA LTD,32379,,,,111593
HONEYWELL INC MICRO SWITCH DIV,32388,,,,007344
PLATO PRODUCTS INC,32399,,,,004043
JB INDUSTRIES INC,32402,,,,106640
PARK DISTRIBUTORS INC. DBA UNIVERSAL RELAYS,32430,,,,007406
"CORNUCOPIA TOOL & PLASTICS, INC.",32440,,,,002252
JONES INSTRUMENT CORP,32480,,,,106224
"UUSI, LLC DBA NARTRON",32498,,,,003995
"WELLS TECHNOLOGY, INC.",324A9,,,,108759
GETINGE USA INC,32510,,,,108848
JOY GLOBAL UNDERGROUND MINING LLC,32537,,,,005902
BIVAR INC,32559,,,,003197
THE BOEING COMPANY DIV LEGACY CORINTH BGRC,32562,,,,103169
VELONEX,32570,,,,008174
JUSTRITE MFG CO,32572,,,,111921
ELECTRICAL INSTRUMENT SERVICE INC DBA ELECTRICAL INSTRMNT SVCE,32590,,,,103790
"MONACO ENTERPRISES, INC. DBA MONACO ENTERPRISES INC",32609,,,,007349
MOUNTZ D G ASSOCIATES INC,32652,,,,101408
ABEX CORP AMSCO DIV,32667,,,,002836
ABB INC. DBA A B B ANALYTICAL PRODUCTS,32669,,,,108207
KASON HARDWARE A DIV OF KASON INC,32761,,,,103204
BAYER CORP AGRICULTURE DIV,32766,,,,102219
KATO ENGINEERING INC.,32770,,,,006811
LASMER INDUSTRIES INC,32783,,,,100551
KAYDON CORPORATION,32828,,,,002497
"SHIPS MACHINERY INTERNATIONAL, INC. DBA SHIPS MACHINERY INTERNATIONAL INC",32862,,,,109749
O. C. KECKLEY COMPANY,32869,,,,002129
BS&B SAFETY SYSTEMS LLC,32874,,,,000453
"LUMINESCENT SYSTEMS, INC. DBA LSI DIV LSI-NH",32890,,,,008640
MALWIN ELECTRONICS CORP. DBA MALWIN ELECTRONICS CORP,32908,,,,109492
KEENEY MFG CO,32911,,,,109926
RELIABLE METAL PRODUCTS INC,32931,,,,105989
PEABODY INTL CORP PEABODY GALION DIV,32946,,,,004106
ATLAS COPCO BEREMA INC,32982,,,,006292
BOURNS INC,32997,,,,002936
HONEYWELL HARDWARE PRODUCT GROUP HPG TRADING SERVICES DIV HARDWARE PRODUCT GROUP,329Z4,,,,113146
PANEL COMPONENTS & SYSTEMS INC,32AV2,,,,107931
ATLANTIC SIGNAL LLC,32CW5,,,,110834
MILLER INDUSTRIES TOWING EQUIPMENT INC,32MY9,,,,108588
E V O INTERNATIONAL GROUP INC,32YG0,,,,104731
"MARVEL MANUFACTURING COMPANY, INC.",32YN6,,,,109131
NIDEC MOTOR CORPORATION DBA U.S. MOTORS,32ZH9,,,,002959
LOGIMETRICS INC,33013,,,,100143
"CRANE ELECTRONICS, INC DIV SIGNAL TECHNOLOGY CORPORATION",33025,,,,003021
"NATIONAL MAGNETICS GROUP, INC. DBA FERRONICS DIV FERRONICS, INC.",33062,,,,110275
NEWTON INSTRUMENT COMPANY DBA NEWTON INSTRUMENT CO,33066,,,,006033
MENDA SCIENTIFIC PRODUCTS INC,33092,,,,104209
SPECTRUM CONTROL INC,33095,,,,003043
KELSEY-HAYES CO WHEEL DRUM AND BRAKE DIV,33116,,,,004104
"LBC AQUISITIONS LLC DBA LEE BRASS DIV LEE BRASS FOUNDRY, LLC",33152,,,,005925
E N M COMPANY (INC) (DEL) DBA E N M DIGITAL COUNTERS,33203,,,,102351
KENNEDY VALVE DIV OF ITT GRINNELL VALVE CO INC,33216,,,,008439
EPOXY TECHNOLOGY INC DBA EPOXY TECHNOLOGY INC,33246,,,,109775
SATCON ELECTRONICS CUSTOM HYBRID PRODUCTS DIV,33256,,,,003309
"RANTEC MICROWAVE SYSTEMS, INC",33258,,,,105193
"AIRCRAFT WHEEL AND BRAKE, LLC",33269,,,,002033
BOSCH AUTOMOTIVE SERVICE SOLUTIONS INC.,33287,,,,109330
HOFFER FLOW CONTROLS INC DBA HOFFER FLOW CONTROLS INC,33321,,,,100321
GETRONICS GOVERNMENT SOLUTIONS LLC,33322,,,,006030
KENWORTH TRUCK CO A DIV OF PACCAR INC,33323,,,,104874
KEROTEST MANUFACTURING CORP.,33334,,,,008305
KETT TOOL COMPANY (INC),33353,,,,007944
L-3 COMMUNICATIONS CORPORATION DBA TELEMETRY EAST,33356,,,,008102
ROBERTSHAW CONTROLS CO UNI-LINE DIV,33371,,,,102981
GREENLEE TEXTRON,333V3,,,,005974
A. O. SMITH CORPORATION,33409,,,,005978
"STONE CONSTRUCTION EQUIPMENT, INC.",33413,,,,108214
"BETA ENGINEERING, INC. DBA BETA ENGINEERING INC",33436,,,,008560
CARBORUNDUM CO THE ELECTRICAL PRODUCTS DIV ADVANCED MATERIALS PLANT,33437,,,,104533
SECO SEALS INC,33447,,,,001591
CUMMINS FILTRATION INC DBA FLEETGUARD DIV CUMMINS INC,33457,,,,104118
"PRC-DESOTO INTERNATIONAL, INC. DIV (DBA PPG AEROSPACE, DEFT)",33461,,,,102049
TELEGENIX INC DBA TELEGENIX,33476,,,,111236
KIDDE INC WALTER KIDDE DIV,33525,,,,100519
WHITESIDE MFG CO INC,33535,,,,105488
TESCOM CORP INSTRUMENT DIV,33538,,,,105367
NEWCOMER PRODUCTS INC,33556,,,,000793
"KIENE DIESEL ACCESSORIES, INC. DBA CONTINENTAL CUTOFF MACHINE",33559,,,,100352
"HENKEL US OPERATIONS CORPORATION DBA HENKEL-MANCO, INC",33564,,,,107932
AEROPANEL CORPORATION,33583,,,,103354
KIMBERLY-CLARK CORPORATION,33591,,,,108702
QUICK CABLE CORPORATION,33609,,,,101404
THE KINDT COLLINS CO,33629,,,,104428
SYQWEST LLC,33642,,,,101570
HOWDEN FLUID SYSTEMS,33654,,,,007204
KING ENGINEERING CORPORATION DBA KING-GAGE SYSTEMS,33667,,,,102172
"W AND G MACHINE COMPANY, INCORPORATED",33682,,,,103063
NIAGARA CUTTER INC,33689,,,,110978
"MAKO COMPRESSORS, LLC",33742,,,,001145
TUTHILL CORPORATION DBA TUTHILL VAC & BLOWER SYSTEMS DIV TUTHILL VACUUM SYSTEMS,33781,,,,005881
BR COMMUNICATIONS (INC),33783,,,,100589
"PARRISH ENTERPRISES, LTD. DBA PT COUPLING DIV PT",33813,,,,000124
INTERMEC TECHNOLOGIES CORPORATION DIV INTERMEC,33825,,,,006500
LINDE ADVANCED MATERIAL TECHNOLOGIES INC.,33870,,,,113071
"ARMOR METAL GROUP MADISON, INC. DBA ARMOR METAL FABRICATING",33873,,,,005000
"RAYTHEON E-SYSTEMS, INC",33875,,,,007225
JOHNSON CARBIDE PRODUCTS INC,33886,,,,006022
GKN AEROSPACE PRECISION MACHINING INC,33899,,,,003329
TELEFLEX INC ELECTRICAL SYSTEMS DIV,33955,,,,103534
CLARK EQUIPMENT CO DIV DOOSAN INFRACORE PORTABLE POWER,33968,,,,000810
MOTOSOLUTIONS,339S5,,,,105912
"NTE, LLC DBA NOW THAT'S ENTERTAINMENT",33AB0,,,,003197
CIGAINERO ENTERPRISES,33CG6,,,,111047
THE LINCOLN ELECTRIC COMPANY,33CZ2,,,,000109
THERMO KING OF FARGO & ISUZU DIESEL MIDWEST INC DBA ISUZU DIESEL MIDWEST,33JP9,,,,003382
ELCO INC DBA LEDFORD STEEL COMPANY DIV METALS DEPOT INTL.,33ME5,,,,109421
"OUTSOURCE ELECTRONICS MANUFACTURING, INC. DBA OUTSOURCE ELECTRONICS MANUFACTURING INC",33PE8,,,,110836
KOMATSU AMERICA CORP DBA KOMATSU AMERICA CORP,33ZH7,,,,001049
"STANLEY BLACK & DECKER, INC. DBA STANLEY VIDMAR",34004,,,,111670
CONTROL DATA SYSTEMS INC CONTRACTS DEPT,34010,,,,102396
ANALOG DEVICES INC DIV GREENSBORO SITE,34031,,,,100639
AMF INC AMF LOWVILLE OPERATIONS,34067,,,,100861
KITCO LLC,34087,,,,100861
KOEHRING CO,34161,,,,003072
"AEROSPACE SYSTEMS AND COMPONENTS, INC.",34163,,,,105012
INTER-MARKET INC,34165,,,,108154
CROWN ENGINEERING CORP,34181,,,,102027
"MED-ENG, LLC",341K4,,,,111545
VAPONICS INC,34203,,,,102383
SANDSTROM PRODUCTS COMPANY,34227,,,,109109
KORFUND DYNAMICS CORP,34256,,,,102474
CTS CORP IN TEXAS DBA CTS ELECTRONICS CORP BROWNSVILLE DIV,34263,,,,003218
NARCO MACHINE CO INC,34277,,,,109109
"WAVETEK RF PRODUCTS, INC",34280,,,,002761
KRAISSL CO INC THE,34294,,,,007323
L & P MACHINE INCORPORATED,34313,,,,007117
KULITE SEMICONDUCTOR PRODUCTS INC,34345,,,,006598
AREMCO PRODUCTS INC,34363,,,,109913
RENESAS ELECTRONICS AMERICA INC DIV NA,34371,,,,002538
RUCKER FLUID POWER INC,34395,,,,000463
WEIGH-TRONIX INC,34401,,,,008469
CLARKE HESS COMMUNICATION RESEARCH CORP,34423,,,,107248
AMERICAN REELING DEVICES INC.,34466,,,,113546
ANDERSON GREENWOOD AND CO,34494,,,,112098
TUG TECHNOLOGIES CORPORATION,345K3,,,,106201
WINDEN MACHINE,34622,,,,105343
AM GENERAL LLC,34623,,,,105322
NYCOIL CO,34629,,,,002568
INTEL CORP SALES OFFICE,34649,,,,100639
BUNZL PLASTIC INC DBA ALLIANCE PLASTICS,34669,,,,000503
"LAKE SHORE SYSTEMS, INC.",34712,,,,003537
TYEE AIRCRAFT INC DIV TYEE AIRCRAFT,34742,,,,006221
DEK INC,34785,,,,003197
UNITED SHOW CASE CO INC,34820,,,,100078
ROGERSON KRATOS,34830,,,,008056
HARTWELL SPECIAL PRODUCTS,34848,,,,002739
NORTHROP GRUMMAN SYSTEMS CORPORATION,34860,,,,100742
HUNT VALVE COMPANY INC DBA UNION FLONETICS,34889,,,,001927
HF GROUP INC DBA HF GROUP INC,34895,,,,101125
HIAB USA INC,34914,,,,008204
HARRIS J W CO INC HARRIS WELCO DIV,34920,,,,000109
STAR MANUFACTURING INTERNATIONAL INC. DBA LANG MANUFACTURING COMPANY,34931,,,,102201
NATIONAL ELECTRICAL CARBON PRODUCTS INC EAST STROUDSBURG-PA,34990,,,,008438
MILTON ROY LLC DBA MILTON ROY AMERICAS,34XV3,,,,003175
GE AVIATION SYSTEMS LLC,35012,,,,112303
"MAGNUM INTEGRATED TECHNOLOGIES INC. DIV WATERBURY FARREL, HILL ACME, LOMA MACHINE, ANKER-HOLTH",35077,,,,103333
PHILIPS INDUSTRIES INC,35197,,,,101407
VOLVO MOTOR GRADERS LTD,35284,,,,002155
LEACH COMPANY,35318,,,,104592
GE AVIATION SYSTEMS LLC,35351,,,,006007
INTER-CITY PRODUCTS CORP,35447,,,,102937
CAES SYSTEMS LLC,354L2,,,,111884
PRESTOLITE ELECTRIC INC,35510,,,,002056
GREENFIELD WORLD TRADE INC DIV GREENFIELD WORLD TRADE INC D/B/A LEGION INDUSTRIES,35550,,,,103257
PRECISION ELECTRONICS CORPORATION,35627,,,,002997
LEICA GEOSYSTEMS INC.,35643,,,,108581
INTEGRATED DISTRIBUTION SYSTEMSLIMITED PARTNERSHIPDBA WATEROUS POWER SYSTEMS,35683,,,,104353
"LENOX INSTRUMENT CO., INC.",35733,,,,105174
WINTERS INSTRUMENTS,35786,,,,101452
ACD TRIDON INC,35871,,,,001968
HORIZON AEROSPACE LLC DBA MAGNETICS DIVISION,35918,,,,100219
BECLAWAT MANUFACTURING INC.,35950,,,,108977
TUL SAFETY EQUIPMENT LTD,35992,,,,100145
"LIBBY POWER SYSTEMS, LLC",36024,,,,002903
SCHAEFFLER AEROSPACE CANADA INC DIV FAG AEROSPACE,36069,,,,002199
MALLORY INDUSTRIES INC,36169,,,,003197
K & J MAGNETICS INC DBA K&J MAGNETICS,361V8,,,,110055
LINCOLN ELECTRIC HOLDINGS INC,36232,,,,000109
MCNEIL OHIO CORP,36251,,,,104118
INDAL TECHNOLOGIES INC,36334,,,,002852
LIPE CORP,36479,,,,001819
"JOHNSON CONTROLS, INC. DBA JOHNSON CONTROLS INC",364U2,,,,008129
ATLAS POLAR COMPANY LIMITED DIV ATLAS POLAR COMPANY LTD,36513,,,,110274
SIMMONDS PRECISION PRODUCTS INC,36536,,,,103491
LISLE CORP,36540,,,,006249
WOODS T B CANADA LTD,36557,,,,006997
LOCKFORMER CO,36631,,,,104020
FEMATICS CANADA INC,36644,,,,107959
FAIRVIEW FITTINGS AND MFG LTD,36655,,,,000646
WABASH NATIONAL TRAILER CENTERS DIV PITTSBURGH,366L9,,,,102140
WARTSILA CANADA INC,36719,,,,003826
CAPELLO SYSTEMS LTD.,36749,,,,001819
FINISAR CORPORATION,36EB6,,,,105237
"THE SHYFT GROUP USA, INC DBA THE SHYFT GROUP USA, INC",36MV0,,,,105540
THOMAS & BETTS CORP,36ZX0,,,,003197
LUBER-FINER INC SUB OF CHAMPION LABORATORIES INC AFFIL OF UIS INC,37099,,,,001692
"SUNBURST ELECTRONICS, INC.",370S9,,,,003197
LUNKENHEIMER CO,37239,,,,007324
"LYON WORKSPACE PRODUCTS, L.L.C.",37296,,,,109376
GRAPHICO ELECTRONICS GROUPDIV OFFIRAN CORP,37442,,,,008798
TIMBREN INDUSTRIES INCORPORATED,37484,,,,102756
BLUE GIANT EQUIPMENT OF CANADA LTD,37547,,,,106358
IMT PARTNERSHIP DBA IMT DEFENCE,37558,,,,102060
MACLEOD INC,37562,,,,007946
MADISON-KIPP CORP,37619,,,,000463
"ILLINOIS TOOL WORKS, INC. DIV MAGNAFLUX",37676,,,,112416
RAYTHEON COMPANY DIV RIS FORT WAYNE,37695,,,,007265
"BOYCE EQUIPMENT AND PARTS COMPANY, INC. DBA BEPCO DIV BOYCE EQUIPMENT PARTS CO INC",377N4,,,,109768
YOSEMITE INVESTMENT INC DBA NORTH AMERICAN CAPACITOR CO,37942,,,,103972
QUALITY CUSTOM METAL FABRICATION INC,37ET9,,,,112747
NAV-AIDS LTD,38002,,,,109910
ASHCROFT INC,38056,,,,108849
SELLICK EQUIPMENT LIMITED,38144,,,,111036
"REGAL BELOIT AMERICA, INC.",38151,,,,108587
NORDIC SYSTEMS INC,38205,,,,001437
"EQUIPEMENTS STEPHENS INC, LES",38207,,,,106485
TWG CANADA CONSOLIDATED INC,38335,,,,101007
PIVOTAL POWER INC DBA DRS PIVOTAL POWER,38370,,,,109553
MARKET FORGE INDUSTRIES INC,38379,,,,103653
SKF USA INC.,38443,,,,104032
ITT MARLOW A UNIT OF ITT PUMPS AND COMPRESSORS DIV,38455,,,,000045
LIFTKING MANUFACTURING  CORP DBA LIFTKING,38490,,,,112494
DESCO CORP MARSH BELLOFRAM DIV,38508,,,,002921
AEROTECH HERMAN NELSON INTERNATIONAL INC,38529,,,,006248
"MARTIN-DECKER TOTCO, INC DBA M/D TOTCO",38589,,,,111894
KOBELT MANUFACTURING CO. LTD.,38658,,,,101007
DRESSER INDUSTRIES INC MASONEILAN NORTH AMERICAN OPNS DRESSER VALVE AND CONTROLS DIV,38683,,,,104767
HAYES-DANA FILTERS INCKRALINATOR FILTERS DIV,38699,,,,001449
SYSTEMES JOINER INC,38718,,,,100078
MASTER LOCK COMPANY LLC,38797,,,,006635
MOBILE CLIMATE CONTROL INDUSTRIES INC,38832,,,,108855
PROFESSIONAL COMPONENTS LTD DBA SHOCKWAVE SEATS DIV SHOCKWAVE SHOCK MITIGATION SEATING,38965,,,,112605
WOOD-MILLER SAW & KNIFE LIMITED,38982,,,,103055
ALPHA DELTA COMMUNICATIONS,389A5,,,,105770
LANDA PRESSURE WASHERS,38AV9,,,,106385
GUARDIAN ELECTRONICS INC,38EK2,,,,003197
"SPECTRUM BRANDS, INC. DBA APPLICA CONSUMER PRODUCTS",38RX9,,,,103673
"LIFEPORT, INC. DBA LIFEPORT INTERIORS",38UY4,,,,110014
ROLLS-ROYCE MARINE NORTH AMERICA INC.,38ZC7,,,,006568
THERMO SCIENTIFIC PORTABLE ANALYTICAL INSTRUMENTS INC.,392A9,,,,108213
ITT MCDONNELL-MILLER A UNIT OF ITT FLUID HANDLING DIV,39305,,,,002926
MCGILL MANUFACTURING COMPANY INC USE CAGE CODE 92563 FOR CATALOGING.,39317,,,,100785
"MCNAB, INCORPORATED",39425,,,,002840
MCMASTER-CARR SUPPLY CO,39428,,,,000287
BECK-LEE INC,39454,,,,112003
GARDNER SPRING INC,39498,,,,111088
EDISON CO THE,39672,,,,100254
PETTIBONE MERCURY CORP SUB OF PETTIBONE CORP,39728,,,,003035
CROMPTON INSTRUMENTS INC,39732,,,,101451
"SCOTT FETZER COMPANY, THE DBA MERIAM PROCESS TECHNOLOGIES DIV MERIAM INSTRUMENT",39739,,,,006093
WHIPP & BOURNE INC.,39805,,,,106587
METCO INC SUB OF THE PERKIN-ELMER CORP,39918,,,,007049
C & D TECHNOLOGIES INC,39BY5,,,,104275
WESCO PERFORMANCE INC,39CT0,,,,108039
PNY TECHNOLOGIES INC,39PD1,,,,109853
UNITED REMEDIATION TECHNOLOGY LLC,39QM2,,,,106882
"HONEYWELL SAFETY PRODUCTS USA, INC.",39SU9,,,,108702
"L3 TECHNOLOGIES, INC. DBA HARRIS CORP DIV L3 MARITIME SYSTEMS",39SX2,,,,105961
AMERICA FUJIKURA LTD. DIV AFL TELECOMMUNICATIONS LLC,39TW9,,,,110427
PROGRESS RAIL LOCOMOTIVE INC.,39VG9,,,,101552
MCMASTER-CARR SUPPLY CO,3A054,,,,000287
VOGT EDWARD VALVE CO A BRITISH TIRE & RUBBER CO,3A162,,,,100027
"BAILEIGH INDUSTRIAL HOLDINGS, LLC DIV JPW INDUSTRIES HOLDING CORPORATION",3A2H5,,,,110941
"GRAYWACKE, INC",3A2R7,,,,104723
"ALL WEATHER, INC.",3A3G4,,,,104295
SAMSON ROPE TECHNOLOGIES INC,3A3T8,,,,003151
RAYOVAC CORP,3A441,,,,003197
"RUBBER INDUSTRIES, INC. DBA RUBBER INDUSTRIES",3A607,,,,108919
RELIANCE ELECTRIC CO,3A696,,,,006563
PROTOTYPE MACHINE COMPANY DBA RANDOLPH AUSTIN COMPANY DIV RANDOLPH AUSTIN COMPANY,3A7L4,,,,103112
NATIONAL BOLT & NUT CORP DIV NATIONAL BOLT & NUT,3A7Z0,,,,110428
SAMSON ELECTRICAL SUPPLY CO INC,3A946,,,,106321
TRIAD ELECTRONIC TECHNOLOGIES LLC,3A9M5,,,,003197
RACER MACHINERY INTERNATIONAL INC,3AA35,,,,111412
LUMINESCENT SYSTEMS INC,3AA78,,,,008640
WESCAM INC,3AC24,,,,110760
STANDEN'S LIMITED,3AD05,,,,101004
SKYJACK INC,3AF08,,,,109225
TULMAR SAFETY SYSTEMS INC,3AF10,,,,100145
CANADIST 1983 LTDDBA JET TECH SYSTEMS CORP,3AF28,,,,108676
POLTEC INDUSTRIES LTD,3AH51,,,,105387
EMCO WHEATON CORPDBA EMCO WHEATON FLEET FUELING CORP,3AJ00,,,,002910
LIFTALL INC,3AJ34,,,,112513
PACBRAKE COMPANY LTD.,3AK86,,,,106669
CAFRAMO LIMITED,3AN41,,,,109810
QUANTAFLEX CANADA INC,3AP11,,,,112232
CADEX INC DIV IMPACT SYSTEM & DEFENCE SYSTEM,3AP23,,,,112489
AST MICROWAVE DIV ADVANCED SWITCH TECHNOLOGY,3AQ06,,,,109615
THERMOSEALED CASTINGS LTDLOKRINGTECHNOLOGY,3AR98,,,,100664
INDUSTRIAL FILTER MFG LTD,3AS36,,,,108206
CMP GROUP LTD,3AT71,,,,107554
"FLINTHILLS TRADING COMPANY, LLC DBA GL HUYETT",3AXX2,,,,100279
"HAYDEN PRODUCTS, LLC DBA HAYDEN INDUSTRIAL PRODUCTS",3AZE8,,,,000463
NORVELL ELECTRONICS INC,3B088,,,,003239
RAYTHEON COMPANY DBA RAYTHEON CO,3B150,,,,006609
GENERAL ELECTRIC SUPPLY CO DIV OF GENERAL ELECTRIC CO,3B182,,,,003459
ACME STAPLE CO,3B300,,,,112072
VIRCO MFG. CORPORATION,3B472,,,,112634
"H.O. BOSTROM COMPANY, INC. DBA HO BOSTROM CO INC",3B481,,,,001750
GRAINGER INTEGRATED SUPPLY DIV GRAINGER INTEGRATED SUPPLY,3B4A8,,,,000621
DETROIT DIESEL CORPORATION,3B518,,,,001178
MOTION INDUSTRIES DIV COLUMBUS,3B543,,,,102708
GENERAL MACHINE CO,3B552,,,,106624
ESI ACQUISITION CORP DBA JA MOODY,3B558,,,,101400
JANELS INDUSTRIES INC,3B8L1,,,,111642
"BAND-IT-IDEX, INC. DIV BAND-IT IDEX",3BBM2,,,,000006
"UNITRON, LP DBA UNITRON POWER SYSTEMS, LP ; ATLAS MARINE SYSTEMS",3BC99,,,,103417
ELECTRI-CORD MANUFACTURING CO,3BCB8,,,,003197
PRC-DESOTO INTERNATIONAL INC DBA PPG AEROSPACE DIV ASC-MIAMI,3BDJ3,,,,102049
"COORDINATED WIRE ROPE OF SAN DIEGO, INC.",3BFA5,,,,108925
MILLER ELECTRIC MFG. LLC,3BH04,,,,000109
"HYDRALIFT AMCLYDE, INC.",3BH36,,,,005907
"ASHBURY INTERNATIONAL GROUP, INC. DBA ASHBURY PRECISION ORDNANCE MFG USE CAGE CODE 1BQD4 FOR CATALOGING",3BJA5,,,,109065
TRI TANK CORP,3BMB6,,,,006054
FIRSTMARK AEROSPACE CORP,3BMV1,,,,102384
"HENDERSHOT CONSULTING GROUP, INC.",3BR89,,,,103337
LEONHARDT COMPANY INC,3BRK0,,,,111278
PENTAIR FILTRATION INC DBA EVER PURE,3BSP4,,,,110531
"LAWSON PRODUCTS, INC.",3BUS5,,,,108946
CONNECTICUT CLEAN ROOM CORPORATION,3C1X2,,,,110752
FIRST RF CORPORATION DBA FIRST RF CORP,3C245,,,,108471
J-LINE PUMP CO. DBA AMERICAN-MARSH PUMPS,3C2U0,,,,110293
ASCOM (US) INC.,3C854,,,,109698
"INMARSAT GOVERNMENT, INC.",3CD60,,,,106716
SEA SYSTEMS GROUP INC,3CGU9,,,,100078
"HY-LOK USA, INC.",3CJM8,,,,109211
"200 PARK, INC.",3CKS7,,,,107843
SAFRAN POWER USA LLC,3CPE0,,,,113068
BLACOH FLUID CONTROLS INC,3CR80,,,,003175
ONGARO MARINE LTD,3CRY6,,,,104994
"PLAST-O-MATIC VALVES, INCORPORATED",3CTH6,,,,002495
"INDIUM CORPORATION OF AMERICA, THE DBA INDIUM CORPORATION OF AMERICA",3CWK7,,,,111619
AMERICAN SOLENOID CO INC,3D211,,,,101153
"WATKINS & ASSOCIATES, INC.",3D523,,,,110900
DRIVE PRODUCTS INC DBA LOUIS ALLIS DRIVE PRODUCTS,3D5K5,,,,101512
INDEPENDENT HARDWARE INC,3D631,,,,110355
"MERITOR INDUSTRIAL PRODUCTS, LLC",3D6E9,,,,003306
"DOVER FLUID MANAGEMENT, INC. DIV NORRISEAL",3D7F2,,,,101614
CONTINENTAL WESTERN CORPORATION,3D7P5,,,,110662
FASTENAL CO,3D7R5,,,,005018
JEANWOOD INC DBA THERMODYNE,3D8W8,,,,100321
VERTU CORP DBA C-MORE COMPETITION,3DAE5,,,,111791
QUELL CORPORATION,3DAR8,,,,108108
"KIRKHILL INC DIV KIRKHILL INC, HASKON DIVISION",3DBN7,,,,007160
QUADRANT VALVE & ACTUATOR LLC,3DD99,,,,109433
STERLING BUSINESS MACHINES INC,3DES9,,,,111323
SSK MILITARY INDUSTRIES INC,3DLD5,,,,108889
"WISE CO., INC., THE DIV WISE CO., INC",3DLE2,,,,002284
HUGHES SUPPLIED AIR INC,3DQF0,,,,105177
WURTH U.S.A. INC,3DU54,,,,109229
"ADVANCED MEDIA TECHNOLOGIES, INC DBA ADVANCED MEDIA TECHNOLOGIES, INC",3DXZ9,,,,111039
OSRAM SYLVANIA INC.,3E095,,,,002193
"FLOW TEK, INC",3E0R8,,,,111084
"K & L PRECISION PLASTICS INC DIV K & L PRESCISON PLASTICS, INC.",3E613,,,,109748
"PID ANALYZERS, LLC DBA PID ANALYZERS LLC",3E6H9,,,,107883
"SWISSBIT NA, INC.",3EAM8,,,,002538
JD HAMLETT INC. DIV 421800,3EAM9,,,,108491
"SENTINEL CONTROL TECHNOLOGIES, INC.",3ECC6,,,,109982
"KOMATSU FORKLIFT U.S.A., INC",3ECH1,,,,112145
"ASHLEY SLING, LLC",3ECQ5,,,,109341
L-TECHNOLOGIES CORPORATION,3ECX5,,,,111362
ANDERSON EQUIPMENT COMPANY,3EHR8,,,,001049
COMMAND CONTROLS CORP,3EJN2,,,,101007
AMPHENOL CORPORATION DBA AMPHENOL SINE SYSTEMS DIV AMPHENOL SINE SYSTEMS,3ELX2,,,,003197
"MISTY MOUNTAIN THREADWORKS, INC. DBA MISTY MOUNTAIN THREADWORKS INC",3EML2,,,,109190
"SHINE MICRO, INC. DBA SHINE MICRO INC",3EMQ9,,,,109699
GREENLEES FILTER LLC,3ES68,,,,105426
SCAN PACIFIC NORTHWEST LLC,3ESE0,,,,103975
"LKG INDUSTRIES, INC. DBA PHILMORE-CARTERCRAFT",3ESG6,,,,003197
MAGNUM LLC,3ESJ7,,,,106181
"NTE ENTERPRISES, INC",3EUV5,,,,003197
BOLL FILTER CORPORATION,3EXK7,,,,113192
"VAPOR POWER INTERNATIONAL, LLC",3F033,,,,102548
TD SYNNEX CORPORATION DBA SYNNEX INFORMATION TECHNOLOGIES INC,3F1Q4,,,,109853
CHEMPLEX INDUSTRIES INC,3F1Y2,,,,109050
MACNAUGHT USA INC,3F4B7,,,,104054
WEAR-FLEX SLINGS DIV M H S LTD,3F722,,,,111396
JACOBS CHUCK MFG CO,3F776,,,,001089
"BLUE FISH WORX, L.P.",3F8L9,,,,111235
17 MACHINERY LLC,3FEG7,,,,109138
FORE & AFT MARINE,3FHL9,,,,109751
"TAYLOR MADE GROUP HOLDINGS, INC. DBA NELSON A TAYLOR CO DIV TAYLOR MADE GROUP LC",3FJT7,,,,107184
"TAYLOR FREEZER OF NEW ENGLAND, INC DBA TAYLOR OF NEW ENGLAND",3FK90,,,,102540
"INFINITE ELECTRONICS INTERNATIONAL, INC. DBA FAIRVIEW MICROWAVE",3FKR5,,,,109425
"VOLEX, INC. DBA VOLEX POWER CORD PRODUCTS DIV VOLEX INC.",3FLE0,,,,002538
POLARIS SALES INC,3FP69,,,,107778
MANUFACTURING SOLUTIONS INC.,3FSM6,,,,106742
UNITED ELECTRONICS CORPORATION,3FXU2,,,,106252
TRIMARK CORPORATION,3FYZ1,,,,100078
FIAT ALLIS INC WESTATE TRACTOR CO DIV AFFIL OF ALLIS-CHALMERS CORP,3G189,,,,104267
APEM COMPONENTS LLC,3G3K6,,,,002584
"RELIABILITY & PERFORMANCE TECHNOLOGIES, LLC DBA R&P TECHNOLOGIES LLC",3G9B1,,,,110371
ANDREA SYSTEMS LLC,3GET4,,,,108414
"OKAYA ELECTRIC AMERICA, INC",3GFV7,,,,003197
"THE IFH GROUP, INC. DIV IFH GROUP, INC., THE",3GGA7,,,,107859
"FERGUSON ENTERPRISES, INC.",3GJM5,,,,005978
"AMERICAN HONDA MOTOR CO., INC. DIV HONDA MARINE",3GLS3,,,,112849
"AUTOMATION TECHNOLOGY, INC.",3GND7,,,,103678
"INI POWER SYSTEMS, INC. DBA I N I",3GRC8,,,,109597
METAL FORCE INC,3GUD2,,,,110768
W L GORE & ASSOCIATES INC DIV ELECTRONIC PROCUCTS DIVISION,3GW40,,,,102254
"GRAVOTECH, INC. DBA GRAVOTECH INC",3GWT7,,,,006950
MSA INTERNATIONAL,3GXH8,,,,112124
"JOHNSON CRUSHERS INTERNATIONAL, INC. DBA J C I",3GZL4,,,,111250
WINSTON INDUSTRIES LLC DIV WINSTON INDUSTRIES,3H019,,,,109395
M & L MACHINE,3H676,,,,105785
NATIONAL TOOL COMPANY INC,3H744,,,,104579
PARKER-HANNIFIN CORPORATION,3H889,,,,004088
AMPHENOL CORPORATION DBA AMPHENOL SPECTRA-STRIP OPERATIONS,3HBY4,,,,003197
GIBSON & BARNES,3HDN8,,,,108045
EPEC LLC,3HEQ7,,,,112012
MENCOM CORP,3HER7,,,,102523
"ALLEGHENY VALVE & COUPLING, INC. DBA ALLEGHENY COUPLING COMPANY",3HMC9,,,,103243
"SHANE INDUSTRIES, INC.",3HMF5,,,,104618
HECKLER & KOCH DEFENSE INC DBA HKD DIV HECKLER AND KOCH DEFENSE INC,3HN73,,,,106511
FASTENAL COMPANY,3J0G7,,,,005018
FOAMEX LP,3J310,,,,101601
RELIABLE PLATING CORP DIV RELIABLE PLATING CORPORATION,3J417,,,,111969
"TORC TEC CALIBRATIONS, INC",3J738,,,,008116
SAINT PAUL ALUMINUM CASTING INC,3J960,,,,108232
AIR COMPRESSOR PRODUCTS INC DIV SALES DEPT,3J968,,,,109219
DISC-O-BED LP DBA DISC-O-BED LP,3K5G1,,,,112118
MACKAY COMMUNICATIONS INC DBA MACKAY MARINE,3K816,,,,109981
"GENERAC POWER SYSTEMS, INC.",3KDJ8,,,,106181
ABRACON CORPORATION,3KDW2,,,,003197
"HYDRASEARCH CO, INC DBA SPEC SUPPLY",3KKT3,,,,003969
CUBIC DIGITAL INTELLIGENCE INC,3KPJ1,,,,006145
"PARRISH ENTERPRISES, LTD. DBA CENTRAL MACHINE & TOOL COMPANY DIV CENTRAL MACHINE & TOOL COMPANY",3KTQ0,,,,000124
"FPZ, INC.",3KUW3,,,,110699
"FILTER TECHNOLOGY, INC",3KUY8,,,,106482
"PROGRESSIVE HYDRAULICS, INC.",3L123,,,,106703
ALTMAN STAGE LIGHTING CO,3L188,,,,111957
LAMINATED GLASS CORP,3L199,,,,003803
MEARTHANE PRODUCTS CORPORATION,3L279,,,,112104
AXICOM SYSTEMS INC,3L349,,,,003197
EAGLE-PICHER INDUSTRIES INC. EAGLE-PICHER TECHNOLOGIES LLC DIV,3L498,,,,102946
"C. E. MACHINE CO., INC.",3L665,,,,105245
UNIVERSAL TECHNOLOGIES INC. DBA UNIVERSAL TECHNOLOGIES INC,3L775,,,,103283
CAMFIL-FARR INC,3L7F4,,,,110249
NATIONAL WELDERS SUPPLY CO INC NATIONAL METAL PRODUCTS DIV,3L833,,,,000109
MORGEN MFG CO,3L904,,,,104267
POWER DYNAMICS CORPORATION,3LAP8,,,,003197
"JWK MACHINERY SALES CO, INC.",3LEZ5,,,,104029
FORD MOTOR CO,3LQV7,,,,101568
EATON CORPORATION DBA EATON ELECTRICAL SERVICES & SYSTEMS,3LUX7,,,,002959
SKF USA INC DIV VSM,3LWR9,,,,006997
A-T CONTROLS INC,3LYT2,,,,105652
"REXNORD INDUSTRIES, LLC DBA LINK-BELT PRODUCTS DIV BEARING OPERATION",3M084,,,,000117
PRECISION HARDWARE INC,3M576,,,,003829
MARTIN SPROCKET AND GEAR CO INC,3M607,,,,102708
WORDEN SAFETY PRODUCTS L.L.C.,3M717,,,,004069
ERNI ELECTRONICS INC,3M8K7,,,,008180
"AHLERS AEROSPACE, INC. DBA AHLERS AEROSPACE INC",3MBT2,,,,109523
TRIMBLE INC DBA TRIMBLE NAVIGATION,3MJN0,,,,108794
PHILLIPS CORPORATION DIV FEDERAL DIVISION,3MPQ0,,,,111522
"PRESCO POLYMERS, L.P. DBA PRESCO PRODUCTS",3MPZ5,,,,001270
"HARRISON HYDRA-GEN, INC DIV HARRISON HYDRA-GEN",3MRG5,,,,109285
MILL-MAX MFG CORP,3N087,,,,008180
SAACHI INC.,3N0H7,,,,112033
GOULDS PUMPS INC WATER SYSTEMS DIV,3N150,,,,103340
"BRIARWOOD FASTENERS, INC.",3N278,,,,101947
"AMERICAN HONDA MOTOR CO., INC.",3N4V8,,,,112849
REICHERT INC DBA REICHERT INC,3N5H5,,,,108408
GARLOCK INC COMPRESSION PACKING FACILITY DIV OF COLTEC INDUSTRIES INC,3N611,,,,100899
JANOR WIRE & CABLE CORP,3N861,,,,008034
OWENS & SHULER INC DBA OSSCO PRODUCTS,3N991,,,,104839
WATTS WATER TECHNOLOGIES INC,3NNR2,,,,000470
"FLEXIBLE CONTAINMENT PRODUCTS, INC.",3NUA7,,,,105086
TURBINES INC,3NXN6,,,,106496
O & M CONCEPTS LTD,3NXR6,,,,109461
WILLIAMS AEROSPACE & MANUFACTURING INC,3P104,,,,103015
FISHER - FAIRCHILD CORPORATION,3P226,,,,100895
ORANGE COUNTY BROACHING INC,3P3H7,,,,107439
AMERICAN PROPULATION SYSTEMS,3P473,,,,102324
GENERAL ELECTRIC CO GE FANUE AUTOMATION NORTH AMERICA DIV,3P780,,,,003459
"JENSEN TOOLS + SUPPLY, INC.",3P7B2,,,,107180
ADL INSULFLEX INC,3P8Z5,,,,003679
ONAN CORPORATION DBA ONAN INDIANA,3PEZ2,,,,000963
"ALLIANCE LAUNDRY SERVICES, INC DBA LAUNDRY 24-7",3PGL2,,,,104513
ROBERT BOSCH TOOL CORPORATION,3PHX2,,,,101007
"KIA AMERICA, INC.",3PLS2,,,,000469
"JOHN DEERE SHARED SERVICES, LLC",3PSD7,,,,002120
CLEAR ALIGN LLC,3PWC3,,,,109117
MALLORY INTERNATIONAL CORPORATION,3Q1U8,,,,003197
TWC-THEVALVE COMPANY,3QCJ8,,,,100078
"GE INSPECTION TECHNOLOGIES, LP",3QST2,,,,109927
PERMABOND LLC,3R2V1,,,,105129
CSB BATTERY TECHNOLOGIES INC,3R4K5,,,,113396
FIRETRACE AEROSPACE LLC,3R5K2,,,,100078
KNOEDLER MANUFACTURERS INC,3R801,,,,112467
TOYOTA INDUSTRIAL SALES INC,3R818,,,,106326
GEODATA SYSTEMS MANAGEMENT INC,3RKS6,,,,110005
FERROXCUBE USA INC,3RMR9,,,,111122
"RB, L.L.C.",3RPV0,,,,107188
THOMAS & BETTS CORPORATION DIV THOMAS & BETTS ELECTRICAL DIVISION,3RVM4,,,,003197
TONER CABLE EQUIPMENT INC,3S484,,,,109218
TRIDON TENNESSEE INC,3S708,,,,001968
POWERWARE CORPORATION DBA BEST POWER,3S966,,,,103411
"ECI DEFENSE GROUP, INC. DBA ECI DEFENSE GROUP INC",3SDB5,,,,008056
"BULLDOG EQUIPMENT, L.L.C",3SGC3,,,,108443
FASTENAL COMPANY DIV OSHK,3SPK0,,,,005018
"KMPARTS.COM, INC.",3SWH4,,,,109549
"B & B HOSE & RUBBER CO., INC",3T043,,,,000010
MOTOR CITY FASTENERS INC,3T063,,,,103168
ADOLPH KIEFER AND ASSOCIATES,3T484,,,,110618
"HECKLER & KOCH, INC.",3T821,,,,106511
SWAGELOK CO,3T9T9,,,,106113
TULMAR MANUFACTURING INC.,3T9Z7,,,,100145
BIG LAKE SUPPLY LLC,3TAC1,,,,106953
FASTENAL COMPANY DIV DFG3,3TPU2,,,,005018
CS HYDE CO,3TYN6,,,,111770
"SWIFT FILTERS, INC.",3U011,,,,110655
"AVIATION ARTIFACTS, INC DIV AIRCREW FLIGHT EQUIPMENT DIVISION",3U0F6,,,,100078
THE MALLORY CO.,3U221,,,,105546
RPA ELECTRONIC DISTRIBUTORS INC,3U421,,,,002675
CEF INDUSTRIES INC CALCO INTERNATIONAL DIV,3U628,,,,006129
MOBIL OIL CORP AVIATION & GOVERNMENT SALES DIV,3U728,,,,108723
"MARTIN DIESEL, INC.",3U737,,,,106345
AXLETECH INTERNATIONAL INC,3U7Q8,,,,104267
CARBORUNDUM CO THE ABRASIVE MARKETING DIV,3U875,,,,104533
,3UG57,,,,000621
"IMPACT RACING, INC.",3UKX4,,,,106761
"H. O. TRERICE CO., INC.",3UMG3,,,,006948
THE ESAB GROUP INC DBA ESAB WELDING & CUTTING PRODUCTS DIV ESAB WELDING AND CUTTING,3URA4,,,,000109
"HUSQVARNA CONSTRUCTION PRODUCTS NORTH AMERICA, INC.",3UVN5,,,,110539
"TELEDYNE FLIR DEFENSE, INC.",3UVR3,,,,112435
,3UX54,,,,104267
DOBOY PACKAGING MACHINERY INC,3V104,,,,110227
ROCHESTER ELECTRONICS LLC,3V146,,,,100004
KIESLER POLICE SUPPLY INC,3V509,,,,111545
NORTHEAST FILTER & EQUIPMENT CO.,3V554,,,,003450
GLENDINNING PRODUCTS LLC,3VBV8,,,,103175
"COLE MOTORSPORTS, LLC DBA COLE SUBARU",3VGM9,,,,100078
TECHNA NDT LLC,3VMM5,,,,110001
"AXSON NORTH AMERICA, INC. DIV AXSON NORTH AMERICA",3VPY6,,,,110319
INTERSTATE BATTERY CO,3VTT3,,,,103058
INGERSOLL-RAND COMPANY DBA INGERSOLL-RAND,3W293,,,,105668
"P AND W FOUNDRY, INC.",3W359,,,,102342
"APPLIED POROUS TECHNOLOGIES, INC.",3W5J0,,,,113401
"JENESSCO INDUSTRIES, INC",3WKF2,,,,105683
"AIRGAS USA, LLC",3WRY5,,,,108702
MOXA AMERICAS INC. DBA MOXA AMERICAS INC,3WTH7,,,,109626
THERMO ELECTRON NORTH AMERICA LLC DBA THERMO ELECTRON NORTH AMERICA LLC,3WXJ7,,,,104616
"PALADIN TECHNOLOGY SOULTIONS, INC. DIV GOVERNMENT AND EDUCATIONAL SALES",3WYY4,,,,003197
IMPULSE ENTERPRISE,3X088,,,,108634
TNR TECHNICAL INC,3X184,,,,109933
RESCUE SYSTEMS INC,3X272,,,,111892
WORLD PRODUCTS INC,3X303,,,,003197
"THOMAS WILLCOX CO, INC",3X690,,,,101614
BCI SERVICES INC,3X7R2,,,,106218
MERCURY SYSTEMS INC,3X893,,,,112442
"CONTROL FLOW, INC. DBA CONTROL FLOW INC",3X894,,,,006704
TOOL SERV,3X999,,,,104426
BLUE FORCE GEAR INC,3X9S8,,,,108110
SMOOTH ON INC,3XNR6,,,,109461
"DYNAPAC, USA, INC.",3XQG8,,,,001049
"GATR TECHNOLOGIES, INC.",3XWN1,,,,006145
BRUNE ABRASIVE SERVICE CO INC,3Y083,,,,103908
ZOELLER COMPANY DBA ZOELLER PUMP COMPANY,3Y232,,,,000470
"ALLIANT ENTERPRISES, LLC DBA ALLIANT ENTERPRISES LLC DIV ALLIANT HEALTHCARE PRODUCTS",3Y2R6,,,,111603
"THYSSENKRUPP MATERIALS NA, INC. DBA THYSSENKRUPP ENGINEERED PLASTICS DIV THYSSENKRUPP ENGINEERED PLASTICS",3Y413,,,,110585
"YUKON EQUIPMENT, INC. DBA YUKON EQUIPMENT INC",3Y522,,,,111040
HAMMOND ELECTRONICS INC,3Y682,,,,003197
TRAK INTERNATIONAL,3Y949,,,,103893
"DANIEL MEASUREMENT & CONTROL, INC.",3YKK3,,,,106735
ALCO INDUSTRIES,3YWA6,,,,003197
TRANSTAR METALS CORP DBA CASTLE METALS AEROSPACE,3YWN1,,,,111597
LEE BRASS CO,3Z031,,,,100664
TOOLFETCH LLC DBA TOOLFETCH DIV TOOLFETCH,3Z3C1,,,,106455
ADTECH SOLUTIONS LLC,3Z3Z4,,,,111423
ONAN CORP ONAN POWER/ELECTRONICS DIV,3Z577,,,,000963
"BOURNS, INC. DBA BOURNS SENSOR CONTROLS",3Z867,,,,002936
CENTRAL WIRE INDUSTRIES LLC,3Z953,,,,103123
APPLIED SYSTEMS ENGINEERING INC,3Z966,,,,108435
CAMP COMPANY OF ST PETERSBURG INC,3Z971,,,,104661
CRYSTEEL TRUCK EQUIPMENT INC,3Z9B6,,,,105512
DEMAG CRANES & COMPONENTS CORP,3ZAZ9,,,,002162
JPW INDUSTRIES INC. DBA JPW INDUSTRIES INC,3ZFY8,,,,004183
MAGNUM ELECTRONICS INC,3ZUM6,,,,003197
"ASCO VALVE, INC",3ZZN5,,,,000453
SAFE-APPROACH INC,3ZZQ0,,,,108802
VME AMERICAS INC SUB OF VME GROUP N V,40152,,,,000810
"MILCUT, INC. DBA MILCUT INC",40501,,,,105740
MILLER ELECTRIC MFG. CO.,40608,,,,000109
FRANKLIN MILLER INC,40613,,,,111022
"MEASUREMENT TECHNOLOGY NORTHWEST, INC.",40742,,,,111342
SMITH EASTERN CORP DIV AIRVERTER,40811,,,,113070
"SCHMITT MARINE STEERING WHEELS, INC. DIV SCHMITT & ONGARO MARINE PRODUCTS",40860,,,,104994
MINE SAFETY APPLIANCES CO,40912,,,,002045
MPB CORP DBA MPB CORP DIV TIMKEN SUPER PRECISION,40920,,,,002497
ISLAND COMPONENTS GROUP INC,40968,,,,006203
THREE RIVERS ENGINE DISTRIBUTORS INC,41006,,,,001269
NIBCO,41097,,,,005978
"RMS CONNECTORS, INC.",41118,,,,101728
MODERN ENGINEERING CO INC,41140,,,,100782
MODINE MFG CO,41197,,,,008630
"MOHAWK INDUSTRIES, INC. DBA MOHAWK COMMERCIAL GROUP",41220,,,,104289
GENERAL ELECTRIC CO WIRING DEVICE DEPT,41326,,,,003459
"SIEMENS INDUSTRY, INC. DBA SIEMENS ENERGY DIV PROCESS INDUSTRIES AND DRIVES",41387,,,,100996
MORRISON BROTHERS CO DBA MORRISON BROTHERS CO,41592,,,,001867
INCOM INTL INC MORSE CONTROLS DIV,41625,,,,000248
MORSE MFG CO INC,41640,,,,002645
MORSE CUTTING TOOLS DIV OF MORSE CUTTING TOOL CORP,41672,,,,004008
HY-TECH THERMAL SOLUTIONS LLC,416V9,,,,109356
O F MOSSBERG & SONS INC,41758,,,,001806
SPECO TECHNOLOGIES,417E0,,,,006635
HOBART BROTHERS LLC DIV HOBART BROTHERS LLC TROY TUBULAR,41843,,,,003262
HAYES WHEELS INTL INC AKRON OPNS,41885,,,,103023
PARKER HANNIFIN CORP O-RING DIV,41940,,,,003925
MUELLER BRASS CO.,41947,,,,102817
MUELLER CO,41950,,,,008439
"DEZURIK, INC.",41UJ8,,,,112749
SUMMIT RESCUE INC DBA SEATTLE MANUFACTURING DIV SEATTLE MANUFACTURING CORPORATION,41YU4,,,,112873
"HARBORMASTER MARINE, INC",42138,,,,105462
MYERS F E CO SUB OF PENTAIR CORP,42223,,,,112507
NATIONAL FOAM INC DIV NATIONAL FOAM,42622,,,,006149
ELECTRO INDUSTRIES,42625,,,,109345
"AIR HYDRAULIC SYSTEMS, INC. DBA AIR-HYDRAULIC SYSTEMS  0436",42657,,,,006997
POWER CORDS AND CABLE CORP AFFIL OF ATLANTIC WIRE CORP,42678,,,,003110
NATIONAL RIVET AND MFG CO,42838,,,,100746
"AIR SYSTEMS INTERNATIONAL, INC. (USED IN VA BY: AIR SYSTEMS, INC.)",42905,,,,106789
LEAR SIEGLER INC NATIONAL TWIST DRILL AND TOOL DIV,42970,,,,000824
"INSTRUMENTS AND CONTROLS, INC. DBA INSTRUMENTS & CONTROLS INC",42DH0,,,,008775
INTERSTATE BATTERIES DBA IBS OF CENTRAL KENTUCY,42KH3,,,,103058
STELLAR SOLUTIONS INC,42LP7,,,,106434
PARKER-HANNIFIN CORPORATION DIV VERIFLO DIVISION,43030,,,,102279
SCHLUMBERGER ELECTRICITIES INC DBA NEPTUNE MEASURE,43249,,,,004007
NEUMADE PRODUCTS CORP,43268,,,,103005
HYCO ALABAMA LLC,432G9,,,,108183
"INFINITE ELECTRONICS INTERNATIONAL, INC. DIV L-COM",43321,,,,100706
PS INDUSTRIES INCORPORATED,43360,,,,109856
GENERAL SIGNAL CORP,43491,,,,003649
"CISCO-EAGLE, INC. DBA CISCO MATERIAL HANDLING",43512,,,,110547
"EDINBURGH CONNECTOR COMPANY, LLC DBA CONNECTRONICS",43608,,,,008844
NEWARK WIRE CLOTH HOLDINGS LLC DBA NEWARK WIRE CLOTH,43629,,,,100725
"TECHNISONIC RESEARCH, INC",43735,,,,006044
COOPER INDUSTRIES INC NICHOLSON FILE/COOPER TOOLS DIV,43786,,,,000793
NICHOLSON STEAM TRAP INC,43791,,,,003467
CURTISS-WRIGHT FLOW CONTROL SERVICE CORPORATION DBA DOUGLAS EQUIPMENT DIV CURTISS WRIGHT FLOW CONTROL,437F9,,,,109495
THERMO KING CORP,43904,,,,003382
NORGREN C A CO,43990,,,,111024
FAG BEARINGS CORPORATION,43991,,,,006997
VALEO CORPORATION,43PT1,,,,003197
CHEMOURS CO FC LLC,43S57,,,,113125
DICA MARKETING COMPANY,43T94,,,,107352
GEISSELE AUTOMATICS LLC,43VN9,,,,110260
AVL TECHNOLOGIES INC DBA AVL TECHNOLOGIES INC,43WN8,,,,110037
"SOUTH-TEK SYSTEMS, LLC",43Z63,,,,113759
UFP TECHNOLOGIES INC,44001,,,,109972
WAGNER E R MFG CO INC ENGINEERED PRODUCTS DIV,44134,,,,112418
WOLLARD INTERNATIONAL LLC,44185,,,,000897
SAINT-GOBAIN ABRASIVES INC,44197,,,,000109
WM W NUGENT & CO INC,44256,,,,006584
D AND S MAGNETICS INC,44353,,,,105929
OBERDORFER FOUNDRIES INC,44408,,,,104871
SUPER RADIATOR COILS LIMITED PARTNERSHIP DIV RICHMOND,44512,,,,106257
"OHMITE HOLDING, L.L.C. DBA OHMITE MANUFACTURING",44655,,,,003775
THE OILGEAR COMPANY DBA JIFFY LUBE  213 DIV OILGEAR,44674,,,,000075
"AKG OF AMERICA, INC.",44765,,,,112079
INGERSOLL RAND AIR CENTER,44766,,,,105668
OLIVER MACHINERY CO,44769,,,,104817
AMERICAN FITTING CORP DBA AMFICO,44905,,,,104952
CUMMINS POWER GENERATION INC.,44940,,,,000963
"WEBASTO THERMO & COMFORT NORTH AMERICA, INC. DIV WEBASTO PRODUCT NORTH AMERICA, INC",44MG9,,,,103380
PARAMOUNT CORP. DIV OBERON COMPANY,44NS5,,,,109674
"MAXIM EVAPORATORS, INC",44SG8,,,,112441
DOWELS PINS AND SHAFTS INC,45078,,,,103586
FESTO CORPORATION,45150,,,,000075
OSHKOSH CORP,45152,,,,100155
HAMILTON SUNDSTRAND CORPORATION DBA HAMILTON SUNDSTRAND POWER SYTEMS USE CAGE CODE 55820 FOR CATALOGING,45153,,,,100763
BOSCH AUTOMOTIVE SERVICE SOLUTIONS INC.,45225,,,,113715
"DE NORA WATER TECHNOLOGIES TEXAS, LLC",452B2,,,,110039
JOHNSTONE SUPPLY CO AN INDEPENDENTLY OWNED AND OPERATED BUSINESS,45310,,,,102981
POROUS MEDIA CORPORATION DIV POROUS MEDIA CORPORATION,45385,,,,104647
"MEGGITT SAFETY SYSTEMS, INC. DBA MEGGITT CONTROL SYSTEMS-VENTURA COUNTY",45402,,,,101592
TELEDYNE ELECTRONICS TELEDYNE INDUSTRIES INC SUB OF TELEDYNE INC,45413,,,,005957
ENGINEERED COOLING SYSTEMS INC.,45454,,,,005913
SNAP-TITE INC DBA SNAP TITE SOLENOID VALVE DIV,45543,,,,001911
PARAGON ELECTRIC CO INC,45605,,,,006470
DAWN VME PRODUCTS,45620,,,,111162
PARKER-HANNIFIN CORPORATION DIV CORPORATE HEADQUARTERS,45681,,,,001230
GOPHER INDUSTRIAL INC,457G7,,,,107942
HARSCO CORPORATION DBA PATTERSON-KELLEY DIVISION DIV HARSCO INDUSTRIAL PATTERSON KELLEY,45890,,,,101774
"ONTIC ENGINEERING & MANUFACTURING, INC DBA ONTIC US",45934,,,,008164
"ROPE WORKS, INC DBA ROPE, INC",45LR5,,,,105298
VENTARI CORPORATION,45N01,,,,109368
DRESSTA NORTH AMERICA LTD,45RP7,,,,107749
"DANFOSS POWER SOLUTIONS II, LLC",45X75,,,,000075
YANKEE CORP THE,46047,,,,000824
RICHARDS-WILCOX MFG CO DIV OF WHITE CONSOLIDATED INDUSTRIES INC,46097,,,,106790
PEERLESS OF AMERICA INC,46150,,,,006527
PEERLESS CHAIN COMPANY,46156,,,,003598
"PEERLESS-WINSMITH, INC. DBA PEERLESS WINSMITH",46175,,,,110401
PEERLESS MFG CO,46219,,,,007201
SAINT-GOBAIN ADVANCED CERAMICS LLC DIV STRUCTURAL CERAMICS GROUP,46301,,,,006756
CARLON,46302,,,,003091
PENN ENGINEERING & MANUFACTURING CORP,46384,,,,003383
"DCM MANUFACTURING, INC.",46522,,,,101332
SENIOR ENGINEERING CO BERLIN OPERATIONS,46529,,,,003170
"APPLIED BIOSYSTEMS, LLC",46555,,,,108213
PERKO INC,46576,,,,102236
PETROMETER CORP,46707,,,,112143
PETTIBONE LLC,46717,,,,006904
LIFT-TECH INTL INC CRANE AND HOIST OPNS,46964,,,,002710
A-1 FIRE EQUIPMENT COMPANY INC,46FH0,,,,105943
REXNORD INDUSTRIES LLC,46HD1,,,,001778
"BENT TUBES, LLC",46KP1,,,,108997
"PACIFIC CARGO CONTROL, INC.",46TW8,,,,109901
ABB MOTORS & MECHANICAL INC DIV ABB MOTORS AND MECHANICAL INC.,46UR5,,,,006805
AMPHENOL INTERCONNECT PRODUCTS CORP,46X11,,,,003197
DANFOSS POWER SOLUTIONS (US) COMPANY DBA SAUER-DANFOSS INC,46YR4,,,,000463
"HAMMONDS TECHNICAL SERVICES, INC.",47186,,,,100921
WILSON CO,47216,,,,102381
SMATCO INDUSTRIES INC,47355,,,,104410
SERCK SERVICES INC DBA COMMERCIAL RADIATOR INC,47403,,,,104221
INTERSPIRO INC,47432,,,,007400
THE DEWEY ELECTRONICS CORPORATION DIV PITOMETER LOG DIVISION,47496,,,,101063
NSK CORP BEARING DIV,47839,,,,002497
"OK INTERNATIONAL, INC.",47882,,,,108904
LINEAR DEVICES CORP,47JX1,,,,110458
"MITSUBISHI TURBOCHARGER AND ENGINE AMERICA, INC.",47KE9,,,,000810
CRAWFORD MACHINE INCORPORATED DBA CMI,47W64,,,,105599
EVAC NORTH AMERICA INC,47WD8,,,,103658
PRESSURE COMPONENTS INC,48172,,,,003525
"VALLEN DISTRIBUTION, INC.",48348,,,,104779
METRIC & MULTISTANDARD COMPONENTS CORP.,48370,,,,006280
"WILLIAM POWELL COMPANY, THE DBA POWELL VALVE DIV THE STARFLO CORPORATION",48422,,,,105405
VIRGO PRODUCTS DISTRIBUTION DIV CONNIE S. TROGDON,48517,,,,109088
CASE CONSTRUCTION COMPANY,48532,,,,001079
PRECISION SCIENTIFIC PETROLEUM INSTRUMENTS CO,48619,,,,103839
"PRINCO INSTRUMENTS, INC",48620,,,,007933
"VETUS, INC.",48691,,,,106392
CHESTNUT RIDGE FOAM INC,48818,,,,105551
FPM INC,48884,,,,109935
"FLOYD BELL, INC.",489Y2,,,,100287
SCHAFFNER TECHNOLOGIES INC,48LW8,,,,003197
"BATTENKILL TECHNOLOGIES, INC.",48MX6,,,,100078
SHAKESPEARE ELECTRONIC PRODUCTS GROUP,48TL8,,,,107699
PROFESSIONAL SPECIALTIES CO. DBA PROFEX MEDICAL PRODUCTS,49106,,,,108620
FASTENAL COMPANY DIV BIND,49181,,,,005018
TEREX AMERICAN CRANE CORP,49185,,,,112665
PROTECTOSEAL CO CONTAINER DIV,49234,,,,002569
"WEEMS & PLATH, INC.",49268,,,,102365
TANKCRAFT CORP,49349,,,,002582
AMPHENOL CORPORATION DBA AMPHENOL AEROSPACE INDUSTRIAL DIV AMPHENOL AEROSPACE/PYLE NATIONAL,49367,,,,002998
"TEGAM, INC.",49374,,,,100693
MERITOR WABCO VEHICLE CONTROL SYSTEMS,493W9,,,,000759
PYROMETER INSTRUMENT CO INC,49424,,,,108864
SCOTSMAN INDUSTRIES INC DIV SCOTSMAN ICE SYSTEMS,49524,,,,102981
QUINCY COMPRESSOR DIVISION OF COLTEC INDUSTRIES INC DBA QUINCY COMPRESSOR DIV QUINCY COMPRESSOR,49576,,,,000045
NORTH AMERICAN FILTER CORP NAFCO DIV DBA NAFCO,49583,,,,100066
HEIL CO THE MIDWEST PARTS CENTER,49632,,,,006514
RAYOVAC CORP,49702,,,,003197
"BRON AEROTECH, LLC.",497Y0,,,,109785
"AEROSTAR INTERNATIONAL, INC.",49816,,,,112309
RAYTHEON COMPANY DIV CORP,49956,,,,006609
"JEN MFG., INC.",49AB6,,,,112795
DSA DETECTION LLC,49BS5,,,,113426
"JLG INDUSTRIES, INC.",49FP3,,,,100078
"PALADIN TECHNOLOGY GROUP, INC",49G40,,,,003197
SPECIALTY SEAL CO INC DBA SPECIALITY SEAL CO,49T58,,,,106905
ROBERT M RINALDI DIV BMR PRODUCT SALES/ACRO LIGHTS,49YM2,,,,100078
"HOGAN MFG., INC. DBA HOGAN MANUFACTURING INC",4A284,,,,108803
B. W. ROGERS COMPANY,4A407,,,,000097
AMPHENOL CORP,4A429,,,,003197
"FAIRVIEW FITTING & MANUFACTURING, INC.",4A4R6,,,,000646
CASCADE CORP,4A657,,,,000485
ALPHA ELECTRONICS CORP,4A859,,,,003197
NOVA-ONE DIAGNOSTICS LLC DBA NOD,4AB79,,,,110888
"BOATZINCS.COM, INC. DBA BOATZINCS COM INC",4AE77,,,,109493
AMERICAN INDUSTRIAL MATERIAL,4AXB8,,,,110254
"INDIAN HEAD INDUSTRIES, INC. DIV MGM BRAKES",4B100,,,,000759
MATERION BRUSH INC,4B151,,,,112434
PRESTOLITE ELECTRIC INC,4B175,,,,002056
TRI-STATE TECHNICAL SALES CORP,4B241,,,,100027
"RESCUE SYSTEMS, INC.",4B2B8,,,,111892
MANCONIX INCORPORATED,4B5J4,,,,110161
ESSEX GROUP INC THE ESSEX BROWNELL DIV,4B628,,,,102728
ACME-CLEVELAND CORP CORPORATE HEADQUARTERS,4B707,,,,112394
UNITED REFRIGERATION INC,4BDY7,,,,006527
"RF-LAMBDA USA, LLC DBA RF-LAMBDA USA INC",4BLE3,,,,109214
"CLEARLY SUPERIOR TECHNOLOGIES, INC.",4BWG7,,,,109792
LYMAN PRODUCTS CORPORATION DBA RAYTECH INDUSTRIES DIV,4C470,,,,109206
VSD LLC,4C7P7,,,,106250
API HEAT TRANSFER THERMASYS CORPORATION,4C8A9,,,,104080
OAKTON INSTRUMENTS,4CW49,,,,101073
LAU INDUSTRIES INC,4DB19,,,,104823
NIJSHA ENTERPRISE INC DBA NIJSHA ENTERPRISE,4DJD4,,,,106182
"LCR HALLCREST, LLC. DBA HALLCREST",4EFW3,,,,105707
TRUST ONE COMPONENTS INC,4EX55,,,,109236
"J & N METAL PRODUCTS, LLC",4EZD2,,,,108942
PIEDMONT EQUIPMENT CO INC,4F038,,,,104317
PORTER SEAL COMPANY,4F044,,,,103106
"AIRCRAFT FASTENERS INTERNATIONAL, LLC DBA FASTENERS INTERNATIONAL",4F124,,,,109007
BOSCH REXROTH CORPORATION,4F5N8,,,,101007
BALLYMORE CO GARLIN ENTERPRISES,4F623,,,,109304
"BROTHERS BODY AND EQUIPMENT, LLC",4F7L1,,,,113089
FISHERIES SUPPLY CO DIV FISHERIES SUPPLY COMPANY,4F861,,,,105879
HARLTON'S EQUINE SPECIALTIES INC,4FEK2,,,,109847
LADISH VALVES,4FF31,,,,113512
"SVP SYSTEMS GROUP, LLC DBA SVP MANUFACTURING DIV SVP MOBILE SYSTEMS",4FJZ6,,,,110326
"AMEE BAY, LLC",4FK09,,,,113045
CARGOTEC USA DIV MACGREGOR USA,4FYR4,,,,103645
MACGREGOR USA INC. DIV MACGREGOR USA,4FZ40,,,,103645
EPIROC DRILLING SOLUTIONS LLC,4G0R1,,,,001049
SENSATA TECHNOLOGIES INC DIV PRECISION PRODUCTS,4G0W8,,,,002081
DUNCAN AVIATION INC,4G242,,,,108760
KAUFMAN PRESS PRINTING,4G258,,,,112462
ENGINEERING EQUIPMENT SALES INC DBA CLETOP.COM,4G2S8,,,,112462
"CUMMINS-WAGNER COMPANY, INC. DBA CUMMINS-WAGNER CO INC",4G363,,,,006227
"SRCTEC, LLC",4GHA7,,,,108774
P & L INDUSTRIES INC DBA LASERLYTE,4GJL2,,,,112579
CACI NSS LLC,4GQC2,,,,106105
"CLARUS FLUID INTELLIGENCE, LLC DIV CLARUS FLUID INTELLIGENCE",4GXV0,,,,110735
ROCKWELL AUTOMATION INC DBA ROCKWELL AUTOMATION,4H047,,,,001370
FLEETGUARD INC,4H242,,,,000963
ELECTRO ENTERPRISES INC,4H538,,,,101728
SEALING DEVICES INC. DBA SEALING DEVICES INC,4H712,,,,002253
TRANTER INC,4HA68,,,,007221
"M2CABLES, INC.",4HF36,,,,105974
MAXIMA TECHNOLOGIES & SYSTEMS LLC DBA MAXIMA TECHNOLOGIES/STEWARD-WARNER,4HZD3,,,,102702
MILBANK MANUFACTURING CO.,4J099,,,,001042
"INTEPRO SYSTEMS AMERICA, LP",4J0A3,,,,112022
TEREX CORPORATION DIV TEREX GOVERNMENT PROGRAMS,4J2G1,,,,111100
"RONSTAN INTERNATIONAL, INC",4J2K4,,,,107005
PSI CORP,4J408,,,,102666
LITTLE BUDDY PRODUCTS CO,4J596,,,,104170
"ELECTROCRAFT OHIO, INC. DBA ELECTROCRAFT INC",4J5Y6,,,,106747
"LEADER TECH, INC.",4J674,,,,100078
STAFFORD MACHINERY CORP,4J714,,,,101849
"REXEL USA, INC. DBA GEXPRO DIV GEXPRO",4JEL0,,,,111215
"BERG MANUFACTURING, INC.",4JKJ9,,,,105086
"ASSOCIATED FASTENING PRODUCTS, INC.",4JKR1,,,,106794
INTEGRATED PROCUREMENT TECHNOLOGIES DIV IPT - DAYTON DIVISION,4K0V2,,,,104062
GHX INDUSTRIAL LLC,4K133,,,,008794
SHACKELFORD MACHINING INC,4K446,,,,105215
POLYTECH DEFENSE SPARES LLC,4K539,,,,007137
OBERDORFER PUMPS INC,4K628,,,,104871
LENZ CO,4K739,,,,001239
ECCO ELECTRONIC CONTROLS COMPANY,4KQ98,,,,000759
"POL SYSTEMS, LLC",4KSD5,,,,107523
"SMITH SPORT OPTICS, INC. DBA SMITH OPTICS DIV WWW.SMITHOPTICS.COM",4KT23,,,,109033
"APPLIED INDUSTRIAL TECHNOLOGIES - DIXIE, INC.",4KV65,,,,006997
BEHRINGER CORP,4KYL1,,,,106559
GRACE W R AND CO DEWEY AND ALMY CHEMICAL DIV,4L319,,,,005947
U S ELECTRICAL MOTORS SERVICE CENTER U S ELECTRICAL MOTORS DIV,4L592,,,,002959
IDI CORP,4L650,,,,003197
SAS INDUSTRIES INC,4L975,,,,008658
RAYOVAC CORP,4L989,,,,003197
WALTER SURFACE TECHNOLOGIES INCORPORATED DIV WALTER SURFACE TECHNOLOGIES,4LKY4,,,,109784
NUTRI TEAM INC,4LL36,,,,110889
STEWARTS USA LLC DBA STEWARTS USA LLC,4LNV3,,,,111704
VOLKSWAGEN OF AMERICA INDUSTRIAL ENGINE DIV,4M087,,,,109167
"FASTENING PRODUCTS OF LANCASTER, INC.",4M097,,,,109167
"GREENE METAL PRODUCTS, INC. DBA GREENE METAL PRODUCTS INC",4M107,,,,100754
"DELFINGEN US-NEW YORK, INC DBA SOFANOU",4M3G9,,,,105619
"C.R. LAURENCE CO., INC.",4M493,,,,108179
"STUART MANUFACTURING, INC. DBA STUART INTEGRATED SYSTEMS",4M786,,,,104387
GRAINGER DIV OF W W GRAINGER INC,4M876,,,,000621
LANCER SYSTEMS LP,4M8L1,,,,007905
"SAN DIEGO VALVE & FITTING CO., INC. DBA SAN DIEGO FLUID SYSTEM TECHNOLOGIES",4M946,,,,110949
TYCO THERMAL CONTROLS,4MMX1,,,,003428
"HAZARD PROTECTION SYSTEMS, INC DIV 1952",4MY97,,,,106775
ZOTEFOAMS INC,4MZV4,,,,110240
"MOTION INDUSTRIES, INC. DIV OGDEN",4N240,,,,102708
CREST INDUSTRIES INC,4N256,,,,102798
CONSOLIDATED METCO INC CLACKAMAS PLANT,4N501,,,,000759
PEWAG INC DIV CORPORATE HQ,4N506,,,,105832
ISUZU DIESEL OF NORTH AMERICA,4N530,,,,001178
"ADVANTAC TECHNOLOGIES, LLC",4N5D6,,,,110003
"INTEGRAL AEROSPACE, LLC DBA PCX AEROSYSTEMS - SANTA ANA DIV INTEGRAL AEROSPACE, LLC DBA PCX AEROSYSTEMS - SANTA ANA",4N727,,,,105566
CUMMINS FILTRATION INC.,4NUE9,,,,000963
"CUMMINS BRIDGEWAY, LLC",4NZT5,,,,000963
DURR UNIVERSAL INC,4P0P3,,,,105444
KAPCO VALTEC DBA KAPCO VALTEC,4P205,,,,008264
GENERAL ELECTRIC SUPPLY CO DIV GENERAL ELECTRIC CO,4P253,,,,003459
INGERSOLL-RAND COMPANY DBA INGERSOLL-RAND DIV TOOL & HOIST DIVISION,4P412,,,,105668
"GLADIATOR, INC.",4PBT3,,,,105938
"VETROTECH SAINT-GOBAIN NORTH AMERICA, INC.",4PFC5,,,,109990
W M L LTD DBA WHITESELL MEDICAL LOCUMS,4PQP9,,,,105798
DIEQUA CORP,4PSQ9,,,,108755
"FIAMM TECHNOLOGIES, L.L.C.",4PXF3,,,,110051
"COOPER CROUSE-HINDS, LLC DBA WPI SALEM DIVISION",4Q3V3,,,,001270
"HAYWARD INDUSTRIAL PRODUCTS, INC DIV EATON FILTRATION, LLC DBA HAYWARD PLASTIC PRODUCTS DIVISION",4QB42,,,,110183
SETCO AUTOMOTIVE NA INC,4QJA6,,,,105520
"THYSSENKRUPP BILSTEIN OF AMERICA, INC DBA SHOCK ABSORBER DIVISION DIV AFTERMARKET & MOTORSPORTS DIVISION",4QPQ9,,,,105798
REULAND ELECTRIC CO,4QUB3,,,,104124
"CARESTREAM HEALTH, INC",4QX22,,,,110192
"UNITED SEAL & RUBBER COMPANY, INC. DBA UNITED SEAL & RUBBER CO INC",4R096,,,,101874
CUMMINS CROSSPOINT LLC,4R699,,,,000963
"K & K PRECISION MANUFACTURING, INC",4R788,,,,103338
"STAMCO AEROSPACE, INC.",4R840,,,,101226
"PACMET AEROSPACE, LLC DBA PACIFIC METALS GROUP DIV PACMET AEROSPACE",4R9M4,,,,113106
PIEDMONT PACIFIC CORP,4RCU0,,,,110013
COREFLEX LLC,4RFW0,,,,105659
"CARRIER COMMERCIAL REFRIGERATION, INC. DBA TAYLOR COMPANY DIV TAYLOR COMPANY, A DIVISION OF CARRIER COMMERCIAL REFRIGERATI",4RLQ0,,,,102540
TRIAD PROCESS EQUIPMENT INC,4RLS6,,,,111760
RISK INDUSTRIES LLC DBA PINES TECHNOLOGY DIV HEADQUARTERS,4RPC2,,,,109404
DRESSER-RAND COMPANY,4RPH2,,,,002599
BIOMERIEUX INC,4S002,,,,109678
POWER DYNAMICS CORP,4S088,,,,003197
MARYLAND METRICS,4S332,,,,106233
POWERTEK US INC.,4S5P4,,,,109919
ETHOSENERGY LIGHT TURBINES LLC,4SNH6,,,,111808
INDUSTRIAL PARTS CO,4T588,,,,106578
"STRAIGHT ROAD ELECTRONICS, INC.",4T5S1,,,,107898
"HENNESSY INDUSTRIES, LLC.",4T928,,,,001980
"CUMMINS CENTRAL POWER, LLC DBA CUMMINS GREAT PLAINS DIESEL",4TNW9,,,,000963
EPOXYTECH INC DBA EPOXYSET,4TP04,,,,110462
JCB CONSTRUCTION CO INC,4TTJ5,,,,008532
TEXTRON GROUND SUPPORT EQUIPMENT INC. DIV TEXTRON GSE,4TVG2,,,,112471
ORCON AEROSPACE,4TXS8,,,,110713
WIS CON TOTAL POWER CORP DBA POWER CENTER THE,4U132,,,,100543
"ADVANCED COMPOSITE PRODUCTS AND TECHNOLOGY, INC.",4U140,,,,110461
HALLITE SEALS CO,4U211,,,,110208
MOTION INDUSTRIES INC,4U278,,,,109917
"RIVERSIDE MFG., LLC",4U3K2,,,,008200
ROEDERSTEIN ELECTRONICS INC,4U402,,,,006290
RIO SYSTEMS INC,4U410,,,,110461
CONCOTE CORPORATION DBA CONCOTE CORP,4U656,,,,100358
"ULTRA POLY, INC. DBA ULTRA POLY INC",4U694,,,,111429
WELDCO-BEALES MANUFACTURING CORP.,4U735,,,,006494
FLUKE ELECTRONICS CORP,4U744,,,,107746
"LSI GRAPHICS, LLC DBA LSI GRAPHICS LLC",4U869,,,,103697
MATHEWS ASSOCIATES INC DBA A2Z TEST LAB,4U927,,,,006530
"WEXCO INDUSTRIES, INC. DBA DYNA N. A. DIV WEXCO INDUSTRIES",4UBT0,,,,111422
"YAMAHA MOTOR CORPORATION, U.S.A DIV FINANCIAL SERVICES",4V176,,,,107778
"CPN/DENELEX GROUP INC. DBA CPN/DENELEX GROUP DIV A.E. PETSCHE COMPANY, INC. DBA CPN/DENELEX GROUP",4V1H2,,,,101367
ROCKFORD DYNATORQ INC,4V298,,,,006997
SUPPLYCORE LLC DIV HEADQUARTERS,4V314,,,,101049
BONNEY FORGE VALVE,4V609,,,,112606
TAWAS INDUSTRIES INC,4V640,,,,101624
AIPHONE CORPORATION,4V665,,,,103538
"ROCKWELL COLLINS, INC. DBA COLLINS AEROSPACE COMMERCIAL SYSTEMS DIV COLLINS AEROSPACE - COMMERCIAL SYSTEMS",4V792,,,,006283
PD SYSTEMS INC. DBA PD SYSTEMS,4V8V7,,,,112121
WINGFAN LP,4VBL3,,,,112536
TRIMBLE INC.,4VEY7,,,,107149
"ROCORE THERMAL SYSTEMS, LLC",4VKY0,,,,105871
"PALM LABORATORIES, INC.",4VN70,,,,104919
"SMART MACHINES, INC. DBA BARKER AND WILLIAMSON",4W146,,,,107987
JAGUAR INSTRUMENTS INC.,4W1J8,,,,106584
BORGWARNER TURBO SYSTEMS LLC,4W602,,,,002857
PENNY AND GILES DATA SYSTEMS INC AN INDEPENDENTLY OWNED AND OPERATED BUSINESS,4W620,,,,102621
NUTTALL GEAR L L C,4W944,,,,006061
EMERSON PROCESS MANAGEMENT LLLP,4W9E5,,,,103193
"KAWASAKI PRECISION MACHINERY (U.S.A.), INC.",4WE10,,,,108938
"NANO MOTION, INC.",4WMW3,,,,112341
CREATIVE MICROSYSTEMS INC,4WSK7,,,,113420
"SOUTHCO, INC. DBA SOUTHCO COUNTERBALANCE DIVISION - PA DIV SOUTHCO COUNTERBALANCE DIVISION - PA",4WWH5,,,,002739
REUNION INDUSTRIES INC. DBA HANNA CYLINDERS,4WZP7,,,,105128
"CENTRAL MACHINING SPECIALTIES, INC.",4X188,,,,102431
DETHMERS MANUFACTURING COMPANY LLC,4X3P3,,,,112450
EATON FILTRATION LLC,4X3T2,,,,006997
DEK INC DBA PIONEER UNIFORM & LETTERING,4X448,,,,003197
"CHUGACH WORLD SERVICES, INC.",4XH20,,,,109575
CAPITAL SAFETY INC,4XLC0,,,,109554
TCCT SAN ANTONIO INVESTMENTS INC,4XT32,,,,006997
TROL-MATION INC,4Y154,,,,100429
"TWC THE VALVE COMPANY, L.L.C.",4Y1F4,,,,110775
ROCKFORD PROCESS CONTROL INC.,4Y593,,,,108573
MILLER AND WEBER INC,4Y655,,,,104557
"DANCO METAL PRODUCTS, INC.",4Y824,,,,108109
ADAMS ELEVATOR EQUIPMENT COMPANY INC DBA SCHINDLER LOGISTICS CENTER,4Y949,,,,101418
"STROHMAN ENTERPRISE INC DIV STROHMAN ENTRPRISE, INC",4YCF5,,,,110219
MEC GEOSTAT INC.,4YNT4,,,,111643
THOMAS PRODUCTS LTD,4Z187,,,,007153
SAFTLOK INTERNATIONAL CORP.,4Z400,,,,110426
NORD GEAR CORPORATION,4Z609,,,,002959
CALTHERM CORP,4Z669,,,,103822
KRATOS ANTENNA SOLUTIONS CORPORATION,4ZTA9,,,,107947
BROOKS INSTRUMENT LLC,4ZW64,,,,105024
MILITARY SUPPLY COMPANY DBA MSC,4ZX09,,,,001138
,,,,,004131
MOTOROLA COMMUNICATIONS GROUP PARTS DEPT DIV OF MOTOROLA INC,50012,,,,102980
"AJAX TOOL WORKS, INC. DBA AJAX TOOLS",50013,,,,002795
SIGMAFORM CORP,50015,,,,008554
COLTEC INDUSTRIES INC DBA FAIRBANKS MORSE ENGINE FM/ALCO,50024,,,,008622
UNDERSEA SENSOR SYSTEMS INC DIV ULTRA SONOBUOY SYSTEMS,50027,,,,004125
"MIL-CRAFT MFG., INC.",50036,,,,103924
READY TOOL LLC,50038,,,,104123
"O. E. M. CONTROLS, INC. DBA OEM CONTROLS INC",50064,,,,100321
ITT RULE INDUSTRIES INC DANFORTH DIV,50068,,,,004126
TEXTRON SYSTEMS CORP,50079,,,,006083
STMICROELECTRONICS  INC,50088,,,,100639
MICROSEMI CORP - MASSACHUSETTS DIV MICROSEMI - LOWELL,50101,,,,008497
"MOBILE ENERGY PRODUCTS, INC. DBA ELECTRO ENERGY",50120,,,,102946
ALLEN BRADLEY CO ELECTRONICS DIV,50139,,,,001370
GENICOM CORP,50163,,,,002701
AIRFLOAT/HSI SYSTEMS INC,50180,,,,106242
HAYDEN INC,50184,,,,000463
AVNET INC TIME ELECTRONIC SALES DIV,50196,,,,003446
JASON INC,50208,,,,109010
KRACK CORP,50239,,,,109840
PREECE INC DECCA VALVES DIV,50276,,,,003780
"CHAMPION LABORATORIES, INC.",50284,,,,006131
NEW HAMPSHIRE BALL BEARINGS INC DIV PRECISION DIVISION,50294,,,,002356
JOHN REINER & CO. INC.,50309,,,,001053
RYT INDUSTRIES INC,50310,,,,107924
3M COMPANY DIV OH&ESD,50378,,,,006212
RELIANCE ELECTRIC,50380,,,,006016
SPS TECHNOLOGIES INC UNBRAKO DIV,50394,,,,102570
BALLANTINE LABORATORIES INC,50423,,,,006878
AVAGO TECHNOLOGIES US INC DIV AVAGO TECHNOLOGIES,50434,,,,002538
HEWLETT-PACKARD CO VIDEO COMMUNICATION DIV,50436,,,,003220
AGILENT TECHNOLOGIES INC. DIV COLORADO SPRINGS SITE,50439,,,,003220
AGILENT TECHNOLOGIES INC. DIV AGILENT SOLUTION SUPPORT,50440,,,,003220
"REMINGTON ARMS COMPANY, LLC",50446,,,,001282
KIMWOOD CORP,50465,,,,109344
IDSC HOLDINGS DBA EQUISERV DBA EQUISERV,50492,,,,006038
"SPECTRUM MICROWAVE, INC. DBA MICRO NETWORKS",50507,,,,008209
MAGNETIC COMPONENTS INC,50508,,,,101244
"SMITHS INTERCONNECT AMERICAS, INC.",50541,,,,102819
PARKER-HANNIFIN CORP DIV STRATOFLEX PRODUCT DIVISION,50599,,,,008870
PRESTOLITE ELECTRIC INC,50603,,,,008202
R. KERN ENGINEERING & MANUFACTURING CORP. DBA R KERN ENGINEERING & MANUFACTURING CORP,50619,,,,003283
AMERICAN DRYER CORP,50676,,,,102988
GENERAL ELECTRIC CO MOTOR BUSINESS GROUP,50706,,,,002959
THE BRINKMANN CORPORATION DBA THE BRINKMANN CORPORATION,50711,,,,002383
"DATEL, INC.",50721,,,,003765
"WIRE-PRO, INC DBA WPI-SALEM DIVISION",50738,,,,003418
TELEDYNE WALTERBORO TELEDYNE INDUSTRIES INC SUB OF TELEDYNE INC,50740,,,,006541
RHEEM MFG CO,50741,,,,106682
"KIRKHILL, INC. DBA TA AEROSPACE CO DIV KIRKHILL INC, SFS DIVISION",50744,,,,003197
FOXBORO CO THE ICT DIV,50765,,,,007908
VALTEK INC,50815,,,,006227
CRANE ELECTRONICS INC,50821,,,,007115
"SEMICONDUCTOR CIRCUITS, INC.",50829,,,,007268
JOHNSON CONTROLS INC CONTROL PRODUCTS DIV,50831,,,,003428
RIDGE TOOL COMPANY,50893,,,,002992
BIANCHI INTERNATIONAL DBA BAE SYSTEMS PRODUCTS GROUP,50905,,,,109767
"RIEKER INSTRUMENT CO., INC. DBA RIEKER INC",50926,,,,008597
WEDJ/THREE C'S INC,50935,,,,006600
MARINE TRAVELIFT INC,50963,,,,105175
DYNEX/RIVETT CORP POWER UNITS AND SYSTEMS,50988,,,,000698
RANCO INC RANCO CONTROLS DIV,50992,,,,000985
BEAU TECH INC,50994,,,,008601
DOGA USA CORPORATION,50BM9,,,,108289
OPTIMUM VEHICLE LOGISTICS LLC,50YK9,,,,111677
CRUSHPROOF TUBING CO,51011,,,,000023
PARKER-HANNIFIN CORPORATION DBA MOTIONS & CONTROLS SALES DIVISION DIV MOTION & CONTROL SALES DIVISION - TROY,51040,,,,102381
SORENSON LIGHTED CONTROLS INC,51054,,,,106689
WEST COAST SPECIALTIES INC,51074,,,,006221
"GENERAL EASTERN INSTRUMENTS, INC DIV GE INDUSTRIAL SYSTEMS",51088,,,,008723
I T S  INSTRUMENT CORPORATION DBA ISLAND TECHNICAL SERVICE,51100,,,,000901
ZOECON INDUSTRIES,51112,,,,104521
CNI CERAMIC NOZZLES INC DBA CNI,51120,,,,113785
ARIES ELECTRONICS INC,51167,,,,101395
HEWLETT-PACKARD CO PORTABLE COMPUTER DIV,51174,,,,003220
"KEYTRONICS, INC. DIV API TECHNOLOGIES CORP- MAGNETICS",51181,,,,003212
DIODES INC,51182,,,,003197
NAMCO CONTROLS CORP,51238,,,,112394
IMI CORNELIUS INC.,51267,,,,102201
"TECHNICAL SERVICES LABORATORY, INC. DBA TECHNICAL SERVICES LABORATORY INC",51283,,,,100775
UNITED WESTERN TECHNOLOGIES CORP.,51294,,,,006147
"OPTEX SYSTEMS, INC DIV APPLIED OPTICS CENTER",51298,,,,006018
"SAMTAN ENGINEERING, LLC DBA SAMTAN ENGINEERING CORP",51306,,,,103119
"RUBBERCRAFT CORPORATION OF CALIFORNIA, LTD DBA RUBBER TECK DIVISION USE CAGE CODE 77969 FOR CATALOGING",51362,,,,003360
BORGWARNER THERMAL SYSTEMS INC. DIV EMISSIONS/THERMAL SYSTEMS,51377,,,,001804
BUTLER PRECISION BELTING INC DBA BPB,51381,,,,008685
R.W. BECKETT CORPORATION DIV BECKETT ENERGY SYSTEMS,51384,,,,102552
VICTOR FLUID POWER INC,51387,,,,007083
BANDO AMERICAN INC MAC-SPEC DIV,51395,,,,002959
MURATA ERIE NORTH AMERICA INC HEADQUARTERS AND GEORGIA OPNS,51406,,,,003297
WATTS HEATING AND HOT WATER SOLUTIONS LLC DBA PVI INDUSTRIES LLC,51419,,,,005978
"EMS DEVELOPMENT CORPORATION DBA ULTRA ELECTRONICS, EMS",51435,,,,109629
INGERSOLL-RAND COMPANY DBA INGERSOLL-RAND,51436,,,,105668
PARKER HANNIFIN CORP DBA PARKER HANNIFIN CORPORATION INDUSTRIAL GAS FILTRATION AND GE DIV INDUSTRIAL GAS FILTRATION AND GENERATION DIVISION,51440,,,,000453
"BEATRICE COMPANIES, INC.",51442,,,,102540
WESTRON CORPORATION DBA WESTRON LIGHTING,51454,,,,006177
"PRC COMPOSITES, LLC DBA PRC COMPOSITES LLC",51489,,,,006693
ACCURATE SCREW MACHINE CORP DIV ACCURATE SCREW MACHINE CORPORATION,51506,,,,006537
HONEYWELL INTERNATIONAL INC. DIV HONEYWELL TEST AND MEASUREMENT,51518,,,,007011
CREST GOOD MANUFACTURING CO INC,51535,,,,100383
"EXCEL INDUSTRIES, INC DBA EXCEL INDUSTRIES OF KANSAS DIV GOVERNMENT SALES",51541,,,,103904
"ROHR, INC. DBA ROHR INDUSTRIES INC DIV ROHR INC., A PART OF COLLINS AEROSPACE",51563,,,,003767
RBC BEARINGS INCORPORATED DIV WEST TRENTON DIVISION,51588,,,,101766
ST-SEMICON INC,51589,,,,007978
AQUA-CHEM INC WATER TECHNOLOGIES DIV,51657,,,,102317
"SUPERIOR AIR PARTS, INC.",51660,,,,105617
HYDRO-AIRE AEROSPACE CORP. DBA LEAR ROMEC DIV LEAR ROMEC,51663,,,,006625
RYAN HERCO PRODUCTS CORP,51671,,,,001731
LUMITRON CORP.,51702,,,,006242
GREENHECK FAN CORPORATION DBA GREENHECK FAN CORP,51704,,,,102201
"INTERCONNECTION MARKETING ,INC. DBA INTERCONNECTION MARKETING INC",51721,,,,105700
AUTO METER PRODUCTS INC.,51731,,,,002089
TIME MARK CORP,51741,,,,103277
WILCOM INC DBA WILCOM INC,51778,,,,101443
STATEK CORP,51791,,,,102477
HANSOME ENERGY SYSTEMS INC,51802,,,,101111
KENCO INTERNATIONAL  INC DBA KENCO ENGINEERING,51806,,,,113499
SMALLEY STEEL RING CO.,51814,,,,008075
HABCO INDUSTRIES LLC,51826,,,,109322
BREN-TRONICS DEFENSE LLC,51828,,,,102800
CR INDUSTRIES CHICAGO RAWHIDE MFG CO,51829,,,,002253
AURORA CORD AND CABLE CO,51831,,,,003257
ERNST JOHN C & CO INC.,51857,,,,003635
BALDOR ELECTRIC COMPANY DBA BALDOR GENERATOR DIV BALDOR GENERATORS,51879,,,,006805
ITT CORPORATION DBA ITT STANDARD,51900,,,,101224
JLG INDUSTRIES INC,51905,,,,100078
"GAS TECH, INC",51906,,,,007941
"WALKER POWER SYSTEMS, INC. DBA TIERNAY TURBINES",51913,,,,103160
OLYMPIC CONTROLS CORP,51915,,,,104125
"SCHNEIDER ELECTRIC USA, INC DBA SCHNEIDER ELECTRIC",51917,,,,110961
SQUARE D CO COLUMBIA MFG PLANT,51920,,,,002954
SKYLOCK INDUSTRIES,51941,,,,103004
ZIDELL VALVE CORP,51949,,,,103536
"NASHVILLE SURGICAL INSTRUMENTS, LLC DBA NASHVILLE SURGICAL INSTRUMENTS DIV NASHVILLE SURGICAL INSTRUMENTS",51HF0,,,,109258
COLE-PARMER INSTRUMENT COMPANY DBA DAVIS INSTRUMENTS,51KK6,,,,100885
WONPRO LLC,51V54,,,,108081
GRACO SUPPLY COMPANY,52004,,,,109413
BIOMARINE INC,52032,,,,110842
SPRECHER AND SCHUH INC S AND S CONTROLS DIV,52034,,,,002604
AGFA NDT INC. DIV KRAUTKRAMER ULTRASONICS,52039,,,,101710
ROURA ACQUISITION INC,52052,,,,110748
CIRCUIT ASSEMBLY CORP,52072,,,,003993
EURAMCO SAFETY INC,52081,,,,100879
TELEMECANIQUE INC,52090,,,,002193
CALMARK CORPORATION,52094,,,,006092
"RIDE SWITCHES, LLC",52139,,,,105821
NATIONAL OILWELL VARCO INC DBA NATIONAL OILWELL,52142,,,,113616
CONTINENTAL ELECTRONICS CORP,52151,,,,006021
3M COMPANY DIV INDUSTRIAL ADHESIVES AND TAPES DIV,52152,,,,002253
MEASUREMENT SPECIALTIES INC,52158,,,,109070
"3D INSTRUMENTS, LP DBA SIERRA PRECISION",52159,,,,104160
REELCRAFT INDUSTRIES INC,52173,,,,001437
FOOTE-JONES/ILLINOIS GEAR CO DIV OF REGAL-BELOIT CORP,52193,,,,102503
CATON CONNECTOR CORPORATION DBA CATON CONNECTOR CORP,52196,,,,003940
ROYAL PRODUCTS DIV OF CURRAN MFG CORP,52208,,,,000824
"MESTEK, INC. DBA AMERICAN WARMING & VENTILATING DIVISION DIV AMERICAN WARMING AND VENTILATING",52249,,,,109631
FLUID MECHANICS VALVE COMPANY,52253,,,,109443
MULTI-TECH INDUSTRIES INC.,52263,,,,003686
"DANA COMMERCIAL VEHICLE PRODUCTS, LLC",52304,,,,008446
THE CLAREMONT SALES CORP,52307,,,,008293
R. M. YOUNG COMPANY LLC,52314,,,,110357
KLEIN MARINE SYSTEMS INC,52315,,,,102509
"CANFIELD TECHNOLOGIES, LLC",52329,,,,101190
MEGATOR CORP,52330,,,,008600
"API ELECTRONICS, INC. DBA API TECHNOLOGIES CORP DIV API TECHNOLOGIES - SPECTRUM MICROWAVE",52333,,,,008782
"DAL-TECH DEVICES, INC. DBA DAL-TECH DEVICES INC DIV DAL-TEC DEVICES, INC",52335,,,,003607
OSRAM SYLVANIA INC,52343,,,,103933
BARD MANUFACTURING COMPANY,52359,,,,003428
UNITED DRILL BUSHING CORPORATION,52369,,,,008480
FLOWSERVE CORP DIV FLOWSERVE US INC,52374,,,,111219
"MATUSE, INC. DIV MATUSE, INC.",523N9,,,,110548
PRECISION SWITCHING INC,52401,,,,101262
RUGGLES-KLINGEMANN MFG CO DBA THE RUGGLES-KLINGEMANN COMPANY,52406,,,,101707
EMERSON ELECTRIC CO COMPUTER POWER DIV,52414,,,,006105
"BRETFORD MANUFACTURING, INC.",52437,,,,104495
THOMAS AND BETTS CORP AMERICAN ELECTRIC DIV,52440,,,,001270
"GRAVOGRAPH-NEW HERMES, INC",52446,,,,006950
MICROTECH INC,52452,,,,109004
ALTURDYNE INTERNATIONAL,52515,,,,108704
LERCO DIV SPACE-LOK INC,52525,,,,102839
SYSTRON-DONNER CORP MICROWAVE/INSTRUMENT DIV,52542,,,,006269
TOLCO CORP,52572,,,,104885
STRATO-TOWER INC,52594,,,,003041
"ACTRON MANUFACTURING, INC. DBA ACTRON MANUFACTURING INC",52607,,,,101731
ROCKWOOD SYSTEMS CORP,52659,,,,003850
RTX CORPORATION DIV PRATT & WHITNEY,52661,,,,100652
SKF USA INC.,52676,,,,002497
"PCB PIEZOTRONICS, INC.",52681,,,,110086
"NRP JONES, LLC DBA NEPHI RUBBER PRODUCTS",52684,,,,000118
ARMSTRONG PUMPS INC,52694,,,,109595
"KEYSIGHT TECHNOLOGIES, INC.",52708,,,,003220
"UNITED EQUIPMENT ACCESSORIES, INC. DBA UNITED EQUIPMENT ACCESSORIES INC",52729,,,,100078
ALAN INDUSTRIES INC,52750,,,,008214
THERMO ELECTRON SCIENTIFIC INSTRUMENTS LLC,52787,,,,104616
SAGINAW PRODUCTS CORPORATION DBA CIGNYS,52793,,,,007211
"AUTOMATION PRODUCTS GROUP, INC.",52797,,,,102556
THE SALVAJOR COMPANY,52806,,,,008254
"TECH-ETCH, INC. DBA TECH-ETCH INC",52814,,,,004178
REPUBLIC FASTENER MFG. CORP. DBA ARCONIC FASTENING SYSTEMS,52828,,,,003137
"PSG CALIFORNIA, LLC DIV DOVER CORPORATION",52837,,,,001838
WESTERN DIGITAL CORP,52840,,,,109853
KOHLER CO ENGINE PLANT DIV,52845,,,,001173
"TLT-BABCOCK, INC.",52861,,,,108706
"FRANKLIN INSTRUMENT COMPANY, INC. DIV FRANKLIN INSTRUMENT CO",52870,,,,003405
EATON AEROSPACE LLC STERER ENGINEERING MORGAN ACTUATORS,52906,,,,103789
SALSBURY INDUSTRIES INC,52907,,,,111294
UNIVERSAL PLASTICS CORPORATION DBA UNIVERSAL BATH SYSTEMS,52911,,,,102074
"CAPRICE ENGINEERING COMPANY, INC.",52916,,,,105819
PRINCE INDUSTRIES INC,52928,,,,007038
"SUPERIOR PRODUCTS, LLC. DBA SP MEDICAL",52929,,,,004190
"NELSON AERO SPACE, INC.",52930,,,,003834
APC CORPORATE HEADQUARTERS,52A78,,,,112228
"TYMCO, INC",52DJ8,,,,102701
"AUSTAL USA ADVANCED TECHNOLOGIES, INC. DBA ELECTRAWATCH AN AUSTAL USA CO",52UH2,,,,112342
SSAC INC,53010,,,,002604
NSK CORP BEARING DIV,53035,,,,002497
SPIRAX SARCO INC,53059,,,,007326
"UNITED RING & SEAL, INC",53080,,,,102430
SARGENT & GREENLEAF INC,53085,,,,006635
"ALTO-SHAAM, INC",53091,,,,101755
C AND D VALVE MFG CO,53104,,,,100975
"PPG INDUSTRIES, INC. DBA PINETREE CONSULTING DIV AEROSPACE",53117,,,,002323
SPIRAL METALS CORPORATION OF BATON ROUGE DBA SPIRAL METALS CORP OF BATON ROUGE DIV SPIRAL METALS CORP OF BATON,53146,,,,109764
PORTLAND VALVE LLC,53154,,,,100603
"CUSTOM HYDRAULIC & MACHINE, INC. DBA CUSTOM HYDRAULIC & MACHINE INC",53159,,,,001469
KOLD-BAN INTERNATIONAL LTD DIV KBI,53203,,,,100078
SAVORY EQUIPMENT CO,53205,,,,008254
CADDY CORP OF AMERICA SUB OF THE ROCKAWAY CORP,53207,,,,007179
TECHNICAL WIRE PRODUCTS INC DBA TECKNIT INC,53217,,,,003406
"TROJAN, INC. DBA HYTRON ELECTRIC PRODUCTS DIV DIV DIC TOOL",53236,,,,108610
COMPAIR KELLOGG DIV OF ROBERTSHAW CONTROLS CO,53239,,,,102887
"SECTOR MICROWAVE INDUSTRIES, INC. DBA SECTOR MICROWAVE INDUST",53263,,,,109034
AIRPAK PRODUCTS CORPORATION DBA AIRPAK PRODUCTS CORP,53266,,,,103159
TAIYO YUDEN (USA) INC,53279,,,,006226
EQUIPMENT & SUPPLY INC DBA EQUIPMENT & SUPPLY INC,53327,,,,103327
OPT INDUSTRIES INC DIV OF ELECTRONIKA INC,53342,,,,008500
"SETRA SYSTEMS, INC. DBA SETRA, INC.",53367,,,,008159
3M COMPANY DBA 3M,53387,,,,004008
"DETEK, INC.",53404,,,,006220
HELLERMANNTYTON CORPORATION,53421,,,,003775
CUNICO CORPORATION,53424,,,,111089
"ROBERT E. KRUEGER MANUFACTURING AND ENGINEERING COMPANY, LLC DBA ROBERT E KRUEGER MANUFACTURING & ENGINEERING CO LLC",53443,,,,106317
OATEY CO,53472,,,,000470
SCOVILL INC SCHRADER BELLOWS DIV,53477,,,,102791
"SPECIALTY LIGHTING, INC DIV SPECIALTY LIGHTING",53494,,,,007075
"SCHRAMM, INC.",53496,,,,008816
TYCO ELECTRONICS CROMPTON INSTRUMENT,53498,,,,103727
AIR QUIP INC ROBLEYCO DIV PO BOX 245 FAIRVIEW VILLAGE PA 19409,53507,,,,008195
ALPHA INDUSTRIES INC ADVANCED PRODUCTS DIV,53536,,,,008141
H S C CONTROLS INC,53541,,,,008877
"ALLFAST FASTENING SYSTEMS, LLC",53551,,,,102838
AMETEK INC SCHUTTE AND KOERTING DIV,53553,,,,008121
HAWKER PACIFIC AEROSPACE,53583,,,,109230
SCHWITZER ENGINE COMPONENTS A HOUSEHOLD INTL CO,53591,,,,002857
"PLASAN NORTH AMERICA, INC.",535V1,,,,109525
"COATING SPECIALTIES, INC DBA AERO PRODUCTS CO",53616,,,,004054
STROMAG INC,53622,,,,102708
TPI CORP,53715,,,,106396
WESTFIELD HYDRAULICS INC DBA WESTFIELD HYDRAULICS INC,53730,,,,100076
A & S GLASS FABRICS CO INC DBA FABRI COTE DIV FABRI COTE,53736,,,,110740
LIGHTHOUSE MANUFACTURING LLC DIV RICHARD MACHINE CO,53767,,,,000324
AMTROL INC,53775,,,,102981
SPX CORP,53781,,,,002011
STAUFF CORP,53790,,,,000075
NEDMAC INC.,53821,,,,107202
BARNES ENGINEERING COMPANY,53823,,,,008263
"DRAEGER SAFETY, INC.",53833,,,,006212
MAGNESPEC INC,53854,,,,008676
ROBERT BOSCH LLC,53867,,,,101007
"STUART INDUSTRIES, LTD.",53871,,,,100151
HACH ULTRA ANALYTICS INC. DBA PACIFIC SCIENTIFIC INSTRUMENTS,53882,,,,109773
AIRTECH INTERNATIONAL INC DBA AIRTECH INTERNATIONAL INC,53912,,,,112789
SEPARATION & RECOVERY SYSTEMS INC,53918,,,,101110
"INFINITE ELECTRONICS INTERNATIONAL, INC.",53919,,,,102660
EVANS & SUTHERLAND COMPUTER CORP,53938,,,,100060
KAYDON CUSTOM FILTRATION CORPORATION,53964,,,,102932
"GEP-POWER PRODUCTS, LLC DIV GLOBAL ENGINEERED POWER PRODUCTS",53YT3,,,,106408
DECIMAL INDUSTRIES INC.,54011,,,,108345
STRUBE INC,54034,,,,006089
SUN HYDRAULICS CORPORATION,54035,,,,005942
APPLIED COMPANIES,54080,,,,102638
DRS C3 & AVIATION COMPANY DBA DRS DATA & IMAGING SYSTEMS,54089,,,,007243
D & J PARTS INC,54108,,,,104241
"SWAN INDUSTRIES, INC.",54112,,,,100078
CLEVELAND SERVICE CENTER,54119,,,,001731
"BAKER, LYMAN & COMPANY, INC. DBA BAKER LYMAN CO",54121,,,,104483
"MARK OPTICS, INC.",54159,,,,106303
"CONSTELLATION BRANDS, INC. DBA CONSTELLATION BRANDS, INC",54191,,,,003226
TRITON INDUSTRIES INC,54195,,,,102725
"GERALD L. GREER COMPANY, INC. DBA GREER",54220,,,,003003
"MYERS POWER PRODUCTS, INC. DBA MYERS/ABACUS DIV MYERS EMERGENCY POWER SYSTEMS",54241,,,,111049
SEVERANCE TOOL INDUSTRIES INC.,54251,,,,102687
ORLOTRONICS CORP,54267,,,,100138
ERIE ENGINEERED PRODUCTS INC,54278,,,,008481
FIRESEARCH CORPORATION DBA FIRE RESEARCH CORPORATION,54280,,,,103728
SHALLCROSS INC,54294,,,,008678
NUMBER INC,54297,,,,007181
JAMECO INDUSTRIES INC,54300,,,,003897
"ASTRONOVA, INC.",54318,,,,112221
MONITOR PRODUCTS CO. INC. DBA MONITOR PRODUCTS CO. INC.,54331,,,,102477
ACCESSORIES FOR ELECTRONICS INC DBA AFE,54355,,,,008675
"AERO SPRING & MANUFACTURING COMPANY, INC. DBA AERO SPRING & MANUFACTURING CO INC",54368,,,,101677
ALFA LAVAL INC.,54370,,,,002864
"RPS-FL, INC. DBA RPS INC",54402,,,,007098
MILTOPE CORPORATION,54418,,,,008039
FABWRIGHT INC,54440,,,,101153
MIN-E-CON LLC,54455,,,,008657
MATSUSHITA ELECTRIC CORP OF AMERICA M/S 7H-4,54473,,,,106692
TEREX USA LLC,54525,,,,102339
SHELL OIL CO,54527,,,,104465
TRI-DIM FILTER CORPORATION DBA TRI-DIM FILTER CORP,54537,,,,113493
"ENERQUIP, LLC",54539,,,,003247
"ROTATING PRECISION MECHANISMS, INC. DBA ROTATING PRECISION MECHANISMS INC",54547,,,,112404
FORSHEDA SHAFT SEAL CORP,54568,,,,002772
DYNALCO CONTROLS CORPORATION,54571,,,,102646
"SL MONTEVIDEO TECHNOLOGY, INC. DBA SL-MTI",54572,,,,100922
AIR FILTERS INC,54573,,,,101093
GRINNELL CORP SUB OF TYCO INTL US INC,54578,,,,102857
"CLAMPCO PRODUCTS, INC.",54646,,,,003132
MICROTECH INC,54647,,,,101203
"FLOWMETRICS, INC. DBA FLOWMETRICS INC",54679,,,,101065
3M COMPANY SECURITY SYSTEMS DIV,54681,,,,103774
SEAL MASTER CORP DBA SEAL MASTER CORP,54686,,,,008104
LONGWOOD ELASTOMERS INC AFFIL OF LONGWOOD INDUSTRIES,54690,,,,000754
"MOTION CONTROL TECHNOLOGIES, INC.",546Q9,,,,113595
MOD-A-CAN INC,54709,,,,100600
SHURE BROS INC,54715,,,,102137
"HYDRASEARCH CO., INC. DBA USE CAGE CODE 32142 FOR CATALOGING",54716,,,,003969
DOWNING ELECTRONICS INC,54751,,,,104136
R G ROLLIN CO,54752,,,,100078
KOCH FILTER CORPORATION,54775,,,,103239
"THERMAL STRUCTURES, INC",54787,,,,002944
SALEM-REPUBLIC RUBBER CO (INC),54789,,,,000154
"BRETON INDUSTRIES, INC",54799,,,,006188
AUTEK SYSTEMS CORP,54817,,,,004039
INTEDGE INDUSTRIES INC VALMONT DIV,54821,,,,103257
INGERSOLL-RAND CO TOOL GROUP HEADQUARTERS,54837,,,,001482
PRECISION CABLE MFG CO INC,54840,,,,006864
MODULAR CONTROLS CORP,54846,,,,000075
E.J. BROOKS COMPANY DBA TYDENBROOKS SECURITY PRODUCTS GROUP DIV SECURITY PRODUCTS GROUP,54867,,,,104525
PIHER INTL CORP,54869,,,,003197
ROTAIR AEROSPACE CORP DBA ROTAIR AEROSPACE CORP,54878,,,,003352
WELDING NOZZLE INTL INC,54899,,,,000109
,,,,,103246
BLAKE WIRE AND CABLE CORPORATION DBA BLAKE WIRE & CABLE,54910,,,,106601
RADIAC ABRASIVES INC,54916,,,,008125
UNITED STATES DEPARTMENT OF THE ARMY CHEMICAL AGENT/MUNITIONS DISPOSAL SYSTEMS ENGINEERING DIV,54931,,,,000985
NORTH WIND TEST LLC,54933,,,,101302
HAYNES CORPORATION,54936,,,,002021
PARKER-HANNIFIN CORPORATION DIV INSTRUMENTATION PRODUCTS DIVISION,54938,,,,008114
PARKER-HANNIFIN CORP DIV INSTRUMENTATION PRODUCTS DIVISION,54939,,,,000453
"GULFGATE EQUIPMENT, INC.",54956,,,,103548
TELATEMP CORPORATION,54964,,,,008719
ASCHBACHER & ASSOCIATES INC,54991,,,,003226
"ATD TOOLS, INC.",54AN1,,,,112463
"NORTH COLORADO SPRINGS CARTRIDGE WORLD, INC.",54AZ4,,,,006805
"GRADON SUPPLY, INC. DBA JOHNSTONE SUPPLY DIV PORTLAND",54CR6,,,,102981
ABB MOTORS & MECHANICAL INC,54ZA4,,,,006805
BURCO MOLDING INC DBA BURCO,55003,,,,111651
SIMPLICITY MANUFACTURING INC,55016,,,,006036
ESAB GROUP INC THE DBA ESAB WELDING & CUTTING PDTS,55019,,,,000109
"SPECTRUM MICROWAVE, INC. DBA API TECHNOLOGIES DIV API TECHNOLOGIES - SPECTRUM MICROWAVE",55027,,,,100935
RONALD VELLI LLC DBA MULTIMATIC,55031,,,,103048
"METROPOLITAN AIRCRAFT PARTS, INC. DBA METROPOLITAN AIRCRAFT PARTS INC",55034,,,,109240
C-TECH INDUSTRIES INC,55068,,,,106385
STURDY CORP DBA STURDY CORP DIV STURDY CORPORATION,55069,,,,110758
GOODRICH,55070,,,,103967
TENNSMITH INC,55071,,,,110708
SHILOH INDUSTRIES INC,55097,,,,101288
CONTINENTAL EMSCO CO SKAGIT PRODUCTS DIV,55102,,,,104410
"TRI-STAR ELECTRONICS INTERNATIONAL, INC. DBA CARLISLE INTERCONNECT DIV CARLISLE INTERCONNECT TECHNOLOGIES",55104,,,,111915
OLMSTED PRODUCTS COMPANY LLC,55107,,,,000075
SKIL CORP,55111,,,,005953
KNOWLES CAZENOVIA INC.,55153,,,,100639
"SURE POWER, INC DBA EATON SURE POWER, INC",55156,,,,106357
"CARL STAHL SAVA INDUSTRIES, INC.",55175,,,,102655
RTRONICS INC,55183,,,,105576
VERNATHERM LLC,55193,,,,102125
SORA POWER INC. DBA SIGMA DIVISION,55196,,,,007945
3M COMPANY DIV ELECTRO AND COMMUNICATIONS BUSINESS,55203,,,,100110
"ARROW-MASTER, INCORPORATED",55207,,,,002591
BETA SHIM CO. DBA BETA SHIM CO DIV BETA SHIM COMPANY,55214,,,,006678
ISOMETRICS INC,55242,,,,006835
"BLOOM MANUFACTURING, LLC DBA BLOOM INC",55256,,,,110032
"GIL, INC.",55260,,,,008003
TUNGSTEN INDUSTRIES,55275,,,,104183
HONEYWELL INTERNATIONAL INC. DBA HONEYWELL DIV AEROSPACE-SOUTH BEND (WESTMOOR ST),55284,,,,100846
HENKEL CORPORATION,55285,,,,008718
"L3 TECHNOLOGIES, INC.",55311,,,,103331
DYNAMIC INDUSTRIES CORP,55314,,,,007162
SAMTEC INC DBA SAMTEC INC,55322,,,,003286
A M MACHINE CO INC,55332,,,,102411
"JKL COMPONENTS, CORPORATION",55335,,,,008596
"ALAMO AIRCRAFT, LTD.",55345,,,,101704
EMCOR ENCLOSURES LLC,55355,,,,007949
SMITH & WESSON SALES COMPANY,55358,,,,111545
REL-HAK ENTERPRISES,55360,,,,002301
"TRAC REGULATOR CO., INC. DBA TRAC REGULATOR CO INC",55378,,,,100078
"HATCH & KIRK, INC.",55380,,,,002301
AEROSPACE MANUFACTURING INC DBA AEROSPACE MANUFACTURING INC,55418,,,,100214
CAMAR CORP.,55422,,,,101057
GOODRICH LIGHTING SYSTEMS INC,55438,,,,008722
OPTO 22,55442,,,,101397
INDEX INDUSTRIES INC,55443,,,,101332
LIEBERT CORP,55455,,,,101638
"ESSEX INDUSTRIES, INC.",55469,,,,007907
SMC CORPORATION OF AMERICA,55470,,,,101007
"MORPHO DETECTION, LLC",55503,,,,100078
FLOW EZY FILTERS INC,55524,,,,007213
"CONNECTICUT VALLEY INDUSTRIES, LLC DBA CONNECTICUT VALLEY INDUSTRIES",55560,,,,106253
"ITT VEAM, LLC DIV ITT VEAM LLC",55561,,,,005980
"MATTHEW WARREN, INC DBA RAF ELECTRONIC HARDWARE DIV RAF ELECTRONIC HARDWARE, LLC",55566,,,,007214
MANUFACTURING TECHNOLOGY INC SUB OF ADAMS ENGINEERING CORP,55568,,,,108490
"TAMCO, INC. DBA TECHNICAL ASSISTANCE COMPANY DIV TECHNICAL ASSISTANCE COMPANY",55581,,,,103646
EATON ELECTRICAL INC. DBA CUTTLER HMMER CMRCL CNTRLS DIV DIV VEHICLE CONTROLS BUSINESS UNIT,55588,,,,002538
"DAYTON-GRANGER, INC.",55635,,,,003434
WARD PROCESS INC AMERICAN ACOUSTICAL PRODUCTS DIV,55674,,,,006687
NICHICON AMERICA CORP,55680,,,,003197
SMITH EQUIPMENT MFG CO LLC,55681,,,,000109
LINDE MATERIAL HANDLING NORTH AMERICA CORPORATION,556A6,,,,002645
ROTARY VACUUM PUMPS INC,55708,,,,007327
"IDSC HOLDINGS LLC DIV SNAP-ON INDUSTRIAL, A DIV. OF IDSC HOLDINGS , LLC",55719,,,,006103
THERMAL TRANSFER PRODUCTS LTD,55724,,,,101007
JEFFREY CHAIN L.P.,55739,,,,006997
PARKER-HANNIFIN CORPORATION DBA RACOR DIVISION DIV RACOR DIVISION,55752,,,,100385
STABILUS,55787,,,,102064
MINE SAFETY APPLIANCES COMPANY,55799,,,,000621
LAUNDRY AND DRY CLEANING EQUIPMENT CO,55809,,,,108222
RTX CORPORATION DIV PRATT & WHITNEY,55820,,,,002512
ROTO MANUFACTURING COMPANY INC,55826,,,,104915
EATON CORP MACHINERY PROCESS CONTROL OPNS,55840,,,,002538
MAGNAVON INDUSTRIES INC.,55856,,,,101972
"INDUSTRIAL PARTS DEPOT, LLC DBA IPD",55883,,,,101207
SOMMER & MACA INDUSTRIES INC DBA SOMACA,55899,,,,003597
CURTIS-TOLEDO INC.,55921,,,,000726
METUCHEN CAPACITORS INC.,55969,,,,003043
HONEYWELL INTL INC DEFENSE AVIONICS SYSTEMS,55972,,,,108972
HONEYWELL INTL INC DEFENSE AVIONICS SYSTEMS FORMER GUIDANCE SYSTEMS DIV,55973,,,,003431
HONEYWELL INTL INC DEFENSE AVIONICS SYSTEMS FORMER TEST SYSTEMS DIV,55974,,,,003431
"CARO, INC. DBA SOUTH BEND LATHE",55985,,,,106530
PACIFIC SCIENTIFIC CO MOTOR AND CONTROL DIV,55988,,,,008456
"ANCHOR AUDIO, INC.",55991,,,,105749
DYNAFLEX PRODUCTS,55996,,,,103675
MACOM TECHNOLOGY SOLUTIONS INC,55NN2,,,,002985
MILITARY PARTS EXCHANGE LLC DBA MPX,55SD5,,,,110398
ABB MOTORS AND MECHANICAL INC DIV GAINSVILLE MOTOR PLANT,55V59,,,,006805
"SENSATA TECHNOLOGIES MASSACHUSETTS, INC.",55YR1,,,,111402
BTR NETCOM INC.,55YZ5,,,,102824
SOUTH COAST CO,56007,,,,002460
HARNISCHFEGER CORP PORTAL CRANE PARTS DIV,56010,,,,003126
UNAFLEX INC.,56033,,,,000286
"HYDRO-TEST PRODUCTS, INC. DBA HYDRO-TEST PRODUCTS INC",56043,,,,105029
ASSOCIATED SPRING CORP DIV OF THE BARNES GROUP INC DALLAS DIV,56048,,,,006009
STEELMASTERS OF COLUMBUS INC,56064,,,,002306
LEESON ELECTRIC CORP,56065,,,,002959
BELL PRECISION INC,56122,,,,008011
SAFRAN CABIN INC,56135,,,,112234
TX TECHNOLOGY LLC,56183,,,,006251
"METADURE PARTS & SALES, INC.",56190,,,,007215
"LITTLE GIANT LADDER SYSTEMS, LLC",56193,,,,108328
MC PRODUCTS INC,56212,,,,006638
"TELEDYNE WIRELESS, LLC DBA TELEDYNE MICROWAVE SOLUTIONS",56216,,,,101019
GE AVIATION SYSTEMS LLC DBA GE AVIATION,56231,,,,006715
NORDEX INC,56262,,,,002433
SPEDE TOOL MFG. CO DBA SPEDECUT ABRASIVES,56268,,,,100738
RAY MACHINE INC,56276,,,,000997
"REGENCY SERVICE CARTS, INC.",56281,,,,110086
SPRAGUE ELECTRIC CO WORLD HQS,56289,,,,006117
"SCHNEIDER ELECTRIC USA, INC.",56303,,,,102993
"EVANS COATINGS, L. L. C.",56307,,,,110006
POWER-SONIC CORPORATION,56309,,,,003775
"LAUREN MANUFACTURING, LLC",56329,,,,008096
"TELEDYNE WIRELESS, INC. DBA TELEDYNE MICROWAVE DIV TELEDYNE MICROWAVE",56348,,,,106369
"TRI-TEC MANUFACTURING, LLC",56349,,,,110625
MANHATTAN/CDT COLE-FLEX,56352,,,,001628
SPROUT-WALDRON OPERATION METAL PRODUCTS DIV KOPPERS CO INC,56355,,,,002033
QUINCO TOOL PRODUCTS CO INC,56370,,,,110088
ULTRACHEM INC,56385,,,,111896
STA-WARM ELECTRIC CO,56403,,,,104189
JASPER ELECTRONICS,56410,,,,105548
ALEXANDER TECHNOLOGIES INC,56469,,,,002026
BELL FLOYD ASSOCIATES INC,56493,,,,100287
TECTRAN MFG INC,564B3,,,,000759
ABB INSTALLATION PRODUCTS INC,56501,,,,001042
FIL-COIL (FC) INC.,56528,,,,006911
"HYDRAULICS INTERNATIONAL, INC. DBA HYDRAULICS INTERNATIONAL INC",56529,,,,008473
"ASSOCIATED AIRCRAFT MANUFACTURING & SALES, INC. DBA ASSOCIATED AIRCRAFT MANUFACTURING & SALES INC",56540,,,,006672
ELECTRO TECH SYSTEMS INC,56541,,,,105950
ALIGN AEROSPACE LLC,56563,,,,008368
"JETSTREAM OF HOUSTON, LLP DBA JETSTREAM OF HOUSTON LLP",56570,,,,006102
BASSETT ROTARY TOOL CO SUB OF FEDERAL SIGNAL CORP P O BOX 2587 AUGUSTA GA 30903-2587,56571,,,,000824
LEXAIR INC,56607,,,,006670
MC DANIEL CONTROLS,56608,,,,006997
MICROSEMI CORP.-POWER MANAGEMENT GROUP,56623,,,,002985
"SIERRA INSTRUMENTS, INC. DBA SIERRA INSTRUMENTS INC",56629,,,,000453
STANDARD ELECTRIC TIME CORP,56631,,,,002349
"RCD COMPONENTS, INC.",56637,,,,003197
"TYMCO INTERNATIONAL, INC.",56642,,,,102701
TIMKEN AURORA BEARING COMPANY,56644,,,,101289
"STREAMLIGHT, INC.",56654,,,,008049
DYNETCOM INC,56657,,,,101398
ULTRA TOOL INTERNATIONAL INC,56668,,,,108490
COCHRAN AIRPORT SYSTEMS,56692,,,,101987
J AND H SMITH LIGHT CORP,56694,,,,006844
BC COMPONENTS,56699,,,,003197
"ANT COMPANY OF VA, THE",56770,,,,101485
DA LO INDUSTRIES INC DIV DA LO INDUSTRIES DIVISION OF ADAMS USA INC.,56772,,,,101450
SGS TOOL CO,56777,,,,101318
KURZ INSTRUMENTS INC,56781,,,,110923
"BRACKETT AIRCRAFT COMPANY, INC",56833,,,,109506
WORDEN INDUSTRIAL CO,56836,,,,004069
HANSON MACHINE,56855,,,,100484
"SPS TECHNOLOGIES, LLC DIV FASTENERS",56878,,,,100896
GENOVA INC,56879,,,,107179
JARVIS CUTTING TOOLS INC,56922,,,,102649
POWDER ALLOY CORP,56923,,,,103852
"G.S. PRECISION, INC.",56946,,,,103690
"MATTHEW WARREN, INC. DBA CENTURY SPRING CORP. DIV CENTURY SPRING CORP.",56988,,,,006694
GROTE MFG LTD,56995,,,,003091
MORGEN INDUSTRIES INC,56998,,,,104267
TS2 TACTICAL SPEC-SOLUTIONS INC.,569E7,,,,110854
ELECTRIC BOAT CORPORATION DIV HSI-ELECTRIC BOAT,56NQ5,,,,103009
UNITED REFRIGERATION INC,56PU2,,,,006527
"TIEWRAPS.COM, INC.",56QB5,,,,110472
SHELLHAMER ENTERPRISES INC DBA SHELLHAMER EMERGENCY EQUIPMENT,56QC4,,,,109889
SECUREIT TACTICAL INC DBA SECUREIT TACTICAL INC,56QW0,,,,108069
CHOMERICS INC SHIELDING TECHNOLOGY DIV,57003,,,,004142
"TELEX COMMUNICATIONS/ELECTRO VOICE, INC. DBA USE CAGE CODE 05613 FOR CATALOGING",57010,,,,104596
S C P GLOBAL TECHNOLOGIES INC. DBA S C P GLOBAL TECHNOLOGIES,57013,,,,002038
INGERSOLL-RAND CO INTERNATIONAL DIV,57033,,,,102417
AMPHENOL PRINTED CIRCUITS INC,57034,,,,109450
XSIS ELECTRONICS INC,57051,,,,108617
GATES ENERGY PRODUCTS AFFIL OF GATES RUBBER CO,57053,,,,101986
STANLEY WORKS THE,57068,,,,007921
"RHIMCO INDUSTRIES, INC. DBA RHIMCO INDUSTRIES INC",57094,,,,003553
UNITED INSTRUMENT INC,57098,,,,007967
TRIM-LOK INC DBA TRIM-LOK INC,57137,,,,105494
INSUL-8 CORP,57161,,,,008010
L.S. STARRETT COMPANY (THE) DIV TOOL DIVISION,57163,,,,101318
"DRETLOH AIRCRAFT SUPPLY, INC.",57167,,,,100078
"HARRIS ENGINEERING, INC",57215,,,,105544
AUTOMATED PRODUCTION EQUIPMENT CORP.,57216,,,,100924
"STRIEGEL SUPPLY, INC.",57217,,,,106731
SIEMENS ENERGY & AUTOMATION INC. DIV INFRASTRUCTURE LOGISTICS DIVISION,57219,,,,005946
ENGINEERED TRANSITIONS CO INC DBA ENTRACO,57224,,,,008087
"PICS SCREW MACHINE, INC. DBA PICS SCREW MACHINE INC",57227,,,,007216
LORD CORP AEROSPACE PRODUCTS DIV,57231,,,,008002
CTM MAGNETICS INC DIV CTM MAGNETICS,57245,,,,108708
"VISHAY SPRAGUE, INC. DBA VISHAY ELECTRO-FILMS INC. DIV VISHAY ELECTRO-FILMS",57252,,,,008735
SPAN INSTRUMENTS INC,57273,,,,102938
"CERTIFIED SLINGS, LLC DBA CERTIFIED SLINGS INC",57282,,,,102955
JBRO BATTERIES INC.,57289,,,,004032
STEINER INDUSTRIES INC,57307,,,,000109
HERTEL CUTTING TECHNOLOGIES INC,57309,,,,006558
"TRANS-CAL INDUSTRIES, INC",57323,,,,100078
BAUER COMPRESSORS INC,57328,,,,000054
"REMKE INDUSTRIES, INC.",57330,,,,103817
RAE BEARING SERVICE INC,57342,,,,105130
"SELLERS OPTICAL, INC. DBA SELLERS OPTICAL",57348,,,,100945
EVERFLEX PRODUCTS INC,57371,,,,000367
C-WAY INDUSTRIES INC,57386,,,,006248
"VEOLIA WTS USA, INC.",57394,,,,112188
"EASTERN AERO MARINE, INC. DBA EASTERN AERO MARINE INC DIV EAM AVIATION",57399,,,,110475
"SUNNEX, LLC",57431,,,,107957
KTM INDUSTRIES,57444,,,,103193
SEMMERLING FENCE AND SUPPLY INC,57463,,,,105011
SNAP-TITE INC,57467,,,,001911
ROTRON INCORPORATED DIV EL CAJON,57487,,,,105148
"EAGLE COMPRESSORS, INC. DBA EAGLE COMPRESSORS",57498,,,,102572
L E A INTERNATIONAL INC,57499,,,,003713
STERLING ELECTRIC INC SUB OF A O SMITH CORP,57524,,,,112715
FORD MOTOR COMPANY,57526,,,,101568
"ENMET, LLC",57529,,,,112881
STERLING INC,57538,,,,101549
"U D T, INC. DBA UDT INC",57547,,,,109677
STERLING MFG CO,57562,,,,008806
"NILFISK, INC. DBA NILFISK INDUSTRIAL VACUUMS DIV INDUSTRIAL VACUUM DIVISION",57573,,,,110187
VELAN VALVE CORP.,57574,,,,109535
INGERSOLL-RAND CO CONSTRUCTION EQUIPMENT GROUP,57576,,,,001049
HOMAC MFG CO,57587,,,,006019
"ACS INDUSTRIES, INC.",57598,,,,001934
"REXNORD INDUSTRIES, LLC DBA PSI BEARINGS DIV PSI BEARINGS",57606,,,,101592
CORDOVA CORP DBA PMR GLOBAL AEROSPACE DIV PMR GLOBAL AEROSPACE,57609,,,,003713
"HOPE, INC. DBA HOPE INC",57611,,,,000737
FISHER-BAKER CORPORATION,57616,,,,101628
IGS INDUSTRIES INC,57630,,,,103631
PHILLIPS BROS PLASTICS CO,57632,,,,101090
METERMASTER INC MISCORP DIV,57639,,,,002370
"LAWSON PRODUCTS, INC.",57648,,,,001649
NAUTEL MAINE INC,57655,,,,109576
BUCKEYE FIRE EQUIPMENT CO,57658,,,,103029
ANIXTER INC.,57672,,,,103187
TRI-TECH MACHINE INC,57682,,,,007269
INSTRUMENT SALES AND SERVICE INC.,57684,,,,101084
HUNTRON INC,57705,,,,104025
TELEMECHANICS INC,57712,,,,006993
KLOCKNER-MOELLER CORP,57715,,,,002959
WILSHIRE CORP,57716,,,,102201
STEWART-WARNER CORPORATION,57733,,,,102702
"HERMAN H STICHT COMPANY, INC DBA MEGOHMER VIBRATING REED & STANDCO",57737,,,,102888
PARKER HANNIFIN CORPORATION DBA HYDRAULIC PUMP/MOTOR DUV DIV HYDRAULIC PUMP DIVISION,57760,,,,001747
CONSUMERS' AIRCRAFT COMPANY INC,57763,,,,002706
"EDWIN B. STIMPSON CO, INC DBA STIMPSON",57771,,,,007293
CAT PUMPS CORP,57783,,,,006227
RUCKER FLUID POWER INC,57785,,,,000463
"UNITED MICROWAVE PRODUCTS, INC.",57793,,,,005039
APPLETON ELECTRIC CO,57797,,,,002193
CRONUS PRECISION PRODUCTS INC,57801,,,,101657
"PAN-A-LITE PRODUCTS, INC",57810,,,,101940
"CARBIDE TOOLS FOR INDUSTRY, INC.",57833,,,,101198
KARMAN RUBBER COMPANY (INC),57839,,,,108900
STOKES VACUUM INC,57847,,,,007222
NOOK INDUSTRIES LLC DBA BALL BEARING SCREW SUPPLY INC,57855,,,,104424
THE BRINKMANN CORPORATION DBA COOK 'N CA'JUN,57857,,,,002383
LIQUID DEVELOPMENT COMPANY DBA LDC,57868,,,,007955
HONEYWELL ANALYTICS INC.,57914,,,,112124
MULTIPLIER INDUSTRIES CORP.,57932,,,,103473
STOODY CO,57965,,,,000109
GREER AERO LLC,57983,,,,006104
"SANITZ ENTERPRISES, INC. DIV SANTIZ ENTERPRISES, INC.",57AD8,,,,110743
SEE RESCUE CORPORATION,57CL6,,,,102627
"WESCO DISTRIBUTION, INC. DBA C C A",57D68,,,,005974
"MAXIM EVAPORATORS OF AMERICA, LLC DBA MAXIM EVAPORATORS LLC",57RT4,,,,112441
CATERPILLAR INC. DIV CATERPILLAR POWER GENERATION SYSTEMS DBA CATERPILLAR,57X29,,,,109806
"MOELLER MANUFACTURING & SUPPLY, LLC",58009,,,,102272
STAR MFG INTL INC DBAHOLMAN COOKING EQUIPMENT INC,58033,,,,102201
ELLIOTT B W MFG CO LLC FLEX SHAFT AND VALVE CONTROL PRODUCT LINES,58037,,,,003214
ADAMS RITE MFG. CO.,58051,,,,002252
U.S. INDUSTRIAL TOOL AND SUPPLY COMPANY DBA USIT CO,58110,,,,102354
UNITED STEERING SYSTEMS,58112,,,,102580
REXROTH CORP THE MOBILE HYDRAULICS DIV,58114,,,,101007
"FLEXITALLIC US, LLC",58156,,,,105157
SHORTRIDGE INSTRUMENTS INC,58162,,,,110126
ASTRO TOOL CORP.,58164,,,,101584
HESS MANUFACTURING INC DIV BLAST-IT-ALL,58166,,,,104372
LMC OPERATING CORP,58181,,,,001849
ALLIED INK CORPORATION DBA ALLIED INK,581M7,,,,111975
OMNTEC MANUFACTURING INC,58219,,,,101213
COILHOSE PNEUMATICS INC.,58277,,,,000019
ECONOLINE MFG INC,58295,,,,110031
TRUMP TED CO THE,58323,,,,006854
ZWICK ENERGY RESEARACH ORGANIZATION INC,58328,,,,103766
GENERAL INSTRUMENT CORP OPTOELECTRONICS DIV,58361,,,,004170
BYCAP INC,58364,,,,003226
KIRBY MORGAN DIVE SYSTEMS INC,58366,,,,104895
COLVIN PACKAGING PRODUCTS INC,58382,,,,104679
"ALLIED ENTERPRISES, INC.",58396,,,,101708
AVEX ELECTRONICS CORP.,58414,,,,008004
SUNDSTRAND CORP,58417,,,,002512
COMPRESSOR ENGINEERING CORP,58430,,,,110564
SUNROC CORP,58445,,,,008151
PARKER-HANNIFIN CORPORATION DBA PNEUMATIC NORTH AMERICA DIV PNEUMATICS NORTH AMERICA,58470,,,,102279
L-3 COMMUNICATIONS WESTWOOD CORPORATION DBA NMP DIVISION DIV L3 WESTWOOD CORPORATION,58475,,,,100078
PARKER-HANNIFIN CORPORATION FILTRATION AND SEPARATION DIVISION DBA FILTRATION & SEPARATION,58485,,,,000453
"893 MFG, LLC",58499,,,,002977
"RHINE AIR, INC",58501,,,,100321
THE BABCOCK & WILCOX COMPANY DBA B & W SERVICE CO DIV B&W SERVICE COMPANY,58529,,,,005991
FEDERAL COMMERCIAL ITEM DESCRIPTION PROMULGATED BY GENERAL SERVICES ADMINISTRATION WASHINGTON DC,58536,,,,105842
SUPERIOR VALVE CO,58553,,,,000563
"SYSTEMS WEST, INC DBA ICS ELECTRONICS DIV ICS ELECTRONICS",58558,,,,100783
ENVIROVAC INC DBA MONOGRAM SYSTEMS-ROCKFORD DIV,58568,,,,103658
PARKER-HANNIFIN CORPORATION DIV INTEGRATED SEALING SYSTEMS DIVISION,58572,,,,003696
CRANETRONICS INC,58584,,,,005023
ACCRO GASKET INC,58606,,,,007157
TE CONNECTIVITY CORPORATION,58614,,,,103972
CASTERS WHEELS AND INDUSTRIAL HANDLING INC,58627,,,,008455
SUPERALLOY MANUFACTURING SOLUTIONS CORPORATION,58628,,,,101343
AMERICAN PRECISION INDUSTRIES INC.,58655,,,,002684
SEMIKRON INTL INC,58687,,,,002985
DONEGAN OPTICAL COMPANY INC,58690,,,,112628
USECO AN AFFIL OF UNITED SERVICE EQUIPMENT CO,58712,,,,005936
"LEKTRO, INC.",58742,,,,108791
CTS CORP ELECTROMECHANICAL DIV,58756,,,,100974
CHATSWORTH DATA CORP,58768,,,,101281
"WAMCO, INC. DBA WAMCO INC",58774,,,,003191
VT LEEBOY INC. DBA LEEBOY DIV VT LEEBOY,58785,,,,005023
MOTION SYSTEMS CORP,58791,,,,106934
FASTENER TECHNOLOGY CORP,58794,,,,006548
MCCORMICK PUMP CO,58800,,,,100090
"BLUE-WHITE INDUSTRIES, LTD. DBA BLUE-WHITE INDUSTRIES LTD DIV BLUE-WHITE INDUSTRIES - HUNTINGTON BEACH, CA",58814,,,,003428
HUTSON AEROSPACE INC SUB OF TELEFLEX INC,58822,,,,006522
WELLMAN THERMAL SYSTEMS CORP,58823,,,,101351
TROJAN INDUSTRIES INC,58824,,,,104267
"TEMPOSONICS, LLC",58830,,,,100712
KATY INDUSTRIES INC SWOBODA H AND SON INC,58835,,,,106559
FMC TECHNOLOGIES INC DIV MATERIAL HANDLING SOLUTIONS,58849,,,,000045
UNIVERSAL AIR FILTER CO,58860,,,,101250
FEDERAL EQUIPMENT COMPANY DBA USE CAGE CODE 60587 FOR CATALOGING,58861,,,,003117
DP MFG INC,58864,,,,100357
"MEGGITT (NEW HAMPSHIRE), INC",58880,,,,101592
NATIONAL OIL WELL DBA IEC BAYLOR,58889,,,,005907
GIGA-TRONICS INCORPORATED DBA GIGA-TRONICS,58900,,,,004134
"ABBOTT TECHNOLOGIES, INC",58910,,,,104062
PNEUMATIC PRODUCTS CORP,58915,,,,104728
"AEROSPACE CONTROL PRODUCTS, INC. DBA AEROSPACE CONTROL PRODUCTS INC",58918,,,,101022
ROPER INDUSTRIES INC ROPER PUMP CO DIV,58923,,,,000045
SPACESAVER STORAGE SYSTEMS INC,58928,,,,105810
CONTINENTAL MACHINES INC CONTINENTAL HYDRAULICS DIV,58956,,,,000721
HONEYWELL INTERNATIONAL INC. DBA HONEYWELL DIV HONEYWELL AEROSPACE - PHOENIX (DEER VALLEY),58960,,,,108760
WAYTEK INC,58961,,,,004155
WINCHESTER INTERCONNECT MICRO LLC,58967,,,,006003
THE RELIABLE AUTOMATIC SPRINKLER CO INC,58975,,,,109020
ABBOTT TECHNOLOGIES INC INDUSTRIAL PRODUCTS DIV,58980,,,,006095
AMPHENOL PCD INC DBA AMPHENOL PCD INC DIV AMPHENOL PCD,58982,,,,008391
PRESSED STEEL TANK CO INC,58984,,,,104487
AVIARMS SUPPORT CORP,58985,,,,101053
"FASTENER INNOVATION TECHNOLOGY, INC. DBA F I T",58998,,,,100071
"BIOBLEND RENEWABLE RESOURCES, LLC DBA BIOBLEND RENEWABLE RESOURCES",58C34,,,,112040
"SEASONIC ELECTRONICS, INC.",58NU6,,,,109491
APPLETON GRP LLC DBA NELSON FIRESTOP PRODUCTS DIV NELSON FIRESTOP,58YU7,,,,005974
UNI-HYDRO INC,59000,,,,107283
POWERTRONIC SYSTEMS INC,59014,,,,100480
"PERMA-CAL INDUSTRIES, INC",59018,,,,107697
O'KEEFE CONTROLS CO.,59023,,,,105435
"MEGGITT DEFENSE SYSTEMS, INC. DBA MEGGITT WESTERN DESIGN",59027,,,,101515
"CMP DISPLAY SYSTEMS, INC.",59057,,,,103789
MICRO-MOUNTING DEVICES INC,59058,,,,108926
DESIGNATRONICS INC STOCK DRIVE PRODUCTS DIV,59076,,,,003663
"CORRU-SEALS, INC.",59088,,,,109372
NYLOK LLC,59093,,,,007200
UOP INC FLUID SYSTEMS DIV,59112,,,,101580
"TANNEWITZ, INC. DBA TANNEWITZ INC",59120,,,,006701
KOA SPEER ELECTRONICS INC,59124,,,,102778
ENGINEERED PRODUCTS CO. DIV ENGINEERED PRODUCTS COMPANY,59150,,,,100078
"MARINE DIESEL, INC. DBA MARINE DIESEL",59155,,,,100697
LOOS & CO INC,59157,,,,004189
"NORMAN FILTER COMPANY, L.L.C. DBA NORMAN FILTER CO LLC",59165,,,,100538
CIRCOR PUMPS NORTH AMERICA LLC,59180,,,,100078
GEAR PRODUCTS INC,59187,,,,002958
"PAC - RANCHO, INC.",59190,,,,109335
VDO-YAZAKI CORP,59197,,,,102702
"UNIVERSAL METAL PRODUCTS, INC. DBA UNIVERSAL METAL PRODUCTS INC DIV UNIVERSAL METAL PRODUCTS",59199,,,,104144
PARKER-HANNIFIN CORPORATION DBA PNEUTRONICS DIV CUSTOMER SUPPORT OPERATIONS,59211,,,,100205
"AERO COMPONENTS, LLC",59213,,,,104489
"GEOTEX, INC",59216,,,,104017
COOPER INDUSTRIES COOPER AIRMOTIVE DISTRICT DIV,59218,,,,107850
"DOUCETTE INDUSTRIES, INC.",59227,,,,007917
"INLAND VACUUM INDUSTRIES, INC. DBA INLAND VACUUM INDUSTRIES INC",59256,,,,103623
"JM FITTINGS, LLC DBA L & L FITTINGS MFG",59257,,,,100800
HYDRO-STACK MFG CORP SUB OF THE OILGEAR CO,59279,,,,000721
ELKAY MFG CO WATER COOLER DIV,59291,,,,000470
COLUMBUS INDUSTRIES INC,59307,,,,000045
"MCC HOLDINGS, INC. DBA CRANE VALVE NORTH AMERICA DIV CRANE CHEMPHARMA & ENERGY",59309,,,,100664
ABB KENT-TAYLOR INC,59310,,,,008312
STAVELEY SENSORS INC.,59334,,,,007039
CALTHERM CORP,59342,,,,103822
INCON INC DBA INCON INC,59350,,,,101808
INSTITUTE OF MANAGEMENT INSTRUCTION INC DBA INTERNATIONAL MANAGEMENT INSTITUTE,59358,,,,106225
PAPER CALMENSON AND CO PACAL BLADE DIV,59359,,,,002879
HONEYWELL INTERNATIONAL INC. DIV AEROSPACE - TEMPE (WEST WARNER ROAD),59364,,,,100205
BADGER METER INC DIV BADGER METER,59380,,,,007029
LAB SECURITY SYSTEMS CORP,59394,,,,006635
TECUMSEH PRODUCTS COMPANY LLC DIV TECUMSEH COMPRESSOR CO. LLC,59431,,,,000985
"KALAMAZOO INDUSTRIES, INC.",59438,,,,105056
ALKOTA CLEANING SYSTEMS INC,59455,,,,102465
TEMPLETON KENLY AND CO INC,59462,,,,100322
REX SYSTEMS INCORPORATED DBA REX SYSTEMS INC,59475,,,,005875
BROCO INC,59491,,,,007096
"GENIE INDUSTRIES, INC",59497,,,,105316
DANAHER MOTION,594K2,,,,007070
TENNANT COMPANY,59500,,,,001007
UNISON INDUSTRIES LLC,59501,,,,103491
MASTER BOND INC,59504,,,,109771
"NEWPORT SCIENTIFIC, INC. DBA NEWPORT SCIENTIFIC INC",59505,,,,003433
HERSH PACKING & RUBBER CO,59524,,,,002869
"MEGA FLUIDLINE PRODUCTS, INC.",59525,,,,109794
CUBIC COMMUNICATIONS INC,59532,,,,006145
"HEAVY EQUIPMENT PARTS, INC DBA HEAVY EQUIPMENT PARTS",59534,,,,003294
KOVATCH CORP.,59556,,,,003847
REID PRODUCTS INC. DBA REID PRODUCTS INC,59563,,,,100126
TRICO MANUFACTURING INC.,59570,,,,006807
AEROSPACE LIGHTING CORPORATION,59579,,,,113055
HYBRICON CORPORATION,59584,,,,109268
"BIOQUIP PRODUCTS, INC.",59590,,,,109613
TEXACO INC CORPORATE HQ,59595,,,,105913
"TRONAIR, INC. DIV TRONAIR",59603,,,,106118
SOURIAU INC,59610,,,,008180
ALLIANCE LAUNDRY SYSTEMS LLC,59618,,,,104513
DEAN TECHNOLOGY INC. DBA CKE,59656,,,,007978
"RED LION CONTROLS, INC.",59658,,,,003632
"TUSONIX, LLC",59660,,,,003552
SYNTEGRA / USA/ INC COMPUTER PARTS AND SUPPLIES ARH205,59661,,,,102396
"XENOTRONIX BATTERY SOLUTIONS, INC.",59662,,,,104440
"CV INTERNATIONAL, INC.",59672,,,,104158
"B. & E. MANUFACTURING CO., INC. DBA B & E MANUFACTURING CO INC",59680,,,,100878
THERMOLYNE CORP SUB OF SYBRON CORP,59681,,,,005951
SWEN SONIC CORP,59683,,,,008252
KOEHRING CO LORAIN DIV,59690,,,,003072
MECHTRONICS OF ARIZONA CORP CHATSWORTH OPNS,59698,,,,008682
DENAKA PARTNERS L P DBA HOME RUBBER COMPANY,59706,,,,000047
PORCELAIN PRODUCTS CO,59723,,,,006166
ARTHUR H. THOMAS COMPANY,59728,,,,101073
THOMAS AND BETTS CORP,59730,,,,001042
"CUDA II, INC DIV AEROSPACE PRODUCTS COMPANY",59736,,,,008623
"REXNORD INDUSTRIES, LLC DIV THOMAS COUPLING",59747,,,,001778
RAYOVAC CORP,59768,,,,003197
WANNER ENGINEERING INC,59776,,,,100193
RAYOVAC CORP,59778,,,,003197
"PROPONENT, INC. DBA PROPONENT",59789,,,,102017
HYDAC CORP,59793,,,,101007
APD INC,597Q9,,,,106554
LHA PRODUCTS INC SUB OF LUCAS INDUSTRIES OF NORTH AMERICA,59838,,,,000463
EG AND G ROTRON REGENERATIVE BLOWER OPNS,59841,,,,103503
HANNA CORP,59847,,,,100372
DUNNS VALVE TESTERS INC,59851,,,,103051
NIANTIC SEAL INC DBA ATCO,59871,,,,113072
EATON CORP DBA EATON AEROSPACE JACKSON,59875,,,,003578
ROSEMOUNT AEROSPACE INC,59885,,,,008671
SERVICE & SALES INC,59915,,,,100411
AVX FILTERS CORPORATION,59942,,,,003297
BLACK BOX CORPORATION OF PENNSYLVANIA,59951,,,,109853
"CLEVELAND GEAR COMPANY, INC. DBA CLEVELAND GEAR CO",59958,,,,104299
VETERANS ADMINISTRATION COMMERCIAL ITEM DESCRIPTION PROMULGATED BY VETERANS ADMINISTRATION,59961,,,,008313
INTERNATIONAL RECTIFIER CORPORATION,59993,,,,003446
UFLEX USA INC.,59ES6,,,,112058
"S. I. HOWARD GLASS COMPANY, INC.",5A374,,,,109092
ASTRAL AIR PARTS INC,5A422,,,,007385
VME AMERICAS INC CENTRAL PARTS DIV,5A662,,,,104267
CLEVELAND IGNITION CO INC,5A691,,,,105390
ELC INDUSTRIES CORP. DBA AURORA DEFENSE GROUP DIV AURORA DEFENSE GROUP,5A910,,,,003257
"CAPRICE ELECTRONICS, INC",5AGE4,,,,110879
BOSCH REXROTH CORP MOBILE HYDRAULICS,5AH26,,,,101007
PENTAIR WATER FILTRATION INC,5AKR3,,,,003804
ENERPAC CORPORATION,5AVD1,,,,002795
"THE JEWISH COMMUNITY CENTER OF SOMERSET, HUNTERDON AND WARREN COUNTIES, INC.",5AZA4,,,,006805
W S DARLEY & CO,5B337,,,,001456
AERO INDUSTRIES INC,5B752,,,,102629
MOTOR WHEEL COMMERCIAL VEHICLE SYSTEMS INC,5BRG5,,,,111521
"FITZGERALD, ALEXIS",5BW86,,,,113552
KLDL INC DBA AERIAL INDUSTRIES DIV AERIAL INDUSTRIES,5C7U8,,,,111710
WHIPP & BOURNE ASSOCIATES LLC,5CKY6,,,,106587
"ALLSTANDS, INC.",5CY13,,,,111121
DOW CORNING CORPORATION,5D028,,,,102274
KEMET CORPORATION DIV KEMET ELECTRONICS CORPORATION,5D1L9,,,,100639
BRACO MANUFACTURING CO AND MAGIC SAFETY PRODUCTS,5D2U1,,,,110118
POMONA ELECTRONICS,5D6S9,,,,100885
A. O. SMITH CORPORATION DBA A. O. SMITH WATER PRODUCTS DIVISION DIV A.O. SMITH WATER PRODUCTS COMPANY,5DDA9,,,,005978
BTM COMPANY LLC,5DJP2,,,,112111
"NABLE, GEORGE INSTRUMENT SERVICE",5DQ67,,,,109669
TERACAI CORPORATION DBA TERACAI CORP,5DVT6,,,,111110
BRENNAN INDUSTRIES,5E240,,,,000064
"MATTHEW WARREN, INC DBA CAPITAL SPRING DIV CAPITAL SPRING",5E246,,,,102052
CHICAGO PNEUMATIC TOOL CO,5E581,,,,000233
GENERAL MARINE REFRIGERATION CORP,5E884,,,,112142
MISSISSIPPI VALLEY EQUIPMENT CO,5E995,,,,001656
NICEWONGER CO THE,5F154,,,,102540
STATE UNIVERSITY COLLEGE,5F282,,,,006900
MIBA BEARINGS US LLC,5F475,,,,105147
GREENE TWEED & CO INC,5F573,,,,105719
STANDARD PRODUCTS CO THE CENTRAL ORDER DEPT P O BOX 8034 NOVI MI 48376-8034,5F845,,,,109378
VANSEAL CORP,5F893,,,,105491
OCEAN VILLAGE ASSOC LLC,5FA93,,,,105491
HANKOOK TIRE AMERICA CORP DIV HANKOOK TIRE AMERICA CORP.,5FAD7,,,,113083
"MANN + HUMMEL USA, INC.",5FNT1,,,,108537
SCANIA USA INC DBA SCANIA USA INC,5FU44,,,,002699
GASKET SPECIALTIES INC DIV GASKET SPECIALTIES INCORPORATED,5G077,,,,110297
CORLAND CO. DBA CORLAND CO,5G464,,,,102325
EASTERN AERO SUPPLY INC,5G555,,,,104574
ZEPHYR INDUSTRIES INC,5G881,,,,002631
"FLEXMAG INDUSTRIES, INC DIV ARNOLD MAGNETIC TECHNOLOGIES",5GK09,,,,113631
"DIECRON, INC.",5GS48,,,,105453
PAC ZONAMATIC INC,5H383,,,,006233
MORSE INDUSTRIAL CORP SUB OF EMERSON ELECTRIC CO,5H615,,,,002175
"HIS COMPANY, INC. DBA HIS CO INC",5H740,,,,104115
"PRC-DESOTO INTERNATIONAL, INC.",5HCF1,,,,102049
DIE MATIC TOOL CO INC DIV DIE MATIC TOOL CO.,5HYJ1,,,,112337
DULTMEIER SALES LLC,5J549,,,,107107
"IBT, INC.",5J908,,,,102063
NAIAD DYNAMICS US INC DBA NAIAD DYNAMICS US INC,5JNL2,,,,108218
"MARTELL, DAVID SCOPE TOOLS DBA MISSION TOOLS",5JQ35,,,,111873
LORAIN DIV-KOEHRING CO,5K414,,,,104267
NICHOLS NET & TWINE INC,5K431,,,,110156
"MCGEAN-ROHCO, INC DIV CEE-BEE INNOVATIVE AVIATION CHEMISTRY",5K793,,,,104569
COLUMBUS MCKINNON CORPORATION,5K808,,,,109647
PETERSON SYSTEMS INTERNATIONAL INC.,5K812,,,,105755
GENERAL ELECTRIC COMPANY DBA GE,5KFP6,,,,003459
HOYT CORPORATION,5L122,,,,003930
NORTHEAST CONTROLS DIV NORTHEAST PROCESS CONTROLS COMPANY,5L251,,,,103193
"EMERSON CLIMATE TECHNOLOGIES, INC. DBA DESIGN SERVICES NETWORK",5L3D4,,,,000470
CARBORUNDUM CO THE WHIRLPOOL TECHNICAL CENTER,5L608,,,,104533
"LAND 'N' SEA DISTRIBUTING, INC.",5L649,,,,106581
RICHARDSON ELECTRONICS LTD DBA SWC-RICHARDSON TECHNOLOGY SYSTEMS L,5L804,,,,002985
MILWAUKEE HAND TRUCKS,5LBD1,,,,008522
"HINO MOTORS MANUFACTURING U.S.A., INC.",5LGS5,,,,001692
COMMERCIAL PIPE & SUPPLY CORP.,5LHC8,,,,108430
HALE MARINE PARTS CO,5M275,,,,103628
POWER DYNAMICS CORP,5M553,,,,003197
UFC AEROSPACE CORP.,5M696,,,,103165
TASK FORCE TIPS INC,5M752,,,,000054
HOWMET GLOBAL FASTENING SYSTEMS INC. DIV VOI-SHAN PRODUCTS,5M902,,,,003137
AIRCRAFT SPRUCE AND SPECIALTY CO A DIV OF HONEYWELL INC,5M916,,,,108090
COPELAND LP,5M9B9,,,,002771
KOEHLKE COMPONENTS INC,5N063,,,,005962
MAGNOLIA DISTRIBUTOR,5N2X0,,,,105781
"CHRYSLER GROUP, LLC, THE DBA FLEET OPERATIONS",5N3D8,,,,000469
SEAL DYNAMICS LLC,5N582,,,,007905
BUCHANAN CRIMP TOOL PRODUCTS AMERACE CORP,5N603,,,,005962
SHELL OIL CO WEST COAST LUBRICANTS SALES,5N746,,,,002024
"VOLVO GROUP NORTH AMERICA LLC DBA VOLVO GROUP NORTH AMERICA, INC",5NS11,,,,000810
"ARGON MASKING, INC. DBA ARGON MASKING CORP",5NX00,,,,109859
TECH PRODUCTS CORP,5P059,,,,006508
"ROCORE THERMAL SYSTEMS, LLC",5P0W6,,,,105871
"ROCORE KNOXVILLE, LLC",5P1A5,,,,105871
MAN ENERGY SOLUTIONS USA INC,5P630,,,,008717
"C.T. & ASSOCIATES, LLC",5PBW3,,,,109524
"HYDREMA U.S., INC. DBA HYDREMA US INC",5PFF0,,,,109488
"SCHUNK CARBON TECHNOLOGY, LLC",5PNP0,,,,101860
GRUNDFOS PUMPS CORPORATION,5PQP0,,,,109313
"J. M. CANTY, INC. DBA JM CANTY INC",5PTT9,,,,113482
CENTURY FASTENERS CORP. DBA CENTURY FASTENERS CORP,5Q2N4,,,,002250
REDDCUTT MFG,5QLV8,,,,107334
HOWMET GLOBAL FASTENING SYSTEMS INC,5R793,,,,003137
"SEALAND POWER INDUSTRIES, INC. DBA SEALAND GRAPHICS",5R980,,,,101550
DRS ENVIRONMENTAL SYSTEMS INC,5RQL2,,,,106486
"HERBER AIRCRAFT SERVICE, INC. DBA HERBER AIRCRAFT SERVICE INC",5S077,,,,007053
"TED PELLA, INC. DBA TED PELLA INC",5S264,,,,112067
BELLOFRAM CO,5S307,,,,002921
LYDALL INC REDMAN PLASTICS DIV,5S588,,,,102767
"FIBERTRONICS, INC. DBA FIBERTRONICS INC",5S6V7,,,,112165
ENVIROFAN SYSTEMS INC,5S703,,,,110703
"SSS CLUTCH CO, INC",5S759,,,,006725
THUNDER TECHNOLOGIES LLC,5S8W2,,,,113580
"ENGINEERED TEXTILE PRODUCTS, INC. DBA ENGINEERED TEXTILE PRODUCTS INC",5T341,,,,110252
AMERLINE ENTERPRISES CO INC,5T476,,,,101779
NORTH BRIDGE FASTENERS DIV OF NORTH BRIDGE LTD,5T572,,,,102361
IKEGAMI ELECTRONICS USA INC,5T611,,,,110177
INDEX SPECIALTIES INC DBA INDEX CHEMICAL,5T883,,,,104811
"MP FILTRI USA, INC.",5T9T1,,,,110443
MONTROSE MOLDERS CORP,5TCL5,,,,112598
PROPULSION TECHNOLOGIES INC DIV PROPULSION TECHNOLOGIES,5TTU4,,,,109844
"MOTION INDUSTRIES, INC. DIV CORPORATE OFFICE",5U072,,,,109917
ACE G & M OF TEXAS INC. DBA ACE G & M OF TEXAS,5U074,,,,101031
NUSIL TECHNOLOGY LLC,5U206,,,,104722
CAROTEK INC,5U332,,,,102067
"DIVERSIFIED MACHINING, INC. DBA DIVERSIFIED MACHINING INC",5U695,,,,106717
AKRATURN MFG. INC.,5U866,,,,104980
AIRLINE HYDRAULICS CORP,5V269,,,,101007
"SUSPA, INCORPORATED",5V313,,,,006910
"ABLE CRAFT FABRICATIONS, INC",5V448,,,,105015
SOUTHWEST PRODUCTS CORP,5V827,,,,007352
"ADRICK MARINE GROUP, INC",5V854,,,,103410
ENERGIZER CORP,5V977,,,,003197
"VENAIR, INC. DIV VENAIR, INC.",5VA88,,,,105613
JLS ENTERPRISES LLC,5VQ13,,,,100078
CEMTROL INC. DBA CEMTROL INC,5VSP9,,,,111395
"FARYMANN NORTH AMERICA, LLC",5VT73,,,,106388
"OLANDER COMPANY, INC., THE",5W060,,,,109572
GENERAL ALUMINIUM FORGING CO,5W081,,,,103079
SHELL OIL COMPANY DBA SHELL DIV SHELL AVIATION,5W416,,,,113193
"BOSTIK, INC.",5W425,,,,005018
"CAREY MANUFACTURING COMPANY, INC. DBA AMATOM ELECTRONIC HARDWARES",5W748,,,,006580
"REVMEDX, INC. DBA REVMEDX INC",5WD76,,,,109885
JOHN KARDOS,5WME5,,,,110615
"CRYSTEEL MANUFACTURING, INC DBA CRYSTEEL MANUFACTURING INC",5X050,,,,105512
"ENGINE POWER, INC. DBA ENGINE POWER INC",5X475,,,,002699
CRESCENT BRASS MFG CORP,5X678,,,,106347
BELCAR PRODUCTS INC,5X880,,,,104636
"FLOWSERVE US, INC. DIV FLOW CONTROL DIVISION",5XH59,,,,100027
PROGRESS SOLAR SOLUTIONS LLC,5XSA8,,,,110843
PHOENIX CONTACT DEVELOPMENT AND MANUFACTURING INC,5Y407,,,,101007
FLEX-CORE DIV OF MORLAN AND ASSOCIATES INC,5Y543,,,,108462
COMAIR ROTRON INC SUB OF KL INDUSTRIES INC,5Y921,,,,002572
DENSO INTERNATIONAL AMERICA INC DBA NIPPONDENSO AMERICA INC,5YJK9,,,,104099
"VOLVO PENTA OF THE AMERICAS, LLC",5YMA2,,,,000810
PETMATE,5YS67,,,,112305
"HORNER APG, LLC DBA HORNER ADVANCED PRODUCTS GROUP",5YXM5,,,,109947
ABB T AND D POWER CO INC,5Z509,,,,109141
AMERICAN FASTENER TECHNOLOGIES CORP,5Z729,,,,109326
IPECO INC,5Z814,,,,104381
FERNO MILITARY SYSTEMS,5ZKX6,,,,109797
VERTU CORP.,5ZZH2,,,,111791
HONEYWELL LEBOW PRODUCTS DBA HONEYWELL SENFOPEC,60012,,,,008720
"APEX MICROTECHNOLOGY CORPORATION DBA APEX MICROTECHNOLOGY CORP DIV APEX MICROTECHNOLOGY, INC",60024,,,,008395
"WOODWARD HRT, INC.",60029,,,,008056
THE TIMKEN CORPORATION,60038,,,,006997
POWER DYNAMICS INC,60046,,,,101921
PALL AEROPOWER CORP SUB OF PALL CORP MECTRON INDUSTRIES DIV,60047,,,,003379
POMPANETTE LLC,60054,,,,112387
TECO-WESTINGHOUSE MOTOR COMPANY,60089,,,,007338
AEROSTAR GLOBAL LOGISTICS INC. DBA AEROSTAR TECHNICAL SERVICES,60145,,,,003934
RECTORSEAL CORP THE,60150,,,,005018
"SEAVEY ENGINEERING ASSOCIATES, INC. DIV ARA - SEAVEY DIVISION",60173,,,,110482
"CREATING TECHNOLOGY SOLUTIONS, LLC DBA TECHNOLOGY RESEARCH CORP DIV TECHNOLOGY RESEARCH CORP",60177,,,,006889
"COBHAM EXETER, INC.",60188,,,,104820
WOODS T B SONS CO,60191,,,,000997
SAINT TECHNOLOGIES INC,60198,,,,006135
VOLTAGE MULTIPLIERS INC. DBA VOLTAGE MULTIPLIERS INC,60211,,,,100761
GENTEX CORP,60240,,,,006779
AMERICAN VULKAN CORPORATION DBA VULKAN CORP,60248,,,,103124
"MORRIS & BROMS, L.L.C.",60271,,,,100781
"BRUNTON INTERNATIONAL, LLC",60277,,,,110298
"AFCON PRODUCTS, INC.",60283,,,,002903
EATON CORPORATION DBA JACKSON PLANT,60285,,,,000075
THE ELECTROCHEM LITHIUM BATTERY DIVISION OF WILSON GREATBATCH LTD.,60289,,,,102417
"LEM PRODUCTS, INC",60315,,,,100850
STRADER MFG CO INC,60326,,,,006626
POHL TOOL CO,60332,,,,104229
YOKOGAWA CORPORATION OF AMERICA,60336,,,,105024
DONALDSON CO INC TORIT DIV,60342,,,,001413
AKRON BRASS COMPANY DBA WELDON TECHNOLOGIES,60359,,,,107217
"ALVORD-POLK, INC DBA AMPM DIV AIRCRAFT MISSILE PARTS MANUFACTURING",60360,,,,003715
"TIMKEN AEROSPACE, INC DBA TORRINGTON PRODUCT",60380,,,,002497
ROBERT MFG CO INC,60403,,,,008314
HOBART CORP,60438,,,,006219
"REACTEL, INC. DBA REACTEL INC",60458,,,,008402
"PARKER HANNIFIN CORPORATION DIV PARFLEX DIVISION, ATLANTIC TUBE OPERATIONS",60495,,,,101574
"LUBRIQUIP INC DBA LUBRIQUIP, INC., A UNIT OF IDEX",60506,,,,000463
DYNAQUIP CONTROLS CORPORATION,60515,,,,106771
"WEST COAST AEROSPACE, INC.",60516,,,,003274
TRANE U.S. INC. DIV TRANE HEADQUARTERS,60532,,,,002375
FLEXIBLE METAL INC,60535,,,,000039
FORBERG SCIENTIFIC INC,60536,,,,000463
"THE PHOENIX COMPANY OF CHICAGO, INC.",60563,,,,004209
"STELLANT SYSTEMS, INC",60583,,,,006836
TREND INSTRUMENTS INC,60586,,,,102300
FEDERAL EQUIPMENT CO,60587,,,,003117
"ELECTRO-TERM, INC. DBA ELECTRO TERM INC",60592,,,,006810
"PAC FOUNDRIES, INC.",60601,,,,106089
ORSCHELN PRODUCTS L.L.C.,60602,,,,003306
TEMPCO ENGINEERING INC,60609,,,,104461
"AMG TORRANCE, LLC DBA METRIC PRECISION",60625,,,,104343
"SEMFLEX, INC.",60637,,,,002081
INTEGRATED MICROWAVE CORPORATION DBA INTEGRATED MICROWAVE CORP,60656,,,,101399
"NELL-JOY INDUSTRIES, INC.",60663,,,,102903
MICROWAVE DEVICES INC,60674,,,,006185
CAROLINA GALVANIZING CORP UTILITY PRODUCTS DIV,60698,,,,001042
TRICO PRODUCTS CORPORATION,60703,,,,006131
CERA-MITE CORP,60705,,,,008140
TRIPLETT (BLUFFTON) CORPORATION DBA LFE INSTRUMENTS,60741,,,,008744
"CEPEDA ASSOCIATES, INC. DBA CEPEDA ASSOCIATES INC",60756,,,,007328
V M SOLUTIONS INC DBA VM PRODUCTS,60761,,,,008315
"CCB INDUSTRIES, INC.",60763,,,,003623
WIGGINS LIFT CO INC,60764,,,,003667
BARON MANUFACTURING CO LLC,60808,,,,109466
TRIUMPH/MAGNA MIXER CO,60817,,,,008460
OHIO MEDICAL CORPORATION DBA OHIO MEDICAL CORP LTD U.K,60821,,,,103425
"ZINGA INDUSTRIES, INC.",60827,,,,001243
TROEMNER LLC,60836,,,,008466
ALLIED SYSTEMS COMPANY DBA ALLIED SYSTEMS CO,60848,,,,008389
"ROSENBERG USA, INC.",60856,,,,111402
"REED & JETER, INC. DBA WADCO AEROSPACE",60869,,,,003503
IDEC SYSTEMS AND CONTROLS CORP,60886,,,,000453
"DEWAL INDUSTRIES, LLC",60890,,,,111770
PERFECTDATA CORP,60902,,,,104089
HARLAN GLOBAL MANUFACTURING LLC,60905,,,,008081
"CAAP CO., INC. DBA CAAP CO INC",60922,,,,109538
GENERAL ELECTRIC CO DISPLAY PRODUCTS OPN,60929,,,,003459
PORTER CABLE/DELTA,60933,,,,002992
COLUMBUS MCKINNON CORP CM CHAIN DIV,60938,,,,002710
CANON U S A INC MICROGRAPHICS DIV,60939,,,,107105
GENERAL ELECTRIC CO ELECTRICAL DISTRIBUTION AND CONTROL,60969,,,,003459
SL POWER ELECTRONICS CORPORATION DIV SL POWER ELECTRONICS,60975,,,,003775
SPECTRUM MICROWAVE INC,60979,,,,100403
MEGGITT OREGON INC DBA MEGGITT OREGON INC DIV MEGGITT POLYMERS & COMPOSITES,60980,,,,007905
"APS SYSTEMS, INC DBA EIDAL INTERNATIONAL CORP",60984,,,,002122
JET EQUIPMENT & TOOLS INC,60985,,,,004183
"S-T INDUSTRIES, INC.",60998,,,,103993
"DE-STA-CO, A DOVER COMPANY DBA DESTACO INDUSTRIES DIV ROBOHAND",609N7,,,,001340
"ASCO VALVE MANUFACTURING, LLC",60XL5,,,,003621
A.K.O. INC.,61015,,,,110059
BELLOFRAM CORP DIAPHRAGM DIV,61020,,,,002921
EMERGI-LITE,61041,,,,003475
WIKA HOLDING LP,61049,,,,102300
WHITEHILL MFG. CORP.,61056,,,,109177
PANASONIC CORP OF NORTH AMERICA,61058,,,,103859
HATZ DIESEL OF AMERICA INC,61080,,,,106149
CONTINENTAL TOOL AND RUBBER PRODUCTS INC,61091,,,,000097
CORNING OPTICAL COMMUNICATIONS LLC,61092,,,,001270
"ALBANY MAGNETO EQUIPMENT, INC. DBA A M EQUIPMENT",610X2,,,,110135
NDT ENGINEERING CORPORATION,61100,,,,006946
ARKEMA INC,61102,,,,102274
"ECHELON SUPPLY AND SERVICE, INC.",61125,,,,000117
ACTERNA LLC DBA JDSU,61141,,,,110044
"FAST HEAT, INC. DBA FAST HEAT INTERNATIONAL",61149,,,,109299
PENTAIR TECHNICAL PRODUCTS DBA MCLEAN THERMAL DIV HOFFMAN ENCLOSURES INC,61154,,,,104843
ATHENA CONTROLS INC,61166,,,,109828
LOWENSTEN W W,61173,,,,003652
NORTHROP GRUMMAN SYSTEMS CORPORATION DIV NORTHROP GRUMMAN AERONAUTICS SYSTEMS,61174,,,,101765
TUTHILL CORPORATION DBA TUTHILL PUMP GROUP,61178,,,,110495
TYCOON TACKLE INC,61209,,,,104267
"UNITED AVIONICS, INC. DBA UNITED AVIONICS INC",61218,,,,008800
"BIG BEAM EMERGENCY SYSTEMS, INC. DBA BIG BEAM DIV SILTRON EMERGENCY SYSTEMS",61222,,,,007034
"ADVANCED THERMAL PRODUCTS, INC. DBA ADVANCED THERMAL PRODUCTS INC",61277,,,,007370
U S ELECTRICAL TOOL INC,61330,,,,005999
LAMPTRONIX CO LTD,61342,,,,102451
AMERICAN NATIONAL CARBIDE CO,61345,,,,108709
"AMETEK, INC. DIV AEROSPACE & DEFENSE",61349,,,,000453
ITT INDUSTRIES INC SYSTEMS DIV,61362,,,,008274
"PARKER HANNIFIN CORPORATION DIV HYDRAULIC FILTER DIVISION, FAIREY ARLON OPERATIONS",61363,,,,001230
TORCA PRODUCTS INC,61393,,,,001336
THE M.K. MORSE COMPANY,61400,,,,000824
TELEFLEX INC CARGO SYSTEMS USA,61411,,,,003317
REXNORD INDUSTRIES INC. DIV ROLLER CHAIN OPERATION,61412,,,,001778
"KIDDE TECHNOLOGIES, INC DIV KIDDE AEROSPACE AND DEFENSE",61423,,,,003769
PARKER-HANNIFIN CORP DIV PARFLEX DIVISION,61424,,,,001230
"FOX ENTERPRISES, INC DBA FOX ELECTRONICS",61429,,,,008205
THETFORD CORP,61431,,,,100078
ADVANCED TECHNICAL CORPORATION,61433,,,,008805
ERNST & WHITNEY PRESSURE PRODUCTS INC,61451,,,,005904
NGK METALS CORPORATION DBA N G K BERYLCO,61452,,,,008006
GARWOOD/FELLER INC GARWOOD WINCH DIV,61465,,,,008166
BERKEL INC,61482,,,,002898
SAINT-GOBAIN PERFORMANCE PLASTICS,61501,,,,006756
THERMO KING CORPORATION DBA PHOENIX GLOBAL DISTIRBUTION.,61510,,,,003382
TURCK-MULTIPROX INC,61526,,,,101007
CHAMPION ROAD MACHINERY INTERNATIONAL CORP,61552,,,,000810
UVP INC DBA ULTRA-VIOLET PRODUCTS,61562,,,,001138
NIBCO INC CHEMTROL DIV,61623,,,,003428
ADVANCED INTERCONNECTIONS CORPORATION,61638,,,,008607
NEWMANS INC NEW JERSEY DIV,61661,,,,112553
"NORCO INDUSTRIES, INC. DBA NORCO INDUSTRIES INC",61674,,,,111265
EAO SWITCH CORPORATION,61706,,,,003293
VDO NORTH AMERICA LLC,61712,,,,103010
EPSON AMERICA INC,61722,,,,105237
VOLVO PENTA OF THE AMERICAS INC,61724,,,,000810
"CACI NSS, LLC DIV STRATIS",61735,,,,106888
THOMAS R MILLER CO INC,61744,,,,101344
CLYDE UNION INC DBA CLYDEUNION PUMPS,61748,,,,007112
"CEMEN TECH, INC.",61796,,,,100395
TOSHIBA INTERNATIONAL CORPORATION DBA TOSHIBA INTERNATIONAL CORP,61802,,,,107744
"JOSLYN CLARK CONTROLS, LLC",61809,,,,100657
"GENERAL CRANE AND HOIST, INC.",61811,,,,100078
UNITED ELECTRIC CONTROLS COMPANY DBA TRANS METRICS DIVISION DIV TRANSMETRICS DIVISON,61812,,,,000453
TRW ASSEMBLIES AND FASTENERS GROUP,61864,,,,102791
VANIER MANUFACTURING INC,61924,,,,104046
GENERAL MOTORS CORP AC-DELCO DIV GOVERNMENT ORDER DEPT,61928,,,,000324
MICRO LAMPS INC.,61951,,,,003191
CBC MACHINE,61965,,,,109627
GENUINE PARTS COMPANY DBA NAPA DISTRIBUTION CENTER-HAWAII DIV NAPA HAWAII DISTRIBUTION CENTER,61CP3,,,,104582
ROGERS CORPORATION DIV ELASTOMERIC MATERIAL SOLUTIONS,61UG9,,,,000092
CUMING CORPORATION,62008,,,,109256
IET LABS INC,62015,,,,102407
SOUTHCO INC.,62060,,,,002739
HARRIS CORPORATION DBA EDO RECONNAISSANCE AND SURVEILLANCE SYSTEMS DIV EW RECON AND SURVEILLANCE SYSTEMS,62065,,,,102578
WINDHAM LIFTS INC,62080,,,,005994
ACCESSIBLE PRODUCTS CO. DBA ZIPTAPE IDENTIFICATION SYSTEMS DIV ZIPTAPE LABEL ID SYSTEMS,62088,,,,113526
NOSHOK INC,62091,,,,110786
CALIFORNIA EASTERN LABS,62104,,,,008411
AMERICAN IMC INC,62106,,,,105401
KIDDE INC WALTER KIDDE DIV INDUSTRIAL AND MARINE FIRE PROTECTION SYSTEMS,62142,,,,003034
PARKER HANNIFIN CORPORATION DIV VILLAGE MARINE TECH,62144,,,,104062
"HUTCHINSON INDUSTRIES, INC DIV DEFENSE AND INDUSTRY",62161,,,,106623
BIOSYSTEMS INC DIV SPERIAN PROTECTION AMERICAS INC.,62170,,,,112124
FACILITIES INC,62212,,,,105709
SAFRAN CABIN GALLEYS US INC,62225,,,,110975
"ISRINGHAUSEN, INC.",62226,,,,106517
"P-Q CONTROLS, INC.",62246,,,,106405
ZETRON INC,62253,,,,113481
"VOLVO TRUCKS NORTH AMERICA, INC. DBA (FOREIGN PARENT IS VOLVO LASTVAGNAR AB, GOTEBORG, SWEDEN.)",62265,,,,001692
EMERSON ELECTRIC CO,62274,,,,100128
SNOWBLAST-SICARD INC RADAP DEPT,62288,,,,007111
EBM INDUSTRIES INC DBA EBM PAPST,62292,,,,003775
CONAX FLORIDA CORPORATION,62323,,,,004162
U S PARA PLATE CORP DIV HI GEAR BALL VALVES,62353,,,,100409
WEBASTO THERMOSYSTEMS INC,62380,,,,001178
PROBE MASTER INC DBA PROBE MASTER INC,62381,,,,100315
LIPHATECH INC,62405,,,,107972
"HAMPTON HYDRAULICS, LLC",62410,,,,102797
GRINNELL CORP GRINNELL FIRE PROTECTION SYSTMES DIV,62420,,,,102857
DEUTZ CORPORATION,62445,,,,002699
ELECTRONIC CONTROLS CO,62465,,,,101447
INGERSOLL-RAND CO PROFESSIONAL TOOLS GROUP,62475,,,,001482
"GOODMAN BALL, INC. DBA GBI",62502,,,,103128
"MACRO TECHNOLOGIES, LLC",62529,,,,105228
SPEARS MANUFACTURING CO.,62531,,,,007056
RED DOT CORPORATION DBA RED DOT CORP,62534,,,,003382
"ALCOA GLOBAL FASTENERS, INC DBA SIMMONDS MECAERO FAS PDTS DIV SIMMONDS MECAERO FAS PDTS",62554,,,,003137
"THE HILLER COMPANIES, LLC",62558,,,,107677
SCHROFF INC,62559,,,,002584
SCOTT AIR INC,62583,,,,103541
MELLING TOOL CO DIV OF MELLING INC,62617,,,,105789
PARKER-HANNIFIN CORPORATION DBA FINITE AIRTEK FILTRATION DIV GAS SEPARATION & FILTRATION,62628,,,,000453
FLOWORKS USA LP DBA FLOTECH,62650,,,,101444
COLDER PRODUCTS CO,62661,,,,101172
"SEW-EURODRIVE, INC.",62672,,,,104457
RADIOSHACK CORPORATION DBA RADIOSHACK,62676,,,,101838
VAN KEUREN,62679,,,,002846
"NEOTECH, INC.",62700,,,,103032
MICRO QUALITY SEMICONDUCTOR INC SUB OF MICROSEMI CORP,62703,,,,008529
DANA CORP SPICER TRAILER AXLE PLANT,62707,,,,008446
GRISWOLD PUMP CO,62710,,,,100432
GREATBATCH LTD DBA GREATBATCH MEDICAL DIV ELECTROCHEM SOLUTIONS INC,62713,,,,102417
"MID-STATE SALES, INC. DIV DEFENSE PRODUCTS GROUP",62727,,,,003073
BRENNER METAL PRODUCTS CORP DIV BRENNER METAL PRODUCTS,62728,,,,104941
NORTECH CORP,62749,,,,102708
SAF-T-FLO INDUSTRIES CORPORATION DIV SAF-T-FLO INDUSTRIES,62752,,,,104695
XOMOX CORP SUB OF EMERSON ELECTRIC CO,62753,,,,106244
EMHISER TELE-TECH INC,62759,,,,100078
SPECIALIZED PRODUCTS COMPANY DBA SPECIALIZED PRODUCTS CO,62764,,,,005945
AMERICAN FARM IMPLEMENT AND SPECIALTY CO. INC. DBA AMERICAN ENTERPRISES DIV ENGINAIRE,62797,,,,105933
MARINE ACQUISITION (US) INCORPORATED DIV PRIME LINE INDUSTRIAL CONTROLS,62809,,,,103534
"WENZEL ASSOCIATES, INC. DIV WENZEL ASSOCIATES",62821,,,,109457
CLEVEPAK CORP PULSAFEEDER DIV,62824,,,,006227
"ESKRIDGE, INC.",62854,,,,006997
PENN POWER GROUP LLC DIV GOVERNMENT SERVICES DEPARTMENT,62860,,,,001178
NELSON-DUNN INC,62863,,,,105379
LIQUID METRONICS INC,62866,,,,104311
HYNAUTIC INC DIV OF STA-RITE INDUSTRIES INC,62876,,,,000248
KRITECH CORPORATION,62895,,,,008850
WAUSAU EQUIPMENT COMPANY LLC DBA SCHMIDT ENGINEERING & EQUIPMENT INC DIV WAUSAU EQUIPMENT LLC,62934,,,,110719
OLDHAM SAW CO INC,62953,,,,006987
OIL AIR HYDRAULICS INC.,62955,,,,000721
"WRIGHT MACHINE & TOOL CO., INC.",62981,,,,102507
"EATON AEROSPACE, LLC DBA JACKSON SOUTH",62983,,,,113043
FERGUSON,62E38,,,,005978
"ACUITY BRANDS LIGHTING, INC",62SW2,,,,005974
ROLLS-ROYCE CORPORATION,63005,,,,002033
CONCORDE BATTERY CORPORATION DBA CONCORDE BATTERY CORP,63017,,,,006882
VICTOR EQUIPMENT CO,63026,,,,000109
RESEARCH TOOL & DIE WORKS DBA RESEARCH TOOL & DIE WORKS LLC,63044,,,,103126
HEICO OHMITE LLC DBA OHMITE MFG CO INC,63060,,,,007167
THERMASYS CORPORATION DBA GENERAL THERMO DYNAMICS DIV GENERAL THERMODYNAMICS DIV,63079,,,,105474
PEER BEARING CO,63092,,,,102708
"VIKING PUMP, INC.",63097,,,,006227
AUSTIN CO INC THE AN INDEPENDENTLY OWNED AND OPERATED BUSINESS,63098,,,,001370
SICARD A DIVISION OF SMI-SNOWBLAST INC DBA SICARD,63117,,,,007111
"FARRIS, M & ASSOCIATES",63123,,,,008273
SKOLNIK INDUSTRIES INC,63129,,,,106333
VILTER MFG CORP,63145,,,,106033
RAY R G CORP,63208,,,,104301
FLOWSERVE INC,63220,,,,007246
GEC ALSTHOM INTL INC ENTRELEC DIV,63225,,,,102883
BROOKS ELECTRONICS INC,63237,,,,003775
PARMATIC POLLUTION CONTROL CORPORATION DBA PARMATIC FILTER,63269,,,,100078
WEIDMUELLER TERMINATIONS INC,63279,,,,005974
MICROPASS INC,63280,,,,001178
G-O METRIC INC,63282,,,,006815
"ENDICOTT RESEARCH GROUP, INC.",63312,,,,003466
FLUID LINE PRODUCTS INC,63323,,,,008014
MAGNETEK CONTROLS MAGNETEK INDUSTRIAL BRAKES,63361,,,,006081
"BTC ELECTRONIC COMPONENTS, LLC DBA FDH ELECTRONICS",63365,,,,008391
"B/E AEROSPACE, INC. DIV LENEXA BUSINESS UNIT",63367,,,,103657
ANCHOR FLANGE COMPANY DBA ANCHOR FLUID POWER,63383,,,,000342
NKK SWITCHES OF AMERICA INC,63426,,,,003197
"C. CROUTHAMEL & CO., INC.",63470,,,,100674
FEDERAL MOGUL CORP SUB WAGNER BRAKE MOOG AUTOMOTIVE DIV,63477,,,,002011
DURA-VENT CORP,63483,,,,000028
WAHL CLIPPER CORPORATION,63496,,,,007253
CUSTOM HOISTS INC,63502,,,,111516
"PALFINGER MARINE USA, LLC",63504,,,,101332
MIL-CON INC,63525,,,,008206
"W. & O. SUPPLY, INC. DBA EMI DIV EMI",63544,,,,006644
"CHELTON, INC. DBA COBHAM ANTENNA SYSTEMS DIV COBHAM AEROSPACE CONNECTIVITY",63563,,,,008056
"HEIL TRAILER INTERNATIONAL LLC DIV HEIL TRAILER INTERNATIONAL, LLC DBA KALYN SIEBERT",63576,,,,101435
SPC TECHNOLOGY - NEWARK,63590,,,,002538
TRIDENT CORP,63597,,,,000829
CURTISS-WRIGHT FLOW CONTROL CORPORATION DIV CURTISS-WRIGHT / NU-TORQUE,63600,,,,101400
GORE W L AND ASSOCIATES INC,63602,,,,102254
KING BAG & MANUFACTURING CO,63606,,,,112528
TEK-LITE INC,63607,,,,006180
FILMTEC CORP,63624,,,,106275
BAE SYSTEMS CONTROLS INC.,63631,,,,005985
"SCHNEIDER ELECTRIC USA, INC. DBA SCHNEIDER ELECTRIC",63637,,,,000031
HOUGEN MANUFACTURING INC,63672,,,,108702
CROUZET CORPORATION,63681,,,,003197
THE WALWORTH COMPANY,63686,,,,110775
"STORM MANUFACTURING GROUP, INC. DBA BUCKNER BY STORM",636E2,,,,005018
GRANCO INDUSTRIES INC,63704,,,,103111
WALZ AND KRENZER INC,63705,,,,006557
KAITLIN CORP,63734,,,,101612
WARDWELL BRAIDING MACHINE COMPANY DBA WARDWELL BRAIDING COMPANY DIV STOLBERGER,63762,,,,108428
SYNTEL INC SUB OF TEGAM INC,63774,,,,104062
"NW CONTROLS, INC.",63803,,,,103175
SANDEN INTERNATIONAL/USA/INC,63829,,,,109114
BAIRD MFG CO,63850,,,,106338
PARKER HANNIFIN CORP,63866,,,,112696
HALTEC CORP,63900,,,,103096
INTERLOGIX SECURITY & LIFESAFETY,63909,,,,102358
BAE SYSTEMS TECHNOLOGY SOLUTIONS & SERVICES INC. DBA BAE SYSTEMS INFORMATION AND ELECTRONIC SYSTEMS INTEGRATION I,63910,,,,006618
AQW INC,63937,,,,112703
STAHL INTL INC,63946,,,,100277
EDERER INC STAR CRANES DIV,63952,,,,111137
CROWLEY CO INC,63988,,,,106440
AEARO TECHNOLOGIES LLC DBA AERO TECHNOLOGIES,63994,,,,110408
MI-T-M CORPORATION,63995,,,,100768
"SATAIR USA, INC. DBA SATAIR USA INC",63Y25,,,,004165
"CODA OCTOPUS COLMEK, INC. DBA CODA OCTOPUS COLMEK INC DIV CODA OCTOPUS COLMEK",64014,,,,110430
TENSOLITE COMPANY DBA CARLISLE INTERCONNECT TECHNOLOGIES DIV CARLISLE INTERCONNECT TECHNOLOGIES - VANCOUVER,64023,,,,002784
"MITCHELL TEST & SAFETY, INC. DBA MITCHELL TEST & SAFETY INC",64026,,,,112021
HYDRO ENGINEERING INC,64030,,,,108123
COILTRON INC DIV COILTRON,64053,,,,007413
OKLAHOMA SAFETY EQUIPMENT CO INC DBA OSECO DIV OKLAHOMA SAFETY EQUIPMENT CO. (DBA OSECO),64055,,,,103454
"CONDUCTIVE SYSTEMS, INC. DBA CONDUCTIVE SYSTEMS INC",64098,,,,003059
"DRESSER, LLC",64104,,,,109353
OROX CORP,64110,,,,103421
SIGNAL-HILL CORP,64113,,,,008114
PALL INDUSTRIAL HYDRAULICS CORP,64130,,,,104806
"ANDERSON MACHINE MANUFACTURING CO., INC. DBA ANDERSON MACHINE CO",64133,,,,104431
LINEAR TECHNOLOGY LLC,64155,,,,100157
DEL AEROSPACE INC,64162,,,,008552
WELDCRAFT CUSTOMER SERVICE,64173,,,,000109
"NORTH AMERICAN MARINE JET, INC",64186,,,,108696
SIGNALTONE-NEIMAN INC,64189,,,,102625
MAYO COMPANY INC. DBA DRAGON EQUIPMENT,64203,,,,100408
"L.S. STARRETT COMPANY, THE DBA WEBBER GAGE DIV DIV WEBBER GAGE DIVISION",64204,,,,000793
SERVOMEX COMPANY,64231,,,,100243
ASTRO MACHINE CO INC DIV ASTRO MACHINE COMPANY,64248,,,,103275
TECH-GRAPHIC INC,64253,,,,008488
DANFOSS FLUID POWER INC RACINE OPN,64294,,,,000463
NORDSON EFD LLC,64295,,,,110209
TYCO ELECTRONICS,64324,,,,003197
RONCELLI PLASTICS INC DBA RONCELLI PLASTICS INC,64328,,,,008787
UNIQUE ELECTRONICS INC,64344,,,,101182
BUCKHORN RUBBER PRODUCTS INC.,64386,,,,103061
WEIL PUMP CO INC,64392,,,,003912
TECH ETCH INC,64411,,,,004178
THOMAS PRODUCTS LLC,64413,,,,007153
"LEONARDO US CYBER AND SECURITY SOLUTIONS, LLC",64415,,,,111293
"TRELLEBORG SEALING SOLUTIONS US, INC.",64422,,,,006521
URETHANE PRODUCTS INDUSTRIES INC DBA U P I,64429,,,,102592
TITAN WHEEL CORP OF VIRGINIA,64441,,,,100078
FARGO ASSEMBLY CO OF INDIANA,64449,,,,001646
AUBURN GEAR INC DBA AUBURN GEAR,64462,,,,000078
PHILLIPS MFG CO,64466,,,,001383
WEKSLER GLASS THERMOMETER CORP,64467,,,,109084
"BOLLINGER SHIPYARDS LOCKPORT, L.L.C.",64513,,,,108218
TRANTER PHE INC,64525,,,,007221
3D INSTRUMENTS LLC. DBA SIERRA PRECISION,64528,,,,008384
"MAXON INDUSTRIES, INC.",64559,,,,001680
WELDON TOOL CO THE,64560,,,,000824
PARKER HANNIFIN CORPORATION DIV HYDRAULIC ACCUMULATOR DIVISION,64575,,,,000075
HARRIS CORP GOVERNMENT AEROSPACE SYSTEMS DIV,64583,,,,103412
"KREIS TOOL & MANUFACTURING CO., INC.",64592,,,,103120
SAFETY SIGHT INC,64608,,,,104339
"BANNER MACHINE COMPANY, INC.",64609,,,,100936
CARLISLE INTERCONNECT TECHNOLOGIES INC DIV CARLISLE INTERCONNECT TECHNOLOGIES,64639,,,,101445
"IAN-CONRAD BERGAN, LLC",64646,,,,103947
"ESSEX INDUSTRIES, INC.",64663,,,,007907
NATIONAL INSTRUMENTS CORP,64667,,,,002538
DAIMLER TRUCK NORTH AMERICA LLC,64678,,,,000068
PACAL LLC DBA PACAL BUSINESS CENTER DIV PACAL INDUSTRIES LLC,64679,,,,002879
PHILIP SPECIALTY COMPANY,64683,,,,100078
J M J TECHNICAL PRODUCTS CO INC,64690,,,,102669
TELEPHONICS CORPORATION,64694,,,,006179
VECTOR ENGINEERING LTD,64699,,,,104642
KENNAMETAL INC.,64700,,,,001089
WESTERN SKY INDUSTRIES INC DBA ELECTROMECH TECHOLOGIES,64731,,,,100482
STURM MACHINE CO INC,64733,,,,003330
"ADVANTEC MANUFACTURING USA, INC.",64747,,,,100078
POWER BATTERY CO INC,64748,,,,008449
INDUSTRIAL FILTER MANUFACTURERS INC DIV IFM INC.,64756,,,,101500
"TRI-MAG, LLC",64771,,,,105554
KAL PLASTICS,64791,,,,109989
ARJAY ELECTRONICS CORP,64812,,,,104005
ARVINMERITOR INC,64829,,,,001183
SOLDER ABSORBING TECHNOLOGY INC,64830,,,,008531
ISCAR METALS INC,64843,,,,110978
GYRO SYSTEMS CO INC,64846,,,,109894
RINEER HYDRAULICS INC,64849,,,,001243
"TEAM INDUSTRIAL SERVICES, INC.",64861,,,,109905
CAL FITTINGS INC,64879,,,,102553
OLDAKER MANUFACTURING CORPORATION DBA OLDAKER M F G,64882,,,,100334
"FIRE COMBAT, INC.",64903,,,,006886
CONTROL SPECIALTIES INC,64992,,,,106584
"CURBELL PLASTICS, INC. DIV NEW ENGLAND CT BRANCH",64SL4,,,,000981
ATLANTIC EMERGENCY SOLUTIONS INC,64W41,,,,107832
"MATTHEW WARREN, INC DBA WESTERN WIRE PRODUCTS COMPANY",65029,,,,103861
BOSCH REXROTH CORPORATION DIV BOSCH REXROTH,65035,,,,101007
"JORGENSEN LABORATORIES, INC. DBA JORGENSEN LABORATORIES INC DIV NONE",65044,,,,109641
"AMETEK, INC. DBA PMT PRODUCTS DIV AMETEK INC, (PMT PRODUCTS)",65048,,,,103100
WESTINGHOUSE ELECTRIC CORP POWER GENERATION-GENERATOR DIV,65054,,,,101591
FEDERAL SIGNAL CORPORATION,65063,,,,005974
DANCO VALVE COMPANY,65079,,,,008523
JERED BROWN BROS INC LIBERTY WORKS THE,65090,,,,007035
SOLARTRON ELECTRONICS INC WESTON INSTRUMENTS DIV,65092,,,,007178
SAUER-DANFOSS /HILLSBORO/ CO,65099,,,,000463
LINK CONTROLS INC,65138,,,,100979
INDUSTRIAL SCIENTIFIC CORPORATION,65147,,,,108702
GARSITE TSR INC,65154,,,,006833
MATHESON GAS PRODUCTS INC DBA FOREIGN PARENT IS NIPPON SANSO CORPORATION TOKYO JAPAN,65169,,,,008507
"SCAN-PAC MFG., INC. DBA SCAN-PAC",65175,,,,104341
"LOOS & CO., INC. DIV CABLEWARE DIVISON",65196,,,,004188
"LIBERTY HOSE AND SUPPLY, INC",65230,,,,006473
CRAIG TECHNOLOGIES INC,65237,,,,100186
LACONIA EARTH ANCHORS INC,65285,,,,007966
STEINEL AMERICA INC,65309,,,,005018
GLYPTAL INC,65313,,,,100110
"VEETHREE ELECTRONICS & MARINE, LLC",653W4,,,,103534
,,,,,006580
TRI-STATE HOSE & FITTING INC,65407,,,,008114
ADVANCED TECHNOLOGY CORP,65439,,,,104589
"PELICAN PRODUCTS, INC. DBA PELICAN PRODUCTS INC",65442,,,,005897
WOODS T B INC,65456,,,,102708
"TRIMBLE MILITARY AND ADVANCED SYSTEMS, INC. DBA TRIMBLE NAVIGATION",65457,,,,108794
"LANDOLL COMPANY, LLC",65459,,,,002847
MARTEK INDUSTRIES INC,65468,,,,103436
GORE W L AND ASSOCIATES INC ELECTRONIC PRODUCTS DIV,65474,,,,102254
CLAPP AND HANEY TOOL CO INC,65488,,,,104471
CLARK BROTHERS INSTRUMENT CO,65496,,,,001297
"FEDERAL INDUSTRIES, INC. DBA FEDERAL INDUSTRIES INC",65506,,,,103740
"BROMMA, INC.",65508,,,,007195
"SANDUSKY ABRASIVE WHEEL CO, INC DBA SANDUSKY-CHICAGO ABRASIVE WHEEL CO",65526,,,,103324
GARR TOOL CO,65530,,,,102507
CIRCLE GAS AND MFG CO,65532,,,,100448
ALEK INDUSTRIES INC,65534,,,,003012
CELTECH CORPORATION,65552,,,,006932
ACL INC,65565,,,,102333
"NORMAN SCOTT CO, INC",65581,,,,103793
"CHROMALOX INC DBA CHROMALOX PRECISION HEAT AND CONTROL, INC",65586,,,,003766
"THALES USA, INC. DIV AIR MOBILITY SOLUTIONS (""AMS"")",65597,,,,008016
ADVANCED INTERCONNECTION TECHNOLOGY INC,65603,,,,003197
HERMETIC SWITCH INC,65623,,,,006975
QUALITY CONTROL EQUIPMENT CO,65644,,,,002698
"THICKSTUN BROTHERS, INC.",65647,,,,008706
"DUCOMMUN LABARGE TECHNOLOGIES, INC.",65648,,,,106971
CATAMOUNT MFG INC,65664,,,,006170
DYNA-TORQUE INC,65691,,,,101614
AUTOCRAFT MFG CO INC,65692,,,,103820
AAK POWER SUPPLY CORP,65753,,,,003069
HOWE MACHINE & TOOL CORP. DBA HOWE MACHINE & TOOL CORP,65777,,,,101980
KLUNE INDUSTRIES INC,65823,,,,007101
EBW INC,65824,,,,001747
TRIPPE MANUFACTURING COMPANY DBA TRIPP LITE,65836,,,,001270
"THRUSTMASTER OF TEXAS, INC",65848,,,,108748
INGERSOLL-RAND CO POWER TOOL DIV,65853,,,,105668
SEAGATE TECHNOLOGY,65867,,,,110262
SIGMATION INC,65884,,,,006597
"TEREX LIGHT CONSTRUCTION, INC DIV TEREX- LIGHT CONSTRUCTION",65904,,,,105316
MAYDAY MANUFACTURING CO.,65910,,,,003693
TTM PRINTED CIRCUIT GROUP LLC,65916,,,,110592
PARKER-HANNIFIN CORP DIV HOSE PRODUCTS DIVISION,65948,,,,000166
CONVENIENCE MARINE PRODUCTS,65965,,,,110019
BREAK-FREE INC,65983,,,,106304
DANAHER CORPORATION DBA MCCROMETER DIVISION,65984,,,,103465
WAGO CORPORATION,65996,,,,104369
"APEX TOOL GROUP, LLC",65LN0,,,,106844
ADVANCED INNOVATION & MANUFACTURING INC,65M28,,,,108672
HDL RESEARCH LAB INC,66015,,,,008483
"THOMAS C. WILSON, INC. DBA THOMAS C WILSON",66042,,,,102676
"THE HILLER COMPANIES, LLC",66073,,,,110102
WILTON CORP WILTON TOOL DIV,66080,,,,000109
"RONKEN INDUSTRIES, INC. DIV RONKEN INDUSTRIES INC",66097,,,,110898
J A MAC INC DIV JMAC SUPPLY,660Z7,,,,110876
WEST COAST INDUSTRIES INC,66136,,,,108496
"SPOKANE STAINLESS TECHNOLOGIES, INC.",66144,,,,110085
"ASSOCIATED COMPONENTS MANUFACTURING, INC",66151,,,,110963
BUCKHORN INC,66185,,,,003843
ELECTRICAL AND ELECTRONIC CONTROLS INC,66187,,,,102523
STARR AIRCRAFT PRODUCTS INC,66191,,,,108718
SOLAR TURBINES INCORPORATED,66195,,,,008550
"PIONEER INDUSTRIES, LLC",66200,,,,100078
"PACIFIC AEROSPACE & ELECTRONICS, LLC",66230,,,,002726
"M-B COMPANIES, INC",66234,,,,002387
NATIONAL FOAM INC WIRT AND KNOX PRODUCTS DIV,66251,,,,006149
VT MILCOM INC.,66257,,,,110687
CABLE ASSEMBLIES INC.,66276,,,,100244
"THE SCALE PEOPLE, INC",66280,,,,103355
WISCONSIN MOTORS LLC,66289,,,,001195
WITTEK COMPANIES INTL INC,66295,,,,002043
HATCH AND KIRK INC HK/PPI DIV,66297,,,,002301
BELL LABORATORIES INC,66299,,,,104521
SOLBERG MFG INC,66343,,,,007405
"HOSE MASTER, LLC DBA HOSE MASTER LLC",66349,,,,000177
"SCHOTT NORTH AMERICA INC DIV LIGHTING AND IMAGING (AS OF APRIL 1, 2009)",66390,,,,112490
"SEA-TECH SYSTEMS, INC.",66398,,,,005040
"HOOSIER, INC.",66431,,,,006234
"MICROSOURCE, INC.",66449,,,,004134
"PUBLIC SAFETY EQUIPMENT, INC. DIV CODE 3, INC.",66461,,,,000054
"WOODWARD, INC. DIV FUEL SYSTEMS AND CONTROLS",66503,,,,006654
CLICK BOND INC,66530,,,,102855
"JRB ATTACHMENTS, LLC DBA C & P ATTACHMENTS",66545,,,,103398
"SPECTREX, INC",66558,,,,106160
"CIRCOR AEROSPACE, INC. DBA CIRCLE SEAL CONTROLS USE CAGE CODE 91816 FOR CATALOGING",66573,,,,102255
GRUNDFOS PUMPS CORP,66584,,,,109313
AEF-PERFORMANCE LLC,66618,,,,103851
BABCOCK DISPLAY PRODUCTS INC,66646,,,,006792
SIERRA MONITOR CORPORATION,66647,,,,108847
"REXNORD INDUSTRIES, INC. DIV ELASTOMER PRODUCTS",66659,,,,105736
COSPOLICH INC.,66682,,,,102977
PIONEER PLASTICS CONOLITE DIV,66686,,,,109872
WAVETRONIX INC,66701,,,,104942
"LXD, LLC",66706,,,,109887
ILLINOIS TOOL WORKS INC. DBA L P S LABORATORIES,66724,,,,000824
PEPPERL & FUCHS INC,66752,,,,002193
"SKILL-METRIC MACHINE AND TOOL, INC.",66769,,,,113457
"PRECISION AIRCRAFT MACHINING COMPANY, INC. DBA PAMCO DIV PRECISION AIRCRAFT MACHINING CO DBA PAMCO",66774,,,,102553
HOWMET GLOBAL FASTENING SYSTEMS INC DIV ROSAN / EAGLE PRODUCTS,66776,,,,003137
GENTEX CORP,66781,,,,006779
WYCO TOOL CO THE DIV OF RACINE FEDERATED INC,66783,,,,109452
YALE SECURITY INC. DBA NORTON DOOR CONTROL,66821,,,,102870
"MORPAC INDUSTRIES, INC DIV ACTUATOR",66822,,,,108506
"ROBIN INDUSTRIES, INC. DBA BERLIN MANUFACTURING DIV DIV CLEVELAND MANUFACTURING",66831,,,,106678
"PRECI-MANUFACTURING, INCORPORATED",66841,,,,111612
SIEMENS ENERGY AND AUTOMATION INC ITE CIRCUIT PROTECTION DIV,66842,,,,002959
"POWEREX, INC.",66844,,,,113472
PENTAIR VALVES & CONTROLS US LP DIV PENTAIR FLOW CONTROL,66850,,,,106158
AIRBORNE INDUSTRIES INC.,66860,,,,102683
"JOHNSON CONTROLS NAVY SYSTEMS, LLC",66935,,,,002232
MIBA HYDRAMECHANICA CORP.,66951,,,,104958
ATLAS NORTH AMERICA LLC,66CN9,,,,112452
"SEALITE USA, LLC DBA AVLITE SYSTEMS",66JX4,,,,108023
BOSCH REXROTH CORPORATION DIV MOBILE HYDRAULICS DIVISION,66X59,,,,101007
BELZONA MOLECULAR INC,67020,,,,109035
"GENERAL DYNAMICS MISSION SYSTEMS, INC.",67032,,,,100085
YOUNG TOUCHSTONE COMPANY DIV YOUNG TOUCHSTONE,67049,,,,109937
"SEA CURE TECHNOLOGY, INC",67060,,,,105176
CSD ELECTRONICS,67083,,,,106449
BROOKS T J CO,67089,,,,105128
VICOR CORP,67131,,,,101299
PATTY-O-MATIC INC,67139,,,,112330
ALTERA CORPORATION,67183,,,,100639
WHITMIRE MICRO GEN RESEARCH LABORIES INC,67184,,,,107260
ARCO ENGINEERING INC,67193,,,,007304
FLOWSERVE PUMP CORPORATION DIV FLUID SEALING DIVISION,67209,,,,007246
TARGET TECH INC,67236,,,,003201
ARC SYSTEMS INC,67245,,,,007270
"ANTENNA ASSOCIATES, INC. DBA ANTENNA ASSOCIATES INC",67270,,,,102020
KOHLER CO.,67271,,,,001173
STANFORD RESEARCH SYSTEMS INC. DBA STANFORD RESEARCH SYSTEMS INC,67276,,,,008274
RICHARD MANUFACTURING COMPANY DBA RICHARD MANUFACTURING CO,67291,,,,101936
APLASTEK CO,67327,,,,002468
DORIAN TOOL INTL INC,67338,,,,103117
"PLAYA TOOL & MARINE, INC. DBA PLAYA TOOL & MARINE INC",67350,,,,006281
"VANTAGE ASSOCIATES INC DIV MACHINING AND ASSEMBLY, A DIVISION OF VANTAGE ASSOCIATES, IN",67351,,,,110600
"MEDALLION INSTRUMENTATION SYSTEMS, LLC",67373,,,,102702
PERKINS ENGINE /SHREWSBURY/ LTD DEFENSE SALES DIV,67575,,,,001173
INGERSOLL-RAND COMPANY,67631,,,,105668
AMERICAN LABELMARK COMPANY DIV LABELMASTER,67634,,,,002792
"CRISTEK INTERCONNECTS, LLC",67720,,,,109029
"C.E. PRECISION ASSEMBLIES, LLC",67810,,,,100622
CONTINENTAL AUTOMOTIVE SYSTEMS,67UH9,,,,101792
,,,,,006803
ARGO-TECH CORP NAVY POWER DIV,68037,,,,003578
BELKIN COMPONENTS,68167,,,,101377
"KARL SENNER, L.L.C. DBA KARL SENNER INC",68225,,,,100078
CARBONE OF AMERICA CORPORATION DIV SUPERIOR CARBON PRODUCTS DIVISION,68256,,,,103593
3-M FEDERAL SYSTEMS DEPT,68352,,,,002033
PRESTOLITE ELECTRIC INC,68505,,,,008202
EATON CORP CUTLER HAMMER PRODUCTS,68592,,,,002959
SPACE COMPONENT SUPPLY,68608,,,,008822
"PANISH MARINE SYSTEMS, LLC",687X1,,,,110769
"TIMES MICROWAVE SYSTEMS, INC DBA TIMES MICROWAVE SYSTEMS INC DIV TIMES MICROWAVE SYSTEMS",68999,,,,003586
MACHINING BROKERS & ASSOC,68ZM2,,,,109045
COOPER INDUSTRIES INC INDUSTRIAL MACHINERY DIV,69266,,,,109334
"WALKER DESIGN, INC. DBA WALKER DESIGN INC DIV WALKER ENGINEERING ENTERPRISES, INC",69502,,,,100593
"BEAVER-VISITEC INTERNATIONAL, INC.",695E4,,,,109499
"CATLOW, INC.",69616,,,,106420
"HAMMOND POWER SOLUTIONS, INC",69699,,,,005974
HYDRIL RUBBER OPNS,69717,,,,008367
"REXNORD INDUSTRIES, LLC",69994,,,,101640
SAWYER WOOD PRODUCTS INC DBA SAWYER PADDLES & OARS,69EU0,,,,111868
UNITED REFRIGERATION INC DBA UNITED REFRIGERATION INC,69UM2,,,,006527
"HEAT SHRINK SUPPLY, LLC",6A2X5,,,,107194
"NEXERGY, INC.",6A380,,,,102543
IMTRA CORP,6A840,,,,104528
KAMAN INDUSTRIAL TECHNOLOGIES CORPORATION DIV 560,6A908,,,,101318
BOSCH REXROTH CORPORATION,6ANP7,,,,101007
"HOUSTON CONNECTOR AND CABLE, LLC",6B0P3,,,,110261
GATES CORPORATION DBA THE GATES CORPORATION,6B427,,,,103335
MALLORY CAPACITOR CO SUB OF EMHART INDUSTRIES INC,6B513,,,,003197
RELIANCE ELECTRIC INDUSTRIAL CO,6B597,,,,002959
RELIANCE ELECTRIC INDUSTRIAL CO SERVICE CENTER,6B744,,,,006016
"TAMPA ARMATURE WORKS, INC. DBA TAMPA ARMATURE WORKS INC DIV TAW CUSTOM EQUIPMENT",6B816,,,,109057
"TEREX USA, LLC DBA AMERICAN CRANE",6CW03,,,,105316
"GEA MECHANICAL EQUIPMENT US, INC. DBA WESTFALIA SEPARATOR INC",6CYU5,,,,103789
FRANKLIN BRASS MFG CO,6D138,,,,005978
HEXCEL CORP DIV CASA GRANDE PLANT,6D159,,,,109746
"AMCAN INSTRUMENTS, INC",6D462,,,,111418
RICHARDSON RFPD INC,6D8L9,,,,002985
"PMF INDUSTRIES, INC.",6D963,,,,112277
PALADIN LIGHT CONSTRUCTION,6DRX5,,,,002024
TWECO PRODUCTS INC,6E774,,,,000109
VALIMET INC,6E834,,,,111943
NAILOR INDUSTRIES OF TEXAS INC,6E9Z9,,,,103872
SPRAYON,6EXD9,,,,002992
MANITOU EQUIPMENT CO,6F706,,,,106326
"TACOMA SCREW PRODUCTS, INC. DBA TACOMA SCREW PRODUCTS INC",6F724,,,,109434
"ZF GAINESVILLE, LLC",6FL99,,,,104359
IPC EAGLE CORPORATION DIV IPCEAGLE CORP,6FPG4,,,,109221
"MARINE PROPULSION TECHNOLOGIES, INC.",6FUZ9,,,,108659
GOVERNMENT SECURE SOLUTIONS CGI INC.,6G8M2,,,,110210
DXP ENTERPRISES INC,6G9R7,,,,111024
GREATER EGYPT REGIONAL PLANNING AND DEVELOPMENT COMMISSION,6GP07,,,,100078
"PENTAIR FLOW TECHNOLOGIES, LLC",6GSK8,,,,006227
"THE W.W. WILLIAMS COMPANY, LLC",6H244,,,,102037
BGF INDUSTRIES INC,6H391,,,,108101
FOAMEX LTD PARTERNSHIP,6H474,,,,102105
STRUTHERS-DUNN INC,6H515,,,,003197
TOP CRAFT TOOL INC,6H600,,,,111878
"PENTAIR FEDERAL PUMP, LLC",6HF58,,,,006227
"TORCHMATE, INC. DBA LINCOLN ELECTRIC",6HF73,,,,109041
PASSION 4 MURALS LLC,6HMR7,,,,107759
YOKOGAWA CORP OF AMERICA,6HNW6,,,,105024
CLASSIC INSTRUMENTS INC,6HWR7,,,,107759
JOHANSON TECHNOLOGY INC,6J5X1,,,,108995
"ASCO POWER TECHNOLOGIES, L.P.",6J744,,,,102375
"AMERITOOL MFG., INC.",6JGQ3,,,,006997
ILLINOIS TOOL WORKS INC. DBA BUEHLER DIV BUEHLER,6JJR2,,,,112329
"ARMAGEDDON GEAR, LLC DBA ARMAGEDDON GEAR DIV ARMAGEDDON GEAR",6JLY3,,,,110070
TADANO AMERICA CORPORATION,6JPH3,,,,112665
"BADGER METER, INC. DIV COX FLOW MEASUREMENT",6JRJ1,,,,000909
INGERSOLL-RAND COMPANY- PARTS,6K358,,,,105668
BASIC RUBBER AND PLASTICS CO.,6K404,,,,002951
POMONA ELECTRONICS CO INC,6K508,,,,003197
"SCHNEIDER ELECTRIC USA, INC. DBA SCHNEIDER ELECTRIC",6K801,,,,001042
JEDTCO CORP,6K915,,,,007972
"BARGAIN BUSINESS SUPPLIES, INC",6KFF4,,,,112429
"CHEMRING SENSORS AND ELECTRONIC SYSTEMS, INC. DIV CHARLOTTE",6KWZ6,,,,111807
"BRACKE MANUFACTURING, LLC",6L0W2,,,,112716
REYCO GRANNING LLC,6L1A1,,,,113790
BADGER FIRE PROTECTION INC,6L214,,,,001603
DIODES INC DIODE SALES DIV,6L334,,,,003197
TLD AMERICA CORPORATION DIV TLD AMERICA,6L481,,,,101406
DRAEGER INC DBA DRAEGER MEDICAL INC,6L622,,,,110709
SUBSEA AIR SYSTEMS LLC,6L827,,,,103035
THOMSON LINEAR LLC,6LBC3,,,,106792
FLUID HANDLING LLC,6LE50,,,,101224
"HEATEC, INC.",6LGM4,,,,110034
KARCHER NORTH AMERICA INC,6LHS6,,,,106385
"SURVIVAL METRICS, LLC",6LP20,,,,111768
KIMBERLY-CLARK CORP PROFESSIONAL HEALTH CARE DIV,6M009,,,,108702
SKYSPARES PARTS INC,6M132,,,,103211
ARROW ZEUS ELECTRONICS,6M193,,,,003222
STATE SEAL COMPANY,6M226,,,,100992
"AFTEK, INC. DBA APPLIED FILTRATION TECHNOLOGY",6M3E5,,,,111427
KRAFT POWER CORPORATION DBA KRAFT POWER CORP,6M451,,,,001173
"GHC SPECIALTY BRANDS, LLC DBA LAB SAFETY SUPPLY",6M644,,,,000621
VALLEY SEAL COMPANY DBA VALLEY SEAL CO,6M784,,,,101611
EATON ELECTRIC COMPANY,6MF44,,,,002959
"RJCO ENTERPRISES, INC. DBA RJCO ENTERPRISES INC",6MP28,,,,112240
AGCO CORP PARTS OPN,6N299,,,,109455
"WOLCOTT - PARK, INC.",6N772,,,,102274
"NATIONAL BUSINESS FURNITURE, LLC DBA NATIONAL BUSINESS FURNITURE LLC",6P292,,,,111260
HAGGARD & STOCKING ASSOCIATES INC,6P743,,,,003116
"VISHAY SPRAGUE, INC. DBA VISHAY BARRY",6P825,,,,008251
"TELEDYNE DIGITAL IMAGING US, INC.",6P860,,,,101126
AMERICAN AIR FILTER CO INC DIV AAF INTERNATIONAL,6Q1C1,,,,006032
ROLLS-ROYCE SOLUTIONS AMERICA INC,6Q8H2,,,,001178
"SQUARE DEAL MACHINING, INC. DBA SQUARE DEAL MACHINING INC",6QQA3,,,,109530
AWD MFG AND SALES CO,6R044,,,,001547
INGERSOLL-RAND COMPANY DBA ROTARY COMPRESSOR DIVISION,6R484,,,,105668
HAMMOND ELECTRONICS INC,6R495,,,,003197
WES-GARDE COMPONENTS GROUP INC,6R875,,,,003293
OSG PROPULSION LLC,6R9F7,,,,110390
"ASAP SEMICONDUCTOR, LLC",6RE77,,,,111593
"XYLEM DEWATERING SOLUTIONS, INC DBA GOD WIN PUMPS OF AMERICA",6RN45,,,,110173
AIRGAS USA LLC DBA AIRGAS DRY ICE,6RPW0,,,,108702
"BARCAR MANUFACTURING, INC.",6S406,,,,008299
DERALE OIL COOLERS,6S459,,,,110498
"CRH CALIFORNIA WATER, INC",6SA39,,,,111296
,,,,,001239
HILTI INC,6T236,,,,103284
KODIAC TRAILER AND MFG INC,6T407,,,,104118
PARKER-HANNIFIN CORPORATION DBA PARKER MOTION & CONTROL SALES,6T459,,,,103565
"JOHN W HOCK COMPANY DBA HOCK, JOHN W CO",6T654,,,,106498
MOLEX INCORPORATED DIV COMMERCIAL PRODUCTS,6TCQ9,,,,003775
VICTOR TECHNOLOGIES INTERNATIONAL LLC,6TJC3,,,,000109
KOP FLEX DIV REGAL BELOIT AMERCIA INC,6TTZ6,,,,002497
NAPA AUTO PARTS DBA NAPA AUTO PARTS,6TVS8,,,,104582
I SQUARED R ELEMENT CO,6U488,,,,103007
NEWARK ELECTRONICS DBA NEWARK INONE,6U544,,,,002538
LAMP TECHNOLOGY INC,6U588,,,,100078
ASSOCIATE ENGINEERING CORP,6U773,,,,107354
"VERNON CORPORATION, THE",6U7E9,,,,110849
AMETEK INC,6UBJ2,,,,103491
ANDERSON METAL INDUSTRIES INC,6V279,,,,109090
"ZF GROUP NORTH AMERICAN OPERATIONS, INC. DBA ZF SERVICES NORTH AMERICA DIV SALES AND SERVICE",6V370,,,,104406
EAST PENN MFG CO C/O TYLOR BLACKBURN INDUSTRIAL BATTERIES INC,6V397,,,,008449
ERNI COMPONENTS INC,6V439,,,,102778
STEWART-WARNER CORP HOBBS DIV,6V699,,,,002794
"KUS USA, INC. DBA KUS",6V6U1,,,,112058
MALLORY CAPACITOR CO,6V750,,,,003197
EBMPAPST,6VDL6,,,,003775
KADANT UNAFLEX LLC,6VLZ1,,,,111389
"BLACK DIAMOND ADVANCED TECHNOLOGY, LLC",6VVF0,,,,110866
RHEEM MFG CO DIV OF CITY INVESTING CO,6W294,,,,104926
"BATTERY SPECIALTIES, INC. DBA BATTERY SPECIALTIES INC",6W468,,,,102417
INLAND MACHINE COMPANY INC. DBA INLAND MACHINE CO INC,6W617,,,,100810
"MALONE SPECIALTY, INC.",6W637,,,,002229
CARBORUNDUM CO THE DIV OF THE KENNECOTT CORP,6W894,,,,104533
INTERSTATE BATTERY,6WD30,,,,103058
"VALLEY CRAFT INDUSTRIES, INC.",6WUU4,,,,105731
CHASE CORPORATION,6WY76,,,,108844
CONTINENTAL DYNAMICS CORP./SYTEMAX DBA GLOBAL COMPUTER SUPPLIES DIV GOVERNMENT SALES & EDUCATION,6X080,,,,105711
EATON CORP CUTLER-HAMMER PRODUCTS DIV,6X441,,,,002959
CORTLAND INDUSTRIAL LLC,6X552,,,,110056
COLUMBUS MCKINNON CORP DIV COLUMBUS MCKINNON HOIST,6X905,,,,002710
"ENGINE SYSTEMS, INC. DBA MARINE SYSTEMS DIV MARINE SYSTEMS, INC.",6Y051,,,,101552
AIRPAX ELECTRONICS INC,6Y107,,,,003197
NARAS AVIATION INC,6Y342,,,,102386
PHILLIPS AND TEMRO INDUSTRIES DIV OF BUDD CO INC,6Y402,,,,001178
"DIESEL FORWARD, INC. DBA DIESEL FORWARD",6Y451,,,,105928
STOFFEL SEALS CORP,6Y610,,,,105489
TURBO HOSES,6YMM3,,,,109679
,6Z056,,,,103262
CM MANUFACTURING INC DBA CM MANUFACTURING INC,6Z056,,,,103262
RUD-CHAIN INC. DBA RUD-CHAIN INC,6Z091,,,,006210
APEM INC,6Z1J1,,,,002538
SHERWOOD VALVE LLC DBA SHERWOOD VALVE,6Z3H2,,,,000563
MTE CORP,6Z539,,,,002959
BECKMAN COULTER INC DIV US CUSTOMER OPERATIONS,6Z677,,,,109773
POKORNY SALES AND MFG INC,6Z742,,,,101598
"A AND M AEROSPACE, INC. DBA A & M AEROSPACE INC",6Z800,,,,101560
"CORTRON, INC. DBA CORTRON INC",6Z833,,,,104816
"STANLEY BLACK & DECKER, INC.",6ZGH6,,,,111656
LEXTM3 LLC,6ZKC3,,,,110184
"RF MANUFACTURING, LLC DBA RF MANUFACTURING",6ZN10,,,,111909
SIG SAUER INC.,6ZWB1,,,,111545
"STANLEY SECURITY SOLUTIONS, INC DBA BEST LOCK",70019,,,,003829
GENERAL MOTORS LLC DBA GENERAL MOTORS,70040,,,,000469
CHANTILLY DEVELOPMENT CORPORATION DBA ACME SPECIALTY MFG CO DIV ACME SPECIALTY MFG.,70082,,,,006820
"ACUSHNET RUBBER COMPANY, INC.",70106,,,,110396
ABSCOA INDUSTRIES INC,70127,,,,006616
AERIAL MACHINE & TOOL CORPORATION,70133,,,,004203
"AERO-INSTRUMENTS CO., LLC DBA AEROCONTROLEX GROUP DIV AERO INSTRUMENTS INC., LLC",70134,,,,102982
AEROIL PRODUCTS CO INC,70142,,,,006533
"AIR CRUISERS COMPANY, LLC",70167,,,,101183
AEROPRODUCTS OPNS OF ALLISON DIV OF GENERAL MOTORS CORP,70168,,,,100229
HONEYWELL INTERNATIONAL INC. DIV AEROSPACE - TORRANCE,70210,,,,101152
INDRESCO INC INDUSTRIAL TOOL DIV,70211,,,,101424
"BOGGS & ASSOCIATES, INC",70231,,,,101904
TACTAIR FLUID CONTROLS INC,70236,,,,101153
EMERSON ELECTRIC CO ALCO CONTROLS DIV,70255,,,,002771
ALL POWER MANUFACTURING CO.,70265,,,,007245
HARSCO CORP SHERWOOD DIV,70292,,,,000563
ALLMETAL SCREW PRODUCTS CORP,70318,,,,002564
ALUMINUM LADDER COMPANY,70338,,,,110147
AMERICAN CASTING AND MFG CORP,70359,,,,103706
AMERICAN CYANAMID CO,70361,,,,102219
AGASTAT DIV OF AMERICA GAS ACCUMULATOR CO,70382,,,,003197
ANDERSON BRASS COMPANY,70411,,,,002074
KTM 2 LLC DBA ARROW SAFETY DEVICE COMPANY,70418,,,,002040
APPLETON MARINE INC,70433,,,,007180
"ARENS CONTROLS COMPANY, L.L.C DBA ARENS CONTROLS",70436,,,,002252
BRISTOL BABCOCK INC HELICOID INSTRUMENTS DIV,70462,,,,003661
BARNES GROUP INC,70472,,,,006009
AMERICAN CORD & WEBBING CO INC DIV AMERICAN CORD AND WEBBING,70474,,,,112377
ATLANTIC INDIA RUBBER CO INC,70485,,,,102483
AMERIDRIVES INTERNATIONAL LLC DBA AMERIDRIVES INTERNATIONAL LLC,70487,,,,002833
"MATTHEW WARREN, INC DBA ATLANTIC SPRING DIV ATLANTIC SPRING DIVISION",70489,,,,100835
AMERICAN METAL BEARING CO DBA AMB ENGINEERING & MACHINING SOLUTIONS,70508,,,,008504
"HYSPAN PRECISION PRODUCTS, INC.",70510,,,,000163
ATWOOD INDUSTRIES INC AUTOMOTIVE DIV,70523,,,,113431
AUSTIN AND WESTERN ROAD MACHINERY CO,70560,,,,104267
AMPERITE CO INC,70563,,,,005032
ATKOMATIC VALVE CO INC,70642,,,,002520
AUTO VEHICLE PARTS CO DBA AU-VE-CO,70655,,,,006881
ATLAS VALVE CO,70667,,,,100078
SL AUBURN INC SUB OF SL INDUSTRIES INC,70673,,,,008593
"SCHNEIDER ELECTRIC USA, INC. DBA SCHNEIDER ELECTRIC",70745,,,,001270
"STRONG FORGE & FABRICATION, LLC",70750,,,,005007
CONCENTRIC ROCKFORD INC,70763,,,,000698
"BELMONT METALS, INC. DBA BELMONT METALS DIV BELMONT METALS",70774,,,,103093
ORTRONICS INC,70778,,,,005974
BAKER MANUFACTURING CO,70834,,,,104799
BAND-IT-IDEX INC UNIT OF IDEX CORP,70847,,,,000006
SCHAEFFLER AEROSPACE USA CORP DIV SCHAEFFLER AEROSPACE USA CORPORATION,70854,,,,000997
BATH IRON WORKS CORPORATION,70876,,,,102929
EXXONMOBIL CORPORATION DBA SOUTHWEST GREASE BUSINESS,70878,,,,004141
BEAD INDUSTRIES INC DIV BEAD ELECTRONICS,70892,,,,104672
BEECHCRAFT CORPORATION DBA TEXTRON AVIATION,70898,,,,105672
BEEMER PRECISION INC,70901,,,,102708
BELDEN WIRE AND CABLE CO,70903,,,,008180
"BERGEN CABLE TECHNOLOGY, INC.",70958,,,,101251
BOND CASTER AND WHEEL CORP DBA BOND MACHINE AND FABRICATION,70993,,,,104804
BIRD ELECTRONIC CORPORATION DIV BIRD ELECTRONIC CORP,70998,,,,101266
DZZOM DELAWARE CORP.,70Q53,,,,113544
"UNIRISE USA, LLC",70S16,,,,005974
AX CONTROL INC DBA AX CONTROL INC,70UN0,,,,111234
ALTRA INDUSTRIAL MOTION CORP.,71041,,,,002833
UOP INC BOSTROM DIV,71044,,,,001750
REPUBLIC FASTENER MFG. CORP. USE CAGE CODE 52828 FOR CATALOGING.,71087,,,,006616
BRIGHT STAR INDUSTRIES INC,71092,,,,000115
"HDB INC. DBA HOMER D BRONSON COMPANY, THE",71126,,,,002928
EMERSON ELECTRIC CO BROWNING MFG DIV,71176,,,,002497
BUCKEYE FORGE INC,71177,,,,002992
E.J. BROOKS COMPANY DBA TYDENBROOKS SECURITY PRODUCTS GROUP,71182,,,,104525
BRYANT ELECTRIC,71183,,,,005974
BROWNING BELTING AND SUPPLY CO INC,71198,,,,002497
BUD INDUSTRIES INC,71218,,,,002682
"WALTRON BULL & ROBERTS, LLC",71229,,,,100692
HOWMET GLOBAL FASTENING SYSTEMS INC DIV CAMLOC PRODUCTS,71286,,,,003137
MERSEN USA PTT CORP DIV MERSEN USA BN CORP,71310,,,,106694
"VIKING TECHNOLOGIES, LTD.",71313,,,,007162
IMI CASH VALVE INC,71342,,,,108211
MC GEAN-ROHCO INC DBA CEE-BEE AVIATION DIV CEE-BEE AVIAITON DIVISION,71361,,,,104569
BUNTING BEARINGS CORP,71366,,,,102708
CESSNA AIRCRAFT COMPANY DBA TEXTRON AVIATION,71379,,,,104947
"COOPER BUSSMANN, LLC DBA COOPER INDUSTRIES",71400,,,,005974
HENKEL CORP,71410,,,,102274
MERSEN USA EP CORP. DBA FERRAZ SHAWMUT,71424,,,,001042
AIRTEX PRODUCTS DIV OF UIS INC,71425,,,,108032
A W CHESTERTON CO DIV SEALING DEVICE DIVISION,71431,,,,004029
CTS CORP,71450,,,,101298
FMC TECHNOLOGIES INC DBA FMC FLUID CONTROL,71454,,,,111324
ITT CANNON LLC,71468,,,,005980
"DAVID CLARK CO INC DIV DAVID CLARK COMPANY, INC.",71483,,,,100908
UNION BUTTERFIELD CORP P O BOX 9000 CRYSTAL LAKE IL 60039,71485,,,,000115
MARCONI COMMUNICATIONS INC,71492,,,,103188
"COEN COMPANY, INC.",71550,,,,006586
ANCHOR SEALS INCORPORATED DIV ASI CORPORATE,71564,,,,003813
COOPER INDUSTRIES INC BUSMANN MFG DIV,71607,,,,003197
RADIO FREQUENCY SYSTEMS INC,71628,,,,008715
SAINT-GOBAIN PERFORMANCE PLASTICS INC. DBA SAINT GOBAIN PERFORMANCE PLASTICS INC.,71643,,,,000092
KWD AIRCRAFT SUPPORT EQUIPMENT LLC,71670,,,,100388
COTO CORP,71707,,,,101589
"JOHN CRANE, INC",71724,,,,006544
"CMC OF GEORGIA, INC.",71741,,,,001771
CULLIGAN INTL CO SUB OF BEATRICE COMPANIES INC,71762,,,,106695
CINCH CONNECTIVITY SOLUTIONS INC.,71785,,,,100715
"CURTISS-WRIGHT CONTROLS, INC. DBA CURTISS WRIGHT DIV ACTUATION DIVISION",71791,,,,100205
"SOUTHPORT INDUSTRIES, INC.",71816,,,,007052
DARNELL CORPORATION,71823,,,,002935
CLAUSS CUTLERY CO,71827,,,,103138
CLEVELAND HARDWARE AND FORGING COMPANY DBA FOX VALLEY FORGE,71843,,,,103348
ALFA LAVAL INC,71871,,,,002864
DERBYSHIRE MACHINE & TOOL CO,71905,,,,100603
DOVER CORP,71913,,,,001340
DO-RAY LAMP CO INC,71951,,,,002977
RELIANCE ELECTRIC COMPANY DBA RELIANCE & DODGE BRANDS,71956,,,,006805
DOW SILICONES CORPORATION,71984,,,,002253
"DOW-ELCO, INC.",71985,,,,105939
"AVIATION PROCUREMENT SYSTEMS, LLC",71GK6,,,,111386
GOVERNMENT SECURE SOLUTIONS CGI INC.,71Q82,,,,110210
LATCHWAYS INC,71TV7,,,,109988
VISKON-AIRE CORP,72003,,,,003704
CLEVELAND GASKET AND MFG CO CLEVELAND OH,72016,,,,007076
DURABLA MFG CO,72021,,,,000483
COOPER WIRING DEVICES INC.,72041,,,,005974
CAMDEC CORP,72055,,,,002476
"LIFTEC INC DIV LIFTEC, INC.",72100,,,,002921
FIREYE INC,72144,,,,112448
ELECTRONIC TRANSFORMER CORP DIV ELECTRONIC TRANSFORMER CORPORATION,72149,,,,007074
WHITTAKER CORP ELECTRONIC RESOURCES DIV,72152,,,,100078
"B.W. ELLIOTT MANUFACTURING CO., LLC",72166,,,,003214
KVH INDUSTRIES INC,72197,,,,102789
TELEPHONE COMPANY OF AMERICA INCORPORATED,72217,,,,102389
ERNST FLOW INDUSTRIES,72256,,,,003635
NYTRONICS INC,72259,,,,002715
"HUBBELL INDUSTRIAL CONTROLS, INC",72268,,,,109036
EUTECTIC CORP,72271,,,,000109
F & D TOOL CO INC,72295,,,,006969
BAE SYSTEMS INFORMATION AND ELECTRONIC SYSTEMS INTEGRATION INC.,72314,,,,006020
COTTA TRANSMISSION CO LLC,72328,,,,001386
CURTISS-WRIGHT FLOW CONTROL CORPORATION DBA FARRIS ENGINEERING DIV CURTISS-WRIGHT VALVES DIVISION- FARRIS,72352,,,,006791
DUO-FAST CORP,72357,,,,103901
DIGITAL DEVELOPMENT CORP,72401,,,,003311
FIRESTONE INDUSTRIAL PRODUCTS CO DIV OF THE FIRESTONE TIRE AND RUBBER CO,72413,,,,000075
SIGMA INSTRUMENTS INC FISHER-PIERCE DIV,72421,,,,104010
FLEXITALLIC GASKET CO INC,72433,,,,004010
FLOWER D B MFG CO,72441,,,,005912
"DANA COMMERCIAL VEHICLE MANUFACTURING, LLC DBA DANA COMMERCIAL VEHICLE PRODUCTS",72447,,,,003759
FLOMATIC CORPORATION,724L7,,,,104696
VALVOLINE INC DIV OEM GROUP,72527,,,,100265
GENERAL MOTORS CORP DELCO PRODUCTS DIV MACHINE CONTROL SYSTEMS,72560,,,,001178
ALLIEDSIGNAL INC DBA ALLIED-SIGNAL AEROSPACE CO,72599,,,,003431
"THOMAS SCIENTIFIC, LLC DBA THOMAS SCIENTIFIC, LLC",725Q0,,,,101073
GASKET MANUFACTURING CO.,72606,,,,008681
DIALIGHT CORP BROOKLYN DIV,72619,,,,003293
DIAMOND CHAIN CO DIV OF AMSTED INDUSTRIES INC,72625,,,,002209
DIETZ R E CO,72635,,,,002011
GC/WALDOM INC,72653,,,,003197
"DIXON VALVE & COUPLING COMPANY, LLC DIV DIXON FIRE",72661,,,,000025
JOHN C. DOLPH COMPANY,72688,,,,100110
GENERAL FILTERS INC,72692,,,,007935
GENTEX CORP,72724,,,,006779
DISC-LOCK LLC,72731,,,,112325
"DORMAN PRODUCTS, INC. DBA DORMAN",72741,,,,103269
SOUTHCO INC,72794,,,,002739
EATON CORP ENGINEERED FASTENERS DIV,72800,,,,100041
"OHMITE HOLDING, L.L.C.",72819,,,,104929
"EBY GROUP, LLC, THE DBA EBY COMPANY DIV EBY COMPANY",72825,,,,006622
"PUROLATOR PRODUCTS CO DIV MOTOR COMPONENTS, LLC",72850,,,,104099
PALMETTO INC,72902,,,,003104
GRIMES AEROSPACE COMPANY DBA HONEYWELL,72914,,,,002218
GENERAL MOTORS CORP ELECTRO-MOTIVE DIV,72915,,,,101552
GROSS MECHANICAL LABORATORIES INC,72922,,,,103849
ELLIOTT COMPANY DIV JEANNETTE,72957,,,,100321
"ROBERT M. HADLEY COMPANY, INC.",72964,,,,100526
EFCOR INC,72971,,,,001042
ERIE SPECIALTY PRODUCTS INC,72982,,,,100314
"CENGAGE LEARNING, INC. DBA CENGAGE LEARNING INC",72BG3,,,,112475
"EVOLUTION INTERCONNECT SYSTEMS, INC. DBA EVOLUTION INTERCONNECT SYSTEMS",72DG1,,,,111580
BEAVERFIT NORTH AMERICA LLC,72PF6,,,,112596
"FERGUSON FIRE & FABRICATION, INC. DIV FERGUSON FIRE & FABRICATION",72T79,,,,005978
DAYCO PRODUCTS INC,73002,,,,000024
HAMILTON SUNDSTRAND CORPORATION DBA COLLINS AEROSPACE,73030,,,,100652
HARRIS CALORIFIC CO THE,73084,,,,004055
HAYWARDINDL. PRODUCTS INC.,73124,,,,106918
ROLLER BEARING CO OF AMERICA INC,73134,,,,002769
BI TECHNOLOGIES CORPORATION DIV BI TECHNOLOGIES CORP.,73138,,,,003197
HINDLEY MANUFACTURING COMPANY INC,73145,,,,007913
HERESITE SAEKAPHEN INC,73159,,,,110513
FEDERAL-MOGUL CORP FEL-PRO GASKET DIV,73165,,,,007036
KIDDE TECHNOLOGIES INC. DBA FENWAL SAFETY SYSTEMS DIV FENWALL SAFETY SYSTEMS,73168,,,,006505
KOCSIS BROS MACHINE CO,73181,,,,002446
KIP INC,73212,,,,107107
"HOSE-MCCANN TELEPHONE CO, INC",73274,,,,007028
HOUGHTON INTERNATIONAL INC.,73277,,,,111680
HUBBARD M D SPRING CO INC,73287,,,,002748
ALLISON TRANSMISSION INC,73342,,,,001178
FREED TRANSFORMER CO,73386,,,,007074
SCOTT & FETZER CO ADALET-PLM DIV,73389,,,,008602
FRIEND MFG CORP,73393,,,,101187
AMERICAN COUPLINGS CO,73402,,,,000025
SCHNEIDER ELECTRIC SYSTEMS USA INC,73475,,,,000470
CABLE ELECTRIC PRODUCTS INC,73545,,,,007218
"CARLING TECHNOLOGIES, INC DBA CARLINGSWITCH",73559,,,,003293
LA CHANCE LTD,73569,,,,001270
POWERS HOLDINGS INC DBA FIRE BRICK ENGINEERS CO DIV CURTIS INDUSTRIES,73631,,,,008484
GARLOCK SEALING TECHNOLOGIES LLC DBA GARLOCK SEALING TECHNOLOGIES LLC,73680,,,,100899
"SCHULZE MFG., INC.",73693,,,,106224
EMPIRE LEVEL MFG CO,73710,,,,108674
FEDERAL SCREW PRODUCTS INC.,73734,,,,103290
ITT AEROSPACE CONTROLS LLC DBA ITT AEROSPACE CONTROLS UNIT S,73760,,,,101980
GOSHEN RUBBER AND MFG CO,73795,,,,003867
TEXAS INSTRUMENTS INC METALLURGICAL MATERIALS DIV,73803,,,,102728
ASSOCIATED SPRING BARNES GROUP INC,73821,,,,006009
HAMMOND MFG CO LTD,73831,,,,006960
GOODYEAR TIRE AND RUBBER CO THE,73842,,,,000042
JENNINGS TECHNOLOGY COMPANY LLC DBA JENNINGS,73905,,,,002985
GUARDIAN ELECTRIC MANUFACTURING CO DIV GUARDIAN ELECTRIC MFG CO,73949,,,,002962
GROOV-PIN CORP,73957,,,,007329
HARDWARE PRODUCTS CO INC,73976,,,,100375
TUTHILL CORP HANSEN COUPLING DIV,73992,,,,106165
SOKKIA CORPORATION DBA FOREIGN PARENT IS SOKKIA CO LTD ATSUGI JAPAN,73996,,,,000233
"TANTALUM BOLT & FASTENER, LLC DBA EXTREME BOLT & FASTENER",73AB2,,,,112128
"RAB ELECTRIC, INC.",73QM4,,,,001042
"MARATHONNORCO AEROSPACE, INC. DBA MARATHON POWER TECHNOLOGIES COMPANY",74025,,,,002033
TE CONNECTIVITY CORPORATION,74063,,,,001270
HARVARD INDUSTRIES,74080,,,,104531
PENN-UNION CORP DIV PENN-UNION CORP,74159,,,,101886
PROCELAIN PRODUCTS CO,74178,,,,006166
EATON CORP HEINEMANN PRODUCTS COMMERCIAL CONTROLS DIV,74193,,,,003293
BARNES GROUP INC.,74197,,,,006009
THE SKYDYNE COMPANY,74284,,,,006947
PEABODY INTL CORP,74303,,,,004106
HOBBS CORP,74400,,,,003775
"SAF-HOLLAND, INC.",74410,,,,001692
H-K CONNECTICUT HOLDING COMPANY,74445,,,,000857
VIBRATECH INC,74480,,,,105804
HUBBELL INCORPORATED (DELAWARE) DBA WIRING DEVICE-KELLEMS DIVISION,74545,,,,003225
STEWART & STEVENSON POWER PRODUCTS LLC,74577,,,,101109
ILSCO CORP,74829,,,,001042
ILLINOIS CAPACITOR INC,74840,,,,003764
AMPHENOL CORPORATION DIV AMPHENOL RF,74868,,,,002974
INDEECO LLC DBA INDEECO,74924,,,,003640
JACKSON PRODUCTS INC,74936,,,,000109
KOMAR SCREW CORP,74949,,,,109327
"JAY BEE MACHINE WORKS, INC",74954,,,,102816
CLARK-RELIANCE LLC DBA JERGUSON GAGE & VALVE,74965,,,,003635
JOSLYN CORP,74999,,,,112595
"FMW RUBBER PRODUCTS, INC.",74G10,,,,106259
BROMINE SYSTEMS INC,74YZ3,,,,110531
MINNESOTA MINING AND MFG CO 3M COMPANY,75037,,,,100110
INSL-X PRODUCTS CORP,75038,,,,101494
JACOBS MFG CO THE,75078,,,,001178
DEERE & CO,75160,,,,002120
CONCORD INSTRUMENTS CORP,75175,,,,101084
"THE CARLYLE JOHNSON MACHINE CO, LLC DBA CARLYLE JOHNSON MACHINE CO LLC",75182,,,,002702
JOHNSON RUBBER CO THE,75183,,,,101792
SUMMIT TOOL COMPANY,75204,,,,106666
"KAHLENBERG INDUSTRIES, INC. DBA KAHLENBERG INDUSTRIES INC",75214,,,,103458
HOWMET GLOBAL FASTENING SYSTEMS INC. DIV MICRODOT PRODUCTS,75237,,,,003137
"KELL-STROM TOOL INTERNATIONAL, INC.",75245,,,,006262
ABEX CORP AEROSPACE DIV OXNARD CA,75250,,,,006545
"KICKHAEFER MANUFACTURING COMPANY, LLC DBA KICKHAEFER MANUFACTURING CO",75272,,,,101291
KILLARK ELECTRIC MFG CO,75282,,,,003924
KESTER INC,75297,,,,100110
F.C.KINGSTON CO. DBA STORM MANUFACTURING,75336,,,,005018
"KIRKHILL, INC. DBA KIRKHILL INC",75345,,,,007218
KLEIN TOOLS INC,75347,,,,005974
KIRSCH CO,75349,,,,103027
KOH-I-NOOR RAPIDOGRAPH INC,75364,,,,008418
KAYDON RING & SEAL INC DBA KAYDON,75370,,,,008762
"KURZ & ROOT GENERATOR COMPANY, LLC",75377,,,,002903
KULKA ELECTRIC CORP A NORTH AMERICAN PHILLIPS CORP,75382,,,,002698
EMERSON POWER TRANSMISSION CORPORATION DBA EMERSON DIV EMERSON POWER TRANSMISSION DIVISION,75394,,,,002497
KYSOR INDUSTRIAL CORP,75418,,,,005022
HOWDEN NORTH AMERICA INC DIV HAF NAVY MARKET,75477,,,,100078
KILDER CORP DBA KILDER CORP,75493,,,,005874
THE CROSBY GROUP LLC DBA THE CROSBY GROUP,75535,,,,000115
"LEVITON MANUFACTURING CO., INC. DBA LEVITON",75582,,,,001042
SOUTHCO INC NEW YORK DIV,75618,,,,002739
"NGK-LOCKE, INC.",75638,,,,006271
"LOVEJOY, LLC DIV LOVEJOY",75665,,,,002497
LINCOLN PRECISION CARBIDE INC,75707,,,,006118
DEERE & COMPANY,75755,,,,002120
CECOS INTERNATIONAL INC,75847,,,,007222
"LITTELFUSE, INC.",75915,,,,105237
LEVIN PROFESSIONAL SERVICES INC DBA WASHINGTON PROFESSIONAL SYSTEMS,75940,,,,111010
KUNKLE INDUSTRIES INC LONERGAN VALVE DIV,75954,,,,102268
LAZZAR FURNITURE COMPANY DBA LAZZAR'S FLOOR JACK & HYDRAULIC CYLINDER REPAIR CENTER DIV LAZZAR'S FLOOR JACK,75KM5,,,,113596
BLACK & DECKER (U.S.) INC.,75QZ3,,,,111670
"EVONIK FOAMS, INC. DIV ROHACELL",75VK6,,,,111694
ACA CORPORATION DBA ACA CORP,76008,,,,103610
EATON AEROSPACE LLC DBA STERER ENGINEERING DIV M.C.AEROSPACE,76050,,,,103789
MAGNATROL VALVE CORP DBA MAGNATROL VALVE CORP,76093,,,,104320
"M. P. PUMPS, INC.",76122,,,,104871
MARS SIGNAL LIGHT CO INC,76123,,,,003590
FENNER AMERICA INC FENNER MANHEIM DIV,76157,,,,103954
MAUREY MFG CO,76241,,,,102708
MC DONALD A Y MFG CO,76243,,,,001720
"M-B COMPANIES, INC.",76280,,,,002387
MELRATH GASKET,76281,,,,076281
MILSCO MFG CO UNIT OF JASON INC,76359,,,,108613
MINERALLAC ELECTRIC CO,76369,,,,007362
"MECHANICAL EQUIPMENT COMPANY, INC.",76371,,,,102189
MECHANICAL MARINE DIV HAYWARD MFG CO INC,76372,,,,110183
"SAFRAN ELECTRICAL & POWER USA, LLC DBA LABINAL POWER SYSYEMS USE CAGE CODE 81640 FOR CATALOGING",76374,,,,101488
STANLEY INDUSTRIAL & AUTOMOTIVE LLC,76377,,,,104415
3M COMPANY DIV GOVERNMENT MARKETS,76381,,,,000621
MEISSNER MFG CO,76384,,,,102483
MINOR RUBBER CO INC,76385,,,,000136
MITCHELL LLOYD E INC,76388,,,,005031
MONARCH MFG WORKS INC,76444,,,,103044
"MICHIGAN WHEEL OPERATIONS, LLC",76455,,,,105761
MORGANITE INC,76468,,,,008438
EMERSON POWER TRANSMISSION CORPORATION DIV EPT,76474,,,,006997
BELL INDUSTRIES INC J W MILLER MAGNETICS DIV,76493,,,,002936
"MOELLER INSTRUMENT COMPANY, INC. DBA MOELLER INSTRUMENT CO",76526,,,,007009
TRW INC TRW ELECTRONICS COMPONENTS TRW CINCH-MONADNOCK DIV,76530,,,,002584
"MUELLER ELECTRIC COMPANY, INC. DIV MUELLER ELECTRIC COMPANY",76545,,,,111402
MWM-MURPHY DIESEL CO,76558,,,,003826
"MORSE, F W & COMPANY",76568,,,,002053
CORE INDUSTRIES INC. DBA MUELLER STEAM SPECIALTY,76588,,,,007217
MURRAY CORPORATION,76599,,,,002098
FEDERAL-MOGUL CORP CHASSIS PRODUCTS DIV,76680,,,,002011
CUMMINS FILTRATION INC.,76700,,,,000963
O-Z/GEDNEY CO NELSON FIRESTOP PRODUCTS DIV A UNIT OF GENERAL SIGNAL CORP,76714,,,,008572
NEMCO ELECTRIC CO,76718,,,,003197
NUPLA CORPORATION,76732,,,,110964
NEW PROCESS FIBRE CO,76733,,,,101381
NEW VENTURE GEAR INC NEW PROCESS GEAR DIV,76760,,,,100976
C E NIEHOFF & CO,76761,,,,001747
"BUCKLES INTERNATIONAL, INC.",76786,,,,110899
"NOBLES WORLDWIDE, INC.",76793,,,,103743
NIBCO INC.,76816,,,,105299
ELECTRO SWITCH CORP. DBA OAK GRISGSBY DIV ELECTROSWITCH,76854,,,,003775
FLOTEC INC,76944,,,,111652
C. S. OSBORNE AND COMPANY DBA CS OSBORNE & CO,76970,,,,106217
GENERAL MOTORS CORP PACKARD ELECTRIC DIV,77060,,,,103664
"BRAININ-ADVANCE INDUSTRIES, LLC DBA USE CAGE CODE 32799 FOR CATALOGING",77147,,,,102158
PENFLEX INC,77218,,,,000147
PHAOSTRON INSTRUMENT AND ELECTRONIC COMPANY,77221,,,,004038
"DANA OFF HIGHWAY PRODUCTS, LLC",77237,,,,008778
PERMATEX CO INC,77247,,,,000092
PHILADELPHIA VALVE CO,77254,,,,000843
THE BOEING COMPANY,77272,,,,101907
ENERSYS INC.,77280,,,,101041
"PIPER INDUSTRIAL MANUFACTURING COMPANY, LLC DIV PIPER INDUSTRIAL MANUFACTURING COMPANY",77294,,,,002033
"PARCO, LLC",77308,,,,000483
POLLAK JOSEPH CORP,77326,,,,104118
"PLEWS, INC. DBA PLEWS EDELMANN DIV PLEWS & EDELMANN",77335,,,,006695
TE CONNECTIVITY CORP,77342,,,,003215
CR/PL LLC,77378,,,,106566
PHILIPS INDUSTRIES INC LAU DIV BAYLEY/PROPELLAIR GROUP,77401,,,,101407
PUNCH-LOK CO DIV PT PUNCH-LOK,77414,,,,008031
ITT JABSCO PRODUCTS,77424,,,,006288
RTX CORPORATION DBA PRATT & WHITNEY DIV PRATT &WHITNEY,77445,,,,102648
WELLINGTON LEISURE PRODUCTS INC ENGINEERED PRODUCTS DIV,77469,,,,103399
BOSCH AUTOMATION TECHNOLOGY,77521,,,,101007
"ASSOCIATED SPRING US, LLC DIV CORRY",77535,,,,106226
"SPECTRUM BRANDS, INC.",77542,,,,000621
CROUSE-HINDS LIGHTING,77774,,,,001370
AMPHENOL CORP DIV AMPHENOL AEROSPACE OPERATIONS,77820,,,,005980
"SCHLEGEL SYSTEMS, INC DIV ROCHESTER DIVISION",77824,,,,101332
EATON CORPORATION DIV EATON,77842,,,,100205
MOXY TRUCKS OF AMERICA LLC,77851,,,,000068
SUREWERX USA INC,77852,,,,006097
ROBERTSHAW CONTROLS CO NEW STANTON DIV,77857,,,,105024
SHERMAN H B MFG CO DIV OF DAYTON-WALTHER CORP,77860,,,,000196
"ROCKFORD POWERTRAIN INC DIV POWERTRAIN ROCKFORD, INC.",77873,,,,109941
SERVICE SPRING CO,77894,,,,001070
"REXNORD INDUSTRIES, LLC DIV AEROSSPACE BEARING OPERATION",77896,,,,007905
MARSHALL EXCELSIOR CO,77907,,,,006897
SHELLER-GLOBE CORP PORTLAND DIV,77915,,,,008212
ROSS OPERATING VALVE CO,77927,,,,100429
SINGER CO THE,77948,,,,008127
"GFS CHEMICALS, INC",77964,,,,103779
"RUBBERCRAFT CORPORATION OF CALIFORNIA, LTD. DBA RUBBERCRAFT CORP",77969,,,,104080
SIGNAL-STAT CORP,77977,,,,001192
EXXON MOBIL CORPORATION DBA CHEMICAL PRODUCTS DIVISION,77988,,,,004141
SUNWIZE POWER & BATTERY LLC,77K75,,,,112724
EVOLUTION TRAILER TECHNOLOGIES INC. DBA EVOLUTION TRAILER TECHNOLOGIES DIV NONE,77X56,,,,112865
MACGREGOR USA INC,77ZF9,,,,103645
MIDLAND-ROSS CORP RUSSELLSTOLL DIV,78011,,,,001819
LEICA INC SURVEYING AND PHOTOGRAMMETRY SYSTEMS DIV,78039,,,,104601
SALISBURY W H AND CO INC,78046,,,,008036
"SARGENT AEROSPACE & DEFENSE, LLC DBA SARGENT CONTROLS & AEROSPACE DIV SARGENT CONTROLS & AEROSPACE",78062,,,,008076
MPB CORPORATION DBA MPB CORP,78118,,,,002497
STANDARD MOTOR PRODUCTS,78174,,,,100291
STANDARD PRODUCTS CO,78175,,,,002425
STANDARD HORSE NAIL CORP,78187,,,,100492
ITW SHAKEPROOF AUTOMOTIVE PRODUCTS,78189,,,,002502
STANT MFG CO INC,78225,,,,003015
THOMAS AND BETTS CORP AMERICAN ELECTRIC DIV OEM GROUP MEMPHIS TN,78229,,,,103277
F M STEVENSON CO INCORPORATED,78249,,,,002789
AVK INDUSTRIES PRODUCTS INC,78276,,,,002584
SIGMA INSTRUMENTS INC,78277,,,,104010
"QUICK START PRODUCTS & SOLUTIONS, INC",78280,,,,001627
STRUTHERS-DUNN INC,78290,,,,003197
"STURGES MANUFACTURING CO., INC. DIV STURGES MANUFACTURING COMPANY INCORPORATED",78325,,,,108156
SLOAN VALVE COMPANY,78330,,,,005978
PARKER-HANNIFIN CORPORATION DIV QUICK COUPLER DIVISION,78357,,,,001911
SNAPVENT CO,78359,,,,104957
"SODERBERG MANUFACTURING COMPANY, INC. DBA SODERBERG MANUFACTURING",78366,,,,008275
MEGGITT TROY INC,78385,,,,100078
WOODWARD CONTROLS INC.,78388,,,,102646
ANCHOR SWAN CORP DIV OF AMERACE CORP,78394,,,,000024
HEALTHY OPTIONS FOR PERSONAL EXCELLENCE,78446,,,,007039
PARKER-HANNIFIN CORP DIV SPORLAN DIVISION,78462,,,,002771
STANDARD-THOMSON CORPORATION,78493,,,,003015
"PERFORMANCE HEALTH SUPPLY, INC. DBA ROLYAN BUOYS DIV DBA-ROLYAN BUOYS",78498,,,,113625
"MERITOR HEAVY VEHICLE SYSTEMS, LLC",78500,,,,003306
HALDEX INC,78502,,,,001819
"STAN CHEM, INCORPORATED DBA ALBI MANUFACTURING DIVISION",78520,,,,107907
"STAPLES & PFEIFFER, INC.",78527,,,,104299
"TINNERMAN PALNUT ENGINEERED PRODUCTS, INC.",78553,,,,002502
GUIDANCE TECHNOLOGY INC,78626,,,,004125
"MITSUBISHI CATERPILLAR FORKLIFT AMERICA, INC",78640,,,,000810
"TRIUMPH CONTROLS, LLC DBA TRIUMPH CONTROLS, LLC",78710,,,,003317
TELEPHONICS CORP DBA TELEPHONICS CORP,78711,,,,006179
XCHANGER MANUFACTURING CORPORATION DBA XCHANGER MANUFACTURING CORP,78730,,,,103400
SANDVIK-MILFORD CORP DIV OF SANDVIK SAWS AND TOOLS CO,78735,,,,103055
H O TRERICE CO,78763,,,,006948
MIDDLEBY MARSHALL INC TOASTMASTER COOKING AND WARMING EQUIPMENT DIV,78770,,,,107098
TRIPPLITE DIV OF TRIPPE MFG CO,78820,,,,002538
OMEGA PACIFIC INC.,78848,,,,109568
GARLOCK INC VALVES AND INDUSTRIAL PLASTICS DIV SUB OF COLTEC INDUSTRIES INC,78912,,,,002253
UNION CITY BODY COMPANY LLC,78916,,,,007361
UNITED AIR FILTER INC.,78940,,,,007233
"TRIUMPH THERMAL SYSTEMS, LLC",78943,,,,104062
COOPER INDUSTRIES INC COOPERTOOLS,78976,,,,004043
UNITY MANUFACTURING CO,78977,,,,102485
ANVIL INDUSTRIES INC CLEVELAND CITY FORGE,78998,,,,001078
PARKER-HANNIFIN CORPORATION DIV QUICK COUPLING DIVISION,78JK3,,,,101172
MICRON INDUSTRIES CORPORATION DBA MICRON POWER DIV NA,78N14,,,,111014
APCO/VALVE & PRIMER CORP,79067,,,,112749
VARFLEX CORPORATION DBA VARFLEX CORP,79074,,,,006196
VITACHROME GRAPHICS GROUP INC,79104,,,,108006
TRUARC COMPANY LLC DBA WALDES TRUARC,79136,,,,008338
DYNAPAR CORP DIV SPECIALTY PRODUCT TECHNOLOGIES,79142,,,,103935
VELVAC INC,79146,,,,003076
TDZ HYDRAULICS SA,7914B,,,,107549
VICTAULIC COMPANY OF AMERICA INC DBA VICTAULIC COMPANY OF AMERICA,79154,,,,002019
VORTOX COMPANY,79160,,,,109642
WARRICK CONTROLS INC,79198,,,,100762
WATEROUS COMPANY,79218,,,,001110
WATLOW ELECTRIC MANUFACTURING CO DBA WATLOW,79221,,,,110706
WATTS REGULATOR COMPANY,79227,,,,000470
WALTHAM CLOCK CO INC,79300,,,,006799
MEGGITT NORTH HOLLYWOOD INC,79318,,,,101592
TRANSDIGM INC DIV ADELWIGGINS GROUP,79326,,,,004061
"ASRC FEDERAL FACILITIES LOGISTICS, LLC",79343,,,,003021
THE S K WELLMAN CORP DBA WELLMAN FRICTION PRODUCTS,79370,,,,002460
WIX CORP,79396,,,,006131
"WOODHEAD, LP DBA WOODHEAD DIV INTEGRATED PRODUCTS GROUP",79409,,,,005974
TB WOODS'S CORPORATION,79425,,,,102708
"AESYS TECHNOLOGIES, L.L.C. DBA JACKSON & CHURCH HVAC GLOBAL DIV YORK SHIPLEY GLOBAL",79466,,,,005893
DANA CORP WEATHERHEAD DIV,79470,,,,100857
WESTINGHOUSE ELECTRIC CORP,79500,,,,002959
ZURN INDUSTRIES INC HYDROMECHANICS DIV,79530,,,,107890
GATES RUBBER CO THE,79563,,,,103335
WHITNEY BLAKE COMPANY DBA WHITNEY BLAKE CO,79566,,,,104171
WHITTET-HIGGINS COMPANY,79568,,,,100737
ELLIOTT TOOL TECHNOLOGIES LTD.,79585,,,,008776
"VICKERS & ASSOCIATES, INC.",79597,,,,000075
"E.J. WILLIS COMPANY, INC. DBA EJ WILLIS CO INC",79645,,,,110350
"WIREMOLD COMPANY, THE",79725,,,,106566
PAT EQUIPMENT CORP INC,79760,,,,005023
MERITOR HEAVY VEHICLE SYSTEMS LLC OFF HIGHWAY PRODUCTS AND SUPPLY DIV HEAVY VEHICLES COMPONENTS OPNS,79780,,,,003571
TUROLLA,797M1,,,,000078
ACCO-BABCOCK INC HOIST AND CRANE DIV,79805,,,,103371
YOST SUPERIOR CO,79886,,,,003983
RHODES M H INC,79919,,,,003311
SSP FITTINGS CORP,79926,,,,001810
ESMET INC,79931,,,,002488
THE TIRE & RIM ASSOCIATION INC,79934,,,,103096
ZENITH FUEL SYSTEMS LLC,79960,,,,000324
ZIERICK MFG CORP,79963,,,,002584
MURRAY BENJAMIN ELECTRIC CO LLC,7A280,,,,104494
PEDLEY KNOWLES & CO DBA PK SAFETY SUPPLY,7A683,,,,108863
PEMBROKE INC,7A703,,,,001282
HENSLEY INDUSTRIES INC,7A900,,,,000810
XYLEM INC,7AEW7,,,,004126
AVENTICS CORP DIV AVENTICS CORPORATION,7AJK0,,,,101007
J6 POLYMERS LLC,7AWA2,,,,110321
KTSDI LLC,7AYE6,,,,112090
"ROBERT MCKEOWN COMPANY, INC.",7B953,,,,008152
"S&S PRECISION MANUFACTURING, INC. DBA S & S PRECISION MANUFACTURING INC",7BEK6,,,,112083
MARINE INDUSTRIES WEST LLC,7BP65,,,,110649
"ROCKY INDUSTRIES, INC. DBA ROCKY INDUSTRIES INC",7C2L8,,,,112223
"LXD RESEARCH & DISPLAY, LLC DBA LXD LLC",7C8U1,,,,109887
DEWALT INDUSTRIAL TOOL CO,7CGP8,,,,000621
"SKT2, LLC DBA KAGWERKS DIV K?GWERKS",7CPA1,,,,110858
HANNA CYLINDERS LLC DIV HANNA CYLINDERS,7D4J9,,,,105128
BENDON GEAR & MACHINE INC,7D752,,,,008360
KILOVAC CORP,7D924,,,,003197
"PENTAIR WATER GROUP, INC",7DWC3,,,,006227
LITTLEFUSE INC,7E222,,,,003197
WILSON-GARNER CO,7E548,,,,107067
PRESTOLITE ELECTRIC INC,7E656,,,,008202
D. L. MARTIN CO.,7E947,,,,108905
TEXTRON AVIATION INC,7EK50,,,,105672
DELTA INTL MACHINERY CORP,7F371,,,,006295
GE GRID SOLUTIONS LLC DBA GE GRID SOLUTIONS LLC,7FD21,,,,003459
AMETEK INC DBA AMETEK/DIXSON DIV DIXSON,7G233,,,,000453
AMPHENOL CORP,7G614,,,,003197
KEROTEST MFG CORP,7G686,,,,008305
THE CHEMOURS CO FC LLC,7GFT8,,,,005956
"PRIMAX MANUFACTURING & TRADING, INC. DBA CAIMAN GLOVES",7GZZ0,,,,112168
BANTAM DIV OF KOEHRING CO,7H006,,,,104267
"DANA DRIVESHAFT MANUFACTURING, LLC DBA DANA DRIVESHAFT PRODUCTS",7H161,,,,003759
SORENSEN CO DIV OF SWITCHCRAFT INC SUB OF RAYTHEON CO,7H381,,,,006842
RAYTHEON MARINE CO HQ,7H422,,,,007026
"BOCK DRUM COMPANY, INC. DBA BOCK DRUM CO INC",7H662,,,,105350
CUTHBERTSON THEODORE J,7H712,,,,002253
MALLORY CAPACITOR CO,7H877,,,,003197
"ADMERASIA, INC. DBA ADMERASIA",7HQ37,,,,005013
ALPS ELECTRONIC USA INC,7J054,,,,003197
APPLE SCIENTIFIC INC.,7J160,,,,105760
TRIONICS INC,7J349,,,,104085
LAKETRONICS INC,7J401,,,,100550
STK ELECTRONICS INC,7J766,,,,003197
TRISEAL CORPORATION DBA TRISEAL WORLDWIDE,7J854,,,,101533
ENDRIES INTL INC,7J925,,,,101336
"MACGYVER SOLUTIONS, INC. DBA MACGYVER SOLUTIONS INC",7JP09,,,,111127
"MATTERHACKERS, INC. DBA MATTERHACKERS INC",7JRL8,,,,113461
WORLD PRODUCTS INC,7K104,,,,003197
TUBE FABRICATORS INC,7K167,,,,106318
ROGER ZATKOFF COMPANY DBA ZATKOFF SEALS & PACKINGS,7K168,,,,103930
VECTOR CORP,7K358,,,,003197
AL XANDER CO. INC. THE DBA AXCO VALVE,7K479,,,,001911
CARBORUNDUM CO THE CARBORUNDUM CENTER,7K631,,,,104533
"AQUAPHOENIX SCIENTIFIC, LLC",7K791,,,,105841
BRAY INTERNATIONAL INC,7KXG7,,,,100664
BARRON INDUSTRIES INC,7L135,,,,112720
"SEAWORTHY SYSTEMS, INC.",7L194,,,,109039
GENTEX CORP,7L772,,,,108045
"ELSTER AMCO WATER, LLC",7L864,,,,000066
BEI NORTH AMERICA LLC,7LE18,,,,003775
"WOODWARD, INC. DIV WOODWARD INDUSTRIAL CONTROL SYSTEMS",7LLB9,,,,006654
OSHINO LAMPS AMERICA LTD,7LMR0,,,,111875
MAKERGEAR LLC,7LSR4,,,,113483
KEYSTONE AUTOMOTIVE OPERATIONS INC DBA GROVE NORTH AMERICA,7M196,,,,005023
"HOLDEN INDUSTRIES, INC. DBA HOLDEN INDUSTRIES INC",7M245,,,,104922
FRIGIDAIRE CO,7M485,,,,100112
ASTRAL AIR PARTS LLC,7M8V8,,,,007385
VETERAN EQUIPMENT SALES LLC,7M9Y6,,,,101153
"HYPERTHERM, INC. DIV HYPERTHERM",7N235,,,,000109
MORTON PRECISE PRODUCTS CORP,7N243,,,,002097
SPICER MOBILE OFF-HIGHWAY AXLE DIV OF DANA CORP,7N267,,,,104267
"BROOKS EQUIPMENT COMPANY, LLC DIV HEADQUARTERS",7N423,,,,102857
"KRAFT FLUID SYSTEMS, INC.",7N474,,,,100695
RANCH MFG CO,7N501,,,,109750
"STRIDE TOOL, LLC",7N6D9,,,,106108
UNIVERSAL WIRE CLOTH CO DBA UNIVERSAL WIRE CLOTH CO DIV UNIVERSAL WIRE CLOTH COMPANY,7N837,,,,108655
IDI CORP,7N898,,,,003197
WAYNE INTEGRATED TECHNOLOGIES CORP.,7N928,,,,110728
"HHE SERVICES, INC.",7N931,,,,109737
"ACCURATE TOOL CO., INC.",7N957,,,,105448
"SHINGLE & GIBB AUTOMATION LLC DIV SHINGLE AND GIBB AUTOMATION, LLC",7N959,,,,112092
"HENRY TECHNOLOGIES, INC. DBA HENRY TECHNOLOGIES,INC. INTERNATIONAL SALES CO.",7NJR2,,,,006669
SIMPSON STRONG-TIE COMPANY INC.,7NQS7,,,,005974
FASTCUT TOOL CORP,7P186,,,,101318
"CHAUTAUQUA COUNTY CHAPTER OF NYSARC, INC DBA RESOURCE CENTER",7P200,,,,104151
EDWARDS MANUFACTURING A DIVISION OF HYPRO CORP. DBA EMI,7P361,,,,106862
NIDEC-SHIMPO AMERICA CORPORATION DIV NIDEC-SHIMPO,7P458,,,,112636
"WORLD PRECISION INSTRUMENTS, LLC",7PBA0,,,,103359
CUMMINS INC,7PYM2,,,,000963
"FAIRBANKS MORSE, LLC",7PZX0,,,,004131
DAVID BROWN SANTASALO USA INC.,7Q2A9,,,,109796
"VICTOR TECHNOLOGIES INTERNATIONAL, INC. DBA TWECO-ARCAIR",7Q9N3,,,,000109
CMBF PRODUCTS INC,7R1P5,,,,107378
AUSTIN IGNITION CORPORATION,7R484,,,,002629
WORTHINGTON CYLINDERS DIV WORTHINGTON INDUSTRIES INC,7R742,,,,000109
AIR PRODUCTS CO,7R871,,,,109359
"ROCKWELL COLLINS, INC. DBA E M S DIV COLLINS AEROSPACE - MECHANICAL SYSTEMS",7S5J7,,,,008328
LAMART CALIFORNIA INC,7SN17,,,,112385
KAMAN INSTRUMENTATION CORPORATION,7T028,,,,008138
NKK SWITCHES OF AMERICA INC,7T118,,,,003197
NKK SWITCHES OF AMERICA INC,7T157,,,,003197
"NTE ELECTRONICS, INC",7T184,,,,003197
MIDWEST TUBE FABRICATORS INC,7T637,,,,102685
GAST MFG CORP,7T943,,,,001340
FEDERAL-MOGUL CORPORATION DBA FEDERAL-MOGUL DIV FP DIESEL,7U177,,,,100483
FLEXALLOY INC FASTENER SYSTEMS DIV,7U209,,,,103718
WINDER INDUSTRIES INC DBA WIN-TRON ELECTRONICS DISTRIBUTORS,7U470,,,,100149
"WURTH REVCAR FASTENERS, INC. DBA WURTH REVCAR FASTENERS INC DIV WURTH REVCAR FASTENERS",7U571,,,,107853
DEARDORFF FITZSIMMONS CORPORATION,7UFE8,,,,111239
NAMCO CONTROLS DIV OF ACME-CLEVELAND CORP,7V320,,,,112394
DO ALL PRECISION COMPONENTS INC,7V381,,,,101761
REMEL INC.,7V410,,,,108213
"FORANNE MANUFACTURING, INC DIV FORANNE MFG",7V437,,,,100641
NIDEC MOTOR CORPORATION DBA NIDEC INDUSTRIAL SOLUTIONS,7VC49,,,,113428
PUROSIL LLC,7VCN6,,,,001128
"SOLAR MOD SYSTEMS, INC",7VFD3,,,,112669
"MANUFACTURER'S COMMERCIAL FINANCE, LLC DIV BENCHMARK THERMAL",7W3Y0,,,,112028
SSAC INC,7W521,,,,003197
KENNAMETAL INC. DIV CHARLOTTE BUSINESS OFFICE,7W680,,,,002846
MARQUARDT SWITCHES INC,7W718,,,,003197
"SISTERS J&J, INC",7W874,,,,104253
"CMC RESCUE, INC.",7W905,,,,109002
"TEREX USA, LLC",7WAM0,,,,105316
G&S SUPPLY LLC,7WPR4,,,,111901
HONEYWELL INTERNATIONAL INC. DBA HONEYWELL DIV AEROSPACE - PHOENIX (SKY HARBOR),7X000,,,,100211
GENERAL MOTORS LLC,7X677,,,,000469
"CRYOQUIP, LLC",7X733,,,,112899
PARKER HANNIFIN CORP FLUIDPOWER GROUP SCHRADER BELLOWS PNEUMATIC DIV,7X823,,,,000097
"EDWARDS SYSTEMS TECHNOLOGY, INC",7X933,,,,003632
SIMONE ENGINEERING INC,7Y297,,,,106651
ARGO TURBOSERVE CORPORATION DIV ARGO TURBOSERVE CORP.,7Y333,,,,101063
"TRANSTAR INDUSTRIES, INC.",7Y635,,,,107378
"MARION BODY WORKS, INC.",7Y710,,,,100078
"AEROFLITE ENTERPRISES, INC.",7Y922,,,,008879
KAMPI COMPONENTS CO INC,7Z016,,,,100321
RALBO INC,7Z048,,,,109391
ULINE INC,7Z049,,,,102226
INTERNATIONAL PAINT INC DIV MARINE AND PROTECTIVE COATINGS,7Z197,,,,108556
PAC-TEC INC,7Z478,,,,003197
ROSEDALE PRODUCTS INC,7Z526,,,,104747
NORMA PENNSYLVANIA INC. DIV BREEZE INDUSTRIAL PRODUCTS,7Z588,,,,104301
AMERICAN DURABLE INC,7Z634,,,,103736
"LEVEL 10 INDUSTRIES, INC. DIV LEVEL 10 INDUSTRIES",7ZL65,,,,112269
KEYSIGHT TECHNOLOGIES INC,7ZXR5,,,,110727
"TEKTRONIX, INC.",80009,,,,004019
L3HARRIS CINCINNATI ELECTRONICS CORPORATION,80045,,,,007012
VEECO INSTRUMENTS INC LAMBDA DIV,80103,,,,006706
"CALUMET PHOTOGRAPHIC, INC.",80149,,,,006176
"ILLINOIS TOOL WORKS INC DBA ILLINOIS TOOL WORKS INC DIV INSTRON, A DIVISION OF ILLINOIS TOOL WORKS, INC.",80160,,,,111934
"KEITHLEY INSTRUMENTS, LLC",80164,,,,103167
DUMONT CORP THE,80185,,,,000793
ED ETNYRE & CO,80195,,,,001602
SKF USA INC. DBA SKF AEROSPACE SEALING SOLUTIONS,80201,,,,006997
C AND K COMPONENTS INC CLAYTON/UNIMAX DIV,80207,,,,002689
UNITED TRANSFORMER CORP SUB OF OPT INDUSTRIES INC,80223,,,,008270
VAPOR CORP SUB OF BRUNSWICK CORP,80234,,,,102548
GENERAL SERVICES ADMINISTRATION FEDERAL SUPPLY SERVICE,80244,,,,110660
BAE SYSTEMS INFORMATION AND ELECTRONIC SYSTEMS INTEGRATION INC.,80249,,,,003747
FARADAY LLC,80252,,,,002349
TEXTRON LYCOMING INC WILLIAMSPORT PLANT,80254,,,,006772
OUTBOARD MARINE CORP,80256,,,,001398
FCD CORP SUB OF HOWDEN DEFENSE SYSTEMS INC,80293,,,,007204
BOURNS INSTRUMENTS INC,80294,,,,002936
"AAR MANUFACTURING, INC. DBA AAR MOBILITY SYSTEMS",80298,,,,002557
OCEM ACQUISITION CORP,80302,,,,005950
"HARTZELL FAN, INC.",80352,,,,102456
"TRIUMPH AEROSTRUCTURES, LLC DBA TRIUMPH AEROSTRUCTURES - VOUGHT INTEGRATED PROGRAMS DIVISION",80378,,,,101765
BOC GROUP INC THE,80382,,,,000109
ROBERTSHAW CONTROLS CO NEW STANTON DIV,80411,,,,002875
AIRSAN CORPORATION DBA AIRSAN CORP,80431,,,,005910
"ADAMS RITE AEROSPACE, INC",80477,,,,006034
ANDERSON AIRMOTIVE INC,80495,,,,103777
"MAGELLAN AEROSPACE, MIDDLETOWN, INC",80512,,,,008056
C AND D BATTERIES AN ALLIED CO PLANT 1,80531,,,,104275
COOPER INDUSTRIES INC CAMPBELL CHAIN/COOPER TOOLS DIV,80535,,,,100322
"SPS TECHNOLOGIES, LLC DBA AEROSPACE FASTENERS GROUP DIV AEROSPACE - SANTA ANA",80539,,,,101464
FEDDERS CORP,80568,,,,008105
ROBERTSHAW CONTROLS CO EXECUTIVE OFFICE,80625,,,,001013
"U.S. TSUBAKI, INC DIV ROLLER CHAIN",80671,,,,000117
EVER TITE COUPLING CO INC,80691,,,,000030
"FOREST ELECTRIC COMPANY, THE DBA FELCO DIV A SUBSIDIARY OF KEMET ELECTRONICS CORP",80694,,,,102424
COLUMBUS MCKINNON CORPORATION DBA CHESTER HOIST DIV OHIO OPERATIONS - LISBON,80735,,,,002554
EXXON CORP,80738,,,,108723
BEATRICE FOODS CO TAYLOR FREEZER DIV,80739,,,,102540
"BECKMAN COULTER, INC. DIV US CUSTOMER OPERATIONS",80740,,,,109773
ACUTEK INC. USE CAGE CODE 99717 FOR CATALOGING,80753,,,,002607
RANDALL BEARING INC,80755,,,,108264
SPIROLOX INC,80756,,,,103030
ITT INDUSTRIES INC,80795,,,,113429
CABOT CORP,80798,,,,110342
DIMCOGRAY CORPORATION DBA DIMCO-GRAY COMPANY,80813,,,,108700
"INTERLINE BRANDS, INC. DBA J. A. SEXAUER",80850,,,,003016
GEA WESTFALIA SEPARATOR INC. DIV GEA WESTFALIA SEPARATOR INC.,80871,,,,100743
COOPER INDUSTRIES INC,80874,,,,001138
OIL RITE CORP,80885,,,,005949
GRUNDFOS CBS INC. DBA PACO PUMPS BY GRUNDFOS,80887,,,,105827
"MORGAN ADVANCED MATERIALS AND TECHNOLOGY, INC.",80894,,,,112345
FRINK AMERICA INC,80908,,,,008568
"BOMAG AMERICAS, INC.",80924,,,,003009
SCIP ENGINEERING LLC,80H79,,,,112395
YANMAR AMERICA CORPORATION,80LX1,,,,105286
PRIME TECHNOLOGY INC INTERNATIONAL INSTRUMENTS DIV,81030,,,,003010
SUPERIOR-LIDGERWOOD-MUNDY CORP DIV SUPERIOR-LIDGERWOOD-MUNDY CORPORATION,81033,,,,002871
"WHIPPANY ACTUATION SYSTEMS, LLC",81039,,,,002033
GRAYHILL INC,81073,,,,002081
ITT HOLUB INDUSTRIES,81074,,,,000031
JOHNSON C S CO INC,81076,,,,100395
KALAMAZOO MANUFACTURING COMPANY DBA METRO CROWN INTERNATIONAL,81078,,,,100433
PASS & SEYMOUR INC DIV PASS & SEYMOUR,81091,,,,001042
BAE SYSTEMS INFORMATION AND ELECTRONIC SYSTEMS INTEGRATION I DBA ES MARINE SYSTEMS,81100,,,,007302
EATON CORPORATION,81118,,,,002959
METREX VALVE CO,81151,,,,006827
PLYMOUTH RUBBER CO INC,81165,,,,104201
THE BOEING COMPANY DIV DEFENSE,81205,,,,103169
NEAPCO INC,81221,,,,105679
"ROTEX PUNCH COMPANY, INC DBA UNI-WRAP",81237,,,,102658
UNIVERSAL COMPONENTS CORP,81263,,,,102257
PARKER-HANNIFIN CORPORATION DBA INDUSTRIAL HOSE PRODUCT DIVISION DIV HOSE PRODUCTS DIVISION,81300,,,,000024
WHIRLPOOL CORP,81306,,,,106504
WINCHESTER INTERCONNECT CORPORATION DBA WINCHESTER INTERCONNECT DIV WINCHESTER INTERCONNECT,81312,,,,111761
SOCIETY OF AUTOMOTIVE ENGINEERS INC,81343,,,,109922
AMERICAN SOCIETY FOR TESTING AND MATERIALS DBA ASTM INTERNATIONAL,81346,,,,105842
FEDERAL SPECIFICATIONS PROMULGATED BY GENERAL SERVICES ADMINISTRATION WASHINGTON DC,81348,,,,104890
"RBC SOUTHWEST PRODUCTS, INC.",81376,,,,007352
STEWART & STEVENSON POWER PRODUCTS LLC,81381,,,,101109
"HASKEL INTERNATIONAL, LLC DBA HASKEL INTERNATIONAL, LLC",81400,,,,107766
BAE SYSTEMS INFORMATION AND ELECTRONIC SYSTEMS INTEGRATION INC.,81413,,,,103144
COOPER B-LINE INC DIV COOPER B-LINE,81435,,,,001042
THERM-O-DISC INCORPORATED,81439,,,,000109
RAYBOLD COUPLING CO,81452,,,,006222
FULLERTON TOOL COMPANY INC,81470,,,,110978
PAGE CHESTER LTD DBA COOPERATIVE INDUSTRIES,81482,,,,100709
INFINEON TECHNOLOGIES AMERICAS CORP,81483,,,,101299
"KOEHRING CRANES, INC DBA TEREX CRANES DIV WAVERLY OPERATIONS",81495,,,,003072
FLEXAUST INC,81518,,,,004064
MASON ELECTRIC CO. DBA MASON CONTROLS,81579,,,,007010
FEDERAL-MOGUL CORP SEALING PRODUCTS GROUP VAN WERT PLANT,81596,,,,002011
"YORK INDUSTRIES, INC.",81616,,,,100078
"SAFRAN POWER USA, LLC",81640,,,,101488
EPICOR INDUSTRIES INC IDEAL DIV,81646,,,,003996
HONEYWELL INTERNATIONAL INC. DBA HONEYWELL DIV HONEYWELL SENSING AND CONTROL,81692,,,,108760
MULBERRY METAL PRODUCTS INC,81703,,,,103517
OPW FUELING COMPONENTS INC. DIV OPW FUELING COMPONENTS,81718,,,,102490
CONNECTICUT SPRING & STAMPING CORPORATION THE DBA CONNECTICUT SPRING & STAMPING CORP,81753,,,,106223
ALMON JOHNSON LTD,81782,,,,007330
ALLIANZ SWEEPER COMPANY,81795,,,,106039
"TRIMM INTERNATIONAL, INC. DBA TRIMM",81812,,,,006237
HOOVER ELECTRIC CO,81817,,,,006522
FILTRON CO INC DIV OF RFI CORP,81831,,,,101109
TRANSDIGM INC,81833,,,,110405
GROTE INDUSTRIES INC DIV MILITARY PRODUCTS,81834,,,,000759
"SAIA-BURGESS, INC.",81840,,,,003775
ELECTRONIC CONTROLS CORPORATION,81844,,,,101447
UTILITIES SERVICE CO SUB OF LEHIGH STRUCTURAL STEEL CO,81850,,,,006949
FEDERAL-MOGUL POWERTRAIN LLC DBA FEDERAL-MOGUL DIV SYSTEMS PROTECTION,81851,,,,002784
EAGLEPICHER TECHNOLOGIES LLC,81855,,,,008056
GLEASON CORP ANTHES DIV,81859,,,,008522
"HUTCHINSON AEROSPACE & INDUSTRY, INC. DBA BARRY WRIGHT CORP",81860,,,,002584
WOODWARD HRT INC,81873,,,,003464
CALCULAGRAPH CO (INC) DBA CONTROL PRODUCTS,81901,,,,006964
CRAIG SYSTEMS CORP SUB OF EASTERN TECHNOLOGIES LTD,81902,,,,008266
FASCO INDUSTRIES CORP,81958,,,,003793
PARKER-HANNIFIN CORPORATION DIV FLUID CONTROL DIVISION,81978,,,,000453
HYDRO-AIRE AEROSPACE CORP,81982,,,,101493
HUBBELL HARVEY INC KELLEMS DIV,81992,,,,103277
"BLONDER TONGUE LABORATORIES, INC.",82054,,,,103277
"GLOBE COMPOSITE SOLUTIONS, LLC",82094,,,,007223
PARKER-HANNIFIN CORPORATION DBA CONTROL SYSTEMS DIVISION DIV CONTROL SYSTEMS DIVISION - MILITARY,82106,,,,000453
"GUDEBROD, INC.",82110,,,,102885
ELECTRO SWITCH CORP. DBA ELECTRO SWITCH CORP,82121,,,,003239
PACIFIC PISTON RING CO INC,82151,,,,007107
"L3 TECHNOLOGIES, INC. DIV DATRON ADVANCED TECHNOLOGIES",82152,,,,103714
DOSSERT CORP,82168,,,,003225
"ROHDE & SCHWARZ USA, INC.",82199,,,,101668
BELFORT INSTRUMENT COMPANY,82205,,,,008045
VDO CONTROL SYSTEMS INC,82227,,,,006841
SIMMONS FASTENER CORP AN AMFAST CORP,82240,,,,008231
SPRAYING SYSTEMS CO,82247,,,,001504
"CURTIS DYNA-FOG, LTD.",82254,,,,110410
PARKER-HANNIFIN CORPORATION DBA PNEUTRONICS DIV HYDRAULIC CARTRIDGE SYSTEMS DIVISION,82271,,,,001230
CORNING OPTICAL COMMUNICATIONS RF LLC,82316,,,,001270
DRESSER RAND CO TERRY CORP STEAM TURBINE MOTOR AND GENERATOR CO A JOINT VENTURE,82328,,,,101458
CLIMAX INDUSTRIES INC,82336,,,,008398
AERO-MOTIVE COMPANY,82366,,,,103740
JAIDINGER MANUFACTURING CO INC DBA JAIDINGER MANUFACTURING CO INC,82386,,,,100189
SWITCHCRAFT INC.,82389,,,,111402
"ILLINOIS TOOL WORKS INC. DBA WATERBURY BUCKLE CO, THE",82399,,,,102405
TRIUMPH GEAR SYSTEMS INC DBA TRIUMPH GEAR SYSTEMS INC,82402,,,,101516
AIRPAX CORPORATION LLC DBA AIRPAX CORPORATION LLC,82415,,,,002669
FEDERAL-MOGUL CORP SIGNAL-STAT DIV,82445,,,,001192
GLEASON REEL CORP,82457,,,,007234
MAC LEAN FOGG LOCK NUT CO,82465,,,,003225
LENARD PACKAGING CO INC THE,82471,,,,109611
"CVG SPRAGUE DEVICES, LLC",82484,,,,008080
STAR HEADLIGHT & LANTERN CO INC,82485,,,,006685
COMMENCEMENT INTL CORP,82538,,,,007292
MCGILL MFG CO INC ELECTRICAL DIV,82634,,,,000031
"SENSATA TECHNOLOGIES, INC. DIV SENSATA ATTLEBORO",82647,,,,002081
STANDARD PRODUCTS CO THE,82654,,,,002425
STOCKHAM VALVES AND FITTINGS INC,82666,,,,105825
TEMPIL INC.,82682,,,,101744
TRANSICOIL LLC DBA ADS TRANSICOIL DIV TRANSICOIL,82686,,,,006996
TRIANGLE RUBBER CO.INC. DBA TRIANGLE RUBBER CO INC,82689,,,,101511
WESTINGHOUSE AIR BRAKE TECHNOLOGIES CORP DBA WABTEC CORP,82722,,,,008644
YUNDT MICHAEL CO,82794,,,,005905
COLTEC INDUSTRIES INC. DBA FAIRBANKS MORSE ENGINE DIV FAIRBANKS MORSE ENGINE,82796,,,,004131
REIF M M & CO INC,82820,,,,006154
ALLEN AIRCRAFT PRODUCTS INC,82829,,,,004162
RESEARCH PRODUCTS CORP,82866,,,,112486
"ROANWELL, LLC",82872,,,,102110
ROTRON INCORPORATED,82877,,,,101152
SEARLE AERO INDUSTRIES,82898,,,,102770
THE BOEING COMPANY DIV LEGACY WICHITA,82918,,,,103169
DEERE JOHN HORICON WORKS,82934,,,,002120
RBX INDUSTRIES,82942,,,,007257
MUNTERS CORPORATION DIV CARGOCAIRE,82974,,,,005905
PT COMPONENTS INC DRIVE DIV,82994,,,,002959
WEST AMERICAN RUBBER CO STONER RUBBER CO DIV,82999,,,,008555
HARTWELL CORPORATION,83014,,,,002739
STANLEY AVIATION CORP,83046,,,,008025
ILLINOIS TOOL WORKS INC. DBA NORWOOD MARKING SYSTEMS,83056,,,,112328
TRW ASSEMBLIES AND FASTENERS GROUP FASTENERS DIV,83058,,,,102791
NEW HAMPSHIRE BALL BEARINGS INC DIV HITECH DIVISION,83086,,,,003431
CURTISS-WRIGHT ELECTRO-MECHANICAL CORPORATION DBA CURTISS-WRIGHT STEAM AND AIR SOLUTIONS DIV STEAM AND AIR SOLUTIONS,830Q4,,,,101458
AIR & LIQUID SYSTEMS CORPORATION DBA BUFFALO PUMPS,83130,,,,006689
MEAS US LLC DBA MEASUREMENT SPECIALTIES DIV TEMPERATURE PRODUCTS GROUP,83186,,,,100422
MAGLINE INC,83205,,,,002146
ALLIED SIGNAL INC AEROSPACE EQUIPMENT SYSTEMS EATONTOWN SITE,83298,,,,101152
"HYSTER-YALE GROUP, INC. DBA YALE MATERIALS HANDLING",83299,,,,001843
"STEWART R. BROWNE MFG. CO., INC.",83303,,,,006024
"UNISON INDUSTRIES, LLC",83311,,,,103491
HUBBELL CORP,83315,,,,005974
HOWMET GLOBAL FASTENING SYSTEMS INC DIV ROSAN PRODUCTS,83324,,,,112129
DIALIGHT CORPORATION,83330,,,,002081
TECH LOGISTICS INC.,83332,,,,008059
FLYWHEEL SUPPLY LLC,833H8,,,,111779
AEROL LLC,83445,,,,001284
STEWART-WARNER ALEMITE SALES CO INC,83447,,,,000454
STEWART-WARNER ALEMITE SALES CO INC,83448,,,,002344
PAWLING CORPORATION DBA PAWLING CORP DIV ARCHITECTURAL PRODUCTS,83473,,,,000925
"LOVEJOY, LLC DIV LOVEJOY",83529,,,,102779
ESSEX INDUSTRIES INC DIV MANUFACTURING DIVISION,83533,,,,007907
ASSOCIATED SPRING BARNES GROUP INC,83553,,,,006009
"PRC - DESOTO INTERNATIONAL, INC. DBA PPG AEROSPACE DIV ASC-LOS ANGELES",83574,,,,102049
SMITH METER INC PARTS OPN,83590,,,,100990
KIDDE INC WALTER KIDDE DIV,83612,,,,003769
MITSUBISHI CHEMICAL ADVANCED MATERIALS INC.,83616,,,,001330
DELTA INTL MACHINERY CORP,83738,,,,106271
EVEREADY BATTERY CO INC,83740,,,,003796
MERIDIAN PLASTICS INC,83754,,,,003796
PEERLESS ELECTRONICS INC. DBA PEERLESS ELECTRONICS INC,83803,,,,002081
RENOLD CANADA LTD,83818,,,,002948
E. C. STYBERG ENGINEERING COMPANY DBA EC STYBERG ENGINEERING CO INC DIV E.C. STYBERG ENGINEERING CO.,83829,,,,004184
EGS ELECTRIC CO LLC,83879,,,,000031
ILLINOIS TOOL WORKS INC DBA BUILDEX DIV.,83910,,,,004183
TRANSDIGM INC DBA ADEL WIGGINS GROUP DIV ADEL WIGGINS,83930,,,,004061
THE AERONAUTICAL INSTRUMENT AND RADIO COMPANY DBA THE AERONAUTICAL INSTRUMENT AND RADIO COMPANY DIV THE AERONAUTICAL INSTRUMENT AND,83942,,,,101161
THE ESAB GROUP INC. DBA ESAB WELDING & CUTTING PRODUCTS DIV ESAB WELDING AND CUTTING,84021,,,,000109
AIW-ALTON INC,84027,,,,004072
TEMPILSTIK CORP,84032,,,,101744
LIMA AND HAMILTON DIV OF CONSTRUCTION EQUIPMENT DIV OF BALDWIN AND LIMA AND HAMILTON CORP,84146,,,,104267
ANDREW LLC,84147,,,,107443
ARMITE LABORATORIES INC,84180,,,,109413
EATON CORP CLUTCH DIV,84243,,,,003759
"Q3 JMC, INC",84290,,,,105670
TELEDYNE TECHNOLOGIES INCORPORATED DBA TELEDYNE BATTERY PRODUCTS DIV TELEDYNE BATTERY PRODUCTS,84375,,,,104574
AMERICAN SHIZUKI CORP,84411,,,,100595
H. K. METAL CRAFT MANUFACTURING CORPORATION,84479,,,,007266
B MED INDUSTRIAL SUPPLY LLC,844V1,,,,112317
FEDERAL HOSE MFG,84501,,,,000393
"DRESSER-ARGUS, INC DBA DRESSER ARGUS INC",84583,,,,007020
FULTON INDUSTRIES INC,84609,,,,108159
SAFEGUARD POWERTECH SYSTEMS,84659,,,,100321
STANADYNE CORPORATION DBA STANADYNE DIESEL SYSTEMS DIV DIESEL SYSTEMS,84760,,,,105928
NEW HERMES INC ENGRAVERS DIV,84801,,,,006950
LEE SPRING CO INC,84830,,,,003947
"WALTER G. LEGGE COMPANY, INC. DBA WALTER G LEGGE CO INC",84832,,,,105621
KAMAN AEROSPACE CORPORATION DBA AIR VEHICLES & MRO DIVISION,84955,,,,102050
TA AEROSPACE CO DIV TA AEROSPACE,84971,,,,111915
"TOYOTA ADVANCED LOGISTICS NORTH AMERICA, INC.",84DD9,,,,107114
"ROCKWELL COLLINS, INC. DBA COLLINS AEROSPACE MILITARY AVIONICS & HELICOPTERS DIV COLLINS AEROSPACE - MILITARY AVIONICS & HELICOPTERS",84T51,,,,008328
LAGUNA PUEBLO OF DBA LAGUNA TRIBAL COURTS,85013,,,,004205
TYDEN SEAL CO THE,85031,,,,104525
"NELSON STUD WELDING, INC. DBA NELSON STUD WELDING INC",85105,,,,103651
FLOWSERVE CORPORATION DIV FLOWSERVE US INC,85130,,,,100027
DURAMETALLIC CORP,85265,,,,006227
DWYER INSTRUMENTS INC,85274,,,,008089
BALTIMORE TRANSFORMER CO,85323,,,,007074
APPLIED INDUSTRIAL TECHNOLOGIES -- PA LLC,85371,,,,006997
BETTS SPRING CO,85411,,,,001912
F.W. WEBB COMPANY DBA W.L. BLAKE & CO - DIVISION OF F.W. WEBB CO DIV W.L. BLAKE & CO,85431,,,,003428
"BOMMER INDUSTRIES, INC.",85450,,,,104213
PRC DESOTO INTERNATIONAL INC,85570,,,,102049
KENNAMETAL INC,85597,,,,002846
"KEPCO, INC. DBA KEPCO INC",85604,,,,100078
KLINCHER LOCKNUT CORP DBA DUAL MACHINE CORP.,85639,,,,003861
MID-WEST SPRING MFG CO,85683,,,,007002
STRIDE TOOL INC. DBA STRIDE MILBAR COMPANY,85688,,,,006527
EATON CORP,85757,,,,001551
MYERS TIRE SUPPLY DISTRIBUTION INC DIV AKRON BRANCH,85803,,,,001980
"NASON COMPANY, THE INC",85814,,,,101007
ECOLAB INC,85884,,,,110230
TYCO ELECTRONICS ELCON POWER CONNECTOR PRODUCTS GROUP,85901,,,,003197
OHAUS CORPORATION,85973,,,,103694
EATON CORPORATION DBA AIRFRAME DIV FUEL & MOTION CONTROL SYSTEMS,86090,,,,109099
THE CENTRAL BRASS MANUFACTURING COMPANY,86107,,,,100770
GRISWOLD INDUSTRIES DBA CLA-VAL CO,86184,,,,006732
CLIFTON PRECISION DIV OF LITTON SYSTEMS INC,86197,,,,006798
SAINT-GOBAIN PERFORMANCE PLASTICS CORP DBA SAINT GOBAIN PERFORMANCE PLASTICS CORP DIV FLIGHT STRUCTURES,86228,,,,006756
"POWER PARAGON, INC. DBA POWER MAGNETICS DIV POWER MAGNETICS",86301,,,,100019
GE AVIATION SYSTEMS LLC DBA GE AVIATION DIV INFORMATION SYSTEMS - GERMANTOWN,86360,,,,100521
PAGE BELTING CO INC,86369,,,,101876
CHRYSLER CORP SERVICE AND PARTS OPNS,86403,,,,000522
"PAYSON CASTERS, INC",86420,,,,007258
BRADFORD-WHITE CORP,86458,,,,008590
RAILWAY SPECIALTIES CORP DIV RAILWAY SPECIALTIES CORPORATION,86700,,,,108879
NORTH AMERICAN FILTER CORP REFILCO DIV,86736,,,,100066
TELEDYNE INDUSTRIES INC TELEDYNE FLUID SYSTEMS REPUBLIC BUSINESS UNIT,86768,,,,001230
MSA INC DBA MINE SAFETY FALL PROTECTION,86809,,,,004008
RULAND MFG CO INC,86835,,,,111241
SEASTROM MANUFACTURING CO INC,86928,,,,006480
SEYMOUR MANUFACTURING CO INC,86951,,,,105701
"MAGNETROL INTERNATIONAL, INCORPORATED DBA MAGNETROL",87009,,,,000453
WALZ & KRENZER INC DIV MAPECO PRODUCTS,87045,,,,100078
MARVEL MANUFACTURING CO DIV THE MARVEL MANUFACTURING COMPANY,87065,,,,103232
,,,,,003492
LAURENCE R G CO INC,87229,,,,003021
GROVER SMITH MFG CORP DBA GROVER MANUFACTURING CORP,87267,,,,104140
"SPEAKMAN COMPANY DBA SPEAKMAN DIV PLUMBING, SAFETY, AND SHOWER PRODUCTS",87327,,,,106566
RAYOVAC CORP,87334,,,,003197
YARDNEY TECHNICAL PRODUCTS INC.,87362,,,,103724
PARKER-HANNIFIN CORPORATION DIV HOSE PRODUCTS DIVISION,87373,,,,008114
KSC INDUSTRIAL CORPORATION,873S4,,,,112499
FACET (OKLAHOMA) LLC,87405,,,,008318
WELLS MFG CO,87446,,,,102201
ANRITSU AMERICAS SALES COMPANY DBA ANRITSU AMERICAS SALES CO,874E0,,,,108182
STANLEY HARDWARE CO INC,87541,,,,102870
STEPAN COMPANY,87570,,,,101830
SUPERIOR FLUX & MANUFACTURING CO,87618,,,,105038
SWANSON BOAT OAR COMPANY INC,87638,,,,101463
HYDRATIGHT OPERATIONS INC,87641,,,,003838
VAPOR ENGINEERING CORP,87669,,,,102548
"THE VIKING CORPORATION DIV VIKING CORPORATION, THE",87690,,,,110534
PRECISION UNIVERSAL JOINT CORP,87728,,,,003102
"UNITED REFRIGERATION, INC",87732,,,,103626
TERRY MACHINE CO,87880,,,,110348
"MEYER COMPANY, THE",87924,,,,103560
TRIANGLE MANUFACTURING CO,87946,,,,109379
CURTISS-WRIGHT ELECTRO-MECHANICAL CORPORATION DBA CURTISS WRIGHT ENGINEERED PUMP DIVISION USE CAGE CODE 0UBG9 FOR CATALOGING,88032,,,,101066
BRAUER SUPPLY COMPANY DBA BRAUER SUPPLY CO,88052,,,,102220
QUANTEGY RECORDING SOLUTIONS LLC,88068,,,,103500
TROMBETTA CORPORATION,88136,,,,002476
ELLISON BRONZE INC,88171,,,,111508
INGERSOLL RAND CO ATHENS PLANT,88174,,,,105668
ROSEMOUNT ANALYTICAL INC,88177,,,,007272
GTE PRODUCTS CORP SYLVANIA MINIATURE LIGHTING DIV,88204,,,,001042
STRYTEN ENERGY LLC,88219,,,,110234
UNITED ELECTRIC CONTROLS COMPANY,88234,,,,000453
"CPI INTERNATIONAL, INC. DIV BEVERLY MICROWAVE DIVISION",88236,,,,007259
WINCHESTER ELECTRONICS LITTON SYSTEMS-USECO DIV,88245,,,,005936
NEW HERMES INC PLASTICS DIV,88263,,,,006950
MANIABARCO INC.,88272,,,,006264
AEARO COMPANY,88309,,,,000621
SIEMENS-ALLIS INC MEDIUM MOTOR-GENERATOR DIV,88310,,,,005946
WILTON PACKAGING DIV OF WILTON CORP,88364,,,,000109
FRONTGRADE TECHNOLOGIES INC. DBA FRONTGRADE TECHNOLOGIES INC.,88379,,,,003909
GENERAL ELECTRIC CO MOTOR BUSINESS GROUP,88422,,,,003459
AMERICAN SAFETY TECHNOLOGIES INC DIV ITW AMERICAN SAFETY TECHNOLOGIES,88444,,,,109936
WESTINGHOUSE ELECTRIC CORP GENERAL CONTROL DIV,88725,,,,003324
ROBBINS AND MYERS INC FLUIDS HANDLING DIV MOTNO INDISTRIAL PRODUCTS BUSINESS UNIT,88758,,,,003175
"DYNATECT MANUFACTURING, INC. DBA DYNATECT MANUFACTURING INC",88759,,,,008592
GEORGE W. DAHL INC.,88773,,,,002883
KEARFOTT CORPORATION DIV GUIDANCE AND NAVIGATION DIVISION,88818,,,,006951
"TABET MANUFACTURING COMPANY, INC. DBA TABET MANUFACTURING CO INC",88829,,,,103940
BCP CONSTRUCTION PRODUCTS DIV OF TEREX CORP,88853,,,,001069
VISHAY MEASUREMENTS GROUP INC,88952,,,,006266
"WACO PRODUCTS, INC DBA WACO PRODUCTS INC",89016,,,,109571
TE CONNECTIVITY CORPORATION,89020,,,,001270
REXARC INTERNATIONAL DBA REXARC,89073,,,,000109
RED DEVIL INC,89093,,,,109003
"EMECO INDUSTRIES, INC",89135,,,,112293
BLUE BIRD BODY CO,89222,,,,103380
PICKARD AND BURNS INC,89244,,,,007162
SIMMONDS PRECISION PRODUCTS INC DBA UTC AEROSPACE SYSTEMS,89305,,,,103491
TELEDYNE SPRAGUE ENGINEERING TELEDYNE INDUSTRIES INC SUB OF TELEDYNE INC,89307,,,,008112
"BARKSDALE, INC",89326,,,,000463
"FRIEDRICH AIR CONDITIONING CO., LTD.",89338,,,,005018
NAVISTAR INTL CORP TRUCK BR OHIO PLANT,89346,,,,106841
EVOQUA WATER TECHNOLOGIES LLC,89357,,,,106885
GENERAL ELECTRIC CO GENERAL PURPOSE CONTROL DEPT MEBANE OPNS,89380,,,,003459
TWECO PRODUCTS INC,89381,,,,000109
ANDERSON W E DIV OF DWYER INSTRUMENTS INC,89395,,,,008089
LEAR SIEGLER INC,89508,,,,005985
GRIMES AEROSPACE CO,89513,,,,101889
CHAMPIONX LLC DIV CHAMPIONX,89524,,,,108616
FLUKE CORP,89536,,,,002771
VULCAN-HART CORP,89564,,,,102201
VULCAN-HART CORP,89565,,,,102201
"THE FREDERICKS COMPANY, INC. DIV TELEVAC",89597,,,,113754
"MACK TRUCKS, INC. DBA MACUNGIE OPERATIONS DIV LEHIGH VALLEY OPERATIONS",89619,,,,001692
CERTAIN-TEED CORP,89638,,,,106093
COLD HEADING COMPANY,89657,,,,103683
"GRAYBAR ELECTRIC COMPANY, INC.",89691,,,,001270
AMPHENOL ELECTRONICS CORP,89709,,,,003197
FOSTER REFRIGERATORS ENTERPRISE INC,89729,,,,103803
CLARK MATERIAL HANDLING COMPANY,89749,,,,000591
REULAND ELECTRIC CO,89762,,,,104124
GEIST MANUFACTURING INC,89846,,,,002193
BERKSHIRE TRANSFORMER,89870,,,,008258
CLARK EQUIPMENT CO TRANSMISSION DIV,89881,,,,006498
HUMBOLDT MFG. CO,89890,,,,100739
"CATERPILLAR WORK TOOLS, INC DBA CATERPILLAR",89917,,,,103794
NEW HOLLAND CONSTRUCTION,89926,,,,000068
"ELBITAMERICA, INC.",89944,,,,004186
SUTTON - CLARK SUPPLY INCORPORATED DBA SUTTON CLARK SUPPLY INC,8A218,,,,004010
UNISTRUT CORPORATION,8A2K5,,,,001270
RHH FOAM SYSTEMS INC.,8A2L5,,,,106676
F ROGERS CO.,8A310,,,,003248
CUMMINS SOUTHERN PLAINS INC,8A339,,,,000963
"OGS INDUSTRIES, INC",8A623,,,,003832
"SOUTHWIRE COMPANY, LLC",8A7P7,,,,105521
PUNCHING CONCEPTS INC DBA PROCAL,8A7T0,,,,102708
FAN EQUIPMENT CO INC,8A810,,,,104347
SEXWAX INC DBA ZOG INDUSTRIES,8A8Q4,,,,110763
"PIERCE ALUMINUM COMPANY, INC. DIV CHESAPEAKE",8AGU2,,,,006876
AMPHENOL CORPORATION DBA AMPHENOL CONNEX,8AME4,,,,003197
EPIROC USA LLC,8AMX9,,,,001178
IDI CORP,8B573,,,,003197
SEVENTYTHREE MANUFACTURING CO INC,8B659,,,,102397
EUR-PAC CORPORATION,8B805,,,,102680
ACRO ELECTRONICS CORP,8B840,,,,102623
MAGLINE INC STANDISH DIV,8B970,,,,002146
RACINE FEDERATED INC RACINE HYDRAULIC TOOL DIV,8C271,,,,000909
RELIANCE ELECTRIC INDUSTRIAL CO,8D036,,,,006016
ALCO ELECTRONICS PRODUCTS INC,8D304,,,,003197
GRAINGER DIV OF W W GRAINGER INC,8D407,,,,000621
"LEWMAR, INC.",8D492,,,,103849
"HUMIDAIRE CO., INC.",8D851,,,,104019
IDEAL CLAMP PRODUCTS INC,8D8Z0,,,,001968
LEGION INDUSTRIES DIV 02/05/2019,8DYE6,,,,102201
ALLEN-BRADLEY CO,8E299,,,,001370
AAXICO SALES INC,8E351,,,,102211
AURORA PUMP A UNIT OF GENERAL SIGNAL CORP,8E426,,,,003649
KEYSTONE ELECTRONICS INC,8E493,,,,003197
KOEHRING CRANES AND EXCAVATORS INC SUB OF NORTHWEST ENGINEERING CO,8E499,,,,003072
TLA INC,8E708,,,,002926
"METAL IMPROVEMENT CO LLC DIV EVERLUBE PRODUCTS A DIV.OF METAL IMPROVEMENT COMPANY, LLC",8F024,,,,111519
"MARCH ELECTRONICS, INC. DBA MARCH ELECTRONICS INC",8F056,,,,006003
"MINE SAFETY APPLIANCES COMPANY, LLC DBA M S A",8F723,,,,000054
NMB CORP,8F770,,,,103778
"MARSH INDUSTRIES, INC.",8F780,,,,110104
NOVAFLEX HOSE,8H452,,,,000119
LUVERNE TRUCK EQUIPMENT INC. DBA RE-TRAC USE CAGE CODE 30226 FOR CATALOGING,8H616,,,,006868
PERKINS MACHINE CO,8H749,,,,105437
"GREAVES COMPANY, INC. DBA GREAVES CO INC",8H945,,,,108211
CRANE AMERICA SERVICES INC ADMINISTRATIVE OFFICE,8J705,,,,109655
LAMINATED SHIM CO INC,8J752,,,,101261
E-MON LLC,8J814,,,,001042
SAFARILAND LLC,8J931,,,,111545
RAPID RIVET AND FASTENER CORPORATION DBA RAPID RIVET & FASTENER CORP,8J942,,,,100539
"VENTUREDYNE, LTD. DIV DINGS CO. - DYNAMICS GROUP",8JBQ5,,,,006831
BARBER-COLMAN CO INDUSTRIAL INSTRUMENTS DIV,8K063,,,,104260
"VER SALES, INC. DBA VER SALES INC",8K368,,,,100170
MALLORY CAPACITOR CORP SUB OF EMHART INDUSTRIES INC,8L593,,,,003197
DELUXE TANK MFG INC,8L740,,,,107859
ALATEC PRODUCTS,8M752,,,,008368
"DAUBERS, INC OF WASHINGTON DBA DAUBERS",8M903,,,,100959
BSE INC,8ME17,,,,112718
DIGITAL EQUIPMENT CORP,8N333,,,,006239
TECH-CABLE PRODUCTS INC,8N743,,,,100722
DANA CORP DRIVETRAIN SERVICE DIV,8N900,,,,100857
"E-ONE, INC.",8P082,,,,107964
"BRENNEMAN ASSOCIATES, INC. DBA BRENNEMAN & ASSOCIATES",8P294,,,,105248
ADVANCED DRAINAGE SYSTEMS INC,8P516,,,,008439
TRAVERS TOOL CO INC DBA TRAVERS TOOL CO INC,8P674,,,,112096
"HARRISON EQUIPMENT COMPANY, INC.",8P770,,,,109106
KRAFT POWER CORP,8P941,,,,001173
KUBOTA TRACTOR OF THE TRISTATE LLC DBA KUBOTA AUTHORIZED DEALER,8PNA2,,,,003826
SIGNCASTER CORP DBA SIGNCASTER CORP DIV JOHNSON PLASTICS PLUS,8R044,,,,111055
ESTA PRODUCTS COMPANY,8R230,,,,104176
CENTURY FASTENERS CORP,8R639,,,,002250
CARVER SUPPLY INC.,8R659,,,,100257
"THE ULTRAN GROUP, INC.",8R947,,,,007280
CHUGACH TECHNICAL SOLUTIONS LLC DIV VIRGINIA BRANCH OFFICE,8RSK9,,,,109575
FUEL SYSTEMS INC,8S377,,,,102702
"GIGA, INC. DBA GIGA INC",8S706,,,,008532
SUNSOURCE,8S710,,,,104366
DYNAWELD INC,8S867,,,,006666
LUCAS AEROSPACE INC PRODUCT SUPPORT DIV,8T061,,,,008040
"G M J MACHINE CO, INC DIV G.M.J. MACHINE COMPANY, INC.",8T119,,,,102000
CINCINNATI GEARING SYSTEMS INCORPORATED DIV CINCINNATI STEEL TREATING COMPANY,8T326,,,,100078
EVERETT/CHARLES CONTACT PRODUCTS INC,8T332,,,,111473
WHITE LIFT TRUCK PARTS AND MFG CO INC,8T464,,,,104267
SPARTAN MOTORS INC,8T496,,,,105540
"AIRGAS USA, LLC",8T4P2,,,,108702
RICHARDS INDUSTRIES VALUE GROUP MARWIN BALL VALUE DIV,8T690,,,,100996
"RHBA ACQUISITIONS, LLC DBA RED HEAD BRASS",8T694,,,,000374
NEW ENGLAND BRAIDING CO. INC.,8U221,,,,108714
STONE CHEMICAL LABORATORY INC,8U526,,,,105349
MCGEAN-ROHCO INC,8U841,,,,104569
"R. L. MORRISSEY & ASSOCIATES, INC",8U976,,,,008338
DOERING CO,8V003,,,,100695
"TW METALS, INC.",8V607,,,,006583
THE BOEING COMPANY,8V613,,,,006608
HOUSE OF TEXTILES INC,8V616,,,,006608
R G EXCAVATING INC,8V671,,,,004205
AMERICAN GODIVA,8W499,,,,110936
"W. H. SMITH HARDWARE COMPANY, THE",8W529,,,,100702
DETROIT STEEL PRODUCTS MEMBER MARMON GROUP OF COMPANIES,8W572,,,,101004
EATON AEROQUIP LLC DBA JACKSON NORTH 1,8W928,,,,104834
PERKINS POWER CORP,8X022,,,,105420
"DERCO AEROSPACE, INC. DBA DERCO AEROSPACE, INC. A LOCKHEED MARTIN COMPANY",8X044,,,,006129
"TRIUMPH MANUFACTURING COMPANY, INC.",8X098,,,,006712
"WOLSELEY INDUSTRIAL GROUP DBA FRISCHKORN CONTROLS DIV DIV WOLSELEY INDUSTRIAL GROUP, A FERGUSON ENTERPRISE",8X395,,,,109535
SEASPACE CORPORATION,8X420,,,,100078
"SAF-AIR PRODUCTS, INC",8Y207,,,,002033
"UNICOM GOVERNMENT, INC.",8Y261,,,,109413
"AVOCENT HUNTSVILLE, LLC DBA AVOCENT-HUNTSVILLE",8Y651,,,,101638
FASNAP CORP,8Y937,,,,103943
BETATHERM CORP,8Z021,,,,106070
JEFFERY P MORIN DBA HILLCO MFG. CO.,8Z052,,,,103672
DANFOSS FLUID POWER INC EASLEY OPN,8Z296,,,,000463
"GCSC ENTERPRISES, INC.",8Z339,,,,110099
"EVEREST VALVE COMPANY, INC.",8Z389,,,,111228
"LEDTRONICS, INC. DBA LEDTRONICS INC",8Z410,,,,101854
L-3 COMMUNICATIONS WESTWOOD CORPORATION DBA EDI DIVISION USE CAGE CODE 23905 FOR CATALOGING DIV TANO DIVISION,8Z495,,,,002834
HEYCO INC,8Z679,,,,003197
"J.J. SHORT ASSOCIATES, INC.",8Z901,,,,000278
"PUROLATOR FACET INC. DIV PARKER AEROSPACE FILTRATION DIVISION DBA PUROLATOR FACET, IN",90005,,,,006175
TECSTAR ELECTRO SYSTEMS INC,90012,,,,102384
THE RAYMOND CORP DBA RAYMOND SALES CORP DIV THE RAYMOND CORPORATION,90031,,,,101571
CMC ELECTRONICS INC,90073,,,,103513
NORTHROP GRUMMAN SYSTEMS CORPORATION DBA NORTHROP GRUMMAN IS DIV MARINE SYSTEMS,90099,,,,102657
COOPER INDUSTRIES INC DENVER FACILITY-MINING AND CONSTRUCTION,90120,,,,004008
"COOPER CROUSE-HINDS, LLC DIV CROUSE-HINDS MOLDED PRODUCTS DIVISION",90129,,,,005974
"EATON AEROSPACE, LLC DBA JACKSON SOUTH",90166,,,,102568
WERNER CO DBA WERNER EXTRUDED PRODUCTS CO,90172,,,,003068
"GRAYBAR ELECTRIC COMPANY, INC.",90176,,,,001270
"MALLORY SONALERT PRODUCTS, INC.",90201,,,,002787
COLUMBUS MCKINNON CORP DIV COLUMBUS MCKINNON CORPORATION,90202,,,,002710
ADAMS S G METAL WARE,90249,,,,100238
DURACELL INC,90303,,,,102512
CONSOLIDATED SEWING MACHINE CORP,90338,,,,005880
,,,,,007261
STAR MANUFACTURING INTERNATIONAL INC. DBA STAR MANUFACTURING,90362,,,,107116
MIDWEST MIXING INC,90399,,,,008755
BRISKHEAT CORPORATION DBA BRISKHEAT CORP,90411,,,,005890
THE GRIEVE CORPORATION DBA GRIEVE CORP,90423,,,,105028
CLIPPARD INSTRUMENT LABORATORY INC,90526,,,,002674
LOCKHEED MARTIN CORP DBA LOCKHEED MARTIN DIV MST - EAGAN,90536,,,,002901
CLAYTON HILL GREENHOUSE CO DIV TIMOTHY HILL,90566,,,,104267
ENGINEERED AIR SYSTEMS INC. DBA DRS SUSTAINMENT SYSTEMS,90598,,,,106486
BOWEN PRODUCTS CORP,90655,,,,004003
ENERSYS CORPORATION DIV MOTIVE POWER NATIONAL ACCOUNTS,90660,,,,109271
NI INDUSTRIES INC BOWERS MFG CO DIV,90759,,,,006832
PEERLESS PUMP A TBG INC CO,90785,,,,008097
"ROMAC INDUSTRIES, INC. DBA HAYS FLUID CONTROLS DIV HAYS FLUID CONTROLS DIVISION",90800,,,,002466
OTTAWA TRUCK INC DIV CARGOTEC SOLUTIONS LLC - KALMAR AMERICAS REGION,90915,,,,001192
FORD MOTOR CO FORD PARTS AND SERVICE DIV INDUSTRIAL ENGINE OPNS,90927,,,,000068
FIATALLIS NORTH AMERICA INC,90940,,,,101568
PARKER-HANNIFIN CORPORATION DBA REFRIGERATION SPECIALTIES DIV REFRIGERATING SPECIALTIES DIVISION,91051,,,,000453
GA PIPE INC DBA TRENTON PIPE NIPPLE CO,91109,,,,002603
VIC MFG CO,91126,,,,007364
VIRCO MFG CORP,91131,,,,111421
"WAYNE WIRE CLOTH PRODUCTS, INC. DBA WAYNE WIRE AIRBAG COMPONENTS",91139,,,,001031
ELECTRO IMPULSE LABORATORY INC DBA ELECTRO IMPULSE INC,91161,,,,100078
,,,,,002693
HACH COMPANY DBA HACH CO,91224,,,,105840
PARKER-HANNIFIN CORPORATION DIV O-RING DIVISION,91265,,,,003867
"KNOWLES CAZENOVIA, INC. DIV JOHANSON MANUFACTURING",91293,,,,005964
MET-PRO CORPORATION,91340,,,,004206
NORRISEAL NORRIS VALUES DIV DBA DOVER CO,91363,,,,101614
RADIO MATERIALS CORP,91418,,,,006107
MCC POWERS PROCESS CONTROLS DIV OF MARK CONTROLS CORP,91424,,,,007342
AUGAT INC,91506,,,,007027
AUTOMATIC VALVE CORP. DBA AUTOMATIC VALVE NUCLEAR,91510,,,,001542
BOWES SEAL FAST CORP,91540,,,,108731
HONEYWELL INTERNATIONAL INC. DBA HONEYWELL,91547,,,,100211
EMERSON ELECTRIC CO DBA BROOKS INSTRUMENT DIVISION,91556,,,,005955
PARKER HANNIFIN CORPORATION DBA QUICK COUPLING DIV DIV QUICK COUPLING DIVISION BRUNING OPERATION,91561,,,,000097
"REXNORD INDUSTRIES, LLC DIV SEAL OPERATION",91587,,,,100861
"VISHAY DALE ELECTRONICS, LLC DIV VISHAY AMERICAS",91637,,,,003962
"SERVICE BRASS AND ALUMINUM FOUNDRY CO, INC. DBA SERVICE BRASS FITTINGS",91643,,,,005925
AVX CORPORATION,91662,,,,003215
GILLINDER BROTHERS INC,91729,,,,101623
H AND H TUBE AND MFG CO,91744,,,,002538
"ALABAMA AIRCRAFT INDUSTRIES, INC. - BIRMINGHAM",91763,,,,102739
MESTEK INC KOLDWAVE DIV,91764,,,,105454
INDUSTRIAL DEVICES INC,91802,,,,002538
JANCO CORPORATION DBA JANCO CORP DIV MASON CONTROLS,91812,,,,104062
"CIRCOR AEROSPACE, INC. DBA CIRCOR AEROSPACE INC",91816,,,,102254
KEYSTONE ELECTRONICS CORP,91833,,,,003197
WINCHESTER INTERCONNECT CORPORATION,91836,,,,103972
KNAPPCO CORPORATION DBA CIVACON,91840,,,,006740
ORTMAN FLUID POWER QUINCY COMPRESSOR DIV SUB OF COLTEC INDUSTRIES INC,91940,,,,001243
"BEARON MANUFACTURING, LLC DBA BEARON MANUFACTURING LLC",92006,,,,103608
IMI CRITICAL ENGR PBM LLC,92021,,,,003310
DELTROL CORP DELTROL FLUID PRODUCTS DIV,92029,,,,000075
PRC-DESOTO INTL INC,92108,,,,102049
WINCHESTER INTERCONNECT RF CORPORATION,92180,,,,002690
"BELDEN, INC.",92194,,,,105619
UNIVERSAL METAL HOSE CO,92195,,,,102011
HOWMET GLOBAL FASTENING SYSTEMS INC DIV TORRANCE OPERATIONS,92215,,,,003137
"TATTNALL, COUNTY OF DBA TATTNALL COUNTY SHERIFFS OFFICE",92219,,,,008055
PEERLESS GEAR AND MACHINE DIVISION OF TECUMSEH PRODUCTS CO,92289,,,,001195
ALLIS-CHALMERS CORP,92392,,,,007300
"AMTEK INC DIV AMETEK, INC.",92456,,,,106122
ATTWOOD CORP,92489,,,,109586
DURACOTE CORP,92515,,,,104272
THE LEE CO DBA THE LEE CO,92555,,,,006850
"MCGILL MANUFACTURING CO, INC",92563,,,,100785
JOHNSON CONTROLS INC CONTROL PRODUCTS DIV,92578,,,,008129
TEL-INSTRUMENT ELECTRONICS CORP DIV TEL-INSTRUMENT ELECTRONICS CORPORATION,92606,,,,008758
CARLISLE INTERCONNECT TECHNOLOGIES INC,92607,,,,101445
"HOGENTOGLER & CO., INC.",92626,,,,100578
NAVISTAR INTL CORP MELROSE PARK ENGINE PLANT LOCATION /MELROSE PARK/,92679,,,,008321
IMC MAGNETICS CORP EASTERN DIV,92702,,,,104062
"THE CALDWELL GROUP, INC.",92729,,,,101332
LA MARCHE MFG CO. DBA LA MARCHE,92731,,,,006029
NORTHROP GRUMMAN SYSTEMS CORP DBA NORTHROP GRUMMAN SYSTEMS CORP DIV LAND & SELF PROTECTION SYSTEMS DIV,92755,,,,003435
THERMAL CERAMICS INC,92798,,,,112345
MORRIS COUPLING COMPANY DBA TENNESSEE TUBEBENDING DIVISION DIV GRAND BENDING,92813,,,,103856
SCHEIDL MFG CO INC,92819,,,,100757
"MAG AEROSPACE INDUSTRIES INC.,DBA MONOGRAMSYSTEMS DBA MONOGRAM SYSTEMS",92824,,,,008056
BARNES GROUP INC. DBA ASSOCIATED SPRING DIV ASSOCIATED SPRING BRISTOL,92830,,,,006009
JOHN DEERE TRACTOR WORKS SUB OF DEERE AND CO,92836,,,,002120
H & L TOOTH COMPANY DBA H & L FORGE,92839,,,,001425
ANCHOR INDUSTRIES INC,92850,,,,104532
BENTON HARBOR ENGINEERING INC,92852,,,,100187
HANNAY REELS INC,92858,,,,103330
MIDAS INTL CORP,92859,,,,103330
MARVEL ENGINEERING COMPANY INC,92863,,,,001883
ZF OFF-HIGHWAY SOLUTIONS MINNESOTA INC,92865,,,,000759
ORSCHELN PRODUCTS LLC,92867,,,,003306
HDT EXPEDITIONARY SYSTEMS INC,92878,,,,102319
COLUMBIA LIGHTING LCA INC,92929,,,,002193
EMERSON ELECTRIC CO EMERSON SPECIALTY MOTOR DIV,92940,,,,000997
HUTCHENS INDUSTRIES INC,92967,,,,103363
NATIONAL TORCH TIP CO INC DIV OF ARCHSMITH INC,93009,,,,000109
THE ROWLAND COMPANY DBA ROWLAND CO,93050,,,,103534
PARKER-HANNIFIN CORP DIV FLUID SYSTEM CONNECTOR DIVISION,93061,,,,001230
MENDENHALL INDUSTRIES CORP DIV MENDENHALL INDUSTRIES,93072,,,,104118
PARKER-HANNIFIN CORPORATION DBA PNEUTRONICS DIV INSTRUMENTATION PRODUCTS DIVISION,93181,,,,001911
GENERAL ELECTRIC CO PRODUCTS SERVICE SALES MAJOR APPLIANCE BUSINESS GROUP,93217,,,,001013
CURTISS-WRIGHT ELECTRO-MECHANICAL CORPORATION DBA CURTISS WRIGHT ENGINEERED PUMP DIVISION USE CAGE CODE 0UBG9 FOR CATALOGING,93232,,,,001838
TURBODYNE DIV OF DRESSER INDUSTRIES INC SEE CODE 0BR59,93235,,,,002599
DRESSER-RAND CO WORTHINGTON COMPRESSOR OPN A JOINT VENTURE,93236,,,,101458
WOODS DIV OF HESSTON CORP,93314,,,,103634
GE AVIATION SYSTEMS LLC,93366,,,,103304
"SUPER VACUUM MANUFACTURING CO., INC. DBA SUPER VACUUM MANUFACTURING CO INC",93457,,,,103431
SPECTRUM CONTROL INC DIV WEINSCHEL,93459,,,,100078
PETTIBONE CORP PETTIBONE NEW YORK DIV,93543,,,,006607
HARSCO CORP BMY-COMBAT SYSTEMS DIV,93568,,,,003021
PENTAIR VALVES & CONTROLS US LP DIV FLOW CONTROL US HOLDING CORP,93591,,,,101458
HUSCO INTERNATIONAL INC,93784,,,,107766
"CORNELL-DUBILIER ELECTRONICS, INC.",93790,,,,003197
PARKER-HANNIFIN CORP DIV HYDRAULIC SYSTEMS DIVISION,93835,,,,103565
PRIME-MOVER CO THE,93880,,,,002162
TEXTRON FASTENING SYSTEMS DBA DECORAH OPERATIONS TFS,93907,,,,002250
COLUMBUS MCKINNON CORPORATION,93922,,,,003740
"RADIODETECTION, LLC",93929,,,,003495
MELSTROM MANUFACTURING CORPORATION,93953,,,,003876
REPUBLIC ELECTRONICS CORP S INC,93958,,,,004999
LEAR SIEGLER INC HYPRO DIV,94001,,,,001079
AIRCO WELDING PRODUCTS DIV OF BOC GROUP INC CUTTING MACHINE DEPT,94080,,,,004087
A C AND R COMPONENTS INC,94112,,,,100951
SCHRADER-BRIDGEPORT INTERNATIONAL INC DBA SYRACUSE GUAGE,94113,,,,100136
BAE SYSTEMS INFORMATION AND ELECTRONIC SYSTEMS INTEGRATION INC. DBA BAE SYSTEMS,94117,,,,103144
"AQUALUNG USA, INC",94120,,,,103997
KEYSTONE ELECTRONICS CO,94139,,,,003197
ELECTRO ARC MANUFACTURING CO. DIV AMES HARDNESS TESTERS,94199,,,,109013
SOUTHCO INC,94222,,,,002739
SPAENAUR INC,94223,,,,102414
THE CHAMPION COMPANY DIV GROUND SUPPORT EQUIPMENT,94231,,,,008721
KOEHRING CO LORAIN DIV PARTS DEPT,94243,,,,003072
HUGHEY & PHILLIPS INC DBA HONEYWELL AIRPORT SYSTEMS,94295,,,,008722
GASBOY INTL LLC,94349,,,,104859
"LAX ELECTRONICS, INC. DBA AUTOMATIC CONNECTOR DIV AUTOMATIC CONNECTOR",94375,,,,002716
RAYTHEON COMPANY DBA RAYTHEON CO DIV LAND & AIR DEFENSE SYSTEMS,94404,,,,100942
GARRISON MANUFACTURING INC,94431,,,,003820
"BUCHER HYDRAULICS, INC. DIV BUCHER HYDRAULICS GRAND RAPIDS",94433,,,,101007
FISHER SCIENTIFIC WORLDWIDE,94480,,,,108213
RAE CORP,94506,,,,104620
ILLINOIS CLAY PRODUCTS CO,94508,,,,008071
SIRCHIE ACQUISITION CO LLC,94514,,,,105682
BRP MANUFACTURING CO,94519,,,,000476
FEDERAL BRUSH CORP,94561,,,,102990
HONEYWELL INTERNATIONAL INC. DIV AEROSPACE-MINNEAPOLIS,94580,,,,007911
V I J CORP DIV NATIONAL UTILITIES COMPANY,94581,,,,006967
"FLUID CONDITIONING PRODUCTS, INC.",94592,,,,003900
TROJAN BATTERY COMPANY,94598,,,,008449
HONEYWELL SENSING & CONTROL,94603,,,,005906
AMOT CONTROLS LLC,94607,,,,007351
"PECK & HALE, LLC",94658,,,,006952
MITCHELL MFG CO,94681,,,,007333
"DAMPNEY COMPANY, INC.",94689,,,,109653
SE RELAYS LLC MAGNECRAFT DIV SE RELAYS LLC MAGNECRAFT,94696,,,,000031
MOOG INC,94697,,,,100712
THE BOEING COMPANY DIV LEGACY BOEING HB1,94756,,,,102695
PELLERIN MILNOR CORPORATION,94830,,,,008478
"KECO INDUSTRIES, INC.",94833,,,,106486
MARKAL CO,94858,,,,100559
DROITCOUR CO,94874,,,,109318
JERGENS INC DIV TOOLING COMPONENTS DIVISION,94882,,,,007024
"MILTON INDUSTRIES, INC",94894,,,,000674
3M COMPANY DBA 3M DIV TSS DIVISION,94960,,,,101027
3M COMPANY DIV INDUSTRIAL MINERALS DIV.,94962,,,,100110
ORLANDI GEAR COMPANY INC,94979,,,,101873
COOPER INDUSTRIES INC CHAMPION AVIATION PRODUCTS,94988,,,,003839
DANA CORP SPICER TRANSMISSION DIV,95019,,,,003759
DURSTON MANUFACTURING COMPANY DBA VIM TOOLS,95021,,,,101332
"SV MICROWAVE, INC. DIV SV MICROWAVE",95077,,,,002899
CLARK-RELIANCE LLC DBA JACOBY-TARBOX,95094,,,,003635
LITTLE GIANT CRANE AND SHOVEL INC,95097,,,,001724
ALCATEL-LUCENT HOLDINGS INC.,95104,,,,008277
"ROCKWELL COLLINS, INC. DIV COLLINS AEROSPACE - MISSION SYSTEMS",95105,,,,007334
"DIXON VALVE & COUPLING COMPANY, LLC",95138,,,,001459
ALCO ELECTRONIC PRODUCTS INC,95146,,,,003197
NAPCO INTERNATIONAL LLC DBA NAPCO INTERNATIONAL INC,95201,,,,002355
PARKER-HANNIFIN CORPORATION DIV CYLINDER DIVISION,95208,,,,000721
UNIVEX CORPORATION DIV UNIVEX CORPORTATION,95219,,,,111189
GEARTRONICS CORP,95234,,,,105705
WINCHESTER INTERCONNECT CORPORATION DBA WINCHESTER INTERCONNECT DIV WINCHESTER INTERCONNECT RF CORPORATION,95238,,,,102145
LIGHTING COMPONENTS AND DESIGN INCORPORATED DBA LC&D,95263,,,,007959
"OECO, LLC DBA PACIFIC SCIENTIFIC OECO DIV FIRE SAFETY AND POWER SYSTEMS",95266,,,,101592
SKURKA AEROSPACE INC,95270,,,,103789
STILLMAN SEAL CORPORATION DIV STILLMAN SEAL CORPERATION,95272,,,,006909
CONFORTI S A OFFICINE ELETTROMECCANICHE SPA,95278,,,,003428
FRYMASTER/DEAN DBA VARIMIXER,95284,,,,100925
UNIDYNAMICS/SAINT LOUIS INC CONROE OPNS,95310,,,,007230
CLOW CORP MARINE VALVE PRODUCTS DIV,95321,,,,109490
"AERCO INTERNATIONAL, INC. DBA AERCO INTERNATIONAL INC",95368,,,,002862
ELECTRIC BOAT CORP DBA ELECTRO DYNAMIC,95402,,,,101973
"MEGGITT (ORANGE COUNTY), INC.",95411,,,,101592
PHILMORE MFG CO INC,95598,,,,003197
MARATHON LE TOURNEAU CO,95685,,,,008212
EDO ARTISAN INC,95692,,,,008291
"AIRCO REPUBLIC ELECTRONICS, INC. DIV THE AERONAUTICAL INSTRUMENT & RADIO CO",95750,,,,004999
PROTECTIVE CLOSURES CO INC,95760,,,,005005
STEWART-WARNER ALEMITE CORP,95879,,,,000454
REVCOR INC,95933,,,,104475
"VIKING TECHNOLOGIES, LTD. DBA USE CAGE CODE 71313 FOR CATALOGING",95937,,,,007162
WISSOTA MFG CO INC,95952,,,,006182
GERIN CORP INC,96009,,,,008713
ARTUS CORP,96013,,,,002975
LIGHTOLIER INC,96018,,,,001042
"NORTHWESTERN TOOLS, INC.",96027,,,,007356
CRANE PUMPS & SYSTEMS PFT CORP DIV CRANE PUMPS & SYSTEM PFT CORP.,96046,,,,001717
"ESAB GROUP, INC., THE DBA ESAB WELDING AND CUTTING PRODUCTS DIV ESAB WELDING AND CUTTNG",96073,,,,000109
"GAS EQUIPMENT ENGINEERING CORPORATION, THE DBA GEECO",96101,,,,008279
FUNK MFG CO SUB OF DEERE AND CO,96105,,,,002120
GE RUSKA INSTRUMENT CORPORATION DIV GE SENSING SOLUTIONS INC,96116,,,,102741
TRANSDIGM INC DIV AERO FLUID PRODUCTS,96124,,,,002033
RIVERSIDE MANUFACTURING LLC,96139,,,,008200
EATON CORPORATION DIV EATON FLUID POWER,96151,,,,000075
CHICAGO FAUCET CO THE,96165,,,,006595
ELECTRIC BOAT CORPORATION DIV GENERAL DYNAMICS ELECTRIC BOAT,96169,,,,101973
UNISTRUT INTERNATIONAL CORPORATION DBA UNISTRUT DIVERSIFIED PRODUCTS,96195,,,,003084
RAYTHEON COMPANY DBA RAYTHEON,96214,,,,100440
"DNE TECHNOLOGIES, INC",96238,,,,101052
THORDARSON INC,96256,,,,100078
FLUID CONTROLS INC,96259,,,,100152
"ALBION INDUSTRIES, INC.",96266,,,,102503
ABB INC.,96272,,,,105041
DORR OLIVER INC,96278,,,,100603
GENERAL WIRE SPRING COMPANY DIV GENERAL PIPE CLEANERS,96282,,,,000470
AMANA REFRIGERATION INC SUB OF RAYTHEON CO,96325,,,,001013
COBHAM ADVANCED ELECTRONIC SOLUTIONS INC.,96341,,,,101153
CODALEX LTD,96344,,,,100282
MATHESON CO DIV OF G D SEARLE MEDICAL PRODUCTS,96355,,,,008507
"DAYTON T. BROWN, INC. DBA DAYTON T BROWN INC",96362,,,,111376
LASCO INDUSTRIES,96405,,,,109325
"WESTPORT INTERNATIONAL, INC.",96429,,,,006643
VALCOR ENGINEERING CORPORATION,96487,,,,008155
HENRY G DIETZ CO INC,96502,,,,100463
APEX TOOL GROUP,96508,,,,000109
KLEMM PRODUCTS CO,96523,,,,105445
SKF USA INC,96577,,,,112379
BREEZE-EASTERN DIV OF TRANSTECHNOLOGY CORP,96603,,,,002070
"AMERICAN COLEMAN COMPANY, THE DBA METRO CROWN INTERNATIONAL",96606,,,,100433
FRYS METALS INC,96613,,,,103478
EPCO PRODUCTS AN AFFIL OF UNITED SERVICE EQUIPMENT A DIV OF STANDEX INTL CORP,96618,,,,109315
MEDALIST INDUSTRIES INC LEITZKE DIV,96652,,,,101336
AIRSERCO MFG CO INC,96662,,,,100078
GAD-JETS INC DBA ASSOCIATED TECHNICAL SALES,96679,,,,105649
CANBERRA INDUSTRIES INC.,96696,,,,102287
O'BRYAN GLASS CORP. DBA GRAY GLASS DIV GRAY GLASS,96721,,,,008831
SWEENEY ENGINEERING CORP,96736,,,,008056
COOPER INSTRUMENT CORP,96752,,,,103419
STEWART AVIONICS INC,96787,,,,007215
GOULD INSTRUMENT SYSTEMS INC,96795,,,,008165
H. C. STARCK INC. DBA OWNER IS ADVENT & CARLYLE DIV H.C. STARCK INC,96801,,,,111746
SOUTHWEST WHEEL CO,96854,,,,007229
TROSTEL ALBERT PACKING LTD,96879,,,,007335
THOMSON INDUSTRIES INC,96881,,,,102547
HIGH VOLTAGE ENGINEERING CORP NATVAR CO DIV,96904,,,,103693
MILITARY STANDARDS PROMULGATED BY MILITARY DEPARTMENTS UNDER AUTHORITY OF DEFENSE STANDARDIZATION MANUAL 4120 3-M,96906,,,,105337
KINGS ELECTRONICS CO INC MICROWAVE DIV,96918,,,,100682
KEPNER PRODUCTS CO DIV KEPNER PRODUCTS COMPANY,96948,,,,002528
TRIPLEX MANUFACTURING CO DBA GLOBE SPECIALTY CO DIV,97042,,,,006887
COOPER INDUSTRIES INC WELLER/COOPER TOOLS DIV,97049,,,,000824
AMERICAN FLUORESCENT CORP,97099,,,,000031
AUDIOSEARS CORP DBA AUDIOSEARS CORP,97101,,,,008505
PARKER-HANNIFIN CORPORATION DIV QUICK COUPLING DIVISION,97111,,,,008114
THE SLABE MACHINE PRODUCTS LLC,97139,,,,005914
STRAHMAN VALVES INC,97141,,,,001068
"GOODRICH CORPORATION DIV COLLINS AEROSPACE, LANDING SYSTEMS (WHEELS & BRAKES)",97153,,,,002033
"ELANTAS PDG, INC. DIV ELANTAS ELECTRICAL INSULATION",97160,,,,112370
THE WILL-BURT COMPANY DIV ASSEMBLY,97246,,,,111918
SELF LOCK FASTENER CORP,97250,,,,006027
"DANA LIGHT AXLE PRODUCTS, LLC DBA DANA LIGHT AXLE PRODUCTS",97271,,,,001309
"SPX FLOW US, LLC DBA SPX VALVES & CONTROLS",97370,,,,003690
CROWN CONTROLS CORP,97381,,,,000591
DRAGON VALVES INC,97399,,,,001243
QUACKENBUSH A B CO,97402,,,,006887
SUTTON MFG CORP DBA SUTTON BLOWERS,97418,,,,104932
AMETEK INC DBA AMETEK SURFACE VISION DIV AEROSPACE AND DEFENSE,97424,,,,006800
GENTEX CORPORATION,97427,,,,108045
JUST MANUFACTURING COMPANY,97483,,,,106324
EATON AEROSPACE LLC DIV FLUID AND ELECTRICAL DISTRIBUTION DIVISION,97484,,,,101913
HEMPHILL SPRING COMPANY A CORP,97494,,,,005934
BELL TEXTRON INC,97499,,,,003148
BASLER ELECTRIC CO,97520,,,,006027
"TRANSICO, INC. DBA EECO SWITCH",97525,,,,008617
RAPID POWER TECHNOLOGIES INC,97533,,,,008716
WING CORP,97536,,,,102876
JUNIPER ELBOW CO. INC. DBA JUNIPER ELBOW CO INC,97537,,,,006479
APM HEXSEAL CORP,97539,,,,003536
"ELECTRO-MECH COMPONENTS, INC. DBA PENDAR SWITCHLIGHT DIV PENDAR SWITCHLIGHT",97564,,,,001147
JOHNS-MANVILLE SALES CORP,97565,,,,105053
LENZ INC DBA THE LENZ COMPANY,97576,,,,001239
TIMKEN GEARS & SERVICES INC. DBA PHILADELPHIA GEAR DIV WESTERN REGIONAL SERVICE CENTER,97578,,,,006838
PNEUMAFIL CORPORATION,97592,,,,006801
"SARGENT AEROSPACE & DEFENSE, LLC DBA KAHR BEARINGS",97613,,,,101592
KRUEGER SENTRY GAUGE CO. INC.,97626,,,,005023
CONE DRIVE OPERATIONS INC,97674,,,,005887
"REFRIGERATION RESEARCH, INC.",97765,,,,103923
BRIDGE PRODUCTS INC CAMEL TIRE CARE PRODUCTS DIV,97789,,,,002505
ACE PLASTIC CO INC,97792,,,,007250
C PLATH NORTH AMERICA A DIV OF LITTON SYSTEMS INC,97796,,,,102365
"SEALTRON, INC.",97814,,,,002987
SHAMBAN POLYMER TECH GROUP,97820,,,,104608
VERSA PRODUCTS CO INC,97902,,,,003714
TEREX CORP,97907,,,,003072
JAMES WALKER HOLDING COMPANY,97924,,,,108813
HUCK INTL INC,97928,,,,002502
BROOKLYN THERMOMETER CO INC,97929,,,,102313
PENNWALT CORP S S WHITE INDUSTRIAL PRODUCTS DIV,97945,,,,102850
LISTER PETTER AMERICAS INCORPORATED,97947,,,,001173
WRIGHTS KNITWEAR CORP,97949,,,,001173
MAC VALVES INC,97999,,,,111625
NIELSEN HARDWARE CORP,98003,,,,111213
NEWTON INSERT CO,98004,,,,008368
HALKEY-ROBERTS CORP DBA HALKEY-ROBERTS CORP,98021,,,,109016
ITT AEROSPACE CONTROLS LLC DBA ITT AEROSPACE CONTROLS UNIT S,98087,,,,101980
,,,,,100401
HUNT WILDE CORP,98124,,,,101784
ITW DYKEM/DYMON,98148,,,,104779
ROMAY CORPORATION DBA ELJAY DIV ELJAY DIVISION,98151,,,,102406
HYDRO LINE MFG CO,98153,,,,000075
"RUBBERCRAFT CORPORATION OF CALIFORNIA, LTD DBA RUBBER TECK DIVISION USE CAGE CODE 77969 FOR CATALOGING",98159,,,,104080
LEAR SIEGLER TRUCK PRODUCTS CORP NEWAY DIV,98171,,,,001959
DIE-CUT PRODUCTS CO.,98208,,,,101559
DRS SUSTAINMENT SYSTEMS INC,98255,,,,106486
TE CONNECTIVITY CORPORATION DBA MICRODOT PRODUCTS,98278,,,,002737
ITT CANNON RF PRODUCTS,98291,,,,003944
STANDARD MFG CO INC,98296,,,,100079
CASTROL INDUSTRIAL NORTH AMERICA INC.,98308,,,,104122
"DAVIS AIRCRAFT PRODUCTS CO., INC.",98313,,,,008029
"OECO, LLC",98330,,,,100645
MIDLAND BRAKE INC DIV OF ECHLIN INC,98343,,,,001819
"NYE LUBRICANTS, INC.",98354,,,,113187
STAR CASES LLC DBA ZERO MANUFACTURING,98376,,,,006750
FEDERAL-MOGUL CORP METAL REMOVAL/TOOLING DIV,98387,,,,000793
MOLEX-ETC INC SUB OF MOLEX INC,98410,,,,008410
"ERIE ENGINEERED PRODUCTS, INC. DBA ERIE ENGINEERED PRODUCTS INC",98425,,,,008481
"ELLIS & WATTS INTERNATIONAL, LLC",98437,,,,006025
PARKER HANNIFIN CORP DIV STRATOFLEX PRODUCTS DIVISION,98441,,,,008114
"WILSON, A L CHEMICAL CO INC DBA NOVEL TECHNOLOGY LABS",98443,,,,104575
JERED LLC,98523,,,,007035
"MONOGRAM AEROSPACE FASTENERS, INC DBA TRIMAS AEROSPACE DIV MONOGRAM AEROSPACE FASTENERS",98524,,,,003431
"TELEDYNE CONTROLS, LLC DBA TELEDYNE CONTROLS",98571,,,,100100
IMS ENGINEERED PRODUCTS LLC,98587,,,,005931
KYSOR INDUSTRIAL CORP MICHIGAN FLEET DIV,98624,,,,001804
AEROQUIP CORP AEROQUIP AEROSPACE DIV MARMAN PLANT,98625,,,,102868
LUBE DEVICES INC FLODAR FLUID POWER FITTINGS DIV,98660,,,,101077
"GENERANT COMPANY, INC.",98678,,,,000066
PYROIL CO INC,98727,,,,100265
HERLEY CHICAGO DBA STEWART WARNER ELECTRONICS,98738,,,,003472
STANDARD PRODUCTS CO PORT CLINTON DIVISION,98761,,,,001892
"ELE INTERNATIONAL, LLC DBA SOILTEST PRODUCTS",98773,,,,100078
AEROSONIC LLC,98810,,,,002033
NORTH HILLS SIGNAL PROCESSING CORP.,98821,,,,106283
DACO INSTRUMENT CO DIV OF ALINABAL INC,98831,,,,103810
"HOWELL INSTRUMENTS, INC. DBA HOWELL INSTRUMENTS INC",98869,,,,100532
"AEROCONTROLEX GROUP, INC. DIV TALLEY ACTUATORS",98889,,,,100205
"HBD INDUSTRIES, INC",98891,,,,000041
FEDERAL SIGNAL INTERNATIONAL FSC LTD DIV ELECTRICAL PRODUCTS,98905,,,,005974
GRIFFITH RUBBER MILLS,98933,,,,100445
PITTMAN CORP THE A SUBSIDARY OF PENN ENGINEERING AND MFG CORP,98938,,,,101919
"AEROCONTROLEX GROUP, INC. DBA AEROCONTROLEX GROUP INC DIV AERO FLUID PRODUCTS",98939,,,,008056
PARKER HANNIFIN CORPORATION DBA WILKERSON DIV PNEUMATIC DIVISION NORTH AMERICA,98963,,,,000453
CTS ELECTRONIC COMPONENTS (CALIFORNIA) INC DBA IERC DIV CTS ELECTRONIC COMPONENTS,98978,,,,007224
WORCESTER CONTROLS CORP P O BOX 2609 COOKEVILLE TN 385022609,98991,,,,006791
WESBAR CORP P O BOX 8 MOSINEE WI 54455-0008,99003,,,,105036
ALLIED WITAN CO DBA ALWITCO,99016,,,,000075
CAPLUGS LLC DBA MOKON DIV CAPLUGS,99017,,,,005005
FORMRITE TUBE CO,99103,,,,008777
CHASE CORPORATION DBA FLUID POLYMERS DIV HUMISEAL DIVISION,99109,,,,108844
PLASTIC CAPACITORS INC,99120,,,,004169
PRECISION RINGS INCORPORATED,99121,,,,103000
BETE FOG NOZZLE INC,99134,,,,006720
"FLEXCO, INC",99135,,,,008373
EATON AEROSPACE LLC ED AND C WEST DIV,99145,,,,103789
MILES JOHN R R INC,99151,,,,006776
TIONA-BETTS INC,99161,,,,006053
HAMILTON SUNDSTRAND CORPORATION DBA HAMILTON SUNDSTRAND,99167,,,,100652
EATON CORPORATION DBA AIRFLEX DIV DIV AIRFLEX,99185,,,,100857
BORGWARNER TRANSMISSION SYSTEMS INC,99186,,,,105823
JOHN CRANE-HOUDAILLE INC LAPMASTER INTL DIV,99189,,,,101629
HONEYWELL INTERNATIONAL INC. DBA HONEYWELL INTERNATIONAL DIV AEROSPACE - PHOENIX,99193,,,,003431
DEB MANUFACTURING INC DBA DEB MANUFACTURING INC,99194,,,,008056
THERMO ELECTRIC COMPANY INC. DBA THERMO ELECTRIC COMPANY,99195,,,,007025
DELTA SALES CO AIROYAL DIV,99197,,,,002512
"EVERAXIS USA, INC.",99200,,,,101502
KAISER FLUID TECHNOLOGIES INC.,99215,,,,100078
NMC WOLLARD INC,99235,,,,000897
CRISSAIR INC DIV ESCO TECHNOLOGIES,99240,,,,002374
MISSION SYSTEMS DAVENPORT INC. DBA MISSION SYSTEMS AAR,99251,,,,006129
HARDING-WATERCRAFT INC,99300,,,,100328
PARKER-HANNIFIN CORP,99321,,,,101493
"ATLEE OF DELAWARE, INCORPORATED",99378,,,,007235
"TOBEYCO MFG, CO, INC. DIV FEDERAL BRASS MFG.",99381,,,,007263
HUNTSMAN ADVANCED MATERIALS AMERICAS LLC DIV LOS ANGELES LOCATION,99384,,,,109413
BINKLEY CO THE SUB OF HOLLAND HITCH CO INC,99411,,,,001692
"COOPER INTERCONNECT, INC. DIV INTERCONNECT",99447,,,,005974
ELECTRON PRODUCTS INC,99515,,,,004147
VACCO INDUSTRIES,99517,,,,007337
KIRKWOOD CARBON CO DIV KIRKWOOD INDUSTRIES INC,99533,,,,106694
GENERAL FIRE EXTINGUISHER CORP,99539,,,,006512
GOODRICH CORPORATION DBA GOODRICH CORP,99551,,,,104062
"GUNNEBO JOHNSON CORPORATION DIV GUNNEBO INDUSTRIES, INC.",99557,,,,005023
"AMETEK, INC. DBA AEROSPACE GST DIV AEROSPACE",99564,,,,101152
ADMIRAL VALVE LLC DBA CPV MANUFACTURING,99565,,,,113444
RAYTHEON COMPANY DBA RAYTHEON CO DIV INTELLIGENCE & INFORMATION SYSTEMS,99592,,,,007225
ALLMAND BROS. INC.,99621,,,,108279
EATON AEROSPACE LLC,99643,,,,101592
BERGSTROM INC,99688,,,,001804
HANNA ACQUISITION CORPORATION DBA HANNA ACQUISITION CORP DIV HANNA RUBBER COMPANY,99739,,,,106116
NITTO INCORPORATED,99742,,,,100110
IMC MAGNETICS CORP WESTERN DIV,99743,,,,006255
"TELEDYNE DEFENSE ELECTRONICS, LLC DBA TELEDYNE REYNOLDS DIV TELEDYNE REYNOLDS",99747,,,,008056
CHEMIQUIP PRODUCTS CO INC,99752,,,,008170
FMH AEROSPACE CORP.,99755,,,,100304
FEDERAL PRODUCTS CORP CMM DIV,99792,,,,007250
AMERICAN PRECISION INDUSTRIES INC.,99800,,,,002684
JAN HARDWARE MFG CO INC,99813,,,,006803
DORN EQUIPMENT CORP. DBA DORN EQUIPMENT CORP,99820,,,,101777
ITT FEDERAL LABORATORIES DIV OF INTERNATIONAL TELEPHONE AND TELEGRAPH CORP,99828,,,,102343
CARR LANE MANUFACTURING CO,99862,,,,001441
HONEYWELL INTERNATIONAL INC. DBA HONEYWELL DIV AEROSPACE -OLATHE HUMS DIV,99866,,,,008128
SUN DIAL & PANEL CORPORATION,99917,,,,103637
MOOG INC.,99932,,,,006798
"RENBRANDT, INC.",99934,,,,007390
MASTERCRAFT PLASTICS CO INC,99951,,,,104062
LOCKHEED MARTIN CORP NAVAL ELECTRONICS & SURVEILLANCE SYSTEMS,99971,,,,101416
DANUSER MACHINE CO,99984,,,,103470
EATON CORP CUTLER-HAMMER/WESTINGHOUSE PRODUCTS SALES OFFICE,9A066,,,,002959
NEWARK ELECTRONICS,9A102,,,,002538
S AND G TOOL AID CORP BR OF EAGLES M TOOL WAREHOUSE INC,9A194,,,,102663
DONALDSON CO INC DIV DONALDSON COMPANY INC,9A278,,,,001413
KAMAN INDUSTRIAL TECHNOLOGIES CORPORATION,9A690,,,,000997
THE DUCATS GROUP LLC DIV THE DUCATS GROUP,9BR59,,,,002599
AMPHENOL CORP,9C859,,,,003197
MATHESON GAS PRODUCTS,9C974,,,,008507
MALLORY CAPACITOR CO SUB OF EMHART INDUSTRIES INC,9E609,,,,003197
PARKER-HANNIFIN CORPORATION DIV HYDRAULIC PUMP DIVISION,9F512,,,,003348
WATLOW ELECTRIC MANUFACTURING COMPANY DBA WATLOW INDUSTRIES DIV WATLOW HANNIBAL,9F951,,,,003459
WEGMANN AUTOMOTIVE USA INC.,9G287,,,,001980
EATON CORP HYDRAULICS DIV,9G527,,,,000075
KENTAK PRODUCTS CO,9G613,,,,002366
BANNER MACHINE CO INC,9G653,,,,100936
HUTCHESON JOHN W DBA OVERSEAS CONTRACTOR SUPPLIES DIV JOHN W HUTCHESON DBA OVERSEAS CONTRACTORS SUPPLIES,9G986,,,,110863
DOVER RESOURCES INC DBA OPW ENGINEERED SYSTEMS,9H113,,,,007003
MIDTEX INC AEMCO DIV,9H335,,,,003197
"BEDFORD REINFORCED PLASTICS, INC",9J091,,,,003819
STRANCO ACQUISITION LLC,9J279,,,,006976
"DEFENSE MARITIME SOLUTIONS, INC.",9J528,,,,007099
"WECKWORTH MANUFACTURING, INC",9J595,,,,104006
D F P MANUFACTURING CORP DBA D F P,9J659,,,,100175
SCIENTIFIC & COMMERCIAL SYSTEMS CORP DBA SCIENTIFIC & COMMERCIAL SYSTEMS CORP,9J678,,,,006723
"CSTS, INC DBA COMPUTER SYS TECHL SUPPORT",9J740,,,,111395
"RTI REMMELE ENGINEERING, INC. DBA REMMELE MEDICAL",9J969,,,,112342
"AUTOMATIC CONTROLS OF VA., INC. DBA AUTOMATIC CONTROLS OF VA INC",9K117,,,,007209
LP-GAS EQUIPMENT CORP,9K740,,,,110809
ENGINE CENTER INC DIV ENGINE CENTER,9K760,,,,104413
YORK OTTO H CO INC CHEM-PRO DIV,9K829,,,,006726
WES-GARDE INC,9K855,,,,003293
"SAM WINER MOTORS, INC.",9K937,,,,103848
PEAKER SERVICES INC,9L007,,,,102646
ABBOTT ELECTRONICS INC EASTERN OFFICE,9L287,,,,007031
GORDOS CORP,9M368,,,,003197
SCHNORR CORP,9M527,,,,006062
"FREEMAN MANUFACTURING & SUPPLY COMPANY, THE INC",9M607,,,,109494
GORDOS CORP,9M648,,,,003197
HORNER ELECTRIC MOTOR SERVICE CO INC,9N375,,,,005925
VOI-SHAN/CHATSWORTH DIV OF VSI CORP SUB OF FAIRCHILD INDUSTRIES INC,9N513,,,,003137
"MONARCH SUPPLY COMPANY, INC. DBA MONARCH SUPPLY CO INC",9N735,,,,005925
TELEPHONICS CORP/PRD INSTRUMENTS,9N770,,,,006179
JOHN K MCDANIEL III DIV RUSSELL AIRCRAFT,9N846,,,,108074
FLUITEK CORP,9N879,,,,102382
"CONTINENTAL CABLE, LLC",9N899,,,,007267
"MACK TRUCKS, INC DBA MACK TRUCKS INC",9N930,,,,001692
DANA COMMERCIAL VEHICLE MANUFACTURING LLC,9R200,,,,008446
DEERE AND CO DEERE JOHN PARTS DISTRIBUTION WHSE,9R569,,,,002120
THOMAS AND BETTS CORP,9R636,,,,001042
MARCO MANUFACTURING CO INC,9R803,,,,007105
TRW ASSEMBLIES AND FASTENERS GROUP FASTENERS DIV DISTRIBUTION SALES CENTER ATLANTA,9S651,,,,102791
"HUNTINGTON VALLEY INDUSTRIES, INC. DBA HUNTINGTON VALLEY INDUSTRIES",9S754,,,,102455
MERIT BRASS CO,9S781,,,,106566
"XTO, INCORPORATED DBA XTO INC",9S954,,,,000092
TRAILMOBILE INC SUB OF THE PULLMAN CO,9T078,,,,003201
PREMIER INDUSTRIAL CORP ROTANIUM PRODUCTS DIV,9T094,,,,001649
TASCO CORPORATION,9T907,,,,109209
ITW HEARTLAND COMPONENTS INC,9U023,,,,007332
CKE INC,9U124,,,,003197
DOUGLAS SALES & PROMOTIONS CORP,9U964,,,,103879
"AQUA-AIR INDUSTRIES, INC. DBA AQUA AIR INDUSTRIES INC DIV STA SEA OFFSHORE RENTALS (A SERVICE OF AQUA AIR IND., INC.)",9V562,,,,110575
MELROE CO,9W224,,,,106454
CENTRAL PURCHASING INC DBA HARBOR FREIGHT TOOLS,9W506,,,,105438
LANDA INC.,9W709,,,,106385
"POWER TEST, LLC",9W788,,,,110622
RAUSCHERT INDUSTRIES INC,9W791,,,,112113
"EZ FORM CABLE TECHNOLOGIES, LLC DBA EZ FORM CABLE CORP",9W826,,,,101107
NORTH AMERICAN TRADE CORPORATION DBA NORAMCO,9X121,,,,003571
HONEYWELL INTERNATIONAL INC. DIV AEROSPACE - ROCKY MOUNT,9X173,,,,101152
SYBRON-TAYLOR INSTRUMENT CO,9X670,,,,000453
BUYERS PRODUCTS COMPANY,9X737,,,,102295
SCOTTS EMERGENCY LIGHTING & POWER GENERATION INC,9X781,,,,102946
CGI FEDERAL INC. DBA CGI,9X833,,,,110210
COMAIR ROTRON INC SUB OF KL INDUSTRIES INC,9Y408,,,,006900
"L3HARRIS TECHNOLOGIES, INC.",9Y580,,,,100078
INTERGY INC,9Y918,,,,001078
FLUIDYNE CORPORATION DBA FLUIDYNE CORP,9Y957,,,,100916
WELDON PUMP LLC,9Z270,,,,003090
"AURA SYSTEMS, INC.",9Z367,,,,109740
PALL TRINCOR DBA PALL TRINCOR DIV TRINCOR,9Z448,,,,104806
STIHL INCORPORATED,9Z575,,,,110539
HNL INC.,9Z740,,,,106935
SONNENSCHEIN BATTERIES INC,9Z763,,,,104001
ANALOG DEVICES INC,9Z930,,,,004018
TINNY CORPORATION THE DBA TINNY CORP DIV SHELCO FILTERS,9Z952,,,,008105
,,,,,112701
DOK-ING D.O.O.,A008B,,,,112701
ISOTTA FRASCHINI MOTORI SPA,A0106,,,,101304
DANA ITALIA SPA DIVISIONE SPACER ITALCARDANO,A0840,,,,112584
LOMBARDINI SRL,A1212,,,,001173
KONGSBERG MARITIME FINLAND OY,A130G,,,,100864
GEVEN SPA,A1341,,,,110612
COMROD SWEDEN AB,A137N,,,,101683
CARGOTEC SWEDEN AB - KALMAR INDUSTRIES,A148N,,,,008204
KALMAR SOLUTIONS AB,A184N,,,,103645
KALMAR SOLUTIONS AB,A185N,,,,103645
MASTSYSTEM INT'L OY,A196G,,,,107763
BLACK BRUIN OY,A215G,,,,112189
TRELLEBORG ERSMARK AB,A222N,,,,002250
MACGREGOR SWEDEN AB,A236N,,,,103645
TERMOMECCANICA POMPE S.P.A.,A2683,,,,111774
ATOS SPA,A3225,,,,005942
CABUR SRL,A3255,,,,111928
A.M.R.A. SPA,A4057,,,,108201
IMEAR SRL,A4201,,,,108633
BONFIGLIOLI RIDUTTORI SPA,A4432,,,,006997
FOR SPA,A4578,,,,112607
BOSCH REXROTH SPA,A4609,,,,101007
HUMPHREE AB,A467N,,,,112554
FILTREX SRL (GIA' FILTRI INDUSTRIALI),A5122,,,,109621
ELETTROTEC SRL,A5350,,,,113789
EMBRACO EUROPE SRL,A5673,,,,002771
ZF PADOVA SRL,A6279,,,,110134
WARTSILA ITALIA SPA,A9840,,,,007099
PARKER HANNIFIN MANUFACTURING SWEDEN AB,AA89N,,,,113532
MOLDEX-METRIC AG & CO KG,AD129,,,,108702
AKTIEBOLAGET VOLVO PENTA,AD56N,,,,000810
KEYSIGHT TECHNOLOGIES ITALY SRL,AM674,,,,110727
ROCA INDUSTRY AB,AM74N,,,,104528
LESJOFORS AB,AN07N,,,,110731
ADFWEB.COM SRL,AN499,,,,112263
GAS TURBINE EFFICIENCY AB GTE,AQ16N,,,,110737
BOSCH ROBERT,B1223,,,,105928
TRELLEBORG SEALING SOLUTIONS BELGIUM SA,B3314,,,,104608
AERO-SENSE,B8132,,,,110981
RITTAL GMBH & CO. KG,C0473,,,,002604
HYDROTECHNIK GMBH,C0551,,,,113630
ETTINGER GMBH,C0882,,,,102499
HERBERT HANCHEN GMBH & CO. KG,C1211,,,,110586
DSG-CANUSA GMBH,C1306,,,,005980
ZOLLERN GMBH & CO. KG,C1353,,,,111097
DANFOSS POWER SOLUTIONS GMBH & CO. OHG,C1787,,,,107003
LIEBHERR-WERK EHINGEN GMBH,C2254,,,,000068
ELOBAU GMBH & CO. KG,C2329,,,,108445
GOLDHOFER AIRPORT TECHNOLOGY GMBH,C2489,,,,111332
HAMM AG,C2767,,,,001079
EATON TECHNOLOGIES GMBH,C3179,,,,000075
AVENTICS GMBH,C3185,,,,101007
DECKMA HAMBURG GMBH,C3943,,,,109981
PISTER KUGELHAEHNE GMBH,C3987,,,,003525
BELDEN ELECTRONICS GMBH,C4001,,,,003197
RATIONAL INTERNATIONAL AG,C4240,,,,102201
SAND-PROFILE GMBH,C4643,,,,110239
CML TECHNOLOGIES GMBH & CO. KG,C4647,,,,003775
SIEMENS AG AUTOMATION AND DRIVES A&D,C4746,,,,003775
IGEBA GERAETEBAU GMBH,C4932,,,,110410
BARKSDALE CONTROL PRODUCTS GMBH,C5151,,,,000463
RIA ELECTRONIC GMBH ALBERT METZ,C5333,,,,003197
HUBTEX MASCHINENBAU GMBH & CO. KG,C5460,,,,112218
"VOGELSANG, HUGO MASCHINENBAU GMBH",C5753,,,,001838
DRAGER SAFETY AG & CO. KGAA,C5810,,,,112124
STAHLCON GMBH VERTRIEB VON EINBAUELEMENTEN FUR TECHNISCHE ANLAGEN,C5813,,,,112081
WEW WESTERWALDER EISENWERK GMBH,C6119,,,,108559
HELLA GMBH & CO. KGAA,C6222,,,,100798
MOLDEX-METRIC AG & CO. KG,C6727,,,,108702
MASCHINENFABRIK WALTER VOSS FLUIDTECHNIK GMBH,C6990,,,,000698
FILTRATION GROUP GMBH,C7225,,,,106559
NORGREN GMBH -NIEDERLASSUNG FELLBACH-,D0138,,,,000997
KARCHER FUTURETECH GMBH,D0356,,,,106385
MAN NUTZFAHRZEUGE AG,D0441,,,,107184
PHOENIX CONTACT GMBH & CO. KG,D0493,,,,102993
HAWE HYDRAULIK SE,D0637,,,,005942
FAIRCHILD FASTENERS EUROPE - CAMLOC GMBH,D0680,,,,003137
VOLVO CONSTRUCTION EQUIPMENT GMBH & CO KG,D0704,,,,000810
ORTLINGHAUS-WERKE GMBH,D0707,,,,109700
ARGO-HYTOS GMBH,D0718,,,,000721
POPPELMANN GMBH & CO. KG KUNSTSTOFFWERK-WERKZEUGBAU,D0730,,,,110677
BOLL & KIRCH FILTERBAU GMBH,D0798,,,,108770
EATON GERMANY GMBH,D0826,,,,000075
VINCORION POWER SYSTEMS GMBH,D0857,,,,113795
ROHDE & SCHWARZ GMBH & CO. KOMMANDITGESELLSCHAFT,D0894,,,,101668
ARGUS FLUIDTECHNIK GMBH,D1028,,,,109420
OWR ODENWALDWERKE RITTERSBACH GMBH DIV OWR GMBH,D1038,,,,107191
AUTOFLUG GMBH,D1131,,,,112204
SIEMENS ENERGY GLOBAL GMBH & CO. KG SE GP I SO CS MA,D1149,,,,003775
B/E AEROSPACE SYSTEMS GMBH DIV LIFE SUPPORT SYSTEMS EUROPE,D1379,,,,110320
KUSTER AUTOMOTIVE GMBH,D1481,,,,110286
WITTE TECHNOLOGY GMBH,D1528,,,,113824
MAHLE FILTERSYSTEME GMBH,D1560,,,,106559
BOSCH REXROTH AG,D1572,,,,101007
EUGEN KLEIN GMBH GELENKWELLEN,D2001,,,,113397
MOTORENFABRIK HATZ GMBH & CO. KG,D2081,,,,001195
STOCKO CONTACT GMBH & CO. KG,D2096,,,,104145
HALDEX GMBH,D2268,,,,106335
HECKLER & KOCH GMBH,D2330,,,,106511
FLENDER GMBH,D2418,,,,112126
SIBA GMBH,D2598,,,,108256
"3M DEUTSCHLAND GMBH DIV 3M GOVERNMENT SERVICES, EUROPE & SHAPE/NATO RELATIONS",D2607,,,,100110
ABB INDUSTRIETECHNIK AG -GESCHAFTSBEREICH MARINE-,D2685,,,,003826
DEUTZ AG,D2689,,,,002699
AWG FITTINGS GMBH,D2746,,,,101130
DREIHA-WERK HORNKOHL & WOLF GMBH & CO.,D2783,,,,103383
DIRAK DIETER RAMSAUER KONSTRUKTIONSELEMENTE GMBH & CO. KG,D4291,,,,104373
MACGREGOR GERMANY GMBH & CO. KG,D4315,,,,108868
MAGNECRAFT EUROPE,D4514,,,,003197
MVA MESS- UND VERFAHRENSTECHNIK GMBH,D4892,,,,111495
DEUTA-WERKE GMBH,D6035,,,,111259
ROBERT BOSCH AUTOMOTIVE STEERING GMBH,D6572,,,,101007
GEA WESTFALIA SEPARATOR GROUP GMBH,D7032,,,,008056
TADANO FAUN GMBH,D8009,,,,112665
ROBERT BOSCH GESELLSCHAFT MIT BESCHRANKTER HAFTUNG,D8015,,,,105928
MAX WEISHAUPT GMBH -BRENNER U. HEIZSYSTEME-,D8025,,,,111855
MAHLE AFTERMARKET GMBH,D8081,,,,105720
SEEGER-ORBIS GMBH & CO. OHG,D8090,,,,002363
ZF CV SYSTEMS HANNOVER GMBH,D8096,,,,109838
ZF FRIEDRICHSHAFEN AG,D8124,,,,104406
KACO GMBH & CO.KG -DICHTUNGSWERKE-,D8142,,,,102591
VARTA CONSUMER BATTERIES GMBH & CO KGAA,D8192,,,,103571
ROTZLER DEUTSCHLAND GMBH + CO. KG,D8218,,,,103848
ROLLS-ROYCE SOLUTIONS GMBH,D8266,,,,001178
DIN DEUTSCHES INSTITUT FUR NORMUNG EV,D8286,,,,006280
FESTO SE & CO. KG,D8293,,,,000075
REINTJES GMBH,D8835,,,,102306
WEIDMULLER INTERFACE GMBH & CO. KG,D8857,,,,003632
WIELAND ELECTRIC GMBH,D8971,,,,003197
BAUER KOMPRESSOREN GMBH,D9135,,,,107902
ZF INDUSTRIEANTRIEBE WITTEN GMBH,D9182,,,,101007
RICKMEIER GMBH,D9209,,,,111157
"SCHMERSAL, K.A. GMBH",D9631,,,,102993
NOSKE-KAESER GERMANY GMBH,D9695,,,,109948
BOLLHOFF VERBINDUNGSTECHNIK GMBH,D9728,,,,112476
KARL DOSE GMBH,D9788,,,,108645
ZOLLNER SIGNAL GMBH,D9923,,,,105314
TTS MARINE GMBH,DM582,,,,111910
HAMILTON C W F & CO LTD HAMILTON JET,E0062,,,,001173
MAS ZENGRANGE (NZ) LIMITED,E0979,,,,111860
RUBYCON CORPORATION KYOTO KARASUMA OFFICE SOLAR ENERGY DIV,EX067,,,,003197
LE BOZEC FILTRATION ET SYSTEMES,F0218,,,,109742
SOURIAU,F0225,,,,101367
LE BOZEC FILTRATION ET SYSTEMES,F0388,,,,109742
RADIALL SA DIVISION COAX,F0503,,,,105237
MAFELEC,F0518,,,,111775
BOBCAT FRANCE,F0787,,,,106454
LEGRIS DIVISION FSCE DE PARKER HANNIFIN FRANCE (FLUID SYSTEM CONNECTORS EUROPE),F1458,,,,107766
ALFA LAVAL MOATTI,F1568,,,,002864
FENWICK-LINDE,F1600,,,,106326
DANFOSS SARL,F1606,,,,000463
OLAER DIVISION ACDE DE PARKER HANNIFIN FRANCE (ACCUMULATOR AND COOLER DIVISION EUROPE),F1801,,,,001230
GIRODIN-SAUER,F1837,,,,108469
MANITOU BF,F5526,,,,106326
HELLA,F6416,,,,100798
POCLAIN HYDRAULICS,F6536,,,,000078
BURKERT FRANCE SAS,F6843,,,,003758
MARTEK POWER F,F7410,,,,007031
OKAYA ELECTRIC INDUSTRIE,F8607,,,,003197
EDI (ELECTRONIC DESIGN INTERNATIONAL),F8812,,,,003197
FESTO,F9016,,,,000075
MATERIELS PORTUAIRES ET INDUSTRIELS,F9570,,,,112256
RS COMPONENTS SAS,FA0Q5,,,,107607
TEAM MANCHE,FA0W7,,,,111255
CROUZET,FA0X2,,,,003775
BONFIGLIOLI TRANSMISSIONS SA,FAHC7,,,,006997
ABB FRANCE,FAL02,,,,006805
CATERPILLAR FRANCE SAS,FANZ6,,,,001559
RELLUMIX,FARM4,,,,109742
SOFRASAR,FB228,,,,102866
,,,,,002572
KELVION MACHINE COOLING B.V.,H0006,,,,112539
THALES NEDERLAND,H0203,,,,101519
ASKOVE KUNSTSTOF INDUSTRIE B.V.,H0B62,,,,103912
VICTRON ENERGY B.V.,H0L31,,,,109652
RADIO HOLLAND NETHERLANDS,H0P26,,,,103569
DELTA ELECTRONIC'S,H1F94,,,,003197
MAFO NAVAL CLOSURES B.V.,H6077,,,,107920
3M NEDERLAND B.V.,H7034,,,,100110
,,,,,100078
,,,,,101512
ISUZU MOTORS LIMITED,J1165,,,,106942
KUBOTA CORPORATION,J1802,,,,003826
TOYOTA MOTOR CORPORATION DIV FLEET SALES DEPT.,J2830,,,,000591
YANMAR CO. LTD.,J4450,,,,105286
LISTER PETTER LTD,K0160,,,,001173
PERKINS ENGINES COMPANY LTD - PERKINS PARTS DISTRIBUTION CENTRE UK,K0161,,,,001173
KONGSBERG MARITIME LTD,K0189,,,,103238
SPICER SPECIALITY AXLE DIVISION,K0192,,,,112584
HALE HAMILTON (VALVES) LTD DIV CAD UXBRIDGE,K0207,,,,103274
THALES UK LIMITED DBA THALES UK LTD OPTRONICS,K0216,,,,101519
PRIMARY FLUID POWER LTD,K0274,,,,101531
WAUKESHA BEARINGS LTD,K0312,,,,002818
"ITT INDUSTRIES LIMITED, ITT CANNON UK",K0316,,,,005980
HOLSET ENGINEERING CO LTD,K0357,,,,100857
WARTSILA WATER SYSTEMS LIMITED,K0359,,,,103645
ROLLS-ROYCE PLC DIV DEFENSE (EUROPE),K0378,,,,007059
JOHN CRANE UK LTD,K0382,,,,006544
TELEDYNE UK LIMITED,K0442,,,,100967
DAVID BROWN SPECIAL PRODUCTS LTD,K0524,,,,007112
ULTRA ELECTRONICS PRECISION AIR & LAND SYSTEMS,K0653,,,,106101
CLAVERHAM LTD,K0659,,,,004162
LEONARDO UK LTD,K0668,,,,109412
HELLERMANNTYTON LIMITED,K0720,,,,101029
MEGGITT (UK) LTD DIV MEGGITT SENSING SYSTEMS,K0802,,,,008056
PEARSON ENGINEERING LIMITED,K0824,,,,106211
MARCONI COMMUNICATION SYSTEMS LTD,K0991,,,,103188
TYCO ELECTRONICS UK LTD,K1010,,,,100110
MEGGITT AEROSPACE LIMITED,K1037,,,,108985
ESAB GROUP (UK) LTD,K1046,,,,000109
THALES UK LIMITED DBA THALES UK LTD TRAINING AND SIMULATION,K1182,,,,101519
SCHURTER LTD,K1310,,,,003197
DUNLOP AEROSPACE POLYMERS & COMPOSITES,K1406,,,,007905
PENNY & GILES AEROSPACE LIMITED,K1474,,,,100798
KIDDE GRAVINER LTD,K1536,,,,003769
HELLERMANNTYTON LIMITED,K1793,,,,101029
WEIDMULLER LTD,K1838,,,,008180
AEROQUIP-VICKERS LTD,K1866,,,,000075
BAE SYSTEMS PLC,K1987,,,,100771
DAVID BROWN GEAR SYSTEMS LIMITED,K2182,,,,109796
RS COMPONENTS LIMITED,K2504,,,,107607
EATON LIMITED,K2523,,,,101778
G E C MARCONI COMMUNICATIONS LTD,K2555,,,,103188
MEGATOR LTD,K2562,,,,008600
HIGH TEMPERATURE ENGINEERS LTD,K2617,,,,101778
PERKINS ENGINES COMPANY LTD,K2709,,,,105420
SENIOR UK LIMITED DIV SENIOR AEROSPACE BWT,K2962,,,,111666
SHIPHAM VALVES LIMITED,K2980,,,,111944
CERTEX (UK) LTD,K3078,,,,002033
CAMBION ELECTRONICS LIMITED,K3105,,,,100955
FKI ENGINEERING LTD T/A WHIPP & BOURNE,K3210,,,,106587
LE CARBONE (GB) LTD,K3277,,,,110384
CLARK MASTS TEKSAM LTD,K3456,,,,102532
LEWMAR LTD,K3488,,,,103849
BROWNELL LTD,K3649,,,,006115
MARSHALL OF CAMBRIDGE AEROSPACE LIMITED,K3784,,,,112017
B/E AEROSPACE (UK) LTD,K3996,,,,110700
TECH SPRAY INTERNATIONAL,K3F78,,,,003197
NORGREN MARTONAIR LTD,K4131,,,,000997
VOKES LTD (B T R ENVIRONMENTAL LTD),K4226,,,,100066
INDUSTRIAL POWER UNITS LTD,K4241,,,,109561
TEREX EQUIPMENT LTD DIV CONSTRUCTION EQUIPMENT,K4285,,,,003072
SAFRAN ELECTRICAL & POWER UK LIMITED,K4358,,,,113068
BOUGHTON ENGINEERING LIMITED,K4629,,,,106783
CUMMINS LTD,K4843,,,,000963
E J BOWMAN (BIRMINGHAM) LTD,K4938,,,,111125
KARCHER (UK) LTD,K4F83,,,,106385
WYNN MARINE LTD,K5163,,,,102554
GE AVIATION SYSTEMS LTD,K5294,,,,002033
EVERITT W VERO & CO LTD,K5299,,,,008056
DEUTZ UK LTD,K5476,,,,002699
SPX UNITED KINGDOM LTD,K5547,,,,002795
"SPS TECHNOLOGIES LTD, TJ BROOKS DIVISION",K5673,,,,102584
HYSTAT SYSTEMS LTD,K5777,,,,109862
CUMMINS GENERATOR TECHNOLOGIES,K5894,,,,104930
HYDREMA (UK) LTD,K5F81,,,,109488
P55 LIMITED,K6019,,,,106187
QIOPTIQ LTD,K6111,,,,101519
TYCO ELECTRONICS UK LTD,K6197,,,,003197
KATO-ENTEX LTD,K6217,,,,109689
REGULATEURS EUROPA LIMITED DIV REGULATEURS EUROPA,K6255,,,,008717
CARL KAMMERLING INTERNATIONAL LTD,K6406,,,,111573
BOSCH REXROTH LTD,K6647,,,,101007
PARKER HANNIFIN UK LTD (FILTER DIVISION EUROPE),K6652,,,,001230
WELLMAN GROUP,K7018,,,,002460
PENNY & GILES CONTROLS LTD,K7028,,,,102621
NMB-MINEBEA UK LTD,K7067,,,,002356
CHRISTIE & GREY LIMITED,K7238,,,,109688
SCHROFF UK LTD,K7365,,,,002584
SSS GEARS LTD,K7509,,,,006725
BSI STANDARDS LIMITED,K7766,,,,102584
AMETEK AIRTECHNOLOGY GROUP LIMITED,K7776,,,,101152
OLDBURY UK LTD,K7978,,,,112962
MAN DIESEL & TURBO LTD,K8098,,,,008717
BESTOBELL AVIATION,K8319,,,,007905
GODIVA LIMITED,K8744,,,,001145
LINREAD NORTHBRIDGE (AIRCRAFT PRODUCT DIVISION),K8753,,,,102361
SOUTHBOURNE RUBBER CO LTD,K8779,,,,109657
PIHER INTERNATIONAL LTD,K8788,,,,003197
LEGRIS LTD,K8844,,,,000075
DYNAMIC CONTROLS LTD,K9077,,,,111384
,,,,,104381
RENOLD HI-TEC COUPLINGS,KA128,,,,002948
TRANTER LIMITED,KA231,,,,007221
PAXDATA NETWORKS LTD,KA321,,,,007221
QUALITY HYDRAULIC POWER LTD,KA327,,,,101007
Q.E.D. ENVIRONMENTAL SYSTEMS LIMITED DIV GEOTECHNICAL INSTRUMENTS(UK)LTD,KA467,,,,111541
NEPTUNE SONAR LTD,KA573,,,,111335
ICON RESEARCH LTD,KB158,,,,109039
ULRICH ATTACHMENTS LIMITED,KB228,,,,102866
COLSON INDUSTRIES LTD,KB397,,,,112347
EXHEAT INDUSTRIAL LIMITED,KB724,,,,110970
BRODERSEN CONTROL SYSTEMS LTD,KC045,,,,112023
EMCON TECHNOLOGIES,KC1J2,,,,104267
ADVANCED COMPONENT TECHNOLOGY LTD,KC699,,,,109843
JCB SERVICE,KC8A3,,,,002024
HATLAPA MARINE EQUIPMENT LTD,KC8A8,,,,108868
SELEX ES LTD,KC8C5,,,,111293
PRIMAGRAPHICS LTD DIV CAMBRIDGE,KCL73,,,,109896
PUREX INTERNATIONAL LTD,KCS30,,,,112718
ECHOMAX,KCWS2,,,,112002
ALPHA ELECTRONICS,KD702,,,,003197
ARVIN MOTION CONTROL LTD,KG124,,,,112273
LEAFIELD MARINE LIMITED,KG126,,,,109774
COBHAM TRACKING & LOCATING LTD,L0050,,,,003197
ENTRELEC INC,L0503,,,,003197
LUMIERES ADVENTURE (2002) INC,L0862,,,,111518
PRECISION-TECH LTD DIV N/A,L0963,,,,105101
3075109 CANADA INC DBA THERMOFIN,L09L0,,,,113735
CORPORATION HEINEMANN CANADA,L0NY1,,,,103449
ELASTO PROXY INC,L1330,,,,112748
L3HARRIS MAS INC DIV L3HARRIS MAS INC.,L1912,,,,112117
HEINEMANN ELECTRIC CANADA INCDIVISION OF EATON CORP,L3330,,,,103449
HAMMOND AIR CONDITIONING LTDDBA ARCTIC WOLF,L4225,,,,111174
SAMSUNG ELECTRONICS CANADA INC,L5224,,,,003197
ASTARIS CANADA LTD,L6529,,,,001456
FASTENAL COMPANY,L7906,,,,005018
,,,,,109610
NORATEL A/S,N0100,,,,110826
ULSTEIN BERGEN A/S,N0379,,,,103238
JOTRON A/S,N0969,,,,109981
KONGSBERG MARITIME AS,N1240,,,,103238
G H FITTINGS A/S,N1384,,,,007186
BOSCH REXROTH AS,N2058,,,,101007
VESTDAVIT A/S,N2066,,,,101413
TEAMTEC AS,N2585,,,,106957
CYLINDERREPARATOREN A/S FORMER CYLINDERSERVICE A/S,N3369,,,,111673
NORSK INSTITUTT FOR VANNFORSKNING NIVA,N4525,,,,103238
ROLLS-ROYCE MARINE A/S DEP. ENGINES-BERGEN,N4528,,,,103238
HYDRECO HYDRAULICS NORWAY AS,N5513,,,,001277
MENTO AS AVD BERGEN ENGROS,N5595,,,,113173
,,,,,008056
,,,,,103250
,,,,,008757
,,,,,111440
,,,,,111545
,,,,,003215
,,,,,003137
,,,,,006935
,,,,,006935
,,,,,008741
,,,,,100521
,,,,,104138
,,,,,100611
,,,,,108577
,,,,,103094
,,,,,101638
,,,,,107677
,,,,,110014
,,,,,006880
,,,,,111100
,,,,,111628
,,,,,008609
,,,,,001270
,,,,,006471
,,,,,100202
,,,,,100398
,,,,,008252
,,,,,107952
,,,,,110513
,,,,,008549
,OWE82,,,,102889
,,,,,101653
,,,,,109204
RS COMPONENTS A/S,R0243,,,,107607
DESMI PUMPING TECHNOLOGY A/S,R0304,,,,109252
KONECRANES,R0476,,,,112665
GRUNDFOS DK A/S,R0589,,,,109313
IRON PUMP A/S,R0594,,,,110218
SMEDEGAARD T A/S - OBSOLETE 2017,R1079,,,,101322
WEIBEL SCIENTIFIC A/S DBA DANSK FLYFORSIKRINGSGRUPPE A/S,R1121,,,,111001
DANFOSS A/S,R1292,,,,107003
MAN ENERGY SOLUTIONS,R1594,,,,008717
A/S HYDREMA EXPORT DBA A/S HYDROSTAR,R2723,,,,109488
JUN-AIR INTERNATIONAL A/S,R2836,,,,109781
ALFA LAVAL COPENHAGEN A/S,R2989,,,,002864
NOVENCO MARINE & OFFSHORE A/S,R3249,,,,111528
MAN B&W DIESEL A/S HOLEBY,R3650,,,,008717
HYDRATECH INDUSTRIES A/S,R3672,,,,112360
BEVI A/S,R5313,,,,112032
EBARA MFG CO.,S0113,,,,006227
HONDA MOTOR CO. LTD,S0208,,,,101050
"CARGOTEC SWEDEN AB, HIAB",S0213,,,,008204
KAWASAKI FUJII SEIKI COMPANY,S0242,,,,103634
BAUMER ELECTRIC AG,S3018,,,,003646
OKAYA ELECTRIC INDUSTRIE,S3281,,,,003197
BAE SYSTEMS HAGGLUNDS AB,S3465,,,,004056
TRELLEBORG ERSMARK AB,S3531,,,,002250
SPRECHER + SCHUH VERKAUF AG,S3625,,,,109917
BROWN BOVERI AND CIE AG,S3771,,,,002604
OSHINO LAMPS LTD.,S3774,,,,111875
LEICA GEOSYSTEMS AG DBA LEICA GEOSYSTEMS SA,S3890,,,,104601
SHARP CORPORATION,S4117,,,,109853
YANMAR DIESEL ENGINE CO. LTD,S4163,,,,002699
WANDFLUH AG HYDRAULIK+ELEKTRONIK,S4254,,,,000721
YUASA BATTERY CO. LTD,S4399,,,,104391
YAMATAKE HONEYWELL CO. LTD,S4405,,,,000453
NICHICON CORPORATION,S4498,,,,003197
KUBOTA LTD,S4532,,,,003826
SPIRIG ERNST INDUSTRIAL DIVISION,S4727,,,,008531
HUBER + SUHNER AG,S4773,,,,101312
TAT TECHNOLOGIES LTD,S4883,,,,101790
OKAYA ELECTRIC INDUSTRIES CO. LTD.,S5296,,,,003197
DIESEL KIKI COMPANY LTD,S5740,,,,105928
NAF AB,S5786,,,,106240
KAMEWA,S5824,,,,103238
WIBE TELESCOPIC MASTS AB,S6038,,,,101683
POTTER & BRUMFIELD,S7295,,,,003197
CARGOTEC SWEDEN AB - KALMAR INDUSTRIES,S7560,,,,008204
SCHIEBEL ELEKTRONISCHE GERAETE GMBH,S7578,,,,102448
STEYR NUTZFAHRZEUGE AG,S7622,,,,107184
RUBYCON CORPORATION,S7972,,,,003197
RUBYCON CORPORATION,S8061,,,,003197
FREUDENBERG SEALING TECHNOLOGIES AB,S8451,,,,002253
YANMAR DIESEL ENGINE CO LTD,S8543,,,,002699
HAGGLUNDS DRIVE PRODUCTION AB,S8805,,,,003348
MACGREGOR SWEDEN AB,S8828,,,,103645
CARGOTEC SWEDEN AB - MACGREGOR CRANES,S8829,,,,103645
ROLLS-ROYCE OY AB,SA275,,,,103238
TOKYO TOYOTA FORKLIFT CO. LTD,SA714,,,,106326
FESTO (PTY) LTD,SBA21,,,,000075
ROBERT BOSCH (PTY) LIMITED,SBC74,,,,000324
AUTOMETER (PTY) LTD,SBC76,,,,111506
"CINCH CONNECTORS DE MEXICO SA DE CV DIV CINCH CONNECTORS DE M?XICO, S.A. DE C.V.",SBD69,,,,003197
DOLLINGER FILTRATION LTD,SBG35,,,,112222
MAVTECH AUTOMATION,SBH15,,,,100078
TOOL CENTRE BENONI,SBM25,,,,112080
LESJOFORS AB,SBR16,,,,110731
SAMSUNG CORPORATION,SC426,,,,003197
RENK-MAAG GMBH,SCY20,,,,110247
"SENSATA TECHNOLOGIES DE MEXICO, S. DE R.L. DE C.V.",SEK19,,,,100110
GAS TURBINE EFFICIENCY AB GTE DBA ENGINEERING DIV MAIN OFFICE,SG290,,,,110737
OKAYA CO LTD,SK033,,,,003197
ROLLS-ROYCE AB,SL231,,,,103238
SAMSUNG CORPORATION,SL282,,,,003197
SULZER MIXPAC LTD,SLC71,,,,111565
"SOUTHCO, S. DE R.L. DE C.V. DBA PRODUCTOS FERROSOS PENISULARES S A DE C V DIV TECATE",SV287,,,,002739
"HUTCHINSON SEAL DE MEXICO STILLMAN SEAL DIVISION DIV STILLMAN SEAL,JPR,ESPA",SW461,,,,105400
ANHUI HELI CO. LTD,SY294,,,,002162
,,,,,002120
,,,,,002771
PRESTOLITE ELECTRIC LIMITED,U0041,,,,002056
PALL AEROSPACE (A DIVISION OF PALL EUROPE LTD),U0088,,,,003379
TRELLEBORG INDUSTRIAL AVS,U0100,,,,113794
MEGGER LTD,U0146,,,,112016
SKF (UK) LTD,U0214,,,,002497
BLACK BOX NETWORK SERVICES UK LTD,U06E7,,,,008313
CRANE ELECTRONICS LTD,U0748,,,,003197
BRITISH FILTERS LTD,U0787,,,,111665
ERIKS SEALING & POLYMER LIMITED,U0848,,,,109795
BULGIN COMPONENTS PLC,U0928,,,,008180
HYDRAMEC LTD,U0H38,,,,110024
ONTIC ENGINEERING & MANUFACTURING UK LIMITED DIV ONTIC ENGINEERING AND MANUFACTURING UK LIMITED,U0J60,,,,100205
TRELLEBORG SEALING SOLUTIONS (UK) LTD,U1068,,,,103887
D G CONTROLS LTD,U1217,,,,113458
AUTOSPIN (OIL SEALS) LTD,U1312,,,,104953
PAXMAN DIESELS LTD,U1476,,,,008717
MICHELL BEARINGS LIMITED,U1570,,,,110163
THE HYMATIC ENGINEERING COMPANY LIMITED T/A HONEYWELL HYMATIC,U1585,,,,102619
AVDEL UK LIMITED,U1595,,,,112273
IRVINGQ LIMITED,U1601,,,,108677
MARTIN-BAKER AIRCRAFT COMPANY LIMITED,U1604,,,,100860
HONEYWELL AEROSPACE YEOVIL DIV AEROSPACE -YEOVIL,U1605,,,,102619
TRIUMPH CONTROLS - UK LTD DIV TRIUMPH CONTROLS UK LTD,U1607,,,,003317
HOWDEN WADE LTD (THERMAL CONTROLS DIVISION),U1608,,,,102843
SPIRAX-SARCO ENGINEERING PLC,U1640,,,,007326
SOCIETY OF BRITISH AEROSPACE COMPANIES LTD (SBAC),U1653,,,,102584
CINCH CONNECTORS LTD,U1718,,,,003197
IRL THERMAL SYSTEMS LTD,U1841,,,,101592
MEGGITT AEROSPACE LTD T/A MEGGITT POLYMERS AND COMPOSITES,U1901,,,,007905
JAMES WALKER & CO LTD,U2164,,,,102538
LEONARDO MW LTD,U2248,,,,111293
STOP-CHOC LIMITED,U2255,,,,109361
STERLING HYDRAULICS LTD (VALVE DIVISION),U2368,,,,000463
JAGGER ALBERT LTD,U2851,,,,109841
LANCASHIRE FITTINGS LTD,U2882,,,,112706
JBJ TECHNIQUES LTD,U2938,,,,105467
MERMAID MARINE ENGINES LTD,U2985,,,,112291
SMITHS DETECTION-WATFORD LIMITED,U3092,,,,101994
HYDAC TECHNOLOGY LIMITED,U3098,,,,105634
HEYCO TECHNOLOGIES LTD,U3291,,,,003197
CAT PUMPS (UK) LTD,U3374,,,,006227
PENNY & GILES AEROSPACE LTD,U3389,,,,102621
INGERSOLL-RAND EUROPEAN SALES LTD,U3396,,,,105668
SPICER DRIVESHAFT UK,U3475,,,,112584
STERLING THERMAL TECHNOLOGY LTD,U3596,,,,112201
VERMEER EQUIPMENT (UK) LTD,U3788,,,,103472
OSHINO LAMPS (UK) LTD,U3909,,,,111875
CONSOLITE TECHNOLOGY LTD (CTL),U3940,,,,102879
FESTO LTD,U3959,,,,000075
ALCO VALVES LTD,U4095,,,,109993
HAMILTON JET (UK) LIMITED (INCORPORATING WAGNER ENGINEERING (UK)),U4256,,,,001173
SUN HYDRAULICS LTD,U4474,,,,005942
BROWN DAVID VEHICLE PRODUCTS LTD,U4641,,,,109796
VT MARINE PRODUCTS LTD,U4707,,,,108218
WACKER NEUSON LTD,U4945,,,,103893
HOLMBURY LTD,U4F40,,,,104100
VOSPER THORNYCROFT CONTROLS LTD,U5295,,,,102787
AIRCONTROL TECHNOLOGIES,U5351,,,,101152
HIAB LIMITED DIV GOVERNMENT BUSINESS OPERATIONS,U5503,,,,008204
POTTER & BRUMFIELD,U5588,,,,003197
SCHAFFNER LTD,U5861,,,,003197
ADVANCED LOGISTICS FOR AEROSPACE (UK) LIMITED,U5897,,,,102584
CAM LOCK LIMITED,U6290,,,,110295
ULTRA PCS LIMITED DIV ULTRA ELECTRONICS PRECISION AIR AND LAND SYSTEMS,U6454,,,,106101
DICTATOR ENGINEERING LTD,U6514,,,,112836
MEGGITT AEROSPACE LIMITED DIV MEGGITT CONTROL SYSTEMS BIRMINGHAM,U6578,,,,101592
ALFATRONIX LTD,U6622,,,,106134
LEONARDO UK LTD,U6682,,,,109412
LINREAD LTD,U6683,,,,102361
PENNY & GILES CONTROLS LIMITED DIV PENNY & GILES CONTROLS LTD,U6729,,,,102621
EMKA (UK) LTD,U6759,,,,104668
VOLEX POWERCORDS,U7112,,,,003197
GE AVIATION SYSTEMS LIMITED DIV DOWTY PROPELLERS,U7387,,,,002033
"TRIUMPH AEROSPACE OPERATIONS UK, LTD. DIV STAVERTON SITE",U7388,,,,004162
PLASTIC EXTRUDERS LIMITED,U8056,,,,109729
SIRS NAVIGATION LTD,U8429,,,,108711
JAMES WALKER & CO LTD,U8616,,,,102538
FG WILSON (ENGINEERING) LTD,U9389,,,,106951
SWITCHCRAFT LTD,V2391,,,,003197
SWITCHCRAFT LTD,V2601,,,,003197
DOEN PACIFIC PTY LTD,Z05W6,,,,108748
MOBICON SYSTEMS PTY LTD,Z08C6,,,,112119
SELEX ES AUSTRALIA PTY LTD,Z0VY5,,,,111293
MACNAUGHT PTY LTD,Z1735,,,,104054
PELICAN PRODUCTS PTY LIMITED,Z1ER0,,,,111309
HATZ AUSTRALIA PTY LTD,Z1F24,,,,001195
AMPHENOL CORP,Z2094,,,,003197
ROJONE PTY LIMITED,Z2D12,,,,111222
SAF-HOLLAND (AUST) PTY LTD,Z3421,,,,001692
VOLVO GROUP GOVERNMENT SALES OCEANIA,Z4117,,,,103125
DELTA ELECTRONICS,Z4272,,,,003197
THERMOLINE SCIENTIFIC EQUIPMENT PTYLTD,Z4916,,,,100899
TRIMCAST PRODUCTS PTY LTD,Z5047,,,,111309
DELTA ELECTRONICS,Z6Q35,,,,003197
DELTA ELECTRONICS,ZS181,,,,003197
