company_name,cage,email,phone,contact_name
,,,,
UNIRUBBER INC,0ACP0,,,
"BARNHILL BOLT CO., INC.",0KXH9,,,
UNIVERSAL ENGINE HEATER CO.,19522,,,
"LAINE INDUSTRIES, INC",1M7N0,,,
CTS VALPEY CORPORATION,21821,,,
"TOOMEY ASSOCIATES, INC. DBA TOOMEY ASSOCIATES INC",3V431,,,
ZIOS CORPORATION,3WYK5,,,
"UNAFLEX, INC.",4BNK0,,,
"UNITIS, INC. DBA UNITIS INC",554B9,,,
FILTRATION SYSTEMS PRODUCTS INC. DBA FILTRATION SYSTEMS PRODUCTS,62722,,,
"DYNETICS, INC.",7L855,,,
"ERASER COMPANY INC., THE DBA LUXTHERM INFRARED HEATERS",89630,,,
REES INC,89698,,,
"EDMUND OPTICS, INC",97197,,,
,,,,
ORDNANCE CORPS,00000,,,
,,,,
,,,,
MMC INTERNATIONAL CORP.,00026,,,
ABRAMS INSTRUMENT CORPORATION,00048,,,
,,,,
CTS CO INC,00079,,,
"ROYAL OAK GAGE, INC",00088,,,
"JAMESTOWN METAL MARINE SALES, INC. DBA JAMESTOWN METAL MARINE SALES INC DIV NA",00096,,,
SURE FLOW EQUIPMENT INC DIV SURE FLOW EQUIPMENRT INC,000B3,,,
,,,,
ACE GLASS INC,00115,,,
,,,,
MICROSEMI CORP. - HIGH PERFORMANCE TIMING DBA VECTRON INTERNATIONAL- CANCELLED,00136,,,
ANCHOR TOOL AND DIE CO,00140,,,
SANLO MFG CO INC GUARDIAN INDUSTRIES DIV,00143,,,
,,,,
POLAR HARDWARE MFG CO,00147,,,
ACME ELECTRIC HEATING CORP,00162,,,
ACME INDUSTRIAL COMPANY,00175,,,
EMBRAER S.A.,001JK,,,
LITENS AUTOMOTIVE PARTNERSHIP,001Y9,,,
ACME MANUFACTURING CO,00228,,,
"CEF INDUSTRIES, LLC DBA CEF INDUSTRIES INC",00268,,,
"GEORGIA-PACIFIC, LLC DBA GEORGIA-PACIFIC DIV CONSUMER PRODUCTS",00284,,,
KWIK FILE STORAGE SYSTEMS LLC,00285,,,
RSL ELECTRONICS USA INC,002H2,,,
"AIRVAC, INC.",002T1,,,
POWER ENGINEERING AND EQUIPMENT CO INC,00307,,,
"LEXAN INDUSTRIES, INC DBA STRUTHERS ELECTRONICS DIV STRUTHERS ELECTRONICS",00341,,,
MANUFACTURERS GASKET CO THE,00347,,,
MICROTRAN CO INC,00348,,,
,,,,
BORGWARNER AIR/FLUID SYSTEMS INSTRUMENTATION,003G7,,,
HOLLAENDER MANUFACTURING CO,00403,,,
"BOSTWICK-BRAUN COMPANY, THE",00410,,,
WEBA INC,00459,,,
DOW-KEY MICROWAVE LLC,00471,,,
WILCOX INDUSTRIES CORP. DBA WILCOX INDUSTRIES CORP,004F1,,,
"ALLIED TECHNOLOGY GROUP, INC.",004U1,,,
,,,,
"DEL MAR AVIONICS, LLC DBA DEL MAR AVIONICS",00539,,,
"BARCOVIEW, LLC DIV N/A",005K1,,,
"QUANTA SYSTEMS, LLC DBA BLACK BOX NETWORK SERVICES",00615,,,
,,,,
,,,,
AEROVOX CORP.,00656,,,
,,,,
"CANADY MANUFACTURING CO., INC. DBA CANADY MANUFACTURING CO INC",00678,,,
CASTLE INDUSTRIES INC. OF CALIFORNIA DBA M.C. GILL,00679,,,
AGNEW MACHINE CO,00698,,,
"THE GUND COMPANY, INC. DIV GUND COMPANY, INC., THE",006V4,,,
PROTECTOWIRE CO INC,00710,,,
"SPECIALTIES MANUFACTURING CO., INC. DBA SPEMCO SWITCHES",00715,,,
"AIR PRODUCTS & CHEMICALS, INC",00742,,,
"BURGESS MANNING, INC. DBA SKIMOVEX USA",00743,,,
"L3HARRIS TECHNOLOGIES, INC. DBA HARRIS CORP DIV ANTENNA PRODUCTS",00752,,,
,,,,
"WESTERN FILAMENT, INC.",00768,,,
PACIFIC GRINDING WHEEL CO INC,00773,,,
,,,,
"TWIST TITE MFG, INC DBA TWIST TITE MANUFACTURING INC",007R1,,,
WENZEL INTERNATIONAL INC DIV CROVEN CRYSTALS,00809,,,
"PALOMAR PRODUCTS, INC. DBA PALOMAR PRODUCTS INC",00816,,,
AVEC ELECTRONICS CORP,00907,,,
SIOUX TOOLS INC,00988,,,
NATIONAL TOOL GRINDING INC,009A6,,,
CONNECTOR SPECIALISTS INC,009L1,,,
LIPHATECH INC.,00A02,,,
"DANIELS EQUIPMENT COMPANY, INC. DIV NA",00AC6,,,
STANLEY FASTENING SYSTEMS,00AG3,,,
MATERIALS ENGINEERING AND TECHNICAL SUPPORT SERVICES CORP.,00AW2,,,
RED ROCK TECHNOLOGIES INC,00CP6,,,
RENEGAR DRIGGERS MACHINERY COMPANY INC,00D27,,,
"HY-GRADE VALVE, INC.",00DR5,,,
KITZ CORPORATION OF AMERICA,00DW2,,,
GRIFFITH RUBBER MILLS INC DBA BAUMAN HARNISH RUBBER CO,00DW6,,,
"CARDINAL HEALTH, INC.",00E55,,,
SILICON CONTROL INC,00ET1,,,
PHILLIPS EQUIPMENT SYSTEMS INC,00ET4,,,
CUSTOM MARINE ELECTRONICS INC,00G68,,,
"SUPPLIER INSPECTION SERVICES, INC.",00GR4,,,
ROKETT INDUSTRIES,00HA2,,,
S W INTERCONNECT INC,00HC0,,,
ECLIPSE AERONAUTICAL CORPORATION,00JR8,,,
"CAPITAL LOGISTIC SERVICES, INCORPORATED",00KN7,,,
"ASSA ABLOY GLOBAL SOLUTIONS, INC.",00LN5,,,
SCM MICROSYSTEMS INC,00M05,,,
CENTROID PRODUCTS INC,00MA4,,,
EXELTECH INCORPORATED DBA EXELTECH INC DIV EXELTECH,00MC3,,,
"TELEDYNE INSTRUMENTS, INC. DBA TELEDYNE TSS DIV TELEDYNE TSS",00MQ6,,,
PHANTOM PRODUCTS INC.,00MW9,,,
GENERAL TOOL COMPANY,00PP1,,,
GETAC INC,00PP6,,,
RAINE INC,00PX1,,,
"EAC SHIELDING, INC",00PZ4,,,
KLS-MARTIN LIMITED PARTNERSHIP DBA KLS MARTIN LP,00Q97,,,
EDEL ENGINEERING DEVELOPMENT CO. DBA EDEL ENGINEERING DEV CO,00QR4,,,
"LSC PERIPHERALS, INCORPORATED DIV LSC PERIPHERALS INC",00QW8,,,
"WIETESKI, VICTOR DIV VIC VICTOR INDUSTRIAL COILS",00R85,,,
STODDARD SILENCERS INC,00SV8,,,
ALLIANCE MEDICAL INC. DBA ALLMED,00T35,,,
GRANITE GEAR INC.,00UE5,,,
GAI-TRONICS CORP DIV GAI TRONICS CORPORATION,00UH6,,,
CONTINENTAL ENGINES INC,00UX1,,,
"MESA LABORATORIES, INC.",00V11,,,
MINE SAFETY APPLIANCES COMPANY DBA PERMANENT INSTRUMENTS DIVISION,00VT4,,,
WHEELOCK CHARLES F & ASSOCIATES INC,00W74,,,
UNITED FABRICANTS STRAINRITE CORPORATION DBA U F STRAINRITE,00WN3,,,
SCIENTIFIC DEVICE LABORATORY INC DIV SCIENTIFIC DEVICE LABORATORY,00Y62,,,
GRAFLEX INC,00ZS7,,,
,,,,
PRECISION FITTINGS SUB OF PIPE FITTINGS INC,01001,,,
GENERAL ELECTRIC CO CAPACITORS DIV,01002,,,
"ALDRICO, INC. DBA ALDRICH COMPANY",01021,,,
"METSO AUTOMATION USA, INC",01029,,,
AMERICAN LUBRICATION EQUIPMENT CORPORATION,01035,,,
BRADLEY FIXTURES CORP,01055,,,
ALLSTEEL LLC,01074,,,
MODERN SUSPENSION SYSTEMS INC DBA ROCKFORD METAL PRODUCTS DIV,01083,,,
SILVER EAGLE MANUFACTURING CO,01084,,,
,,,,
KINETIC DISPERSION CORP,01124,,,
CECILWARE CORPORATION,01137,,,
ASSOCIATED CO INC,01169,,,
"CECOR, INCORPORATED",01173,,,
AJAX TOCCO MAGNETHERMIC CORP,01179,,,
ORGANIC PRODUCTS COMPANY,01195,,,
MICROAIRE SURGICAL INSTRUMENTS LLC,011P5,,,
RESILLO PRESS PAD CO,01209,,,
"HUTCHINSON AEROSPACE & INDUSTRY, INC. DBA VLIER DIV VLIER",01226,,,
"STERIS BARRIER PRODUCTS SOLUTIONS, INC",01234,,,
COMMUNICATIONS & POWER INDUSTRIES DBA COMMUNICATIONS & POWER INDUSTRIES DIV SOLID STATE PRODUCTS DIVISION,01238,,,
SAPA OPERACIONES SL,0124B,,,
MASSEY-FERGUSON INC NORTH AMERICAN PARTS OPN DIV,01272,,,
"NELSON M.C.T. - SOUTH, INC",012C4,,,
ORBITAL CORPORATION OF TAMPA DBA ORBITAL CORP,012M4,,,
"SAFT AMERICA, INC",01306,,,
"PRECISION MACHINE WORKS, INC DIV PRECISION MACHINE WORKS",01315,,,
PENNZOIL CO,01326,,,
,,,,
ALLIANCE MACHINE CO THE,01330,,,
MICROPHASE CORP,01341,,,
ANDERSON GREENWOOD LP DBA ANDERSON GREENWOOD CROSBY,01343,,,
ACE HOSE & RUBBER CO,01354,,,
INSTRUMENTS AND ACCESSORIES INC,01356,,,
ALLIED INDUSTRIAL PRODUCTS INC,01361,,,
MARINE CORPS SYSTEMS COMMAND DIV MARINE CORPS SYSTEMS COMMAND TECHNICAL DATA REPOSITORY CUSTOMER SERVICE,01365,,,
SPELLMAN HIGH-VOLTAGE ELECTRONICS CORPORATION DBA SPELLMAN HIGH-VOLTAGE ELECTRONICS CORP,01378,,,
ROSENBAUER INTERNATIONAL AG,0138N,,,
TELAIR INTL CARGO SYSTEMS,013D8,,,
GE FANUC EMBEDDED SYSTEMS INC.,013F4,,,
NAVANTIA SA SME. DIV NAVANTIA HQ,0141B,,,
"MICROWAVE DEVELOPMENT LABORATORIES, INC. DBA MICROWAVE DEVELOPMENT LABORATORIES INC",01456,,,
MILLER M C CO INC,01459,,,
WHIRLPOOL CORP,01479,,,
WHIRLPOOL CORP,01480,,,
CAPITOL ELECTRONICS INC,01548,,,
ALTENEDER THEODORE AND SONS,01587,,,
OLYMPUS AMERICA INC INDUSTRIAL FIBEROPTIC DIV /IFD/ BR OFFICE,015V5,,,
"UFP TECHNOLOGIES INC UNITED FOAM, A UFP TECHNOLOGES BRAND DBA UNITED FOAM PLASTICS",015Y3,,,
"ELECTRO-MECHANICAL, LLC DIV LINE POWER MANUFACTURING CORPORATION",015Z4,,,
ALUMINUM CO OF AMERICA,01634,,,
"SPS TECHNOLOGIES, LLC DBA AIRDROME PRECISION COMPONENTS",01673,,,
FB WRIGHT CO,01697,,,
,,,,
"CLARK SYNTHESIS, INC.",016V7,,,
"BENNETT MANUFACTURING COMPANY, INC.",01715,,,
CATTY H D CORP,01726,,,
"INDRA SISTEMAS, SOCIEDAD ANONIMA",0177B,,,
OSRAM SYLVANIA INC,017J3,,,
HONEYWELL INTERNATIONAL INC. DBA HONEYWELL DIV AEROSPACE-MORRISTOWN,017N4,,,
INTERACTIVE MEDIA CORP. DBA INTERACTIVE MEDIA CORP DIV KANGURU SOLUTIONS,017N7,,,
INGRAM MICRO INC DBA INGRAM MICRO MOBILITY,017S5,,,
"ELASTOMERIC SPECIALTIES, INC. DBA E S I",017T6,,,
AMBAC INTERNATIONAL CORPORATION DIV AMBAC INTERNATIONAL,01843,,,
"THOMAS ELECTRONICS, INC. DIV THOMAS ELECTRONICS, NJ",01852,,,
DIAMOND ANTENNA & MICROWAVE CORPORATION,01882,,,
MANISTIQUE TOOL AND MFG CO,01891,,,
WECSYS LLC,018G6,,,
SILOXANE TECHNOLOGIES INC DIV CALIFORNIA PLANT,018M4,,,
CHERRY ELECTRICAL PRODUCTS CORP,01963,,,
FERROTHERM CORP DIV FERROTHERM CORPORATION,01993,,,
,,,,
"QUATECH, INC",019U4,,,
"AMPHENOL BORISCH TECHNOLOGIES, INC",01BB2,,,
"MEDTRONIC SOFAMOR DANEK USA, INC",01BE4,,,
KOHLBRAT AND BUNZ,01CK3,,,
"BELZONA VIRGINIA, INC.",01CL4,,,
DEMARK INC,01DA8,,,
HALLIBURTON ENERGY SERVICES,01DJ8,,,
W & O SUPPLY INC DBA VALVE AUTOMATION & CONTROLS DIV VAC BRANCH,01EK8,,,
"PRATT & WHITNEY AUTOMATION, INC. DIV PRATT AND WHITNEY AUTOMATION",01EK9,,,
CHERRY CORP,01EL2,,,
JASTRAM ENGINEERING LTD,01EN4,,,
MITUTOYO AMERICA CORP,01EP7,,,
WINZER CORPORATION,01FM8,,,
"AERO DYNAMIX, INC. DBA AERO DYNAMIX INC",01FX2,,,
"TCJ, INC DBA TCJ INC",01JF9,,,
GC AMERICA INC.,01JP1,,,
AMZ MANUFACTURING CORP,01MH6,,,
"VWR INTERNATIONAL LLC DBA VWR INTERNATIONAL, INC",01MX7,,,
"COMTECH SATELLITE NETWORK TECHNOLOGIES, INC.",01MX9,,,
M J VAIL CO INC,01NA1,,,
BIG 5 CORP. DBA BIG 5 SPORTING GOODS,01NQ3,,,
VALLEY POWER SYSTEMS INC,01PB5,,,
"CHEMETALL US, INC.",01PQ6,,,
"HAWKEYE INTERNATIONAL, LLC",01PS4,,,
HYPRO LLC,01QU5,,,
G & H AEROSPACE INC,01RR2,,,
"NATIONAL LAMINATING, INC",01RS6,,,
"PRIME POWER, INC.",01TK2,,,
SHEALY ELECTRICAL WHOLESALERS INC,01UV0,,,
SEA LEVEL SYSTEMS INC,01VK3,,,
WINSTON V H AND SON INC,01WV4,,,
CONTACT INDUSTRIES INC,01XD4,,,
"HAYDON KERK MOTION SOLUTIONS, INC. DBA HAYDON KERK MOTION SOLUTIONS INC DIV HAYDON KERK",02005,,,
GILLIE POWER EQUIPMENT COMPANY DBA POWER EQUIPMENT COMPANY,02036,,,
GRINDMASTER CORP,02066,,,
MILLER-HOLZWARTH INC.,02077,,,
ELECTRONIC ASSOCIATES INC,02103,,,
COILCRAFT INC,02113,,,
AMPEREX ELECTRONIC CORP FERROXCUBE DIV,02114,,,
GOODRICH AEROSPACE CANADA LTD,02121,,,
DURO DYNE CORPORATION,02126,,,
,,,,
HARRIS ACOUSTIC PRODUCTS CORP,02131,,,
ROYSON ENGINEERING COMPANY,02154,,,
S AND S X-RAY PRODUCTS INC,02157,,,
SCHAEFER INC,02165,,,
OBRIEN GEAR CO,02184,,,
ALMO TOOL CO,02193,,,
UNION CARBIDE CORP LINDE DIV,02205,,,
MASTEN BUNTING EAGLE-PICHER BEARINGS DIV EAGLE-PICHER INDUSTRIES INC,02254,,,
SCHIEBEL ELEKTRONISCHE GERAETE GMBH,0225N,,,
"MARATHONNORCO AEROSPACE, INC. DBA CHRISTIE ELECTRIC DIV CHRISTIE",02294,,,
,,,,
NCP COATINGS INC,02388,,,
CAPITAL ENGINEERING & MFG CO INC,02390,,,
"FLORIDA MARINE PRODUCTS, INC. DBA FLORIDA MARINE PRODUCTS",023T9,,,
"CRC INDUSTRIES, INC.",023V4,,,
AMERICAN LAUNDRY MACHINERY INC,02432,,,
"GRAND TRANSFORMERS, INC DBA TEXAS TRANSFORMER",02459,,,
HANLER CORPORATION,02563,,,
GENERAL ELECTRIC CO LIGHTING SYSTEMS DEPT,02580,,,
AMERICAN METAL WARE CO,02594,,,
HUBBELL PREMISE WIRING INC,025G3,,,
WELD-AID PRODUCTS,025L9,,,
"AEROJET ROCKETDYNE OF DE, INC",02602,,,
ASA HYDRAULIK GMBH,0261N,,,
"BERKSHIRE MANUFACTURED PRODUCTS, INC. DBA PURSUIT AEROSPACE",02653,,,
PARKER-HANNIFIN CORP DIV O-RING DIVISION,02697,,,
ACT/TECHNICO INC,026A3,,,
"CLAIREX TECHNOLOGIES, INC",026J0,,,
AMERICAN PRODUCTION CO INC DBA SUPER CHEF,02707,,,
AGE LOGISTICS CORPORATION,02708,,,
AMERICAN PULLEY CO,02717,,,
EATON AEROSPACE LLC DIV FLUID & ELECTRICAL DISTRIBUTION,02750,,,
U S BEARINGS,02758,,,
WEBSTER INSTRUMENTS INC,02761,,,
BARWOOD ELECTRONICS INC,02767,,,
ILLINOIS TOOL WORKS INC FASTEX DIV,02768,,,
LOCKHEED MARTIN CORPORATION DIV RMS,02769,,,
AIR CONDITIONING SUPPLY CO. INC.,02794,,,
SUYFA DEFENCE SL,027CB,,,
"AQUATIC FABRICATORS OF SOUTH FLORIDA, INC. DBA AQUATIC FABRICATORS OF SOUTH FLA",027D0,,,
"TRELLEBORG OFFSHORE BOSTON, INC.",027L3,,,
"CURTIS MACHINE COMPANY, INC.",02843,,,
HUDSON TOOL AND DIE CO INC,02875,,,
ROSOMAK S.A,0291H,,,
"HEAT, INCORPORATED DIV HEAT, INCORPORATED",02922,,,
RENK AMERICA LLC DIV RENK AMERICA,02978,,,
GENERAL ELECTRIC COMPANY DBA GE,02989,,,
"THOMPSON AEROSPACE, LLC DBA THOMPSON AEROSPACE LLC",02991,,,
PRESCO INTL INC,02997,,,
ASAP TECHNOLOGIES INC,029P9,,,
CMI CORP,02AX5,,,
TRIPLE E CORPORATION,02BD7,,,
"NABSON, INC",02CP3,,,
NATIONAL SPECIALTY LIGHTING,02CR9,,,
"CONTROLLED ENVIRONMENT PACKAGING, INC.",02DY0,,,
ABSOLUTE PROCESS INSTRUMENTS INC DIV CECOMP ELECTRONICS,02EM0,,,
"INSITU, INC.",02FP7,,,
DE TECHNOLOGIES INC,02FV6,,,
TECH FLEX INC,02GC6,,,
LOCKHEED MARTIN CORP,02GJ5,,,
GRANITE DIGITAL,02JD4,,,
DSK ENGINEERING AND TECHNOLOGY INC,02KE8,,,
"ENERGY REPAIR SERVICE, INC.",02KG5,,,
HONEYWELL INTERNATIONAL INC. DIV AEROSPACE - TEMPE (AFTERMARKET CONTRACT ADMINISTRATION),02LU7,,,
"SYNCHRONIZED TECHNOLOGIES, INC",02MG1,,,
ADI TECHNOLOGIES INC. DBA ADI TECHNOLOGIES INC,02NT5,,,
ACME ELECTRIC CORP,02PG3,,,
TRITON CORP,02PG4,,,
"CARETEK, INC. DBA COLORADO TIMBERLINE DIV -",02QG3,,,
ATEK ACCESS TECHNOLOGIES LLC DIV DATAKEY ELECTRONICS,02QN1,,,
DENTAL HEALTH PRODUCTS INCORPORATED DBA DENTAL HEALTH PRODUCTS INC,02QR5,,,
TRECE INC,02RG7,,,
"MAGNUS MOBILITY SYSTEMS, INC. DBA MAGNUS CASTER-PRO",02SU4,,,
R&D DYNAMICS CORPORATION,02TL6,,,
"BEFOUR, INC.",02UM8,,,
"TRIPAC INTERNATIONAL, INC.",02UY6,,,
"CDP FASTENER GROUP, INC. DBA CDP FASTENER GROUP INC",02WB4,,,
STAR TECHNOLOGIES LLC,02WC8,,,
NATIONAL INSTRUMENT SUPPLY CO,02WV4,,,
HUEBSCH LAUNDRY COMPANY,02YL7,,,
S W ANDERSON CO,03018,,,
"POWER CONTROL DEVICES, INC.",03040,,,
JACO AEROSPACE INC.,030A9,,,
"HOIST LIFTRUCK MFG., INC.",030B7,,,
P-TEC CORPORATION DBA P-TEC CORP,030B9,,,
AURAND MANUFACTURING & EQUIPMENT CO INC DIV AURAND MFG. & EQUIPMENT CO.,030S0,,,
BLISS E W CO GULF AND WESTERN MFG CO SUB OF GULF AND WESTERN INDUSTRIES,03111,,,
AMERICAN VACUUM COMPANY DBA A R C O,03135,,,
"BERKELEY INTEGRATION GROUP, INC DBA FIBER.COM",031S7,,,
KLEISSLER G A CO INC,03225,,,
KRELL EDWARD J,03228,,,
LAL ACQUISITION INC,03240,,,
B. C. AMES INCORPORATED,03249,,,
AMMCO TOOLS INC,03297,,,
AMPCO METAL INC. DBA AMPCO METAL INC,03306,,,
,,,,
"GENERAL ELECTRIC COMPANY DBA GE STRUCTURED SERVICES DIV GENERAL ELECTRIC STRUCTURED SERVICES, LP",03350,,,
ERIEZ MAGNETICS,03395,,,
WATER CONDITIONING INC,03410,,,
ENOVATION CONTROLS LLC,03479,,,
BFGOODRICH CO THE AEROSPACE DIV ENGINEERED POLYMER PRODUCTS,03481,,,
ANDREA ELECTRONICS CORPORATION,03487,,,
ANDREWS BEARING CORP DIV OF MPB CORP SUB OF WHEELABRATOR-FRYE INC,03489,,,
"AMETEK ADVANCED INDUSTRIES, INC.",03494,,,
"MESTEK INC. DBA ANEMOSTAT, A MESTEK COMPANY",03496,,,
"AMIAD U.S.A., INC.",034A6,,,
STANDARD CALIBRATIONS INC,034H5,,,
ECOAIR CORP. DBA ECO-TECH HEAVY DUTY ALTERNATORS,034K6,,,
TELCO SYSTEMS INC,034R7,,,
ANETSBERGER BROS INC,03500,,,
GENERAL ELECTRIC CO NAVAL AND DRIVE TURBINE SYSTEMS DEPT,03502,,,
HOBSON BROS INC,03523,,,
AIR-A-PLANE CORP,03529,,,
"CRANE CARRIER COMPANY, LLC",03533,,,
DYNCORP DIV NORTH AMERICAN PUBLIC SECTOR,03543,,,
VANGUARD ELECTRONICS CO,03550,,,
CINCINNATI VALVE COMPANY,035B2,,,
R B ANNIS INSTRUMENTS INC,03629,,,
ZELLER CORP THE,03657,,,
ZERO CORP ZERO-EAST DIV,03663,,,
SHIPYARD SUPPLY CO.,036N2,,,
"HELLFIRE SYSTEMS, LLC",036W7,,,
AUTOMATIC COIL CORP,03765,,,
DYNA EMPIRE T-C DEPT,03775,,,
WESTERBEKE CORPORATION,03798,,,
REEVES MFG INC,037F6,,,
DLA LAND AND MARITIME DBA ENGINEERING AND TECHNICAL SUPPORT DIV ENGINEERING AND TECHNICAL SUPPORT/DOCUMENT STANDARDIZATION,037Z3,,,
"ARMATURE COIL EQUIPMENT, INC DBA ACE EQUIPMENT COMPANY",03857,,,
LAU TECHNOLOGIES DIV N/A,03860,,,
GILBERT ENGINEERING CO INC/INCON SUB OF TRANSITRON ELECTRONIC CORP,03877,,,
DRY AIR TECHNOLOGY,038A9,,,
"AEOLIAN ENTERPRISES, INC.",038D5,,,
THIRD STONE INC.,038F7,,,
"DOME PUBLISHING COMPANY, INC. DBA DOME INDUSTRIES DIV THE DOME COMPANIES",038W7,,,
CARSON MFG CO INC,03926,,,
CARTER MANUFACTURING CORPORATION,03929,,,
OPGAL-OPTRONIC INDUSTRIES LTD.,0393A,,,
ARMSTRONG MANUFACTURING CO INC,03941,,,
MAUREY INSTRUMENT CORP,03942,,,
WHITE INSTRUMENTS INC,03945,,,
NAVAL INVENTORY CONTROL POINT MECHANICSBURG,03950,,,
"STERLING MACHINE COMPANY, INC.",03983,,,
BIP USA INC,03AL4,,,
"SIXNET, LLC",03BG9,,,
"DTC COMMUNICATIONS, INC.",03CG9,,,
VALWEST TECHNOLOGIES INC,03CW9,,,
ADVANCED CONTROL TECHNOLOGY INC.,03DC1,,,
"VERTIGO, INC.",03DK6,,,
VENTURE LIGHTING INTL,03FX2,,,
"AMERICAN POWER SOURCE, INC.",03FY4,,,
MILLIKEN VALVE CO INC,03GZ8,,,
SYSTEMS ENGINEERING SUPPORT CO. DBA SESCO,03HN2,,,
GG & G INC DIV GG&G,03HT2,,,
RICH INDUSTRIES INC,03JE6,,,
"AG SPRAY EQUIPMENT, INC",03JL1,,,
SUNCOAST ELECTRONICS INC,03KW3,,,
SANDISK CORPORATION DBA SANDISK DIV FIELD SALES - FEDERAL,03LB0,,,
VTI INSTRUMENTS CORPORATION,03LB1,,,
"ENVIRONMENTAL DELIVERY SYSTEMS, INC DBA CHEMSTATION NEW ENGLAND",03LF6,,,
UNIVERSAL MICROWAVE COMPONENTS CORP,03LL0,,,
TIMBERWOLF CORP DBA TIMBERLINE TOOL DIV TIMBERWOLF CORPORATION,03LL9,,,
NETAPP INC,03MC8,,,
"ABAXIS, INC.",03MT0,,,
INSERTA PRODUCTS INC,03NM7,,,
"FOX VALLEY SPRING CO., LLC DBA FV SPRING AQUISITION",03PF8,,,
"KAZAK COMPOSITES, INCORPORATED",03QJ2,,,
"ULTRAVOLT, INC.",03RT1,,,
"AMENTUM SERVICES, INC",03RT3,,,
K I W O T O INC,03SN1,,,
TRIANGLE TOOL CO,03TF2,,,
UNIVERSAL LIFTING PRODUCTS DBA UNIVERSAL LIFTING PRODUCTS,03UD2,,,
"B.J. WOLFE ENTERPRISES, INC",03UK3,,,
"CREATING TECHNOLOGY SOLUTIONS, LLC DBA PATCO ELECTRONICS DIV PATCO ELECTRONICS",03UN7,,,
"WATERWISE, INC.",03UT8,,,
ROSEMOUNT MEASUREMENT INC,03UX7,,,
"CISCO SYSTEMS, INC. DBA CSC",03UZ7,,,
GENERAL DYNAMICS ARMAMENT AND TECHNICAL PRODUCTS INC.,03WJ4,,,
AIRLINE HYDRAULICS,03WK3,,,
SOUTHERN CALIFORNIA CONNECTOR CO INC DBA SOUTHERN CALIFORNIA CONNECTOR CO INC,03WW7,,,
OCENCO INC,03WY2,,,
EAGLE INSTRUMENTS & CONTROLS INC DBA EAGLE INSTRUMENTS & CONTROLS INC,03XG0,,,
"LONGWORTH INDUSTRIES, INC.",03XQ8,,,
DIGI TRAX CORP,03ZA2,,,
CADILLAC GAGE TEXTRON INC CONTROL SYSTEMS OPNS SUB OF TEXTRON INC,04010,,,
ARROW PNEUMATICS INC,04049,,,
AVIEL ELECTRONICS INC,04073,,,
"CCI CAPCO, LLC DBA VALOR TACTICAL INNOVATION",04099,,,
TELECOMMUNICATION SYSTEMS INC.,040X7,,,
MAGNETIC SEAL LLC,04171,,,
NORCOMP COMPONENTS INC,041L7,,,
"BENCHMADE KNIFE CO., INC. DBA BENCHMADE KNIFE CO INC",041N2,,,
"TROPITONE FURNITURE CO., INC.",041N3,,,
CADDELL BURNS MANUFACTURING CO INC,04213,,,
"GPE CONTROLS, INC DBA SHAND & JURS",04220,,,
MIDLAND-ROSS CORP MIDTEX DIV,04221,,,
LOCKHEED MARTIN CORP,04236,,,
ASSOCIATED RESEARCH INCORPORATED,04237,,,
"FLUOR MARINE PROPULSION, LLC DBA KNOLLS ATOMIC POWER LABORATORY",04241,,,
ATHEY PRODUCTS CORP,04285,,,
LITTLE GIANT PUMP CO,04297,,,
"DIAGNOSYS SYSTEMS, INC.",042A6,,,
BRAKE LOCKER U.S.A. CORP. DBA GMS MARKETING SERVICES DIV GMS MARKETING,042V5,,,
"CURTISS-WRIGHT CONTROLS INTEGRATED SENSING, INC.",04320,,,
"ACORN IRON & SUPPLY CO, INC.",04338,,,
"GNY EQUIPMENT, INC.",04367,,,
"AGILENT TECHNOLOGIES, INC.",04399,,,
"DEFENSE HOLDINGS, INC. DBA DEFENSE HOLDINGS INC",043A3,,,
SID TOOL CO INC,043N4,,,
"VALENITE, LLC",04403,,,
PEDLOW MACHINE CO,04464,,,
INTELAGARD INC,044B2,,,
KNOWLTON M D CO AUBURN BALL BEARING DIV,04538,,,
DANAHER CONTROLS CORP,04544,,,
AURAND MFG AND EQUIPMENT CO,04554,,,
MCKAY ACQUISITION INC DBA JANCY ENGINEERING,04556,,,
NEUSES P K INC,04563,,,
A J MANUFACTURING COMPANY INC,04571,,,
MISSION SYSTEMS ORCHARD PARK INC,04577,,,
THERMO EBERLINE LLC DBA THERMO FISHER SCIENTIFIC DIV THERMO FISHER SCIENTIFIC,04596,,,
PROJECTS UNLIMITED INC DIV NA,04597,,,
REM PRODUCTS INC,045F6,,,
"B-C-D METAL PRODUCTS, INC",04602,,,
EMERSON AUTOMATION SOLUTIONS FINAL CONTROL US LP,04613,,,
TEXTRON SYSTEMS CORPORATION,04614,,,
AMP PRODUCTS CORP AMP SPECIAL INDUSTRIES DIV,04618,,,
HEXCEL CORP,04621,,,
"TRANSDIGM INC DIV AERO CONTROLEX GROUP, INC.",04638,,,
AIL SYSTEMS INC SUB OF EATON CORP,04660,,,
BAXTER HEALTHCARE CORP IV SYSTEMS/GOV SALES,04687,,,
"PATTONAIR USA, INC. DBA INCORA",046U2,,,
FUMOTO ENGINEERING OF AMERICA INC,046Z0,,,
SUTTLE APPARATUS DIV SUTTLE CORP,04727,,,
MODCOMP INC. DBA CSPI TECHNOLOGY SOLUTIONS,04761,,,
TECHNICAL DEVICES COMPANY,04772,,,
EWR RADAR SYSTEMS INC,047B6,,,
"GAIA COMMUNICATIONS, LLC DBA KWIKPOINT",047X5,,,
NORTHROP GRUMMAN SYSTEMS CORPORATION DIV MARINE SYSTEMS,04804,,,
CURTISS-WRIGHT ELECTRO-MECHANICAL CORPORATION DIV CURTISS-WRIGHT EMD,04808,,,
CHATHAM CONTROLS CORP,04814,,,
AQUAMATIC INC,04816,,,
WELLS-BENRUS CO,04846,,,
DEXTER MAGNETIC TECHNOLOGIES INC DBA MAGNETIC TECHNOLOGIES,04850,,,
HARSCO CORP ANCHORPAC DIV OF PERFECTION-COBEY CO DIV,04858,,,
NEWCO MFG CO INC,04898,,,
"POLYMER CONCEPTS TECHNOLOGIES PBY, INC. DBA POLYMER CONCEPTS TECHNOLOGIES INC",048G2,,,
PIASECKI AIRCRAFT CORP,04926,,,
EDO AIL SYSTEMS INC,04953,,,
"RANTEC MICROWAVE SYSTEMS, INC. DBA RANTEC MICROWAVE SYSTEMS INC",04971,,,
"DANTEC DYNAMICS, INC.",04985,,,
"THE PLASTICOID CO., INC. DBA PLASTICOID CO INC",049M3,,,
A & A CO INC,049Q2,,,
"STERLING ROPE COMPANY, INC",049S3,,,
"SERVER TECHNOLOGY, INC.",049V0,,,
"BABINGTON TECHNOLOGY, INCORPORATED",04AL0,,,
"QUICKSILVER ANALYTICS, INC.",04BN5,,,
FLIGHTCOM CORP DIV FLIGHTCOM  CORPORATION,04EJ9,,,
ALSTOM POWER CONVERSION INC.,04EK4,,,
INTEGRATED INFORMATION TECHNOLOGY CORPORATION DBA IITC,04ER4,,,
"BRUNNER & LAY, INC.",04FG4,,,
RAPISCAN SYSTEMS INC,04HU6,,,
GUSTAVSON DAVID B,04JH4,,,
"GENERAL DYNAMICS MISSION SYSTEMS, INC.",04JN4,,,
ALTITUDE TECHNOLOGIES INC. DBA CHINOOK MEDICAL GEAR,04JV2,,,
"SIGMA TECH ENTERPRISES, INC.",04KF9,,,
"MACROSEAL, INC. DBA MACROSEAL INC",04KX7,,,
RED RIVER TECHNOLOGY LLC,04MB1,,,
ELMA ELECTRONIC INC,04MG7,,,
COMTECH MOBILE DATACOM LLC,04NA3,,,
THE GOODYEAR TIRE & RUBBER COMPANY DIV GLOBAL AVIATION TIRES,04NP4,,,
"CALIFORNIA PC PRODUCTS, INC.",04QD3,,,
MYERS VACUUM REPAIR SERVICES INC,04RZ3,,,
MARNER MICRO TECHNOLOGIES INC,04TH9,,,
"SAFARILAND, LLC DBA THE SAFARILAND GROUP",04TL0,,,
WIRTHCO ENGINEERING INC,04UJ5,,,
"BEACH PANEL & CONTROLS, INC.",04VB8,,,
CROUSE-HINDS CO,04WD9,,,
"A.R.K. ENTERPRISES, INC., THE",04WN4,,,
"NATIONAL FUSE PRODUCTS, INC.",04XM2,,,
WILWOOD ENGINEERING,04XS7,,,
BRETCO INC,04XT9,,,
AUTOMATIONDIRECT.COM INC. DBA AUTOMATIONDIRECT COM INC,04YE1,,,
VALCORE MANUFACTURING LLC,04YE2,,,
,,,,
CDO TECHNOLOGIES INC,04ZD8,,,
"HERCULES SEALCOAT MFG DBA HERCULES SEALCOAT MFG, INC.",04ZN2,,,
"ANACOMP, INC.",05037,,,
"DCX-CHOL ENTERPRISES, INC. DBA MASTERITE DIVISION DIV MASTERITE",05041,,,
THE AMERICAN SOCIETY OF MECHANICAL ENGINEERS,05047,,,
"DIVERSIFIED AEROSPACE SERVICES, LLC DBA LLOYD AIRCRAFT COMPANY",05055,,,
MASTER SWAGING INC,05056,,,
BABCOCK & WILCOX CO,05073,,,
,,,,
SAA INTERNATIONAL LTD.,050G8,,,
"NETWORKS ELECTRONIC COMPANY, LLC",05127,,,
"MCMELLON BROS., INCORPORATED DBA MC MELLON BROTHERS INC",05141,,,
"COHU, INC. DBA COHU ELECTRONIC'S DIVISION DIV ELECTRONICS DIVISION",05157,,,
ELSAG BAILEY INC,05168,,,
MORRIS MACHINE CO INC,05183,,,
JARED INDUSTRIES INC DBA TEJAX ENGINEERING CO AND JENCKES MFG P O BOX 368 WARREN RI 02885-0368,05184,,,
COMTELCO INDUSTRIES INC,051G9,,,
SUPERIOR BUNGEE CORPORATION,051L7,,,
"CUSTOM CARRIAGES, INC. DBA GOLF AND ELECTRIC VEHICLES",051T8,,,
"R. A. MILLER INDUSTRIES, INC. DBA R A MILLER INDUSTRIES INC",05211,,,
TRAYER PRODUCTS INC,05232,,,
LUBRIZOL CORP,05238,,,
U S BAIRD CORP,05244,,,
GENERAL DYNAMICS LAND SYSTEMS - CANADACORPORATION DIV GENERAL DYNAMICS MISSION SYSTEMS,05257,,,
CONTAINER RESEARCH CORP DIV CONTAINR RESEARCH CORPORATION,05259,,,
SOUTHWEST MACHINE & PLASTIC CO INC,05279,,,
PEARSON ELECTRONICS INC,05280,,,
WAYGATE TECHNOLOGIES USA LP,052B7,,,
ASTROTRONICS INC.,052L3,,,
GENERAL ELECTRIC CO AVIATION COMPONENT SERVICE CENTER,05326,,,
KN RUBBER LLC DBA KONETA RUBBER,05333,,,
LIDGERWOOD MANUFACTURING COMPANY DBA LIDGERWOOD MANUFACTURING CO DIV LIDGERWOOD MANUFACURING CO,05340,,,
BEARING ENGINEERS INC DBA MOTION SOLUTIONS,05341,,,
ULTRONIX INC,05347,,,
"RF MICRO DEVICES, INC.",05375,,,
"BEMCO, INC",05399,,,
INDUSTRIAL AUTOMATION INC DBA INDUSTRIAL AUTOMATION INC,053H3,,,
FEDERAL PACIFIC EQUIPMENT INC,053Q1,,,
AMERICAN METAL FILTER COMPANY,053X0,,,
MEMTEC AMERICA CORP FILTERITE SALES DIV,05430,,,
WHEELABRATOR-FRYE INC BALCRANK PRODUCTS,05463,,,
TORK INC,05468,,,
NETHERLAND RUBBER CO INC.,05471,,,
"GWILLIAM COMPANY, INC. DIV BALL & ROLLER BEARING DIVISION",05527,,,
BARNES GROUP INC. DBA BARNES DISTRIBUTION,05573,,,
"BOSCH SECURITY SYSTEMS, INC. DBA HY-GAIN/TURNER DIVISION DIV DISTRIBUTION",05613,,,
COSMO CORPORATION,05616,,,
IDD AEROSPACE CORP DIV SAFRAN ELECTRONICS & DEFENSE,05617,,,
BARBER-GREENE CO,05643,,,
RECORTEC INC. DBA RECORTEC INC,05645,,,
FALSTROM COMPANY,05682,,,
BARKER & WILLIAMSON,05690,,,
,,,,
CHERRY TEXTRON INC CHERRY COMMERCIAL FASTENERS PRODUCTS DIV OF TEXTRON INC,05693,,,
"MARVIN TEST SOLUTIONS, INC. DIV NA",056D8,,,
ALPHAPOINTE,056F9,,,
INDUSTRIAL GAS SPRINGS INC,056N5,,,
BAE SYSTEMS CONTAINER SOLUTIONS INC,056P0,,,
"SOUTHEAST PRESS AND WHEEL, INC.",056R2,,,
PURVIS BEARING SERVICE INC,056R3,,,
ALLIANT DEFENSE ELECTRONICS SYSTEMS INC ATA PRODUCTS,05714,,,
RAYTHEON COMPANY DIV LAND & AIR DEFENSE SYSTEMS,05716,,,
"NEWINGTON ELECTRIC CO., INC.",05721,,,
S & L AEROSPACE METALS LLC,05722,,,
METRO TEL CORP,05729,,,
A L D INC,05789,,,
INNOVATIVE COMPONENTS INC,057A0,,,
MARYED INTERNATIONAL INC DBA BUZZOFF OUTDOOR WEAR,057P8,,,
"EIKO, LTD. DIV EIKO GLOBAL, LLC",057V6,,,
HORST ENGINEERING & MANUFACTURING CO,05812,,,
KREISLER INDUSTRIAL CORPORATION,05813,,,
E.A. PATTEN CO LLC,05819,,,
EG AND G WAKEFIELD ENGINEERING,05820,,,
AEROJET ROCKETDYNE INC,05824,,,
JORDAN CONTROLS INC.,05840,,,
EGLIN AIR FORCE BASE,05861,,,
RAYTHEON COMPANY DIV RMD STRATEGIC,05869,,,
CLORE AUTOMOTIVE LLC,05884,,,
"QUAIL ELECTRONICS, INC. DBA QUAIL ELECTRONICS INC",058M5,,,
GE AVIATION SYSTEMS LLC DBA GE AVIATION,058R3,,,
"L.B.I., INC. DBA LBI INC",058Z9,,,
SAINT-GOBAIN PERFORMANCE PLASTICS CORPORATION DIV OMNISEAL SOLUTIONS,05939,,,
CELCO DBA CONSTANTINE ENGINEERING LABORATORIES CO,05954,,,
BASF CORPORATION DBA B A S F COLORS & COLORANTS,05961,,,
CHAMPLAIN CABLE CORP SUB OF HUBER AND SUHNER INC,05973,,,
TOTAL ECO SOLUTIONS INC.,059Q7,,,
SENSOR DEVELOPMENT,059Y8,,,
IC INTRACOM USA INC,05AF0,,,
"SPARES, INC.",05AL4,,,
CHELSHUA CORP DBA MYSLIK INC,05BA3,,,
"SUPERCIRCUITS, INC. DBA SUPERCIRCUITS INC",05BC7,,,
NATURAL SORB CORPORATION,05CA7,,,
SUPER TEMP WIRE & CABLE INC,05CG6,,,
"WELCH ALLYN, INC.",05CJ3,,,
WINTEC LLC,05CK7,,,
KOHLBRAT AND BUNZ CORP,05CK8,,,
"CIRCOR AEROSPACE, INC. DBA SEI PRODUCTS",05CT0,,,
"KLUNE INDUSTRIES, INC. DIV PCC AEROSTRUCTURES, SPANISH FORK DBA KLUNE INDUSTRIES",05DN8,,,
TH-CONTACT INC,05DT7,,,
B & H INDUSTRIES CORPORATION,05FJ2,,,
ROM ACQUISITION CORPORATION DBA ROM ACQUISITION CORP,05FW7,,,
DATAFORTH CORPORATION,05GX8,,,
"MAGNECOMP, INC.",05HB5,,,
"KKT, INC. DBA LOCKWOOD MANUFACTURING COMPANY",05HC8,,,
BASE 2 TECHNOLOGIES INC,05JF2,,,
PURDY ELECTRONICS CORP,05JW7,,,
MARSARS WATER RESCUE SYSTEMS INC,05KF6,,,
EQUISPAN PROACTIVE MARKETING INC,05LQ9,,,
"MILITARY TRUCKS & PARTS, INC.",05MG0,,,
US MOTOR WORKS LLC,05MW8,,,
I S C O CORPORATION DBA ISCO CORP,05RK9,,,
"ABACO SYSTEMS, INC. DBA ABACO",05RN8,,,
MONTROY SUPPLY CO,05RN9,,,
NORTHEAST INDUSTRIAL & MARINE EQUIPMENT SUPPLY INC DIV NORTHEAST INDUSTRIAL & MARINE LLC,05SB1,,,
COASTAL DEFENSE PRODUCTS INC DBA COASTAL DEFENSE PRODUCTS INC,05SC4,,,
"UNIQUE TRUCK EQUIPMENT, INC.",05SD1,,,
INTERNATIONAL EYELETS INC,05SX2,,,
"TREW INDUSTRIAL WHEELS, INC.",05WE0,,,
URENDA TOOL CO,05WG0,,,
"GOODRICH CORPORATION DIV MISSION SYSTEMS, ISRSS-AIRBORNE",05WL4,,,
"SHOE CORP OF BIRMINGHAM, INC DIV SHOE CORPORATION OF BIRMINGHAM, INC.",05WS7,,,
UNIDEN AMERICA CORPORATION,05YK9,,,
"DIAMOND GROUND PRODUCTS, INC. DBA DIAMOND GROUND PRODUCTS",05YV3,,,
"ENSIGN POWER SYSTEMS, INC. DBA ENSIGN POWER SYSTEMS INC",05ZM0,,,
"KFT FIRE TRAINER, LLC",06003,,,
ELBIT SYSTEMS - CYCLONE LTD,0600A,,,
WATERBURY FARREL DIV TEXTRON INC PRECISION METHODS AND MACHINES OPN,06054,,,
PEDRO ROQUET SA,0605B,,,
BONDY FIXTURE CO INC,06070,,,
CYRIL BATH COMPANY DBA CYRIL BATH COMPANY,06080,,,
BAE SYSTEMS LAND & ARMAMENTS L.P.,06085,,,
BARNES GROUP INC ASSOCIATED SPRING DIV,06092,,,
"HOFFMAN ENGINEERING, LLC DBA HOFFMAN ENGINEERING LLC",06097,,,
BURKERT CONTROMATIC CORP. DBA BURKERT FLUID CONTROL SYSTEMS,060D7,,,
INDUSTRIAL TECTONICS BEARINGS CORPORATION DIV INDUSTRIAL TECTONICS BEARINGS,06144,,,
BAUER CORP,06147,,,
BAUMBACH E A MFG CO,06170,,,
BAUSCH & LOMB INC,06175,,,
"PNEUDRAULICS, INC.",06177,,,
,,,,
CONELCO COMPONENTS,06184,,,
MONROE ENGINEERING LLC DBA MONROE PMP,06197,,,
WERNER PATTY DBA POWELL SUPPLY INTERNATIONAL,061Y9,,,
PEERLESS HANDCUFF CO INC,06222,,,
CURTISS-WRIGHT CORP SOUTH BEND DIV,06227,,,
H AND H INDUSTRIES INC,06234,,,
AUSCO INC,06239,,,
ALLEN R C INSTRUMENTS INC,06275,,,
WATEC INC DISTRIBUTION CENTER DBA WATEC LOGISTICS SUPPORT CENTER,062G0,,,
"ABL LIGHTS, INCORPORATED. DIV ABL LIGHTS, INC.",062H1,,,
"SIIG, INC. DBA SIIG INC",062P6,,,
"GE ENGINE SERVICES DISTRIBUTION, L.L.C.",062W0,,,
"FLORIDA CASE DEPOT, INC",062Y0,,,
"CROWN AUDIO, INC. DBA CROWN INTERNATIONAL",06306,,,
KP INDUSTRIES DIV OF THE DYSON-KISSNER-MORAN CORP,06307,,,
"AUTOTRONICS, INC. DBA AUTOTRONICS INC",06315,,,
"ASC INTERNATIONAL, INC. DBA ASC INTERNATIONAL INC DIV ASC INTERNATIONAL",06329,,,
PACIFIC SCIENTIFIC ENERGETIC MATERIALS COMPANY (CALIFORNIA LLC),06331,,,
BRUCE ENGINEERING CO,06340,,,
CITY MACHINE AND WHEEL CO,06342,,,
"ASSET SYSTEMS, INC. DBA ASSET SYSTEMS INC",06350,,,
,,,,
"CAMELBAK PRODUCTS, LLC DBA CAMELBAK",063G3,,,
ALCO TECHNOLOGIES INC DBA ATI,063V2,,,
PRECISION ELECTRONIC COIL MFG. CO DBA PACIFIC RESISTOR COMPANY,06416,,,
"TRUETECH, INC.",06421,,,
GENERAL ELECTRODYNAMICS CORPORATION DBA NSD SCALE,06433,,,
SCIENTIFIC INSTRUMENTS INC,06444,,,
HANNON CO DIV HANCO INTERNATIONAL,06455,,,
"NORTHROP GRUMMAN SYSTEMS CORPORATION DIV THE NAVIGATION, TARGETING AND SURVIVABILITY DIVISION",06481,,,
USM CORP SUB OF EMHART INDUSTRIES INC WHITMAN METAL STAMPING DIV,06484,,,
"MARVIN LAND SYSTEMS, INC.",064H2,,,
"DELUXE STITCHER COMPANY, INC. DBA DELUXE FIXTURE",064T8,,,
"TRANSHIELD, INC.",064U8,,,
"TELEDYNE FLIR COMMERCIAL SYSTEMS, INC.",064Y2,,,
"ENGINEERED MAGNETICS, INC. DBA ENGINEERED MAGNETICS",06509,,,
ZERO STANTRON,06514,,,
"METALCRAFT, INC DBA METALCRAFT INC DIV METALCRAFT INCORPORATED",06535,,,
"ALLAN AIRCRAFT SUPPLY CO., LLC DBA ALLAN AIRCRAFT SUPPLY",06581,,,
TURTLE PLASTICS CO,065B5,,,
EMS INC DBA ELECTRIC MOTOR SERVICE,065E5,,,
"PATRIOT MACHINE, INC.",065R8,,,
EFDYN INC,06623,,,
BRUNNER AND LAY INC,06626,,,
DEMA ENGINEERING CO,06630,,,
CENTURY FASTENERS CORP. DBA CENTURY FASTENERS CORP,06641,,,
CURTIS WILBUR CO INC,06649,,,
BELL AND HOWELL PHILLIPSBURG CO CORPORATE OFFICES,06650,,,
MCCAY TOOL AND ENGINEERING COMPANY DBA MCCAY TOOL & ENGINEERING CO,06651,,,
TESTEK LLC DBA TESTEK SOLUTIONS,06659,,,
"ANALOG DEVICES, INC. DIV SANTA CLARA SITE",06665,,,
BETA CORP,06671,,,
EXOTIC METALS FORMING COMPANY LLC DBA EXOTIC METALS FORMING CO LLC DIV EXOTIC METALS FORMING DIVISION,06689,,,
IROBOT CORPORATION,066R1,,,
"VALLEY-TODECO, INC. DBA ARCONIC FASTENING SYSTEMS",06710,,,
"LASKO PRODUCTS, INC DBA GALAXY FANS & HEATERS",06730,,,
TAYLOR DEVICES INC,06742,,,
"BELSON OUTDOORS, LLC",06797,,,
WS ACQUISITION LLC DBA WS ACQUISITION LLC,067A4,,,
PROGRESSIVE MEDICAL INC DBA PMI,067B6,,,
MARKSON SCIENTIFIC LLC,067B8,,,
MORSE CUTTING TOOLS,067J8,,,
EMCORE CORPORATION DIV CONCORD DIVISION,06811,,,
PACORD INC DIV NORFOLK,06832,,,
RAYTHEON COMPANY DBA RAYTHEON CO DIV HRIS,06845,,,
"MIL-BAR PLASTICS, INC. DBA MIL-BAR PLASTICS INC",06850,,,
ROLATAPE CORP,06883,,,
,,,,
"BRANDAMAR, INC. DIV NA",068D8,,,
"OTTLITE TECHNOLOGIES, INC.",068N3,,,
BRUDERHOF COMMUNITIES IN NEW YORK INC,06905,,,
"HANWHA AEROSPACE USA LLC DIV EDAC ND, INC.",06959,,,
JAMESON LLC DBA JAMESON-A SPARTACO CO,06967,,,
COMMUNICATIONS & POWER INDUSTRIES LLC DBA CPI DIV MICROWAVE POWER PRODUCTS DIVISION - EIMAC OPERATIONS,06980,,,
API HAROWE INC DBA API MOTION DIV API MOTION/PMI/API HAROWE,06989,,,
MAXWELL PAPER PRODUCTS CO DBA MAXWELL PAPER PRODUCTS,069B8,,,
PLANO MOLDING COMPANY DBA PLANO CUSTOM MOLDING & ENGRG,069W8,,,
PIPELINE PIGGING PRODUCTS INC,06AE1,,,
"PTS EXPEDITIONARY COMMUNICATIONS, INC.",06AE7,,,
ANCHOR FLUID POWER INC.,06AN2,,,
LEADER GASKET INC HOUSTON DIV,06BD0,,,
SC HYDRAULIC ENGINEERING INC,06BM1,,,
INFORMATION SYSTEMS LABORATORIES INC,06BZ5,,,
RED FOX ENVIRONMENTAL SERVICES INC,06CU5,,,
HARWIN INC,06EX9,,,
SUPREME CORP,06FW7,,,
R & R INDUSTRIES LTD INC,06GF2,,,
"REMINGTON EXPRESS ENTERPRISES, INC DBA REMINGTON EXPRESS, L.L.C",06HN8,,,
RAE SYSTEMS INC. DIV RAE SYSTEMS BY HONEYWELL,06JB6,,,
METRO RELIABLE RESOURCES CORP. DBA METRO RELIABLE RESOURCES CORP,06JQ1,,,
E W DEFENSE SYSTEMS INC DBA E W SYSTEMS,06JU0,,,
CASSY SYSTEMS INC,06KJ8,,,
JFM INTERNATIONAL CORP.,06KM5,,,
LUCENT TECHNOLOGIES INC DBA FEDERAL MARKETING GROUP,06KW9,,,
"WATSON MARLOW, INC.",06LG1,,,
SNUVA INCORPORATED,06LT9,,,
SMITH-COOPER INTL SHARP VALVES DIV,06LW3,,,
AAVOLYN CORP,06MM3,,,
CADILLAC FABRICATION INC DIV YARD KING,06MT2,,,
ONBOARD SOFTWARE INC DIV BAE SYSTEMS SCIENCE & TECHNOLOGY INC.,06NK2,,,
"INTERNATIONAL SANI-FEM, INC.",06NS8,,,
"RUBY GLASS COMPANY, INC.",06NW7,,,
TELEMETRY & PROCESS CONTROLS INC,06QU7,,,
EXTEX LTD.,06QZ8,,,
"CUSTOM METAL PRODUCTS, INC",06RE5,,,
APACHE STAINLESS EQUIPMENT CORP,06RH2,,,
ROBIN AMERICA INC,06RN5,,,
"NORTH AMERICAN RESCUE, LLC",06ST7,,,
HYDRAQUIP INC DIV HYDRAQUIP,06UL2,,,
PIONEER AEROSPACE CORP,06UL7,,,
"MORPHIX TECHNOLOGIES, INC. DBA MORPHIX",06UW7,,,
"KINETIC CONCEPTS, INC.",06VJ8,,,
VISION SYSTEMS INTERNATIONAL LLC,06VL3,,,
"B/E AEROSPACE, INC.",06WH3,,,
STERLING FILTER & METAL PRODUCTS INC DBA STERLING FILTER & METAL PRODUCTS,06WW6,,,
O C M MACHINE CO INC,06XQ6,,,
CATERPILLAR INC CATERPILLAR PRECISION SEALS,06YY8,,,
OVALSTRAPPING INC.,06ZE8,,,
"IMBIBITIVE TECHNOLOGIES AMERICA, INC. DIV ITC AMERICA",06ZZ1,,,
MATOV INDUSTRIES INC DBA ROXTER LIGHTING,07017,,,
NORDSON CORP DIV NORDSON,07036,,,
BENDIX CORP THE BENDIX AEROSPACE SYSTEMS DIV,07038,,,
"BERKSHIRE INDUSTRIES, INC.",07039,,,
GRAHAM MFG CO INC FOR PROCUREMENT USE CAGE CODE 1LCX3,07095,,,
GRACO HIGH PRESSURE EQUIPMENT INC. DBA HIGH PRESSURE EQUIPMENT COMPANY,07097,,,
PROCESS EQUIPMENT & SUPPLY INC,070C0,,,
"ICOM, INC.",070F3,,,
,,,,
MITEK CORPORATION DBA MTX/OAKTRON,07109,,,
CHROMALOX INC,07131,,,
SPEC TOOL COMPANY,07132,,,
KARMAZIN PRODUCTS CORP,07176,,,
SPECTRUM MICROWAVE INC,07180,,,
SAMMONS PRESTON DBA BISSELL HEALTHCARE CORP,071W8,,,
SOUTHWESTERN PLASTICS CO,07209,,,
"STURM, RUGER & COMPANY, INC.",07210,,,
EUCLID UNIVERSAL CORP,07223,,,
MOOG INC.,07270,,,
HAMBY CORPORATION,07284,,,
RAYTHEON COMPANY,072E5,,,
SYSTEM TECHNICAL SUPPORT CORPORATION DBA SYSTEM TECHNICAL SUPPORT,072X9,,,
DELMA CORPORATION DBA DAYTON MANUFACTURING COMPANY,07321,,,
"TORCO, INC.",07359,,,
THE BIRO MANUFACTURING COMPANY,07385,,,
RUSSELL PLASTICS TECHNOLOGY CO INC,07386,,,
"SPARTRONICS WILLIAMSPORT, INC. DBA SPARTRONICS WILLIAMSPORT INC",07395,,,
GENERAL DYNAMICS ADVANCED INFORMATION SYSTEMS INC. DBA GENERAL DYNAMICS ADVANCED INFORMATION SYSTEMS,07397,,,
POLYONE CORP,07432,,,
SANGAMO WESTON INC ENGLER INSTRUMENTS DIV SUB OF SCHLUMBERGER LTD,07446,,,
,,,,
GENERAL ELECTRIC COMPANY,07482,,,
RFD BEAUFORT INC.,074V1,,,
AMERICAN PRECISION INDUSTRIES INC BASCO DIV,07523,,,
VALEO INC ENGINE COOLING TRUCK DIV,07525,,,
UNITRACK INDUSTRIES INC,07556,,,
"TECHNETICS GROUP DAYTONA, INC. DBA TECHNETICS GROUP DAYTONA INC DIV TECHNETICS GROUP DAYTONA",07582,,,
KORNYLAK CORP,07586,,,
,,,,
"DUCOMMUN LABARGE TECHNOLOGIES, INC.",07618,,,
,,,,
HALOCARBON PRODUCTS CORP,07644,,,
GESTRA ESPANOLA SA,0767B,,,
"TELEDYNE INSTRUMENTS, INC. DIV TELEDYNE HASTINGS INSTRUMENTS",07682,,,
SEABROOK FOODS INC,07697,,,
"TECHNICAL WIRE PRODUCTS, LLC DBA TWP",07700,,,
ATK LAUNCH SYSTEMS LLC DBA ATK LAUNCH SYSTEMS-PROMONTORY DIV PROPULSION SYSTEMS - PROMONTORY,07703,,,
ELBIT SYSTEMS ELECTRO-OPTICS ELOP LTD,0772A,,,
"WOOLF AIRCRAFT PRODUCTS, INC",07763,,,
"TTE FILTERS, LLC",07766,,,
MURPHY & READ SPRING MFG CO DBA MURPHY & READ SPRING MANUFACTURING CO,07791,,,
"PIONEER MACHINE & TOOL CO, INC",07850,,,
NOR-CAL SUPPLY CO,07851,,,
BOGUE ELECTRIC MANUFACTURING CO,07860,,,
TYLER PIPE INDUSTRIES INC,07861,,,
"BARRY, GEORGE",07865,,,
WILTON CORP WILTON MACHINERY DIV,07866,,,
SPACE AND MISSILE SYSTEMS ORGANIZATION DBA SPACE AND MISSILE SYSTEMS,07868,,,
AIR FORCE WEAPONS LABORATORY,07873,,,
AERONAUTICAL AND SUPPORT EQUIPMENT TYPE/ASETDS/AFLCMC/EZSC,07878,,,
QUADRIEL INC,07887,,,
BYRNE HARNESSED ELECTRONICS INC.,078Q4,,,
ATLITE LIGHTING EQUIPMENT INC,07900,,,
MIDGET LOUVER CO,07918,,,
MILTEX INSTRUMENT COMPANY INC,07920,,,
"SEAARK MARINE, INC.",07921,,,
FAIRCHILD SEMICONDUCTOR CORP SEMICONDUCTOR DIV HQ,07933,,,
AIR-MITE DEVICES INC,07939,,,
VIBRATION MOUNTINGS AND CONTROLS INC,07941,,,
"RUSCOMB TOOL & MACHINE CO., INC.",07952,,,
"THE CHARLES SCHILLINGER CO., INC.",07954,,,
NORFOLK CORPORATION DBA NORFOLK CORP DIV ZRC WORLDWIDE,07957,,,
CHARLES BOND COMPANY DBA CHRISTIANA MACHINE COMPANY,07964,,,
AUTOMOTIVE INC FLUID POWER SYSTEMS COMPONENTS DIV SUB OF UNITED TECHNOLOGIES CORP,07988,,,
"WATERMARK NAVIGATION SYSTEMS, LLC DBA SEALITE",079T9,,,
PACIFIC CREST CORPORATION,07AP5,,,
GENERAL DYNAMICS LAND SYSTEMS INC,07BS6,,,
EURO-COMPOSITES CORPORATION DBA EURO COMPOSITES CORP,07CD0,,,
M & L ENTERPRISES INC. DBA ADVANCED POWER SOLUTIONS,07CH7,,,
"MITCHELL RUBBER PRODUCTS, INC DIV SURFACING",07DK2,,,
HYUNDAI TRANSLEAD,07GE7,,,
"LEBANON BUILDING SYSTEMS, INC.",07GJ5,,,
"SOUTHWEST RADIATOR SHOP, INC",07GT9,,,
"KESSLER SOILS ENGINEERING PRODUCTS, INC. DBA KESSLER SOILS ENGINEERING PRODUCTS INC",07JY2,,,
PACS ELECTRONICS INC,07KJ4,,,
SEC AMERICA CORP.,07KU1,,,
"PYRAMEX SAFETY PRODUCTS, LLC DIV PYRAMEX SAFETY PRODUCTS",07LG8,,,
"MAXPRO TECHNOLOGIES, INC",07MT1,,,
PERLE SYSTEMS INC.,07NL9,,,
FALCON INDUSTRIES INC DBA ERGO GRIPS,07QF7,,,
ISOLATION DYNAMICS CORP,07QQ7,,,
CENTRAL BULB INC DBA LIGHT BULBS UNLIMITED,07QZ8,,,
"GOLIGHT, INC",07RN5,,,
JOINT OIL ANALYSIS PROGRAM DBA DEPARTMENT OF DEFENSE,07RP9,,,
DANCE AIR INC,07RZ7,,,
"CARDINAL HEALTH 200, LLC",07TA6,,,
WASTE SOLUTIONS CORP,07TH4,,,
"LUND INSTRUMENT ENGINEERING, INCORPORATED DBA POWERSTREAM",07TM6,,,
"A C L INDUSTRIES, INC.",07UH5,,,
"HI DESERT DIESEL, LLC DBA HI DESERT DIESEL",07UJ8,,,
"ABZORBIT, INC.",07UX6,,,
M & M INDUSTRIES INC,07VW1,,,
AAVID THERMAL TECHNOLOGIES INC,07WA6,,,
"FLUID POWER ENERGY, INC. DBA FLUID POWER ENERGY INC",07WB5,,,
"NETAPP U.S. PUBLIC SECTOR, INC. DBA NETAPP US PUBLIC SECTOR INC",07XA6,,,
ISOTEK CORPORATION,07XX3,,,
CEPHEID,07YE7,,,
ETI TECH LLC,07YQ3,,,
"TODD SYSTEMS, INC. DBA TODD SYSTEMS INC",08004,,,
BORG-WARNER CORP,08018,,,
"AMERICAN BUSINESS ALLIANCE, INC. DBA OMNI WAVE",08040,,,
WHITING MET-L-WOOD CORP,08048,,,
MCCARRON ELECTRIC CO,08068,,,
KEMP/REAL-TIME LABORATORIES,08080,,,
OHIO AUTO PARTS CO,08081,,,
B&K PRECISION CORP DIV B&K PRECISION CORPORATION,08098,,,
PRECISION MECHANISMS CORP. DBA PRECISION MECHANISMS CORP,08127,,,
RAB ELECTRIC MFG CO INC,08176,,,
PHILADELPHIA ENAMELING WKS INC,08195,,,
RENTON COIL SPRING COMPANY DBA RENTON COIL SPRING CO,08205,,,
TURNOMAT CO INC,08209,,,
THERMOPLASTIC PROCESSES INC,08230,,,
"MOELLER MFG. COMPANY, LLC DIV AIRCRAFT",08244,,,
CLEVELAND CONTROLS INC DIV OF UNICONTROL INC,08275,,,
THE DELBERT BLINN CO INC,08289,,,
BOYERTOWN TROLLEY CORP,08294,,,
MARTIN AIRCRAFT TOOL COMPANY,08295,,,
SENSITECH INC DBA SENSITECH INC,082X7,,,
CLARK FILTER INC.,08300,,,
SERVICE SUPPLY CO INC,08323,,,
CANADA METAL CO LTD,08364,,,
UNIFIN INTERNATIONAL INC DIV OF WABTEC CANADA INC DIV UNIFIN INTERNATIONAL,08368,,,
"MIRADA RESEARCH & MANUFACTURING, INC.",08407,,,
JOHN DEERE WELLAND WORKS,08416,,,
FINN CORP DBA FINN CORP,08438,,,
HOBART CANADAA PMI FOOD EQUIPMENT GROUP CANADA CO,08494,,,
SPANG POWER CONTROL,08510,,,
ARISTO GRID LIGHTING TECHNOLOGIES LLC DBA ARISTO GRID LAMP PRODS INC,08553,,,
BALL AND SOCKET MFG CO INC THE,08554,,,
VARIAN ASSOCIATES INC,08594,,,
"TURBINE KINETICS, INC",085X4,,,
SWIVELIER COMPANY INC DBA POINT ELECTRIC DIV,08621,,,
ALLIANT TECHSYSTEMS INC ORDNANCE SYSTEMS DIV,08638,,,
"PIONEER MAGNETICS, INC.",08676,,,
PRINCE ALEXANDER PARTNERS INC DIV ARCHITECTURE ENGIEERING AND ECONOMIC DEVELOPMENT,08712,,,
THE CARPENTER GROUP DBA CABLECO DIV CABLECO,08716,,,
ITT CANNON ELECTRIC PHOENIX DIV,08718,,,
WIRECO WORLDGROUP INC,08721,,,
ELDEC AEROSPACE CORP DIV ELDEC AEROSPACE CORPORATION,08748,,,
GLOBAL AIR INC.,08762,,,
"TATE ENGINEERING SYSTEMS, INC.",08768,,,
SIGNAL TRANSFORMER CO INC,08779,,,
RAYTHEON CO,08783,,,
HONEYWELL INTERNATIONAL INC DIV NEW ENGLAND INSTRUMENT (NEI),08815,,,
FISHER SCIENTIFIC CO,08889,,,
UVEX SPORTS INC,08895,,,
BIOFIRE DEFENSE LLC,088J2,,,
"OPTIMUM FIBEROPTICS, INC.",088U0,,,
THE BOEING COMPANY DIV HEADQUARTERS,08903,,,
CONRAC SYSTEMS INC,08904,,,
ABBOTT-INTERFAST CORP,08928,,,
SAF INDUSTRIES LLC DBA GENERAL PNEUMATICS,08996,,,
KELLY MANUFACTURING COMPANY,08AF1,,,
"COMPASS SYSTEMS, INC. DBA COMPASS SYSTEMS INC",08AL5,,,
LAKEVIEW INDUSTRIES INC,08AQ4,,,
BINAX INC DBA INVERNESS MEDICAL PROFESSIONAL DIAGNOSTICS,08AS9,,,
AMERICAN PILEDRIVING EQUIPMENT INC,08AZ5,,,
AMERICAN CONCORDE SYSTEMS INC,08BM4,,,
ROYAL CASE CO INC,08DX8,,,
POWER MFG CO. INC.,08EE1,,,
FUJI TRADING (AMERICA) INC.,08EH5,,,
"CLAYTON INTERNATIONAL, INC.",08EX5,,,
"BOB EVANS DESIGNS, INC",08FS2,,,
CUNNINGHAM AIRCRAFT COVERS INC,08JV2,,,
SAVIT CORPORATION,08KS8,,,
"EN-NET SERVICES, L.L.C.",08LC5,,,
FULTON PERFORMANCE PRODUCTS INC,08LX6,,,
"YOUNG & CUNNINGHAM AMERICA, INC. DBA YOUNG & CUNNINGHAM AMERICA",08PB1,,,
RICHTECH ENTERPRISES,08PG7,,,
WEST MARINE,08QH1,,,
"POWER SERVICE PRODUCTS, INC.",08QT9,,,
"CCRCO, LLC DBA C C R C O",08TF5,,,
DIGI INTERNATIONAL INC,08TP3,,,
"AUTOMATED BUSINESS POWER, INC.",08TP4,,,
"ALPHAMICRON, INCORPORATED",08YL7,,,
"L3 TECHNOLOGIES, INC. DBA L3 RCCS DIV RUGGEDIZED COMMAND & CONTROL SOLUTIONS",08YX1,,,
PROTECTIVE ENGINEERING CONCEPTS INC DBA PECI,08ZA2,,,
"RUBY INDUSTRIAL TECHNOLOGIES, LLC",08ZE9,,,
FILL-RITE INC,09030,,,
"CUSTOM CONTROL SENSORS, LLC",09049,,,
AIRACONDA CORP,09050,,,
ITW FOOD EQUIPMENT GROUP LLC DBA GAYLORD INDUSTRIES,09051,,,
"CRANE ELECTRONICS, INC.",09062,,,
AIRLITE PLASTICS CO DIV AIRLITE PLASTICS CO. PA DIVISION,09078,,,
LOGUS MANUFACTURING CORP.,09080,,,
VIDEO DISPLAY CORPORATION,09087,,,
ELECTRO STEAM GENERATOR CORPORATION,09096,,,
"PREMIER RETICLES, LTD.",090F8,,,
AUSTIN CONTINENTAL INDUSTRIES INC,09101,,,
HONEYWELL INTERNATIONAL INC. DIV AEROSPACE-CLEARWATER (SPACE),09128,,,
WD-40 COMPANY,09137,,,
BEC CONTROLS CORP,09157,,,
"JOHNSON ELECTRIC COIL CO., INC.",09165,,,
AM MULTIGRAPHICS DIV OF AM INTL INC,09177,,,
ELECTRICAL RESEARCH CORPORATION,09179,,,
BRUNSON INSTRUMENT COMPANY DBA BRUNSON INSTRUMENT CO,09201,,,
FRIGID COIL/FRICK INC DBA FRIGID COIL WEST,09203,,,
SOLO ENTERPRISE CORP. DBA SOLO ENTERPRISE CORP,09245,,,
HERSEY EQUIPMENT,092J9,,,
SAMSON TANK AND MFG CO,09335,,,
INOX IBERICA SA,0933B,,,
HANCOCK MANUFACTURING CORP,09381,,,
"SUPERIOR THREAD ROLLING CO, LLC",09398,,,
FREELIN-WADE COMPANY A DIVISION OF COILHOSE PNEUMATICS,093B4,,,
DESERT SHIELD INTERNATIONAL INC.,093K2,,,
WAUKESHA FOUNDRY INC,09427,,,
CERESIT WATERPROOFING CO,09442,,,
"DUKES AEROSPACE, INC.",09445,,,
DAYCO INDUSTRIAL,09505,,,
PARKER-HANNIFIN CORPORATION DIV GAS TURBINE FUEL SYSTEMS,09523,,,
ATEC INC,09552,,,
HAMMOND MFGMOLONEY ELECTRIC DIV,09583,,,
COOLAIRE PRODUCTS INC,095A2,,,
ATICO-INTERNORMEN,095B7,,,
WEBSTER VALVE CO,09609,,,
"THERMAL ENGINEERING INTERNATIONAL USA, INC DBA BOILER TUBE COMPANY OF AMERICA DIV BOILER TUBE COMPANY OF AMERICA",09655,,,
SEALED AIR CORP,096W2,,,
"OUTDOOR RESEARCH, LLC DBA OUTDOOR RESEARCH-CANADA INC",096Y0,,,
MERCURY MISSION SYSTEMS LLC,096Y5,,,
GENERAL BEARING CORP,09721,,,
RICHMOND HILL LABORATORIES LTD,09746,,,
,,,,
"PAYNE MAGNETICS, INC.",09798,,,
ANIMATICS CORPORATION,097J0,,,
"BRANDSTROM INSTRUMENTS, INC. DBA BRANDSTROM INSTRUMENTS INC",09870,,,
GELLMAN INDUSTRIES INC SUB OF PIONEER SYSTEMS INC,09888,,,
"NETWORKS ENTERPRISES, INC.",098P0,,,
,,,,
,,,,
"SOURIAU USA, INC. DBA SOURIAU USA INC",09922,,,
UNISYS CORPORATION,09975,,,
KF INDUSTRIES DBA CONTROMATICS,09980,,,
WEST COAST CHAIN MFG. CO. DBA KEY-BAK,09981,,,
CRETORS C AND CO,09982,,,
SKYLINE INDUSTRIES INC DBA SPINKS INDUSTRIES,09986,,,
ANTENNA & RADOME RESEARCH ASSOCIATES CORP DBA ARRA INC DIV ARRA INC,09992,,,
ELEVATOR EQUIPMENT CORPORATION,09998,,,
PIXLEY TUBE CORP,09999,,,
OMEGA ENGINEERING INC DBA OMEGADYNE DIV OMEGA PRESSURE,09AL6,,,
SCIENTIFIC COLUMBUS,09BK7,,,
TERRA GROUP CORP.,09BM7,,,
LIVORSI MARINE INC,09BX8,,,
RUGGED INFORMATION TECHNOLOGY EQUIPMENT CORPORATION DBA RUGGED INFORMATION TECHNOLOGY EQUIPMENT,09BZ2,,,
"SEA-BIRD ELECTRONICS, INC",09CV6,,,
"ARRAID, INC.",09DC0,,,
KRIANA CORPORATION,09DF2,,,
"CIPA USA, INC.",09DK6,,,
TRENDNET INC,09FK1,,,
"NSI NEAL SYSTEMS, INC. DBA NEAL SYSTEMS INC",09FQ5,,,
BALLISTIC APPLICATIONS & MATERIALS INTERNATIONAL LLC,09GM6,,,
INNOVATIVE ENERGY SYSTEMS,09GZ5,,,
"BELZONA CHESAPEAKE, INC",09HF2,,,
"GHSP, INC. DBA KDS CONTROLS",09HP0,,,
"L3 TECHNOLOGIES, INC.",09JB5,,,
FASTENER SERVICE AND TOOL SUPPLY INC DBA FASTENER SERVICE,09JF2,,,
ALFA LAVAL THERMAL INC. NC.,09JS6,,,
ALCATEL-LUCENT USA INC.,09JX9,,,
"HIGH ENERGY METALS, INC.",09KA8,,,
PETES TIRE BARN OF RHODE ISLAND LLC,09KF1,,,
ADVANCED WATER SYSTEMS INC,09LE1,,,
"SYSMEX AMERICA, INC",09MC6,,,
JKM MANUFACTURING INC,09MY5,,,
CHARLESTON MARINE CONTAINERS INC. DBA CMCI,09PD1,,,
RESOURCE TECHNOLOGY INTL INC,09SY8,,,
USSC GROUP INC DBA JG SEATING,09TE8,,,
"FAIRMOUNT AUTOMATION, INC DBA FAIRMOUNT AUTOMATION INC",09TT2,,,
SANYO NORTH AMERICA CORPORATION DBA SANYO BIO MEDICAL & ENVIRONMENTAL SOLUTION DIVISION,09UV0,,,
"ALTINEX, INC.",09WV3,,,
BOEING DISTRIBUTION SERVICES INC,09XN1,,,
"ARGON ST, INC.",09XP2,,,
"CAMPMOR, INC DIV CAMPMOR",09XQ2,,,
QUALITY SUPPLY CORP,09YD1,,,
"OPTICAL SYSTEMS TECHNOLOGY, INC DBA OSTI STARTRON",09YN9,,,
EVANS DON INC EVCO OFFICE PRODUCTS DIV,0A087,,,
MAINSTREAM ENGINEERING CORP,0A0B7,,,
ENGINEERING CONCEPTS UNLIMITED DBA ECU,0A0E9,,,
CENTOFANTI MARINE SERVICE INC,0A0L9,,,
"J.D.A. MARITIME, INC. DBA JDA MARITIME INC",0A0T7,,,
BOLD RESOURCES INC.,0A104,,,
NOVA MAGNETICS INC,0A120,,,
DEENA PRODUCTS CO,0A180,,,
"MICHELIN NORTH AMERICA, INC DIV MICHELIN AIRCRAFT TIRE COMPANY",0A1K8,,,
FLAMBEAU PRODUCTS CORP,0A278,,,
"CELSIUS JOINT VENTURE, A CALIFORNIA LIMITED PARTNERSHIP DBA CASE PARTS COMPANY",0A2P5,,,
"COMPUTA-BASE-MACHINING, INC.",0A396,,,
"LOCKHEED MARTIN AEROPARTS, INC. DBA LOCKHEED MARTIN AEROPARTS INC",0A489,,,
"PRYSMIAN CABLES AND SYSTEMS USA, LLC DIV MANUFACTURING PLANT",0A4D4,,,
"VISION TRAINING PRODUCTS, INC DBA BERNELL DIV BERNELL CORPORATION",0A4T3,,,
"ABBOTEC, INCORPORATED DBA ABBOTEC INC DIV ABBOTEC INC",0A554,,,
DAVCO MFG CORP,0A569,,,
"TDC FILTER MANUFACTURING, INC.",0A5B8,,,
"IXYS, LLC",0A5K5,,,
EFECTOR INC,0A5V2,,,
ALLIED BENDIX AEROSPACE AVIONICS DIV,0A6A4,,,
"CONTROLLED SYSTEMS, INC.",0A6C3,,,
"HEXATRON ENGINEERING COMPANY, INC. DBA HEXADYNE AVIATION DIVISION",0A6G0,,,
"RUBBERLITE, INC DBA RUBBERLITE INC",0A6L5,,,
MINALEX CORP DBA MINALEX CORP,0A6R8,,,
"THERMOKONNECT, LLC",0A744,,,
"NEELTRAN, INC.",0A7R9,,,
GLEN-BAR ENGINEERING CO,0A860,,,
"GENERAL MICRO SYSTEMS, INC",0A8J6,,,
PRECISION REFLEX INC,0A8R7,,,
INTERMARINE USA DBA (),0A8Y6,,,
AEROSOURCE INC.,0A9J5,,,
MARKISCHES WERK HALVER,0A9K7,,,
"DENTALEZ ALABAMA, INC. DBA NEVIN LABS",0A9P4,,,
"KNOXVILLE RUBBER AND GASKET CO, INC DIV KNOXVILLE RUBBER & GASKET",0A9Z2,,,
BRIGGS INDUSTRIES INC,0AA52,,,
MIDWEST AIR PRODUCTS CO INC,0AAB5,,,
F O D CONTROL CORPORATION THE,0AB45,,,
"MARKETEC, INC.",0ABS1,,,
"SPECIALTY SEALS & ACCESSORIES, INC.",0ABT6,,,
MICRO INDUSTRIES CORP,0AC31,,,
SEARLES PRESSURE WASHERS INC,0AC39,,,
"SIEMENS ENERGY & AUTOMATION, INC. DIV SIEMENS IND SERVICES, SIEMENS SALES DIVISION",0ACF4,,,
UNIRUBBER INC,0ACP0,,,
MANVILLE RUBBER PRODUCTS INC,0ACP9,,,
QPL INC,0AD61,,,
HIGH TECH ASSEMBLIES INC,0ADY4,,,
"LAVI SYSTEMS, INC.",0ADZ9,,,
"SYSTEMS ENGINEERING AND ANALYTICS, INC.",0AE28,,,
"UNIVERSAL SEMICONDUCTOR, INC",0AEB1,,,
BEMIS CO INC,0AEJ4,,,
WILLIAM WHEELER DBA FILTEK,0AEV7,,,
RYAN EQUIPMENT CO INC,0AF14,,,
HOWELL-WILLIAMS CO INC,0AF60,,,
NIEDNER INC.,0AFA8,,,
CHAMPION AEROSPACE LLC,0AFL4,,,
FIBERHART INC,0AFR5,,,
"KAHN INSTRUMENTS, INCORPORATED",0AFZ6,,,
"HIROSE ELECTRIC U.S.A., INC.",0AG18,,,
ARTISAN CONTROLS CORP,0AGK2,,,
"PACIFIC PRODUCTS, INC. DBA PACIFIC PRODUCTS INC",0AGW9,,,
"CURTISS-WRIGHT CONTROLS, INC. DIV ACTUATION DIVISION",0AHP5,,,
CENTRAL VALLEY MACHINE INC DBA CENTRAL VALLEY MACHINE INC,0AHU3,,,
GOODRICH CORPORATION,0AJJ0,,,
LAKEWOOD SYSTEMS LTD,0AJP5,,,
CIRCO FILE CORP.,0AJS5,,,
MCJUNKIN CORP,0AL12,,,
PETERSEN INCORPORATED DBA PETERSEN INC,0AL26,,,
CHROMALLOY SAN DIEGO CORP,0ALH8,,,
STARKE MACHINE CO. DBA STARKE MACHINE CO,0AM06,,,
CARROLL AUTOMOTIVE,0AM10,,,
"LCR ELECTRONICS, INC DIV LCR ELECTRONICS, INC.   DBA ASTRODYNE TDI EMI FILTERS BU",0AM43,,,
"C & H TECHNOLOGIES, INC. DBA C & H ENGINEERING",0AM51,,,
JMS SOUTHEAST INC. DBA JMS SOUTHEAST INC DIV JMS SOUTHEAST,0AM99,,,
TRELLBORG SOMERSWORTH,0AMP4,,,
AEROSPACE INDUSTRIES LLC,0AMR1,,,
MACLEAN-FOGG CO,0AMX8,,,
"SALT LAKE CABLE & HARNESS, INC.",0AN36,,,
"PDQ PRECISION, INC.",0AN51,,,
SEN-DURE PRODUCTS INC,0ANA7,,,
CABLECRAFT MOTION CONTROLS LLC,0ANK9,,,
SENSTAR INC. DBA SENSTAR INC,0AP26,,,
M/A-COM INC.,0AR78,,,
ESD CO,0AR80,,,
MIDSTAR INC,0ARB2,,,
"KING INSTRUMENT COMPANY, INC",0ARJ8,,,
ADAPTEC INC,0ART9,,,
DURAGEAR LIMITED,0AS04,,,
NORTHROP GRUMMAN SPACE & MISSION SYSTEMS CORP,0AS46,,,
THOMAS MALCOLM INDUSTRIES INC,0ASE4,,,
"HARRIS MANUFACTURING SOLUTIONS, LLC",0ASE9,,,
INDUSTRIAL TOOLING & SUPPLY LLC,0ASF4,,,
STACLEAN DIFFUSER CO LLC DBA STACLEAN DIFFUSER,0ATN2,,,
"WOLFF, W C COMPANY DBA WC WOLFF COMPANY DIV W. C. WOLFF COMPANY",0ATN7,,,
AZ INDUSTRIES INC,0ATN8,,,
LAVIN R AND SONS INC,0AUH0,,,
"SECURE-IT, INC.",0AV25,,,
"WOOD'S LOGGING SUPPLY, INC.",0AV41,,,
HEMPEL USA INC,0AVP9,,,
WILLYS ELECTRONIC SUPPLY CO INC,0AVY7,,,
NATIONAL SPENCER INC,0AWJ6,,,
MBM BOSS CORP,0AX19,,,
DITOM MICROWAVE INC DBA DITOM MICROWAVE INC,0AX52,,,
CAMAR AIRCRAFT PARTS CO.,0AXF7,,,
ACRO SALES CO.,0AY45,,,
TOTAL ELECTRIC INC,0AY86,,,
TRUCK LIGHTHOUSE INC THE,0AYD2,,,
LEKTRIMIL INDUSTRIES INC,0AYE0,,,
SNYDERGENERAL CORP,0AYG5,,,
"SPECIFIC SYSTEMS, LLC DIV SPECIFIC SYSTEMS",0AYP6,,,
KOEHRING CRANES AND EXCAVATORS INC,0AYU2,,,
"KONTRON AMERICA, INCORPORATED",0AYU9,,,
"AMERICAN RIGGERS SUPPLY, INC.",0AZ00,,,
COMFORT AIR GR LLC,0AZ08,,,
B N L INDUSTRIES INC,0AZ22,,,
MERCURY MISSION SYSTEMS LLC,0AZ36,,,
R L DESIGN CORP,0B020,,,
"SANTA BARBARA INFRARED, INC. DBA SANTA BARBARA INFRARED INC",0B0B2,,,
SPECTRIS TECHNOLOGIES INC.,0B0V0,,,
CAMBRIDGE VISCOSITY INC,0B0Z3,,,
"L3 TECHNOLOGIES, INC. DIV INTEGRATED VISION SOLUTIONS",0B107,,,
MARINE CONTRACTOR SERVICES INC,0B1G0,,,
HARDY-GRAHAM INC,0B1K4,,,
"PROCO PRODUCTS, INC.",0B1N0,,,
HYDRAULIC SUPPLY CO,0B1P9,,,
ILLINI CONSTRUCTION PARTS INC.,0B1U2,,,
CHAMPION AVIATION INC AUTOMOTIVE DIV,0B231,,,
"AMX, LLC DBA HARMAN PROFESSIONAL SOLUTIONS",0B2J2,,,
ELCHYSHYN TOOL CO,0B2K1,,,
"COMPULINK CABLE ASSEMBLIES OF FLORIDA, INC. DBA COMPULINK CABLE ASSEMBLIES OF FLORIDA INC",0B2R5,,,
LIFE SUPPORT INTERNATIONAL INC,0B2S0,,,
INTERNATIONAL AUTOMATED SYSTEMS INC,0B3A9,,,
"HELICOPTER SUPPORT, INC. DBA SERVICES DIVISION",0B591,,,
HURTH AXLE NORTH AMERICA INC,0B5C7,,,
"NIANTIC TOOL, INC. DBA NIANTIC TOOL CO",0B5H6,,,
"NOROTOS, INC",0B5K8,,,
HOGAN MECHANICAL INC,0B5U0,,,
CONTINENTAL/MIDLAND INC,0B6G7,,,
INTERNATIONAL BUSINESS MACHINES CORP PARTS ORDER CENTER DEPT E - 54,0B6S1,,,
"STULZ AIR TECHNOLOGY SYSTEMS, INC.",0B716,,,
QUASAR POWER & TECHNOLOGIES INC. DBA MILPOWER SOURCE,0B7R6,,,
ASTRO MANUFACTURING & DESIGN INC,0B863,,,
"EBAC INDUSTRIAL PRODUCTS, INC.",0B8J2,,,
"ROCKY MOUNTAIN AIR, INC. DBA ROCKY MOUNTAIN AIR INC",0B8M7,,,
POLAR POWER INC,0B912,,,
,,,,
BURTEK INC.,0B9C5,,,
ULTRA ELECTRONICS ADVANCED TACTICAL SYSTEMS INC DIV ADVANCED TACTICAL SYSTEMS,0B9D8,,,
ENVIRO SYSTEMS INC,0B9E8,,,
KRESL POWER EQUIPMENT INC DBA INFRAPAK,0B9F3,,,
TYX CORPORATION,0B9R6,,,
LECHLER INC.,0B9T7,,,
CONTROL CONCEPTS CORPORATION,0BA62,,,
NETWORKS INTERNATIONAL CORP,0BA69,,,
PRECISION TECHNOLOGY AND MANUFACTURING INC,0BA72,,,
KIRBY SMITH MACHINERY INC,0BAH3,,,
RENK CORP,0BAS3,,,
US TOWER CORP. DBA US TOWER CORP,0BB47,,,
"MULTI POWER PRODUCTS, INC. DBA POWER PRODUCTS DIV MULTI POWER PRODUCTS INC.",0BC70,,,
COMPONENTS FOR AUTOMATION INC DBA GC VALVES,0BCX7,,,
ICU MEDICAL INC,0BDF9,,,
MCLAREN AUTOMATION & MACHINE TOOL LLC DBA WELLS-INDEX DIV WELLS-INDEX,0BDJ3,,,
"VISLINK, INC. DIV MICROWAVE RADIO COMMUNICATIONS",0BDP7,,,
MHS LTD WEAR-FLEX SLINGS DIV,0BDV0,,,
GEN-PROBE INCORPORATED,0BDV3,,,
VISONIC LTD,0BE17,,,
CLARKE INDUSTRIES,0BE92,,,
HONEYWELL INTERNATIONAL INC. DBA HONEYWELL DIV AEROSPACE - CLEARWATER (DEFENSE),0BFA5,,,
FORTNER AEROSPACE MANUFACTURING INC. DIV AEROSPACE MANUFACTURING,0BFS7,,,
"TRITON MANUFACTURING COMPANY, INC. DIV TRITON MANUFACTURING",0BGP3,,,
TS MOLY LUBRICANTS INC,0BH94,,,
"ADAPT PLASTICS, INC. DBA PROFESSIONAL PLASTIC-ROCKFORD",0BHA8,,,
MORRELL INCORPORATED,0BHP2,,,
THE DAL ELECTRONICS COMPANY DBA DALCO ELECTRONICS,0BHZ1,,,
KILLDEER MOUNTAIN MANUFACTURING INC,0BHZ8,,,
MASTER GAGE AND TOOL CO. DBA MASTER GAGE & TOOL CO DIV MASTER GAGE & TOOL CO.,0BJ19,,,
KATADYN NORTH AMERICA INC.,0BJ61,,,
NORTHERN FACTORY SALES INC.,0BJ68,,,
PYE AND HOGAN MACHINE INC OLD SAYBROOK TESTING LABORATORY BR,0BJD2,,,
"SUMMA TECHNOLOGY, INC. DBA AAR PRECISION SYSTEMS DIV AAR AEROSTRUCTURES AND INTERIORS",0BJH4,,,
"SAMPLE-WEBTROL, INC. DBA SW CONTROLS",0BJJ5,,,
MAGNETEK SUPPLY,0BJU7,,,
"SUPERIOR PLASTICS, INC. DBA SUPERIOR PLASTICS",0BKB8,,,
GLITSCH SPECIAL PRODUCTS INC,0BKF2,,,
AR MODULAR RF CORP.,0BKR5,,,
"DONGALEN ENTERPRISES, INC. DIV INTERSTATE ADVANCED MATERIALS",0BLG3,,,
"CAMTECH PRECISION MANUFACTURING, INC. DBA CAMTECH",0BLJ1,,,
"J & L METROLOGY, INC. DBA J & L METROLOGY",0BM50,,,
ALL STAR SUPPLY INC,0BME2,,,
PHOTONIS DEFENSE INC DBA PHOTONIS DEFENSE INC,0BMR4,,,
GASKA TAPE INC,0BN82,,,
INNOVATIVE TECHNICAL INFORMATION SYSTEMS,0BNE8,,,
AVIONIX CORP,0BNY8,,,
SUNREZ CORP DBA SUNREZ CORP,0BP49,,,
LIFT TECH INTL INC,0BP59,,,
KL INDUSTRIES INC,0BPB0,,,
"MODESTO INDUSTRIAL ELECTRICAL CO., INC. DBA MODESTO INDUSTRIAL ELECTRICAL CO DIV INDUSTRIAL ELECTRICAL CO.",0BPB1,,,
"ABACO SYSTEMS, INC.",0BPH5,,,
"TIFCO INDUSTRIES, INC.",0BPN7,,,
COMPTECH CORPORATION DBA COMPTECH,0BR38,,,
EMCORE CORPORATION,0BR51,,,
KEMUTEC GROUP INC,0BR72,,,
"THE KIRKPATRICK GROUP, INC. DBA THE KIRKPATRICK GROUP INC",0BRE0,,,
CLAPP ASSOCIATES INC,0BRH8,,,
CIRCLE VALVE TECHNOLOGIES INC,0BRJ1,,,
EF JOHNSON CO,0BS05,,,
HBD INDUSTRIES INC DBA CAROLINA RUBBER ROLLS,0BSA8,,,
"CHANDLER INDUSTRIES, INC. DIV CHANDLER INDUSTRIES - STREMEL DIVISION",0BSW3,,,
"PRO-FAB, LLC",0BT76,,,
REIDVILLE HYDRAULICS & MFG INC,0BTV3,,,
BEAR HYDRAULICS INC,0BTW7,,,
DELPHIN COMPUTER SUPPLY,0BTZ5,,,
DASH ENGINEERING INC DBA D E I,0BUJ0,,,
"ACE INDUSTRIES, INC.",0BUS7,,,
J - T E C H DBA J TECH INC,0BW78,,,
NGK METALS CORPORATION,0BWD2,,,
AERO ELECTRONICS INC. DBA AEROFRAME AIREPAIRS,0BWV6,,,
CATALINA CYLINDERS CORP,0BWW0,,,
NIXALITE OF AMERICA INC,0BX58,,,
KEDDEG COMPANY DIV KEGGEG COMPANY,0BX85,,,
"VALVETECH, INC. DBA VALVETECH INC",0BXC9,,,
BOGUE SYSTEMS INC DBA BOGUE SYSTEMS INC,0BXF1,,,
VICOR INDUSTRIES INC,0BXN9,,,
GOVERNORS AMERICA CORPORATION DBA GOVERNORS AMERICA CORP,0BXW5,,,
CYALUME TECHNOLOGIES INC DBA CYALUME TECHNOLOGIES INC DIV CTI,0BY83,,,
"ACRA CUT, INC. DBA ACRA-CUT INC",0BYC4,,,
"DATA-LINK ASSOCIATES, INC",0BYJ9,,,
"MKC ELECTRONICS INC DBA MK ELECTRONICS DIV MKC ELECTRONICS INC, DBA MK ELECTRONICS",0BZM1,,,
METCO ENGINEERING CORP,0C0B1,,,
MIRION TECHNOLOGIES (IST) CORPORATION DBA MIRION TECHNOLOGIES IST CORP,0C0H9,,,
"THURSTON MANUFACTURING COMPANY DBA CIRCLE R DIV BLU-JET, CIRCLE R, SIMONSEN IRON WORKS",0C187,,,
CLAYTON ASSOCIATES INC,0C1P4,,,
AIR ROVER COMPANY,0C1U1,,,
ENGINEERING GRAPHICS INC,0C238,,,
"EXECUTIVE INSTRUMENTS, INC. DBA EXECUTIVE INSTRUMENTS INC USE CAGE CODE 24363 FOR CATALOGING DIV EXECUTIVE TECHNICAL SERVICES,INC. DBA",0C2J3,,,
RES-NET MICROWAVE INC DBA RES-NET MICROWAVE INC,0C3F5,,,
"LEIDOS, INC.",0C3N5,,,
FCX SYSTEMS INC,0C4B7,,,
KENNECO INC,0C584,,,
"MIL TECH ELECTRONICS, INC.",0C5P0,,,
MOHAWK RESOURCES LTD.,0C714,,,
"CONCEPTS NREC, LLC",0C770,,,
SCHUMACHER PRECISION RESEARCH,0C7H1,,,
COMPACTORS INC DBA USE CAGE CODE 0LJL9 FOR CATALOGING,0C7T6,,,
"TELEDYNE DEFENSE ELECTRONICS, LLC DBA TELEDYNE E2V HIREL ELECTRONICS",0C7V7,,,
"M-PULSE MICROWAVE, INC.",0C7W7,,,
"INTERTEST, INC.",0C800,,,
SKF USA INC,0C858,,,
"WYVERN TECHNOLOGIES DIV WYVERN TECHNOLOGIES, INC.",0C8D3,,,
"MCCLARIN PLASTICS, LLC DBA MCCLARIN PLASTICS LLC DIV MCCLARIN COMPOSITES - WAPATO",0C8U3,,,
K & G ELECTRIC MOTOR & PUMP CORPORATION DBA K & G ELECTRIC MOTORS & PUMP CORP,0C8Z4,,,
HARVA CO INC,0C9H4,,,
VICKERS TRUCK EQUIPMENT CO,0C9X4,,,
"OTR WHEEL ENGINEERING, INC.",0CA00,,,
AMERGRAPH CORP,0CAB0,,,
"ULSTER PRECISION, INC.",0CAB9,,,
"J. M. GRIMSTAD, INC. DBA JM GRIMSTAD INC",0CAG9,,,
INTERNATIONAL FILTER MANUFACTURING CORP DIV INTERNATIONAL FILTER MANUFACTURING CORPO,0CAN1,,,
GUSHER PUMPS,0CAT7,,,
S & E INDUSTRIAL SUPPLY CO INC,0CB85,,,
BIOTEK INC,0CBJ9,,,
NEUMAN ZALE PARRY,0CBW9,,,
AIRPAX DIMENSIONS INC,0CCB0,,,
AIM ELECTRONICS CORP,0CCK5,,,
CASCADE DESIGNS INC,0CCM0,,,
DRS ADVANCED ISR LLC DBA DRS ADVANCED ISR LLC,0CDN3,,,
ULTRA SEAL INTL INC,0CEZ1,,,
THE PROTECTOSEAL COMPANY,0CEZ2,,,
"APPLIED MAGNETICS LABORATORY, INC",0CF66,,,
HUNNINGS INC,0CFJ2,,,
"CURTISS-WRIGHT CONTROLS INTEGRATED SENSING, INC. DBA PREDATOR SYSTEMS",0CFU1,,,
LOBAR INC,0CG93,,,
SANDIA NATIONAL LABORATORIES,0CGP9,,,
WES-GARDE COMPONENTS GROUP INC,0CH08,,,
"DYNAFLUX, INC.",0CHD7,,,
GEKAY SALES & SERVICE CO INC,0CHF7,,,
O REILLY J P CO,0CHY4,,,
FIDELITY TECHNOLOGIES CORPORATION,0CJZ9,,,
"EMCO INDUSTRIAL PLASTICS, LLC DIV EMCO PLASTICS",0CK79,,,
DELTA CONCEPTS INC,0CLE1,,,
"NWL, INC. DBA NWL CAPACITORS",0CLU7,,,
NOTT COMPANY,0CME1,,,
"LIFE FITNESS SALES, INC.",0CMY5,,,
UNITED SOLAR OVONIC LLC,0CPC7,,,
"COASTAL HYDRAULICS, INC",0CPY2,,,
"REWIND SPECIALTIES, INC.",0CPY4,,,
BISHOP LIFTING PRODUCTS INC DBA TUFFY PRODUCTS,0CR59,,,
"SUBURBAN TOOL, INC. DBA TAFT-PEIRCE METROLOGY CO.",0CRD6,,,
AERO-MACH TCO MANUFACTURING INC,0CRM5,,,
"TECHLINE TECHNOLOGIES, INC. DBA MPS TECHLINE OF PENNSYLVANIA, INC.",0CRU8,,,
SECURITY CHAIN CO DIV OF BURNS BROS INC,0CRV2,,,
POWER CONNECTOR LLC,0CS66,,,
"FTG, INC. DBA FARMSTEAD TELEPHONE GROUP",0CSN8,,,
MANUFACTURING SYSTEMS INCORPORATED DBA TRU CATCH TRAPS,0CU75,,,
MEDGYN PRODUCTS INC,0CUG8,,,
ALLEGRO MICROSYSTEMS INC,0CVK3,,,
C T CHEMICALS INC,0CVK4,,,
KRAMER AIR TOOLS SALES AND SERVICE,0CVR1,,,
PROCESS SENSING TECHNOLOGIES CORP. DBA ROTRONIC INSTRUMENT CORP,0CYH4,,,
NORTH COAST SEAL INC,0CYR1,,,
"TRANSPEC FASTENERS, INC. DBA TRANSPEC FASTENERS INC",0CYX7,,,
BOLSAN CO INC,0CZ07,,,
PRUITT ENERGY SOURCES INC,0CZ92,,,
AUGUST PACKAGING INC DBA AUGUST PACKAGING INC,0CZS9,,,
BAE SYSTEMS INFORMATION AND ELECTRONIC SYSTEMS INTEGRATION INC.,0D0D0,,,
DTI ASSOCIATES INC,0D0S3,,,
HAMILTON ASSOCIATES INC DIV AIR TECHNIQUES INTERNATIONAL,0D1M0,,,
"EAGLE INDUSTRIES UNLIMITED, INC. DBA EAGLE INDUSTRIES UNLIMITED INC",0D1Z5,,,
"SERVTRONICS, INC. DBA SERVTRONICS INC",0D2B8,,,
DELTONA TRANSFORMER CORP DELTONA POWER SUPPLIES DIV,0D3W7,,,
LUTZ-JESCO AMERICA CORP,0D4J7,,,
"TELEDYNE WIRELESS, LLC DBA TELEDYNE COUGAR",0D4L1,,,
"BUTLER PARACHUTE SYSTEMS, INC",0D4Z0,,,
SCIENTIFIC RESEARCH CORPORATION DBA SCIENTIFIC RESEARCH CORP,0D5A6,,,
"HIRSCHMANN ELECTRONICS, INC DBA USE CAGE CODE 3V1N9 FOR CATALOGING DIV AUTOMATION & NETWORK SOLUTIONS",0D5M6,,,
DIETZ ELECTRIC CO. INC.,0D5S3,,,
W S MACHINE INC,0D5U7,,,
CALCULEX INC,0D6N8,,,
EXSTAR INTERNATIONAL CORPORATION,0D8H4,,,
VERMONT PHOTONICS TECHNOLOGIES CORP,0D9N6,,,
CROMPTON METERMASTER INC,0DAA3,,,
CLAYTON ENGINEERING CO,0DBD7,,,
PERIPHERAL PARTS SUPPORT INC. DBA P P S,0DBS6,,,
S&S CONTROLS INC.,0DBX8,,,
MARADYNE CORPORATION,0DBY7,,,
TWR LIGHTING,0DCG1,,,
ENGINEERED FASTENER CO DBA EFC INTL,0DD41,,,
"SIEMENS GOVERNMENT TECHNOLOGIES, INC. DBA SGT DRESSER-RAND",0DFD9,,,
PAR MARINE SERVICES LLC,0DG23,,,
BUILDEX ELECTRONICS INC,0DG25,,,
HEBCO PRODUCTS INC,0DGK3,,,
BARKER BROS INC,0DGK6,,,
REPUBLIC TECHNOLOGY INC. DBA REPUBLIC TECHNOLOGY INC.,0DGL4,,,
WIN-TECH INC.,0DGT9,,,
PROPORTION AIR INC,0DGU6,,,
"CHARLES MEISNER, INC.",0DH68,,,
BILCO WIRE ROPE & SUPPLY CORP,0DH93,,,
REFRIGERANT RECOVERY SYSTEMS INC,0DHJ8,,,
DEPCO PUMP COMPANY INC. DBA DEPCO PUMP CO,0DHM8,,,
LOGTECH CORP,0DJT3,,,
"LEE EVANS, INC.",0DKH2,,,
SRI INTERNATIONAL,0DKS7,,,
GALLAGHER FLUID SEALS INC,0DM03,,,
"COMUS INTERNATIONAL, INC.",0DMF4,,,
FRISE ENGINEERING CO DIV WACHOVIA,0DMW7,,,
"AFA INDUSTRIES, INC.",0DND3,,,
SARTORIUS CORPORATION,0DNR2,,,
ELWOOD CORPORATION DBA FLUID POWER GROUP,0DPG4,,,
LAWRENCE TECHNOLOGIES INC,0DPV2,,,
ALEKTRONICS INC,0DR48,,,
HHI CORPORATION,0DRY5,,,
"SIMUTECH GROUP, INC.",0DT47,,,
LORAD CORPORATION DBA LORAD MEDICAL SYSTEMS DIV LORAD INDUSTRIAL IMAGING,0DTG5,,,
"B.J.G. ELECTRONICS, INC. DBA FDH ELECTRONICS",0DTU2,,,
ALTECH CORPORATION,0DU12,,,
W G PRODUCTS,0DUE5,,,
IKO INTERNATIONAL INC,0DUT3,,,
EMC CORPORATION,0DVT5,,,
U-TECH SERVICES CORPORATION,0DWR0,,,
CUSTOM MANUFACTURING INC,0DX96,,,
"GEA REFRIGERATION NORTH AMERICA, INC. DBA GEA FES SYSTEM",0DXZ3,,,
EXCALIBUR SYSTEMS INC,0DY94,,,
ILLINOIS TOOL WORKS INC DBA RAMSET/RED HEAD DIV,0DYF3,,,
GOULDS PUMPS INC SAVANNAH PRO SHOP DIV,0DZ73,,,
MARINE ENVIRONMENTAL MANAGEMENT LLC,0DZP4,,,
"CONTRACT FABRICATION AND DESIGN, LLC",0DZR6,,,
"RGB SYSTEMS, INC DBA EXTRON ELECTRONICS",0E0R8,,,
JERGUSON GAGE AND VALVE CO,0E0T6,,,
RED BARN MACHINE INC,0E1A0,,,
FIBREBOND CORP,0E2J5,,,
US JACK CO,0E3L5,,,
W. W. HART CORPORATION DBA ARNEL COMPRESSOR CO,0E4X9,,,
"LTG, LTD. DBA SUPERIOR LAMP AND SUPPLY",0E5S2,,,
A-L-L MAGNETICS DIV ALL MAGNETICS INC.,0E6G0,,,
"AMETEK ADVANCED INDUSTRIES, INC.",0E6H7,,,
INTERNATIONAL TELECOMMUNICATIONS COMPONENTS INC DBA ITC,0E6J8,,,
ESSENCE DESIGN INC,0E7A6,,,
"C & D EQUIPMENT COMPANY, INC.",0E7M8,,,
THERMAL ENERGY PRODUCTS INC DBA T E P,0E7M9,,,
"KEMP-MEEK MANUFACTURING, INC.",0E8K1,,,
"SORBOTHANE, INC",0E9E5,,,
M-H INDUSTRIAL EQUIPMENT CO,0E9H5,,,
ESMET INC SUB OF UNIMET CORP,0EA31,,,
GSE MANAGEMENT CO,0EAK3,,,
EXAIR LLC,0ECV7,,,
"HEATCON COMPOSITE SYSTEMS, INC.",0ED96,,,
SILCO ENGINEERING & MANUFACTURING INC DBA SILCO ENGINEERING SURFACE GRINDING,0EDL9,,,
"BLOND LIGHTING FIXTURE SUPPLY COMPANY, INCORPORATED",0EDZ2,,,
"WITTER MFG., INC.",0EDZ9,,,
DANLY DIE SET DIV OF CONNELL LTD PARTNERSHIP,0EEF9,,,
VALCO CO GOVERNMENT SALES OFFICE,0EEG3,,,
"ALLIED POWER PRODUCTS, INC. DBA ALLIED POWER PRODUCTS INC",0EEM4,,,
DURABILT DYVEX INC,0EFB4,,,
,,,,
"SEWART SUPPLY, L.L.C.",0EGY9,,,
COLORADO MOLDED PRODUCTS COMPANY DBA COLORADO MOLDED PRODUCTS CO,0EH08,,,
"FIBERPLEX TECHNOLOGIES, LLC DBA FIBERPLEX TECHNOLOGIES, LLC",0EJB5,,,
A-1 INDUSTRIAL SUPPLY,0EJT0,,,
SERCO INC.,0EK19,,,
OSI FEDERAL TECHNOLOGIES INC,0EKL1,,,
WILSON EMORY L AND ASSOCIATES INC,0EL24,,,
GOODWIN SALES,0ELX9,,,
PORT PLASTICS INC DBA FARCO PLASTICS SUPPLY DIV FARCO PLASTICS SUPPLY,0EMA6,,,
GLOBE INDUSTRIES,0EN43,,,
"EXPORT MANAGEMENT CONSULTANTS, INC. DBA EXPORT MANAGEMENT CONSULTANTS INC DIV EXPORT MANAGEMENT CONSULTANTS",0ENG6,,,
HYDRO ELECTRONIC DEVICES INC,0ENJ2,,,
INTERMETRO INDUSTRIES CORP,0EP10,,,
IKELITE UNDERWATER SYSTEMS,0EPA5,,,
FAIRMONT FABRICS,0EPN6,,,
"MID CONTINENT STEEL & WIRE, INC. DBA MID CONTINENT NAIL",0EPX1,,,
COBO CO INC THE,0ER35,,,
LAUREL TECHNOLOGIES PARTNERSHIP DBA DRS LAUREL TECHNOLOGIES,0ERB9,,,
SALDANA MACHINE SERVICE,0ERM7,,,
"TEI ROCK DRILLS, INC. DBA TEI ROCK DRILLS INC",0ES85,,,
SABRELINER CORPORATION,0ESK8,,,
BALL AEROSPACE & TECHNOLOGIES CORP. DIV TACTICAL SOLUTIONS,0ESR2,,,
SENCO PRODUCTS INC,0ET37,,,
KARCHER GROUP INC,0ET80,,,
QUALTECH INC,0ETL4,,,
"AUSTIN SEMICONDUCTOR, INC DBA MICROSS COMPONENTS",0EU86,,,
"TELEDYNE RISI, INC. DBA TELEDYNE ELECTRONIC SAFETY PRODUCTS DIV TELEDYNE ELECTRONIC SAFETY PRODUCTS",0EUB8,,,
UNITED AERONAUTICAL CORPORATION DBA UNITED AERONAUTICAL CORP,0EUD7,,,
WOODBINE PRODUCTS INC,0EUH9,,,
"MCL INDUSTRIES, INC. DBA MCL INDUSTRIES INC",0EUT9,,,
INNOVATIVE SOLUTIONS & SUPPORT INC,0EUW0,,,
"JAMES D. NALL CO., INC. DBA AQUA-AIR MANUFACTURING",0EUX4,,,
JOHN E RUGGLES & CO,0EV40,,,
NEOGEN CORP,0EWP4,,,
SIGNAL ENGINEERING INC,0EX24,,,
INSULATION SOURCES INC DIV ESCO COMPONENTS,0EXL9,,,
TITAN TOOL INC,0EXZ0,,,
MORGANS INC,0EYA4,,,
RFD BEAUFORT INC. DBA LONDON BRIDGE TRADING DIV LONDON BRIDGE TRADING,0EYB3,,,
INTERNATIONAL PARALLEL MACHINES INC,0EYS0,,,
"WEATHERHAVEN RESOURCES, INC.",0EYW4,,,
"SYSTEMS WIRE & CABLE, LIMITED",0EZF2,,,
"ORDNANCE TECHNOLOGY SERVICE, INC.",0F1X1,,,
NITECH INC DBA NITECH ENGINEERED VACUUM SYSTEMS,0F328,,,
"CREATIVE PRECISION, INC.",0F3N2,,,
"DATATRONICS ROMOLAND, INC.",0F5M2,,,
"STAR CASE MANUFACTURING COMPANY, LLC",0F5U8,,,
VERTEX AIRCRAFT INTEGRATION AND SUSTAINMENT LLC,0F5W6,,,
"CBS FASTENERS, LLC",0F620,,,
GLASSMASTER CONTROLS COMPANY INC,0F630,,,
CONTROL GENERAL CORP,0F6M5,,,
"TRIPLE H SPECIALTY COMPANY, INC.",0F6V1,,,
LEICA MICROSYSTEMS INC.,0F735,,,
NATIONAL AIR FILTER SERVICE CO. OF NEW JERSEY,0F777,,,
LELAND AES INC,0F796,,,
OZ OPTICS LIMITED,0F848,,,
"UNITED PLASTIC FABRICATING, INC. DBA UNITED PLASTIC FABRICATING INC",0F8J8,,,
PRODUCERS LTD INC,0F8R6,,,
"RNK INTERNATIONAL, INC. DBA RNK INTERNATIONAL INC",0F944,,,
ENVIRONMENTAL TECHNOLOGY INC,0F960,,,
"MICRO-PRECISION TECHNOLOGIES, INC.",0F962,,,
AZURE BLUE INC,0F9B8,,,
SAFETY LAMP OF HOUSTON INC,0FA24,,,
D. W. BOYD CORPORATION,0FAL3,,,
MFI CORP,0FB84,,,
"ATLANTIC RESEARCH MARKETING SYSTEMS, INC. DBA ATLANTIC RESEARCH MARKETING SYSTEMS INC",0FBA6,,,
FONTAINE FIFTH WHEEL COMPANY,0FBD6,,,
"SUNBELT DESIGN & DEVELOPMENT, INC",0FC01,,,
"VSP TECH, INC.",0FCJ1,,,
MELTRIC CORPORATION,0FDK5,,,
GOLDEN FLEECE DESIGNS INC,0FDP4,,,
CHRISTIAN WORKSHOP LLC DBA CHRISTIAN WORKSHOP DIV CHRISTIAN WORKSHOP,0FDR6,,,
"GERDING ENTERPRISES, INC. DBA GERDING ENTERPRISES INC",0FDT1,,,
LOUISIANA TEACHERS SUPPLY INC,0FEN7,,,
"EMP CONNECTORS, INC",0FEP5,,,
WHITE ROCK ENGINEERING INC,0FES3,,,
SAVILLEX CORP,0FET3,,,
"INTEC VIDEO SYSTEMS, INC.",0FEW5,,,
DIESEL TECHNOLOGY CO,0FG72,,,
"M & D CONTROLS, INC DBA MILLER & DIETZ CO",0FGN5,,,
INTEGRAL DESIGN INC,0FJ20,,,
"ARCHITECTURAL PLASTICS, INC.",0FK18,,,
THE CARPENTER GROUP DBA CARPENTER GROUP DIV HOOD  INDUSTRIES,0FKB7,,,
"CARLSON SYSTEMS, LLC",0FKE0,,,
JOHNSON C SHERMAN CO INC,0FKP6,,,
MAMIYA AMERICA CORPORATION DBA MAC GROUP,0FKY5,,,
"TRIJICON, INC. DBA TRIJICON INC",0FL29,,,
TOBUL ACCUMULATOR INCORPORATED,0FLP2,,,
THE O.C. LUGO CO INC DIV O.C. LUGO COMPANY INC.,0FMB1,,,
WALTCO HYDRAULICS CO DIV OF WALTCO TRUCK EQUIPMENT CO,0FN15,,,
"HUGHES MOTORS, INC.",0FP07,,,
PATCO CORP,0FPF7,,,
MAXTOR CORP,0FPH6,,,
DERLAN INC,0FPN0,,,
ABACO SYSTEMS TECHNOLOGY CORP.,0FRL5,,,
"EVERGREEN AVIONICS, INC DBA EVERGREEN SYSTEMS INTERNATIONAL DIV EVERGREEN AVIONICS",0FST8,,,
VOSS CORP,0FTJ6,,,
WEAR-FLEX SLINGS,0FTR5,,,
"JGS PRECISION TOOL MFG, L.L.C. DBA JGS PRECISION TOOL MANUFACTURING LLC",0FUK3,,,
FREEDOM ELECTRIC CUSTOM CONTROLS AND DESIGNING INC,0FUP9,,,
LOWELL CORPORATION DBA PORTER FERGUSON DIV PORTER FERGUSON DIVISION,0FUR2,,,
CTI INC,0FV19,,,
"WIREMASTERS, INC. DBA WIREMASTERS INC",0FVD7,,,
BAE SYSTEMS TACTICAL VEHICLE SYSTEMS LP,0FW39,,,
"ANTON PAAR USA, INC",0FW58,,,
NETTERVILLE MFG INC,0FW75,,,
"WENCOR, LLC",0FWK8,,,
TRANSPORTATION SAFETY DEVICES INC,0FXW9,,,
AERODYNE MACHINE INC,0FZY6,,,
DREAMER CUTTING TOOLS INC,0G4M1,,,
RT LAIRD INC,0G6R7,,,
SSI CABLE CORPORATION,0G6Y9,,,
"PEAK BEAM SYSTEMS, INC",0G9U6,,,
,,,,
MICROWAVE TECHNIQUES LLC,0G9Y7,,,
"POLYCRAFT, INC.",0GAY2,,,
AUTOMATION CONTROLS GROUP INC,0GB35,,,
AMTAK FASTENERS,0GBT4,,,
"CANFIELD ELECTRONICS, INC.",0GCE7,,,
"HEALTHY PET, L.P. DIV INDUSTRIAL",0GCG4,,,
L3HARRIS TECHNOLOGIES INTEGRATED SYSTEMS L.P. DIV INTEGRATED AEROSPACE SYSTEMS,0GCL4,,,
"GLOBE ELECTRONIC HARDWARE, INC.",0GCW4,,,
"ALLIED DEFENSE INDUSTRIES, LLC DBA AMS DISTRIBUTION",0GD25,,,
"ASSEMBLIES, INC. DBA ASSEMBLIES INC",0GDT9,,,
STEWART-WARNER ALEMITE CORP,0GF30,,,
MASUEN CO DIV OF CORNERSTONE DIRECT,0GF82,,,
HAZ-MAT RESPONSE TECHNOLOGIES INC,0GFG5,,,
THOMAS PUMP AND MACHINERY INC,0GGD1,,,
ATS LABORATORIES INC,0GGM4,,,
DUPONT SPECIALTY PRODUCTS USA LLC,0GGM9,,,
"CANNON LOAD BANKS, INC. DBA CANNON LOAD BANKS INC",0GHG1,,,
INDUSTRIAL MEASUREMENT CO,0GJ04,,,
"ARBEN ENTERPRISES, INC",0GJ88,,,
"CHARLESTON'S RIGGING & MARINE HARDWARE, INC. DBA CAROLINA'S RIGGING",0GL50,,,
MICROSENSOR SYSTEMS INC DBA MSA BOWLING GREEN,0GLR6,,,
"NAVAL ELECTRONICS, INC",0GMC3,,,
WIGGY'S INC.,0GMN5,,,
GLOBE TECHNOLOGIES CORP,0GND6,,,
RADIALL AMERICA,0GP12,,,
UNIVERSAL POLYMER & RUBBER LTD,0GPL7,,,
"CENTURY PLASTICS, INC. DIV CENTURY PLASTICS, INC.",0GPW8,,,
EMERSON PROCESS MANAGEMENT LLLP,0GT40,,,
LORAL CORP AIRCRAFT BRAKING SYSTEMS DIV,0GTG2,,,
SPERRY MARINE INC,0GU54,,,
PELCO,0GUB8,,,
ADVANCED MEDIA INC,0GUK0,,,
SCHAFFNER E M C INC,0GV52,,,
OPTICOMM CORP. DIV OPTICOMM CORPORATION,0GVC1,,,
"GERMFREE LABORATORIES, LLC",0GVV9,,,
SAGE TECHNOLOGIES INC SPRAY MASTER TECHNOLOGIES DIV,0GW27,,,
ITAC SYSTEMS INC A FOR-PROFIT CORP,0GWL8,,,
CISCO SYSTEMS INC,0GX96,,,
"BAUER SPRINGS, INC",0GY54,,,
MEDIA VALVE CORPORATION,0GZ68,,,
"MILE MARKER INDUSTRIES, INC.",0GZB7,,,
VOLTAGE REGULATOR SALES & SERVICES INC DBA ELECTRONIC SERVICES,0H090,,,
FEDERAL MARKETING SERVICE CORPORATION,0H133,,,
"SCHAFFNER MTC, LLC DBA SCHAFFNER MTC TRANSFORMERS DIV SCHAFFNER MTC TRANSFORMERS",0H1F8,,,
"PREHKEYTEC, INC.",0H1N4,,,
"BALLARD TECHNOLOGY, INC. DBA ASTRONICS BALLARD TECHNOLOGY",0H231,,,
"CORDMASTER ENGINEERING COMPANY, INC.",0H262,,,
"DEFENSE STAMPINGS AND ENGINEERING, INC. DBA DEFENSE STAMPINGS & ENGINEERING INC",0H2H1,,,
"E & K SALES, INC DBA EKS EQUIPMENT",0H2K6,,,
EASTERN FASTENER CORPORATION,0H364,,,
"NVISION INDUSTRIES, INC. DBA WEINSCHEL ASSOCIATES DIV WEINSCHEL ASSOCIATES",0H3E9,,,
"TRI-TECH FORENSICS, INC.",0H542,,,
RF PARTS CO,0H5A8,,,
WILSON OPHTHALMIC CORPORATION,0H5P7,,,
MACHINE TOOL MASTERS INCORPORATED DBA MTM,0H5P9,,,
"APPLIED MAINTENANCE SUPPLIES & SOLUTIONS, LLC",0H980,,,
KETEMA INC HEAT TRANSFER DIV,0H9E1,,,
TELECOMMUNICATION SYSTEMS INC,0HAL7,,,
PRECISION CONTROL INCORPORATED,0HB17,,,
CACI INTERNATIONAL INC,0HB52,,,
DESIGN INTEGRATED TECHNOLOGY INC,0HBC0,,,
BLANC AIRCRAFT FASTENERS INC,0HBF7,,,
LEXEL IMAGING SYSTEMS INC,0HBH2,,,
"AIR MARINE SYSTEMS, INC. DBA AIR MARINE SYSTEMS INC",0HBH8,,,
SUNGEAR INC.,0HBM3,,,
TIMCO INC.,0HBR3,,,
"GARRETT TEST TECHNOLOGIES, INC.",0HD36,,,
"HUCK INTERNATIONAL, INC. DIV HUCK PRODUCTS DIVISION",0HDW7,,,
"DEVICE TECHNOLOGIES, INC",0HES0,,,
OLYMPUS AMERICA INC,0HFT1,,,
"TALLA-COM, TALLAHASSEE COMMUNICATIONS INDUSTRIES DBA TALLA-COM INDUSTRIES",0HGX8,,,
MALCO PRODUCTS INC DBA KENYON TOOLS,0HHB9,,,
CIRCLE PRIME MANUFACTURING INC,0HHN4,,,
ARCO AUTOMOTIVE AND MARINE PRODUCT,0HJY2,,,
"EJAY FILTRATION, INC. DBA EJAY FILTRATION",0HL36,,,
"ENGINE POWER SOURCE, INC.",0HM32,,,
ARC TECHNOLOGIES LLC,0HM39,,,
WOODWARD HRT DIV WOODWARD HRT/CADILLAC GAGE,0HMS1,,,
AESOPS INC,0HMV4,,,
JOHNSTONE SUPPLY,0HMZ0,,,
"ZONES, LLC",0HP69,,,
CLASSIC RESTORATION AND SALES,0HPN5,,,
"PIAB USA, INC.",0HPX0,,,
PULSAR MICROWAVE CORP DBA PULSAR MICROWAVE CORP,0HR85,,,
AMPRO ADLINK TECHNOLOGY INC,0HR87,,,
KAYDON CORPORATION,0HRJ8,,,
PRIME CONTROLS CO,0HRZ3,,,
"WEBER SCIENTIFIC, INC.",0HST1,,,
AZTEC PLASTIC CO ENGINEERING POLYMER DIV,0HTJ2,,,
"KENSINGTON ELECTRONICS, INC.",0HUB3,,,
PUMP SYSTEMS LLC,0HUR4,,,
POLARIS INDUSTRIES,0HV68,,,
WASTE PROCESSING EQUIPMENT INC. DBA MAX PAK,0HXG4,,,
G F E MANUFACTURING INC,0HXV5,,,
"YS CONTROLS, LLC DBA YS CONTROLS LLC",0HYA2,,,
REMIN LABORATORIES INC DBA REMIN KART A BAG,0HYR9,,,
DATA DEVICE CORP,0HYU1,,,
"BVA SCIENTIFIC, INC.",0HYZ2,,,
SUN AIR PARTS INC,0HZT7,,,
"FITTING SOURCE, INC DBA FITTING SOURCE INC",0HZT9,,,
NORTHROP GRUMMAN SYSTEMS CORPORATION DBA DEFENSE SYSTEMS SECTOR,0J198,,,
"PERFORMANCE PLASTICS, LTD",0J1C6,,,
"INTERNATIONAL LOGISTICS SYSTEMS, INC. DBA I L S",0J1H4,,,
"NORDAM GROUP LLC, THE DIV NORDAM TRANSPARENCY DIVISION",0J2J9,,,
NORTHERN SAFETY CO INC,0J2L7,,,
QRP INC. DBA QRP GLOVES,0J2R7,,,
"SAVI TECHNOLOGY, INC.",0J463,,,
"DREISON INTERNATIONAL, INC.",0J4A5,,,
"BUCK SALES, INC.",0J4J1,,,
"GKN WESTLAND AEROSPACE, INC.",0J4X3,,,
"SENSOR SWITCH, INC",0J6U2,,,
RAINBOW CANVAS,0J6V7,,,
F P A MANUFACTURING,0J6Z1,,,
"BRENNER-FIEDLER & ASSOCIATES, INC",0J7H0,,,
TECHFLEX INC,0J8E6,,,
"ROBINSON INDUSTRIES, INC.",0J9T2,,,
WOODWARD GOVERNOR COMPANY DBA AIRCRAFT PRODUCT SERVICE CENTER DIV AIRCRAFT PRODUCTS CENTER,0JAU7,,,
TAMURA CORPORATION OF AMERICA,0JB05,,,
FLEMING INDUSTRIES INC DBA IRON DUCK DIVISION DIV IRON DUCK,0JBP9,,,
"RARITAN AMERICAS, INC. DBA RARITAN COMPUTER",0JCP9,,,
MATTEI COMPRESSORS INC.,0JCW2,,,
CONLEY & ASSOCIATES INC DBA CONLEY MARINE,0JDM6,,,
"SBS TECHNOLOGIES, INC. MODULAR I/O DBA SBS TECHNOLOGIES, INC. MODULAR I/O",0JDT8,,,
CUMMINS ALLISON CORP,0JE64,,,
"KAYMONT CONSOLIDATED INDUSTRIES, INC.",0JEA8,,,
"GAE TRADING, LLC DBA AVIONICS/SEAONICS INTERNATIONAL",0JFE6,,,
"IGUS BEARINGS INC DIV IGUS, INCORPORATED",0JFH8,,,
"SUUNTO U S A, INC",0JFS3,,,
BARNES MOTOR & PARTS CO. INC. DBA NAPA AUTO PARTS,0JGL0,,,
WITTEN COMPANY INC DBA WITTEN CO INC,0JHK5,,,
ECLYPSE INTERNATIONAL CORPORATION DBA ECLYPSE INTERNATIONAL CORP,0JJ26,,,
HEAVY DUTY PARTS INC AFFIL OF CCI CORP,0JJ77,,,
THE BETA COMPANY DBA BETA CO,0JJD2,,,
YALE MARTIN INDUSTRIES INC,0JJF3,,,
GAL MFG CORP,0JJR9,,,
RESEARCH ENERGY OF OHIO INC,0JKK0,,,
RESTEK CORP,0JL17,,,
"NORTHROP GRUMMAN GUIDANCE AND ELECTRONICS COMPANY, INC. DIV SYNOPTICS",0JN55,,,
SOUTHWEST AIR PRODUCTS,0JNJ9,,,
INTERNATIONAL MECHANICAL SHIM CORP DBA SAN DIEGO SHIM AND ALGNMT CO,0JP17,,,
DIXON VALVE & COUPLING CO,0JPJ8,,,
"NORTHROP GRUMMAN TECHNICAL SERVICES, INC. DBA DEFENSE SYSTEMS SECTOR",0JRC1,,,
"BURGMANN SEALS AMERICA, INC.",0JRG9,,,
J. D. NEUHAUS LIMITED PARTNERSHIP,0JSZ5,,,
SPRAY CONTROL SYSTEMS INC,0JT14,,,
HUPP & ASSOCIATES INC DBA HUPP AEROSPACE/DEFENSE,0JT27,,,
ESCONDIDO PLASTICS INC DBA GEM PLASTICS,0JTB3,,,
"NAV-X, LLC DBA FORTRESS MARINE ANCHORS",0JU33,,,
CIRCUIT BREAKERS INC,0JUH2,,,
LAMPIN CORPORATION,0JVV1,,,
TEXAS STARWARES INC DBA TEXAS STARWARES INC,0JVX8,,,
PRECISION DEFENSE SERVICES INC,0JWD1,,,
"ACMT, INC. DBA ACMT",0JWE8,,,
VOITH TRANSMISSIONS INC,0JWW3,,,
GAITHER TOOL CO.,0JXA9,,,
HAMAMATSU CORP,0JXJ4,,,
BENDER INC,0JXL3,,,
"SCANDIA PROPELLER SERVICE & SUPPLY, INC",0K1J4,,,
"OMEGA INTERCONNECT, INC. DBA OMEGA INTERCONNECT INC",0K292,,,
"SOUND OCEAN SYSTEMS, INC.",0K2D8,,,
CONTAINMENT CORPORATION DBA CONTAINMENT CORP,0K2N9,,,
"MIRION TECHNOLOGIES (CANBERRA), INC.",0K3M2,,,
ROYAL BRASS INC,0K3W1,,,
"SASSI INSTITUTE, INC.",0K4K0,,,
"ALUM-LINE, INC.",0K5C3,,,
"ANDERSON, H E CO INC",0K616,,,
TRANSCOM INC,0K6X2,,,
"PARAMOUNT PANELS, INC. DBA PARAMOUNT PANELS INC",0K772,,,
IFM EFECTOR INC,0K7E7,,,
"CLEMCO INDUSTRIES CORP. DBA CLEMCO INDUSTRIES CORP DIV CLEMCO, AEROLYTE SYSTEMS",0K7M2,,,
PROCOM TECHNOLOGY INC,0K887,,,
MAYNARD INC,0K8A4,,,
ELASTOSEAL INC,0K8B5,,,
HADCO ENGINEERING INC,0K9M4,,,
"ES BETA, INC. DBA CTI ELECTRONICS DIV CTI ELECTRONICS",0K9X9,,,
"CONNECTICUT AIRCRAFT PRODUCTS, INC",0KA73,,,
MARINE JET POWER INC,0KAC7,,,
MARQUETTE AUTOMOTIVE INC,0KAM8,,,
"GRYPHON M&T, LLC DBA CDI DEVELOPMENT SERVICES LLC",0KB09,,,
SARGENT TECHNOLOGIES INC PRECISION KINETICS DIV,0KCH8,,,
THE ENVIRONMENT MARYLAND DEPARTMENT OF DBA STATE OF MARYLAND DIV OFFICE OF FISCAL SERVICES,0KD97,,,
"KIDDE-FENWAL, INC. DBA KIDDE FIRE SYSTEMS",0KDP7,,,
R & R LOTION INC DBA R & R LOTION INC,0KDZ6,,,
"HAGO COMPANY, THE (INC)",0KER7,,,
LIFEPORT LLC,0KFL5,,,
"HDR POWER SYSTEMS, INC. DBA AMETEK HDR POWER SYSTEMS",0KH46,,,
DERF ELECTRONICS CORP,0KHB4,,,
3M COMPANY CONSTRUCTION AND HOME IMPROVEMENTS MARKETS,0KHE0,,,
3M COMPANY DIV AEROSPACE AND AIRCRAFT MAINTENENCE,0KHE3,,,
HISCO,0KHK1,,,
GLOBAL EQUIPMENT CO INC,0KHX1,,,
ADVANCED AEROSPACE MATERIALS CORP,0KJ51,,,
VALHI INC,0KJK5,,,
NEXTEK INC,0KJP9,,,
"BC GROUP INTERNATIONAL, INC. DBA BC GROUP INTERNATIONAL INC",0KLJ3,,,
INSTRUMENT SPECIALTIES CO INC WESTERN DIV P O BOX 650 DE WATER GAP PA 18327,0KM03,,,
PCO-TECH INC.,0KM09,,,
D-A LUBRICANT CO INC NEWARK ELECTRONICS DIV,0KM43,,,
VECTRUS SYSTEMS CORPORATION DIV VECTRUS SYSTEMS CORPORATION DOCS4,0KMM1,,,
THUEMLING INDUSTRIAL PRODUCTS INC,0KMP4,,,
CLEVELAND INSTRUMENT CORP,0KMW9,,,
ELECTRONIC WARFARE ASSOCIATES INC,0KMX1,,,
NORTH JERSEY MARINE ENTERPRISES DBA NORTH JERSEY MARINE ENTERPRISES INC,0KNB0,,,
"AZENTA, INC.",0KP96,,,
BETTER ENGINEERING MANUFACTURING INC,0KRW1,,,
"INTERNATIONAL ENVIRONMENTAL TECHNOLOGIES, LTD DBA I-TECH",0KSM7,,,
BRITAX PMG LTD DALCO MARKETING SERVICES,0KU27,,,
BISHAMON INDUSTRIES CORPORATION,0KUS1,,,
M. GATES MANUFACTURING INC. DBA GATES MANUFACTURING,0KUT4,,,
"PRECISION ENGINEERED PARTS, INC.",0KVH0,,,
MAGNET-SCHULTZ OF AMERICA,0KWC8,,,
ASTROSEAL PRODUCTS MFG. CORPORATION,0KWM1,,,
"F & L COMPANY, INC. DBA F & L PETROLEUM PRODUCTS",0KWT9,,,
INTERNATIONAL PAINT LLC,0KXA5,,,
"BARNHILL BOLT CO., INC.",0KXH9,,,
CONERY MFG INC,0KYV7,,,
"NORTHWEST LOCKNUT & SPECIALTY CO., INC.",0KZ27,,,
CASCADE REFINING INC,0KZ52,,,
A-FLAME CORPORATION,0L2J6,,,
DATAPRO INTERNATIONAL INC.,0L2M9,,,
LMD POWER OF LIGHT CORP. DBA LASERMAXDEFENSE,0L2P0,,,
"OMNI GLASS & PAINT, INC. DBA OMNI GLASS & PAINT INC",0L647,,,
XURON CORP,0L728,,,
KE MARINE INC DBA KE MARINE INC,0L795,,,
QUALIFIED FASTENERS INC,0L7G0,,,
"WMRM, LLC DBA TEXAS BOOM COMPANY DIV TEXAS BOOM",0LAM3,,,
"BELT TECHNOLOGIES, INC.",0LB17,,,
"SGC WORLD, INC.",0LCS0,,,
TEXAS INSTRUMENTS INC MATERIALS AND CONTROLS GROUP,0LD05,,,
FASCO INDUSTRIES INC,0LD16,,,
ARMAMENT SYSTEMS AND PROCEDURES INC,0LDS6,,,
CONNECTRONICS CORP,0LE36,,,
J A WEBSTER INC,0LE89,,,
DARCOR INC,0LE95,,,
HARKEN INC,0LEM6,,,
NORTHWEST SPEEDOMETER SERVICE AND INSTRUMENT INC,0LF47,,,
NARROW AISLE /UK/ LTD,0LF50,,,
"HUB CITY, INC. DBA HUB CITY DIV HUB CITY, INC. - A REGAL-BELOIT COMPANY",0LF97,,,
FKI INDUSTRIES INC FAULTLESS NUTTING DIV,0LFV4,,,
STANDARD ENTERPRISES INC DBA WATT-MAN L.E.D. LIGHTING,0LG50,,,
ENGINEERED ENVIRONMENTS INC DBA E E I,0LHE3,,,
CYTEC ENGINEERED MATERIALS INC,0LHZ4,,,
COMPACTORS INC,0LJL9,,,
"MIDWEST FASTENERS, INC",0LJY9,,,
ATIS LTD,0LKJ3,,,
CARY PRODUCTS CO INC,0LL31,,,
"ADAPCO, LLC",0LM71,,,
ROTARYAIRE COMPRESSOR CORP,0LML6,,,
EDO CORPORATION DBA EDO TECHNICAL SERVICES OPERATIONS DIV EDO TECHNICAL SERVICES OPERATIONS,0LND7,,,
MAGNETICS AND CONTROLS INC,0LPL6,,,
SHIGAMO DEVELOPMENT INC,0LRG2,,,
UNITED METAL INDUSTRIES INC,0LS80,,,
A. W. CHESTERTON COMPANY,0LSK8,,,
YAESU U S A,0LSR0,,,
DATREX INC,0LSV3,,,
"ENERGY EQUIPMENT, INC.",0LT33,,,
ILFORD IMAGING USA INC,0LT87,,,
ROCKWOOD CORPORATION,0LTE5,,,
NTN BEARING CORPORATION OF AMERICA,0LTL1,,,
"B&B HARDWARE, INC. DIV SEALTIGHT FASTENER - SEALTIGHT TECHNOLOGY",0LTS0,,,
VETRONIX RESEARCH CORP,0LUC0,,,
ALLEN ENGINEERING CORP DBA AEC,0LUL4,,,
"BLUE RIDGE DIESEL INJECTION, INC.",0LUY9,,,
"ROSENBOOM MACHINE & TOOL, INC. DBA ROSENBOOM MACHINE & TOOL INC",0LVS7,,,
NETWORK TECHNOLOGIES INC,0LWF1,,,
APV CREPACO INC,0LWP3,,,
MASPORT INCORPORATED,0LWR7,,,
MOUNT PENN TOOL AND MACHINE CO INC,0LYH6,,,
MASTER CHEF,0M1E3,,,
NEWMAN SANITARY GASKET CO,0M2N3,,,
MTI-MILLIREN TECHNOLOGIES INC,0M428,,,
ARGONFDS LLC,0M450,,,
CONTROLLED SYSTEMS SALES COMPANY,0M4E9,,,
"SYSTEMS INTEGRATION PLUS, LLC DBA SYSTEMS INTEGRATION PLUS INC",0M4P2,,,
WELCH ALLYN PROTOCOL INC DBA WELCH ALLYN MONITORING DIV MONITORING DIVISION,0M4S4,,,
APPLE VALLEY SCALE COMPANY DBA APPLE VALLEY SCALE CO,0M5P6,,,
"QUANTUM CONTROLS, INC.",0M5Z8,,,
"LANER ELECTRIC SUPPLY COMPANY, INC. DBA LANER ELECTRIC SUPPLY CO INC",0M6E8,,,
R R TRANSMISSIONS INC,0M7H9,,,
TYPHOON WATER WARES LTD,0M7T3,,,
"PACTEC, INC. DBA PACTEC INC",0M8R4,,,
MARS SALES COMPANY DBA MARS AIR CURTAINS,0M8W5,,,
"ALASKA RUBBER GROUP, INC. DBA ARG INDUSTRIAL DIV L",0M903,,,
THUNDERBIRD INTERNATIONAL CORP.,0M9P5,,,
CHOATE MACHINE AND TOOL INC,0MA95,,,
"ELECTRITEK AVT, INC",0MBZ4,,,
"WATT STOPPER, INC., THE DBA WATT STOPPER LE GRAND",0MCJ1,,,
"BECKSON MARINE, INC",0MCS5,,,
AERO-TECH SEWING,0MDW0,,,
CREATION TECHNOLOGIES MINNESOTA INC,0MEF7,,,
"CREST FOODSERVICE EQUIPMENT CO., INC. DBA CREST FOODSERVICE EQUIPMENT CO INC",0MER2,,,
"ARCH MEDICAL & AEROSPACE - WOBURN, LLC DBA M & K ENGINEERING",0MES8,,,
PERMATITE MFG,0MHJ9,,,
PESA INC.,0MJ96,,,
FLUID POWER ENGINEERING CO INC,0MJ99,,,
"MERCURY SYSTEMS, INC.",0MJF9,,,
SUFIAN MUNIR INC. DBA CLARY BUSINESS MACHINES,0MJX3,,,
"ELSTON MANUFACTURING, INC.",0MK34,,,
UNIVERSAL POWER SYSTEMS INC. DBA UPSI,0MKA5,,,
SCHOELLHORN - ALBRECHT MACHINE CO INC,0MKF7,,,
"PHENIX MACHINE WORKS, INC. DIV PHENIX MACHINE WORKS",0MLV7,,,
ORTTECH LLC,0MLW9,,,
"MARINE GROUP BOAT WORKS, LLC",0MM90,,,
GRAINGER DIV OF W W GRAINGER INC GRAINGER INDUSTRIAL AND COMMERCIAL SUPPLIES DIV,0MM97,,,
CENTRI-MATIC CORP,0MMH3,,,
YDC PRECISION MACHINE CO,0MNF8,,,
EVANSVILLE BOLT & NUT INC,0MPG8,,,
DATA CONNECT ENTERPRISE INC,0MR56,,,
HENKEL CORP. DBA POWER DEVICES,0MR72,,,
HYDROFORM USA INCORPORATED DBA HYDROFORM USA INC,0MRR0,,,
"BATTERY-BIZ, INC. DBA EBATTS.COM",0MSD9,,,
"SEABREEZE SALES, INC.",0MT74,,,
VAL SPARE,0MTA9,,,
DATA VOICE INCORPORATED DBA DVI SERVICES,0MTR4,,,
FILTREX INC.,0MU77,,,
INFOCUS CORPORATION DBA INFOCUS SYSTEMS,0MUS0,,,
"HAMMER & STEEL, INC. DBA HAMMER & STEEL INC",0MWG9,,,
"HIGHSTAR INDUSTRIAL TECHNOLOGIES, INC.",0MWH0,,,
"MANTECH ADVANCED SYSTEMS INTERNATIONAL, INC.",0MWH9,,,
WINCHESTER SRC CABLES CORP. DBA SRC HAVERHILL,0MZM5,,,
OFS FITEL LLC DIV SPECIALTY PHOTONICS DIVISION,0MZN3,,,
"THERMOSTATIC INDUSTRIES, INC.",0N042,,,
CM AUTOMOTIVE SYSTEMS INC,0N0J4,,,
CALOGIC LLC,0N0K0,,,
"ADVANCED ENVIRONMENTAL SOLUTIONS, INC.",0N0Z4,,,
"DRIVE LINE SERVICE OF PORTLAND, INC. DBA DRIVE LINE SERVICE OF PORTLAND INC",0N1C1,,,
"ELPAKCO, INC DIV ELPAKCO, INC.",0N1S8,,,
"RCO SALES, INC.",0N2M9,,,
"STAUBLI ELECTRICAL CONNECTORS, INC. DBA STAUBLI ELECTRICAL CONNECTORS",0N2N5,,,
OLYMPIC GEAR AND MFG INC,0N4R0,,,
"POLYMER & STEEL TECHNOLOGIES, INC. DIV ENPAC LLC",0N5W4,,,
LYNNHAVEN MARINE BOATEL INC,0N6V1,,,
KRAFT TOOL CO,0N7U8,,,
OPTI MANUFACTURING CORPORATION,0N8U4,,,
"HCL LABELS, INC. DBA HCL LABELS INC",0N8X4,,,
"G P 50 NEW YORK, LTD. DBA GP 50 NEW YORK LTD DIV GP:50",0N8Y7,,,
"AIR/TAK, INC.",0N959,,,
"WARTSILA DYNAMIC POSITIONING, INC.",0N962,,,
SLOAN TRANSPORTATION PRODUCTS DIV OF BLD PRODUCTS LTD,0N972,,,
AARDVARK,0N995,,,
"GRANZOW, INC.",0N9V9,,,
HYDRAULIC SERVICE & SUPPLY LLC,0NA61,,,
"LOWE MANUFACTURING CO., LLC DBA LOWE MANUFACTURING CO INC",0NAG9,,,
JORDAN EQUIPMENT SUPPLY CORPORATION DBA ESCO EQUIPMENT SUPPLY CO,0NAT8,,,
INTIRION CORPORATION,0NBL0,,,
"PRONTO TOOL & DIE CO., INC.",0NC09,,,
WELCH VACUUM TECHNOLOGY INC,0NCC5,,,
EPOXY RESIN INNOVATORS CORPORATION DBA DELTA PLASTICS,0ND20,,,
"DIESEL MONITORING SYSTEMS, INC.",0NDB1,,,
KENNON PRODUCTS INC DBA KENNON,0NDX3,,,
TECHNIT,0NDX8,,,
"SZCZYPSKI, MICHAEL",0NEM2,,,
"EXERGY, LLC DBA EXERGY LLC",0NEZ1,,,
EMICON CORP,0NF78,,,
DIALOGIC CORP DBA DIALOGIC FASTENERS,0NFB8,,,
WIN TECHNOLOGIES INC,0NFF5,,,
DOMETIC CORPORATION DIV SEALAND PRODUCT GROUP,0NJ18,,,
T AND A VALVE AND FITTING INC,0NJ42,,,
RUTA SUPPLIES INC,0NJT4,,,
SEALEVEL SYSTEMS INC,0NLW9,,,
"LIFT-IT MANUFACTURING CO., INC. DBA LIFT IT MANUFACTURING CO INC",0NM47,,,
ANIMAL CARE EQUIPMENT AND SERVICES INC,0NMA2,,,
BACHHUBER MFG CORP,0NMB3,,,
SCHWEITZER ENGINEERING LABORATORIES INC,0NMF8,,,
KESON INDUSTRIES INC,0NML2,,,
"IBI SYSTEMS, INC. DBA IBI SYSTEMS INC",0NN59,,,
SENTECH INC,0NNX8,,,
UNITED STATES MARINE INC,0NNZ7,,,
VENTRA CORP,0NPD6,,,
"SWISSLOG LOGISTICS, INC.",0NPG1,,,
"ADAMS TANK & LIFT, INC.",0NRA8,,,
SMITHS ADDRESSING MACHINE SERVICES INC,0NS37,,,
PHOENIX TEXTILE CORPORATION DIV PHOENIX GOVERNMENT SERVICES,0NSE3,,,
OPTICAL CABLE CORP,0NSV6,,,
PARKER-HANNIFIN CORPORATION DBA CLIMATE SYSTEMS DIVISION DIV CLIMATE SYSTEMS DIVISION COPPER & AS,0NSY4,,,
"GEN-EL SAFETY & INDUSTRIAL PRODUCTS, LLC",0NT93,,,
"NIGHT VISION SYSTEMS, LLC",0NTN5,,,
C H T INCORPORATION DBA CAL HIGH TECH,0NTR0,,,
"REDFORD, GREG DBA R & R LIMITED",0NVF0,,,
"CAROLINA HYDRAULICS, INC.",0NW00,,,
BARNES JOHN S CORP STATESVILLE DIV,0NW92,,,
CUSTOM CONTROLS CO DO NOT USE AS THIS IS A DUPE CODE USE CODE 28769,0NWE3,,,
STERIS CORPORATION,0NWN1,,,
INSTRUMENT DEPOT INC,0NWP4,,,
HY-PRO CORPORATION,0NXZ9,,,
TECNICO CORPORATION,0NY44,,,
BARRON LIGHTING GROUP INC DBA BARRON MANUFACTURING CORP,0NZK6,,,
BOOZ ALLEN HAMILTON INC.,0NZV3,,,
AVCO CORP TEXTRON DEFENSE SYSTEMS DIV SUB OF TEXTRON INC,0P0B2,,,
CPI SATCOM & ANTENNA TECHNOLOGIES INC.,0P0N7,,,
AMERICAN MANUFACTURING & ENGINEERING INC,0P291,,,
"KINGSTON TECHNOLOGY COMPANY, INC.",0P2J5,,,
PA INSTRUMENTS INC,0P2T7,,,
"CSI KEYBOARDS, INC",0P2U4,,,
"OMEGA TOOL MEASURING MACHINES, INC. DBA PARLEC INC",0P4H2,,,
"SUPERIOR DIESEL, INC",0P4U1,,,
FREIGHTLINER CORP PARTS PLANT,0P560,,,
"B. MICROFARADS, INC. DBA BARKER MICROFARADS",0P569,,,
HSI CORPORATION,0P6V5,,,
CART MART INC DBA CART MART INC,0P787,,,
"ADVANCED MICROWAVE COMPONENTS, INC",0P7R4,,,
ROME TRUCK PARTS & REPAIR INC,0P7U0,,,
"CUI, INC.",0P9A7,,,
NORTHERN TECHNOLOGIES MFG CORP,0PBL0,,,
PROPERS THE,0PC30,,,
JOHN ROMANOWSKI & ASSOCIATES INC,0PC95,,,
CONNECTIVE DESIGN INC,0PCR1,,,
PROTEUS INDUSTRIES INC CUBIT DIV,0PCW0,,,
MATCO TOOLS,0PCX2,,,
"SIERRA NEVADA COMPANY, LLC",0PE19,,,
MARATHON JANITORIAL,0PFW3,,,
"COMMERCIAL FILTER SALES AND SERVICE, INC. DBA COMMERCIAL FILTER SALES & SERVICE INC",0PGD4,,,
"SDB CONSULTANTS, LTD. DBA SDB CONSULTANTS LTD",0PGK2,,,
EARNEST MACHINE PRODUCTS CO DBA EARNEST MACHINE PRODUCTS CO,0PHV1,,,
"CENTRAL POWER SYSTEMS & SERVICES, LLC",0PJT5,,,
GAI-TRONICS CORP,0PK88,,,
MAJR PRODUCTS CORP,0PL74,,,
SIKA CORPORATION,0PMN0,,,
"MEDLINE INDUSTRIES, LP",0PMN3,,,
"C M ENGINEERING, INC. DBA C M ENGINEERING INC",0PMV4,,,
"MIDWEST GEAR & TOOL, INC.",0PNW5,,,
VIGOR KVICHAK LLC,0PP44,,,
"FILLIPONE ENTERPRISES, INC DIV AAA-ACME RUBBER CO.",0PR24,,,
MYCO TRAILERS INC DBA MYCO INDUSTRIES,0PS51,,,
"PIPER PRODUCTS, INC",0PSG1,,,
IXI TECHNOLOGY INC DBA IXI TECHNOLOGY,0PSR7,,,
RESINTECH INC DBA ARIES FILTERWORKS LLC,0PSU4,,,
BUSING COMPANY INC,0PTD3,,,
SPS TECHNOLOGIES INC,0PTK6,,,
"CYBERRESEARCH, INC.",0PVB6,,,
BECKSON MANUFACTURING INC,0PVF8,,,
SPURS MARINE MANUFACTURING INC,0PVX4,,,
RIP TIE CO THE,0PXA1,,,
"MULTI-DUTI MANUFACTURING, INC.",0PXM9,,,
BALSTON INC DIV OF WHATMAN INC,0PXR5,,,
THE BOEING COMPANY DIV SERVICES,0PXV4,,,
"J. W. MARINE EQUIPMENT, INC. DBA MARINE EQUIPMENT INC",0PYY3,,,
STEELTECH MFG INC,0PZP2,,,
OAKLEY INC DIV OAKLEY MILITARY,0PZV4,,,
J & J ENTERPRISES,0R0L6,,,
FARETEC INC DIV FARETEC,0R123,,,
SPECO INC,0R1F7,,,
"CECO FILTERS, INC. DBA MEFIAG FILTRATION DIV CECO FILTERS",0R229,,,
SKIDRIL INC,0R2B2,,,
"DESIGN/OL, INC.",0R2T5,,,
"SHIELDING EXPRESS, INC. DBA SHIELDING EXPRESS INC",0R2V9,,,
"HUESTON INDUSTRIES, INC DIV DAMPING TECHNOLOGIES, INC.",0R2X7,,,
SURFACE MOUNT DEPOT INC,0R485,,,
"ACCUMULATORS, INC. DBA ACCUMULATORS INC",0R5S9,,,
KRUPP-MAK CO,0R6X1,,,
"ADVANCED TECHNICAL MATERIALS, INC. DBA A T M",0R8N4,,,
DB CONTROL,0R8S6,,,
"RESEARCH & ADVANCED METHODS INDUSTRIES, INC DIV RAM INC",0R9D3,,,
"TECH ELECTRONIC SYSTEMS, INC. DBA TECH ELECTRONIC SYSTEMS INC",0RA54,,,
"GENERAL AIRE SYSTEMS, INC",0RA71,,,
OUTLAND TECHNOLOGY INC. DBA OUTLAND TECHNOLOGY INC,0RAP1,,,
"FISKARS BRANDS, INC. DBA FISKARS BRANDS INC",0RAU7,,,
UNIQUE FUNCTIONAL PRODUCTS,0RDA5,,,
"BOEDEKER PLASTICS, INC.",0REF0,,,
"DUTILE, GLINES & HIGGINS INC DBA D G H",0REJ7,,,
MONTEREY BAY CORPORATION,0RFG4,,,
WILLIAMS SOUND LLC,0RGH4,,,
PRECISION ANALYTICS INC,0RGT9,,,
MERCANTILE LEASING CORPORATION,0RGV9,,,
GTA MARINE,0RH25,,,
"MIDWEST ACOUST-A-FIBER, INC. DBA M. A. I.",0RHT0,,,
"RENAISSANCE ELECTRONICS & COMMUNICATIONS, LLC",0RJ02,,,
KURT MACHINE TOOL CO INC,0RJ56,,,
"MCKENNA ENGINEERING & EQUIPMENT COMPANY, INC.",0RJD4,,,
SEACOAST DEVELOPMENT GROUP INC,0RK00,,,
AIRTECH INSTRUMENT AND GAUGE,0RK35,,,
KOCSIS TECHNOLOGIES INC DBA KOCSIS TECHNOLOGIES INC,0RK88,,,
CIW INC,0RKK0,,,
"GLOBE TRAILER MANUFACTURING, INC.",0RM19,,,
ANTENEX INC,0RM74,,,
D-LINK SYSTEMS INC DIV D-LINK SYSTEMS INC.,0RN34,,,
"DEWYS MANUFACTURING, INC.",0RNP9,,,
TENACIOUS HOLDINGS INC. DBA ERGODYNE,0RP33,,,
MAURY MICROWAVE CORP,0RRB5,,,
WABASH NATIONAL CORP,0RRC7,,,
WALDMANN LIGHTING COMPANY,0RS37,,,
CANFIELD INDUSTRIES INC DIV SPARTAN SCIENTIFIC,0RSN6,,,
XANTREX TECHNOLOGY INC.,0RT36,,,
PITTWAY CORP SYSTEM SENSOR DIV,0RT44,,,
"SHOCK SOLUTIONS, INC. DBA ISOLATION TECHNOLOGIES",0RTE9,,,
SCHAFFNER EMC INC DBA SCHAFFNER/ELECTROTEST,0RW04,,,
"UNIPOWER, LLC",0RWG8,,,
PALMETTO INC,0RWS9,,,
"MCM ENGINEERING, INC DBA MCM ENGINEERING INC",0RY20,,,
"INTEGRIS COMPOSITES, INC.",0RYL9,,,
"HUBTEX NORTH AMERICA, INC.",0S131,,,
DRYTECH INC,0S180,,,
THORDON BEARINGS INC,0S1K7,,,
PALLADIN PRECISION PRODUCTS INC. DIV PALLADIN PRECISION PRODUCTS,0S268,,,
RME FILTERS INC,0S2B1,,,
YOUR CONTACT PEOPLE INC.,0S347,,,
ARROW ELECTRONICS INC,0S466,,,
JEAMAR WINCHES CORPORATION,0S4A5,,,
"INDUSTRIAL POWER SYSTEMS, INC.",0S4S3,,,
"P. M. RESEARCH, INC. DBA PM RESEARCH INC",0S553,,,
ABB INC. DIV MEDIUM POWER TRANSFORMERS,0S5F4,,,
SOUNDOWN CORPORATION DBA SOUNDOWN CORP,0S5G0,,,
"SAN DIEGO OCEAN ENTERPRISES, INC DBA OCEAN ENTERPRISES INC",0S5T4,,,
"EMERSON & CUMING MICROWAVE PRODUCTS, INC.",0S7P8,,,
"WILEY X, INC. DBA WILEY X INC",0S7V7,,,
DV SERVICES INC,0S8E8,,,
MDV MARINE INDUSTRIES LTD.,0S8P6,,,
ENVIRO TECH INTERNATIONAL INC DBA ETI,0S8S8,,,
"KAESER COMPRESSORS, INC.",0S8X8,,,
"TOTAL POWER INTERNATIONAL, INC.",0S912,,,
PMSC JAX INC,0S970,,,
"E.A.S. MANUFACTURING CO., INC. DBA EAS MANUFACTURING CO DIV E. A. S. MFG. CO., INC.",0S9E7,,,
SUPERBOLT INC,0S9Z9,,,
THIN-LITE CORPORATION,0SAF4,,,
MACHINING & FABRICATING INC,0SB24,,,
"FIMOR NORTH AMERICA, INC. DBA FIMOR NORTH AMERICA INC",0SCY8,,,
SCHMITT GG AND SONS INC,0SE17,,,
BOLL FILTER CORPORATION DBA USE CAGE CODE 3EXK7 FOR CATALOGING,0SE35,,,
SONETICS CORPORATION DBA SONETICS CORP DIV FIRECOM,0SEA5,,,
DOVCO INDUSTRIAL FABRICATORS INC,0SF04,,,
SANKI KOGYO,0SF58,,,
"CR MAGNETICS, INC. DBA CR MAGNETICS INC",0SFN7,,,
OPTRONICS INC,0SFP2,,,
"JAL ENTERPRISES, INC. DBA JAL ENTERPRISES T DIV THE SOURCE",0SG78,,,
"MURPHYS TECHNICAL SERVICES, INC. DBA TECHNICAL SERVICES INC. (TSI)",0SGX5,,,
J-DAK INC,0SHR6,,,
TEST DYNAMICS INC DBA COOPER INSTRUMENTS AND SYSTEMS,0SJG0,,,
B M F TORQUE WRENCH COMPANY DBA DIVISION OF FT-LBS,0SJL5,,,
LEE EVANS DEFENSE POOL INC,0SJL9,,,
QUALITY PERFORMANCE INC DBA QPI,0SJM3,,,
CENTRON INDUSTRIES INC DBA CENTRON INDUSTRIES INC,0SL00,,,
"WOOD'S POWR-GRIP CO, INC",0SL88,,,
"PREMIER SHIELDING CO, INC",0SLE1,,,
COMPUTER AID INC,0SLF0,,,
CENTOFANTI MARINE SYSTEMS INC,0SM11,,,
ITW GSE INC.,0SMN2,,,
"TRELLEBORG WHEEL SYSTEMS AMERICAS, INC.",0SN21,,,
HEATCRAFT INC HEAT TRANSFER DIV,0SN36,,,
"CASTELLI, JOSEPH L",0SNH0,,,
PARTS CO OF AMERICA DIV OF GRAINGER W W INC,0SNW7,,,
WOHLER TECHNOLOGIES,0SP18,,,
HITACHI GLOBAL AIR POWER US LLC,0SP30,,,
"STEINER EOPTICS, INC.",0SPF5,,,
TOTAL PLASTICS INC,0SPH4,,,
COMTRONICS LEXINGTON KY,0SPV6,,,
TAH INDUSTRIES INC DBA TAH INDUSTRRIES,0SPV9,,,
"B-SAFE INDUSTRIES, INC.",0SRL5,,,
"SEITZ SCIENTIFIC INDUSTRIES, INC.",0ST81,,,
SCFM CORPORATION DBA SCFM CORP,0SVT7,,,
HARBOR FREIGHT TOOLS,0SW52,,,
"GARRETT CONTAINER SYSTEMS, INC.",0SWN5,,,
LIGHT CORP INC. DBA LIGHTCORP,0SWR1,,,
"WESTLAND TECHNOLOGIES, INC. DBA WESTLAND TECHNOLOGIES INC",0SX38,,,
PROSPECTIVE COMPUTER ANALYSTS INCORPORATED,0SXL2,,,
COAST PRODUCTS INC,0SXN4,,,
CHART INC. - PROCESS SYSTEMS DIVISION,0SXW1,,,
FASTENER DIMENSIONS INC.,0SYU2,,,
"BLACK DIAMOND EQUIPMENT, LTD. INC. DBA BLACK DIAMOND EQUIPMENT, LTD.",0SZC3,,,
POWER DYNAMICS INNOVATIONS LLC,0T082,,,
"RFCIRCUITS, INC.",0T0G3,,,
"ALLIED TELESIS, INC. DIV HEADQUARTERS",0T156,,,
3M COMPANY DIV OCCUPATIONAL HEALTH AND SAFETY DIV,0T1L6,,,
"IVOCLAR VIVADENT, INC",0T2N6,,,
CAMPBELL PORTABLE BUILDINGS LTD DBA CAMPBELL PORTABLE BUILDINGS,0T3G1,,,
"STORAGE BATTERY SYSTEMS, LLC DBA SBS",0T3H3,,,
"LEIDOS, INC.",0T5L1,,,
PROMAX INDUSTRIES INC,0T5U6,,,
AERO SPECIALTIES INC DIV SALES,0T652,,,
"ROCKY MOUNTAIN HYDROSTATICS, LLC",0T7K7,,,
G A M ELECTRONICS INC,0T7L8,,,
"AIRCRAFT BELTS, INC",0T7U3,,,
"KINGS AVIONICS, INC.",0T7U7,,,
"F. K. INSTRUMENT CO., INC. DBA F K INSTRUMENT",0T8K7,,,
HYTECH ASSOCIATES INCORPORATED DIV HYTECH ASSOCIATES SALES COMPANY,0T8L4,,,
VERSAMAX CO INC,0T8P0,,,
MATSUSHITA ELECTRIC CORP OF AMERICA HOME PRODUCTS/COMMERCIAL SYSTEMS SALES GROUP,0T969,,,
"COMPONENT HARDWARE GROUP, INC.",0TAA3,,,
"SHELBY INDUSTRIES, LLC",0TAS3,,,
PLASTIC & STEEL SUPPLY CO. INC. DBA PLASTIC ENGINEERED PRODUCTS,0TAW2,,,
SIRIUS FEDERAL LLC,0TC84,,,
"C.E.W. LIGHTING, INC.",0TCD2,,,
"ARIZONA CAPACITORS, INC",0TCV9,,,
BYFIELD MARINE SUPPLY INC,0TDN3,,,
C & D DISTRIBUTORS DBA C & D DELIVERY,0TEF4,,,
"PUMP ENGINEERING, INC.",0TEM0,,,
INDUSTRIAL HARDWARE DISTRIBUTORS INC,0TFD7,,,
CUTTER FORD INC,0TG71,,,
SAC-TEC LABS INC,0TH60,,,
,0TIF7,,,
"MIDDLE ATLANTIC PRODUCTS, INC. DBA DATATEL DIV MIDDLE ATLANTIC PRODUCTS",0TJ14,,,
AMERIPACK INC.,0TJ49,,,
"ELECTROSONIC, INC.",0TJG7,,,
YEAGER MFG,0TJV1,,,
SIERRA VIDEO SYSTEMS INC,0TK07,,,
JOYSTICK TECHNOLOGIES INC CH PRODUCTS DIV,0TK51,,,
AIRMAR TECHNOLOGY CORP DBA AIRMAR TECHNOLOGY CORP,0TME2,,,
"SECURAPLANE TECHNOLOGIES, INC.",0TMJ9,,,
MEASUREMENT COMPUTING CORPORATION,0TMV2,,,
ROCKY RESEARCH,0TN08,,,
SEA SYSTEMS CORP,0TNW6,,,
"UNIVERSAL LASER SYSTEMS, INC.",0TP63,,,
"SCHNEIDER ELECTRIC USA, INC.",0TPE6,,,
VIBGYOR OPTICS INC. DBA OPTICAL SYSTEMS,0TPN7,,,
"PHASE II MACHINE & TOOL, INC DIV PHASE II",0TRG1,,,
GRAINGER INC SUB OF W W GRAINGER INC,0TS30,,,
"NEW CONCEPT PRODUCTS, INC DBA RAPID RESCUE PRODUCT",0TSH4,,,
MIL-LEKTRON,0TSZ1,,,
"H. B. SHERMAN TRAPS, INC.",0TT47,,,
EGOLTRONICS CORPORATION,0TTC3,,,
END TO END INC,0TTE4,,,
"VAHLE, INCORPORATED",0TV07,,,
ELMA BUSTRONIC CORP.,0TVD9,,,
DX ELECTRIC COMPANY,0TVU3,,,
A W DIRECT INC,0TWA7,,,
NO FADE COATINGS INC DBA ALLEGRO INDUSTRIES,0TWZ5,,,
CREG INTL INC,0TX68,,,
"VAN STEENBURGH ENGINEERING LABORATORIES, INC",0TXD1,,,
SPRAGUE DEVICES INC,0TZ29,,,
SERVICE BRASS AND ALUMINUM FOUNDRY CO INC,0TZ30,,,
"INTELLIGENT PLATFORMS, LLC",0TZ65,,,
"M&A TECHNOLOGY, INC DBA M & A TECHNOLOGY INC",0TZF8,,,
"LUMITEX, INC. DBA LUMITEX",0TZL4,,,
AVIATION GROUND EQUIPMENT CORP,0TZM0,,,
UNITED ELECTRONIC INDUSTRIES INC DBA UNITED ELECTRONIC INDUSTRIES INC,0TZN7,,,
"DIESEL AMERICA WEST, INC.",0TZS1,,,
ROSEMOUNT ANALYTICAL INC. DIV LIQUID DIVISION,0U1N0,,,
"SUPER-TEK, INC.",0U1T0,,,
HARDY DIAGNOSTICS,0U2A9,,,
COX FLOW MEASUREMENT INC. DBA FLOW DYNAMICS,0U3B5,,,
PHILLIPS RESEARCH CORP DBA SEA SYSTEMS DIVISION DIV SEA SYSTEMS DIVISION OF PHILLIPS RESEARCH CORP.,0U3H5,,,
DOIG CORPORATION,0U3S8,,,
"LIQUID MEASUREMENT SYSTEMS, INC. DBA LIQUID MEASUREMENT SYSTEM",0U418,,,
OVC-ENGINEERED SOLUTIONS LLC,0U5N7,,,
POLE/ZERO LLC,0U5W0,,,
ROL LIFT CORP LONG REACH HOLDINGS,0U6X9,,,
PROTEK DEVICES LP DBA PROTEK DEVICES,0U8A3,,,
T E S INC,0U8W8,,,
"NATIONAL PATENT ANALYTICAL SYSTEMS, INC",0U8Z9,,,
ANGIODYNAMICS INC,0UA20,,,
MAJORPOWER CORPORATION,0UAR2,,,
AUTOMATION SERVICES CO /ASC/,0UB09,,,
"UNICAL AVIATION, INC.",0UBE7,,,
CURTISS-WRIGHT ELECTRO-MECHANICAL CORPORATION DIV EPD,0UBG9,,,
SCOTT GERALD G AND SONS INC,0UBK6,,,
CR SERVICES,0UC18,,,
PUMP DRIVES INC.,0UD26,,,
GREGORY THOMAS INC,0UDR2,,,
AUSCO PRODUCTS INC,0UDU7,,,
SEALCON LLC,0UE11,,,
TAAG MACHINERY CO,0UEC7,,,
"MID-AMERICA AEROTECH, LLC",0UES3,,,
PROCESS CONTROL SYSTEM INC,0UET5,,,
PRECOR INCORPORATED,0UF67,,,
"I. F. ENGINEERING, CORP.",0UFA1,,,
BSM PUMP CORP DBA BROWN & SHARPE PUMPS,0UFU9,,,
ROLIN INDUSTRIES INC,0UHH0,,,
KING GAGE ENGINEERING CORP,0UHL8,,,
ZOLL MEDICAL CORPORATION DBA ZOLL,0UJ27,,,
"FASCAN INTERNATIONAL, INC.",0UJB5,,,
PAIRGAIN TECHNOLOGIES INC,0UJD5,,,
CONSULTING CLINICS,0UKX4,,,
"S & N MANUFACTURING, INC.",0ULB5,,,
ALBANY MAGNETO EQUIPMENT INC DBA A M EQUIPMENT INC,0ULY1,,,
A A A TENT AND AWNING COMPANY DBA KIRKHAMS AAA TENT & AWNING,0UND5,,,
AMERICON,0URA5,,,
LINDE HYDRAULICS CORP DIV LINDE HYDRAULICS,0URD7,,,
TUBE PROCESSING CORP DBA CTP,0USK5,,,
"GLOBAL FASTENER, INC.",0UTV4,,,
ULTRALIFE CORP.,0UU59,,,
"LIGHTNING PREVENTION SYSTEMS, INC.",0UVC7,,,
"AEROANTENNA TECHNOLOGY, INC DIV HEICO CORPORATION",0UVG2,,,
"TACTICAL & SURVIVAL SPECIALTIES, LLC",0UWS0,,,
GENERAL SCIENTIFIC CORPORATION DBA GENERAL SCIENTIFIC MANUFACTURING DIV GENERAL SCIENTIFIC MFG INC,0UY57,,,
GRAPHEL CORPORATION DIV GRAPHEL DIVISION,0UY67,,,
NGB CORP DBA STELLAR TECHNOLOGY,0UYB4,,,
"SEW-EURODRIVE, INC.",0UZ57,,,
EAGLE CUTTING & SUPPLY LLC,0UZL9,,,
"TIN-MAR, INC.",0V0G3,,,
TRACEY KIM MEJIA DBA CAL TEX,0V167,,,
"LRT, INC. DBA AIRCRAFT MAINTENANCE & SUPPORT",0V175,,,
APPLIED POWER PRODUCTS INC,0V1J2,,,
REX SERVICE CORP,0V293,,,
IMECO INC,0V369,,,
POINT BLANK BODY ARMOR L P,0V3D5,,,
CON-SPACE COMMUNICATIONS INC.,0V3X2,,,
GALOW METAL PRODUCTS INC DBA METAL GLOW,0V4Z1,,,
VIEWSONIC CORP,0V618,,,
TROY BIOSCIENCES INCORPORATED,0V743,,,
"EFFECTIVE SHIELDING CO, INC",0V7J1,,,
WHEELS NOW INC,0V7X2,,,
READY AMERICA INC,0V7X3,,,
GMA COVER CORP.,0V8C5,,,
VIBROMAX AMERICA INC DBA MACHINERY DEPOT AMERICA,0V8G1,,,
SPARES DBA SPECIAL PARTS AND RUBBER ELASTOMERIC SPECIFICATION,0V8N2,,,
NORSAT INTERNATIONAL INC,0VA65,,,
TACONIC PLASTICS LTD TACONIC PROCESS MATERIALS DIV,0VB34,,,
BAHCALL RUBBER CO INC,0VC51,,,
"INVOTEC INTERNATIONAL, INC. DBA INVOTEC INTERNATIONAL",0VCX5,,,
,,,,
MODINE MANUFACTURING COMPANY DIV MODINE JEFF CITY,0VE16,,,
"HEARING COMPONENTS, INC.",0VE20,,,
DANA CORP SPICER UNIVERSAL JOINT DIV,0VEK5,,,
"ZZYZX PERIPHERALS, INC.",0VF14,,,
"THE POWER SOURCE, INC. DBA POWER SOURCE",0VF49,,,
PLASTECH INC,0VF74,,,
"SIEMENS INDUSTRY, INC.",0VG49,,,
FARO TECHNOLOGIES INC,0VGY2,,,
"MCDOWELL RESEARCH CO., INC.",0VJU1,,,
FNW VALVE CO DIV OF FAMILIAN NORTHWEST INC,0VKK9,,,
"MOBILE CLIMATE CONTROL, CORP.",0VL44,,,
"LA MAR LIGHTING CO., INC.",0VL49,,,
SEMICONDUCTORS POWEREX INC,0VM25,,,
RELIANCE ELECTRIC CO INDUSTRIAL CONTROLS SERVICE,0VN56,,,
SHEREX INDUSTRIES,0VNM9,,,
"FINCANTIERI MARINE SYSTEMS NORTH AMERICA, INC. DBA FINCANTIERI MARINE SYSTEMS NORTH AM",0VP52,,,
INNOVATIVE TECHNOLOGY INC,0VPP9,,,
MUSKOGEE METAL WORKS INC,0VPR2,,,
VERIS INDUSTRIES,0VR58,,,
"JDCI ENTERPRISES, INC. DBA JDCI ENTERPRISES INC",0VSH3,,,
THE LOGICAL COMPANY DBA LOGICAL CO,0VSS0,,,
AIRCRAFT TUBULAR COMPONENTS INC,0VSV7,,,
QUALITY CONSULTANTS AND INSPECTIONS INC,0VT94,,,
NORTH SAFETY PRODUCTS L.L.C. DBA NORTH SAFETY PRODUCTS,0VTP4,,,
ATLANTA FORK LIFTS INC DBA ATLANTA FORKLIFTS INC,0VTV7,,,
RALTRON ELECTRONICS CORP,0VUE0,,,
NORTH AMERICAN CONTROLS INC DBA NORTH AMERICAN CONTROLS INC,0VUL5,,,
EVERLAST WORLD'S BOXING HEADQUARTERS CORPORATION DBA EVERLAST WORLDWIDE,0VUM3,,,
BLACK RHINO RECYCLING INC,0VV93,,,
"TIRE SERVICE EQUIPMENT MFG. CO., INC. DBA T S I",0VVM4,,,
"RITE-KEM, INC. DBA RITE-KEM INC",0VVN0,,,
CABLES TO GO,0VVY7,,,
AM-MAC INCORPORATED,0VW10,,,
TESLA INDUSTRIES INC,0VWE2,,,
HONEYWELL INTL INC DEFENSE AVIONICS SYSTEMS,0VWL8,,,
FEDDERS NORTH AMERICA INC CARECO DIV,0VWN7,,,
"CARDINAL COMPONENTS, INC",0VXK5,,,
GREN INDUSTRIES INC DBA SERVICE RUBBER GROUP DIV SERVICE RUBBER GROUP,0VXY8,,,
"DYKMAN ELECTRICAL, INC. DIV BOISE OFFICE",0VYK9,,,
PRECISION AEROSPACE CORPORATION DBA PRECISION AEROSPACE,0VYL9,,,
THE HYGENIC CORPORATION,0VYY5,,,
"COBRA SYSTEMS, INC.",0VYY9,,,
"KARL SCHUMACHER DENTAL INSTRUMENT CO., INC.",0VZ08,,,
SYNTHETIC INDUSTRIES INC LUMITE DIV,0VZR9,,,
EUCHNER-USA INC,0W003,,,
"MARITIME TANKSYSTEMS INTERNATIONAL, INC DBA FLUME STABILIZATION SYSTEMS",0W0U5,,,
"MARSHALL ELECTRONICS, INC. DBA MOGAMI",0W0V1,,,
CONCURRENT TECHNOLOGIES CORP,0W151,,,
OPW ENGINEERED SYSTEMS,0W1X6,,,
ASTRONICS TEST SYSTEMS INC,0W200,,,
CONCEPT DEVELOPMENT CORPORATION,0W2A5,,,
AQUADRIVE SYSTEMS INC,0W2W9,,,
"JOLEN SERVICES, INC. DBA JOLEN SERVICES INC",0W3X6,,,
ALTRONIC INC,0W3Y7,,,
UNIVERSAL SWITCHING CORPORATION DBA UNIVERSAL SWITCHING CORP,0W482,,,
CLIMATE CONTROL INC,0W4A6,,,
"STIDD SYSTEMS, INC. DBA STIDD SYSTEMS INC",0W5E3,,,
BRENNAN INDUSTRIES OF TEXAS INC,0W5H0,,,
OXLIFE INC,0W7S4,,,
FOUNDRY AND MOLDING PROCESS SECTION MFG DIV,0W8S6,,,
WEBER MACHINE USA INC.,0W981,,,
GROVER ENGINEERING,0W9Y8,,,
NETEX INDUSTRIES DBA NORTHEAST TEXAS INDUSTRIES INC.,0WAG0,,,
ATLAS COPCO COMPRESSORS INC,0WAL4,,,
"CASPIAN ARMS, LTD.",0WAM0,,,
"PERFORMANCE CASTERS & EQUIPMENT, INC.",0WB64,,,
COLE-PARMER INSTRUMENT CO LLC,0WB84,,,
LG ELECTRONICS USA INC,0WBG2,,,
"HD SUPPLY FACILITIES MAINTENANCE, LTD. DBA USABLUEBOOK DIV USABLUEBOOK",0WBJ7,,,
"MONAERO ENGINEERING, INC. DBA MONAERO ENGINEERING INC",0WDP7,,,
AMERICAN TURBO SYSTEMS INC,0WE82,,,
"ELBITAMERICA, INC.",0WEC9,,,
BREYDEN PRODUCTS LLC,0WFC7,,,
GUARDIAN FIRE EQUIPMENT INC.,0WFT9,,,
SHOALS INTERNATIONAL CORPORATION,0WGN0,,,
FINANCIAL ADVISORY SERVICES INC,0WJW1,,,
"WINK DAVIS EQUIPMENT COMPANY, INC.",0WK51,,,
DELL CORP,0WKA6,,,
"THE GILL CORPORATION - MARYLAND DIV GILL CORPORATION - MARYLAND, THE",0WL95,,,
INTERLOG CORPORATION DBA INTERLOG CORP,0WLD2,,,
"DB SYSTEMS, INC.",0WLN8,,,
"RACO INTERNATIONAL, LP",0WN63,,,
THERMTROL CORP,0WN82,,,
"TEMCO METAL PRODUCTS COMPANY TEMCO ENGINEERED PRODUCTS, INC. DBA TEMCO",0WNY0,,,
ABB DRIVES INC,0WP66,,,
"CONRAD FIRE EQUIPMENT, INC",0WPC6,,,
"ULTRATECH INTERNATIONAL, INC DIV ULTRATECH INTERNATIONAL",0WPF3,,,
"ATMOST REFRIGERATION COMPANY, INC. DIV ATMOST REFRIGERATION",0WPH5,,,
PARKER SYSTEMS INC,0WR28,,,
PCA ELECTRONICS INC,0WR54,,,
CHRISLYN ENTERPRISES DBA VINATRONICS,0WRU3,,,
CANVAS WORKS INC BRUCES CUSTOM COVERS DIV,0WSP3,,,
"WILSON'S GUN SHOP, INC. DIV WILSON COMBAT",0WSZ3,,,
INTERCONNECT WIRING LLP DBA INTERCONNECT WIRING LLP,0WW63,,,
BORDSON MARTIN DBA BADGER ORDNANCE DIV MARTIN BORDSON DBA BADGER ORDNANCE,0WXH8,,,
RED DEVIL EQUIPMENT COMPANY,0WXX9,,,
"OREGON AERO, INC. DBA OREGON AERO INC",0WY76,,,
RADIO DESIGN LABS,0WY99,,,
"FRC COMPONENT PRODUCTS, INC. DBA FRC COMPONENT PRODUCTS",0WYL6,,,
TECHNOBOX INC,0X0D1,,,
"AVLITE AVIATION, INC. DBA AVLITE AVIATION INC",0X1H8,,,
ARDOX CORP. DBA SCOT DIVISION,0X2X1,,,
CREATIVE LOGISTICS LTD,0X5M5,,,
FIRWIN CORP,0X832,,,
EASY LIFT EQUIPMENT CO INC,0X8F3,,,
ALDEN CORPORATION DBA DRILL-OUT,0XA39,,,
BLACKHAWK INDUSTRIES PRODUCT GROUP UNLIMITED LLC DBA ATK - ACCESSORIES - BLACKHAWK,0XA57,,,
MICROSTOCK INC,0XAB5,,,
DOW CHEMICAL,0XAS9,,,
"LDS VACUUM PRODUCTS, INC. DBA LDS VACUUM PRODUCTS INC",0XAX4,,,
"ARGON TOOL, INC. DBA ARON & TOOL MANUFACTURING CO",0XB73,,,
ALLIED LOGISTICS INC DBA PACIFIC TECHNICAL INDUSTRIES,0XBB5,,,
CONTINENTAL MFG CO DIV OF CONTICO INTL INC,0XBU6,,,
R F INDUSTRIES LTD DIV RF INDUSTRIES,0XD97,,,
ZAGO MANUFACTURING CO INC DIV NA,0XDB0,,,
RADWELL INTERNATIONAL LLC,0XDP7,,,
AMERICO INDUSTRIAL SUPPLY INC,0XDR8,,,
BB&G ENTERPRISES INC DBA SPECIALIZED METALS,0XE09,,,
PRECISION PRODUCTS INC DBA PRECISION PRODUCTS INC,0XE21,,,
"QUINSTAR TECHNOLOGY, INCORPORATED DBA QUINSTAR TECHNOLOGY INC DIV QUINSTAR TECHNOLOGY, INC.",0XE89,,,
"NEW TK COATINGS, LLC DBA TURN-KEY COATINGS",0XEU1,,,
"RAYCO SUPPLY, INC. DBA RAYCO SUPPLY INC",0XGL1,,,
"LASER PROBE, INC. DBA LASER PROBE INC",0XGW3,,,
"NORITAKE CO., INC. DBA ELECTRONICS DIVISION",0XHD3,,,
BANDAK AVIATION INC,0XK38,,,
"TELEDYNE DETCON, INC.",0XL44,,,
LAPP USA INC.,0XLF2,,,
"NICKLESS SCHIRMER & CO., INC. DBA NSC COMMUNICATIONS",0XLH3,,,
BLUDOT INC,0XLT7,,,
POWERBOSS INC DIV MINUTEMAN POWERBOSS,0XN96,,,
"AMERICAN PURCHASING SERVICES, LLC DBA AMERICAN MEDICAL DEPOT DIV D/B/A AMERICAN MEDICAL DEPOT",0XP01,,,
"PC MALL , INC. DBA PC MALL GOV, MAC MALL, CCIT",0XP03,,,
"DATAGATE, INC",0XR26,,,
"SANDBAGGER CORP., THE",0XR73,,,
KENNEMETAL,0XSD7,,,
GENERAL SHELTERS OF TEXAS INC,0XTH8,,,
OMNI SERVICES INC,0XUE9,,,
"UNITED DYNAMICS, INC",0XWR4,,,
"SHILOG, LTD DBA SHILOG LTD",0XWS5,,,
"ZMICRO, INC.",0XWT1,,,
QUALITY DIE CUTTING INC. DBA QUALITY DIE CUTTING INC,0XWX2,,,
"BARRON'S WHOLESALE TIRE, LLC",0XXJ4,,,
"KOOLANT KOOLERS, INC DBA SCHREIBER ENGINEERING CORP DIV",0XXY3,,,
"TECHNOLOGY ADVANCEMENT GROUP, INC",0XXY5,,,
"GREENLEE TOOLS, INC. DBA GREENLEE TEXTRON TEMPO OPERATION",0XY53,,,
JW WINCO INC,0XY83,,,
"POLYCOM, INC.",0XYW1,,,
SUGATSUNE AMERICA INC,0Y0C7,,,
BRASSELER USA I LP,0Y2N4,,,
"AERO EXPRESS, INC. DBA AERO EXPRESS INC",0Y2T0,,,
RAASM USA INC DBA RAASM MFG USA,0Y452,,,
"BRANDON & CLARK, INC. DIV BRANDON & CLARK",0Y4E6,,,
WIRE MASTER,0Y4K9,,,
SAGE INTERNATIONAL LTD,0Y503,,,
T A BARKER ASSOCIATES,0Y5Y2,,,
"WASTE CONTROL SYSTEMS, INC. DBA WASTE CONTROL SYSTEMS INC",0Y6F4,,,
MTM BUSINESS SYSTEMS,0Y6X8,,,
WILLIAMS FIRE & HAZARD CONTROL INC.,0Y7V0,,,
"BC ENTERPRISES INC DBA BATTERY MAT, THE",0YA21,,,
ETI SYSTEMS INC DIV OF POLARIS INDUSTRIAL ENTERPRISES,0YA89,,,
"AMERICAN VALLEY AVIATION, INC. DBA AMERICAN VALLEY AVIATION INC",0YBF0,,,
"BENNETT AND BENNETT, INC",0YBM6,,,
"DCM CLEAN AIR PRODUCTS, INC.",0YBX0,,,
BAE SYSTEMS TECHNOLOGY SOLUTIONS & SERVICES INC,0YCM5,,,
"ARROW ELECTRONICS, INC. DBA ARROW ZEUS ELECTRONICS",0YDA6,,,
VALLEY RUBBER MIXING INC,0YEA6,,,
CLARK'S PRECISION MACHINE AND TOOL INC.,0YEB6,,,
LAMBDA QUALIDYNE INC,0YF42,,,
NORCO INC NORLAB DIV,0YFB8,,,
"OAKWORKS, INC.",0YFK1,,,
"KOKE, INC.",0YGH5,,,
CORTELCO INC,0YGZ1,,,
OIL-AIR PRODUCTS LLC DBA OIL AIR PRODUCTS INC,0YH79,,,
AMERICAN CAP CO LLC DBA ACCI ACQUISITION COMPANY,0YJ78,,,
"GENERAL ATOMICS AERONAUTICAL SYSTEMS, INC.",0YJB5,,,
"HAMILTON SUNDSTRAND SPACE SYSTEMS INTERNATIONAL, INC",0YJV4,,,
"HAMMETT'S ELECTRIC COMPANY INC DIV HAMMETT ELECTRIC COMPANY, INC.",0YK78,,,
COOK IRON STORE COMPANY DBA HEAVYDUTYSTORE.COM,0YLY8,,,
REVERE ELECTRIC SUPPLY CO. DBA GOVERNMENT SERVICES DIVISION,0YM16,,,
"WALKER MILLER EQUIPMENT COMPANY, INC. DBA WALKER MILLER EQUIPMENT CO INC",0YMF8,,,
"VISTA INDUSTRIES, INC.",0YMJ1,,,
DAUBERT CHEMICAL CO INC,0YMU2,,,
HS ASSOCIATES CORP,0YMV8,,,
"RIVER BEND HOSE SPECIALTY, INC. DBA RIVER BEND HOSE SPECIALTY INC",0YN36,,,
MICRO CONNECTING DEVICES,0YN38,,,
"POLYMOD TECHNOLOGIES, INC. DBA POLYMOD TECHNOLOGIES INC",0YNK4,,,
ENERGY SOLUTIONS INTL,0YNW0,,,
LIBERTY PAPER PRODUCTS LLC,0YPG4,,,
"TITAN SUPPORT SYSTEMS, INC.",0YR68,,,
VALVE AUTOMATION AND CONTROL OF SAN DIEGO DBA VALVE AUTOMATION & CONTROL OF SAN DIEGO DIV VALVE AUTOMATION AND CONTROLS OF,0YRW0,,,
"C.C. JENSEN, INC",0YRW4,,,
INSIGHTS VISUAL PRODUCTIONS INC. DBA MICROSCOPE WORLD,0YTR7,,,
ROBECK FLUID POWER CO. DBA ROBECK FLUID POWER CO,0YUR1,,,
"AZTEC INTERNATIONAL TIMBER AND TRADING, LTD.",0YVA4,,,
FUJI TRADING AMERICA INC,0YVP5,,,
"AMERICAN INDUSTRIAL HEAT TRANSFER, INC.",0YWD5,,,
"FALCON AEROSPACE, INC",0YWF1,,,
"Z-MAR TECHNOLOGY, INC. DBA Z-MAR TECHNOLOGY INC",0YWL3,,,
KAWASUMI LABORATORIES AMERICA INC,0YWM7,,,
HMS CARPET WAREHOUSE,0YWR4,,,
SOLUTRIX LLC,0YWY4,,,
TJW INC DIV SCS CASES,0YX30,,,
TIGER-VAC INC.,0YX65,,,
DELTA SEAL & SUPPLY INC,0YX92,,,
MS SALES INC.,0YXX6,,,
"TAYLOR PRECISION PRODUCTS, INC.",0YZF7,,,
INDUSTRIAL SERVICE & SUPPLY INC,0Z007,,,
GLAMOX CANADA INC,0Z179,,,
WESTWARD CORP,0Z2G2,,,
CLEVELAND TANK & SUPPLY INC,0Z2V9,,,
ALCATEL INTERNETWORKING INC.,0Z321,,,
LATHAM MARINE INC,0Z551,,,
SHADIN LP DBA SHADIN AVIONICS,0Z5P5,,,
MSC INDUSTRIAL SUPPLY CO,0Z629,,,
"RUBBER & SPECIALTIES INC DIV RUBBER AND SPECIALTIES, INC",0Z662,,,
GENERAL JACK & GREASE GUN SVC INC,0Z6D1,,,
DRIVELINE 1 INC.,0Z6R3,,,
HAYES AXLE INC,0Z890,,,
"YARRA DESIGN AND FABRICATION, LLC",0Z8B0,,,
"ROCO RESCUE, INC. DBA ROCO RESCUE INC",0Z8M1,,,
LACIE LTD,0Z8Q5,,,
AUTOFACX INC,0ZA36,,,
BLUME WORLDWIDE SERVICES,0ZA79,,,
PHILIPS NORTH AMERICA LLC DBA PHILIPS HEALTHCARE,0ZBJ4,,,
MICRO PROCESSOR SYSTEMS INC,0ZD73,,,
EPHA INC,0ZDP8,,,
"MX MARINE, INC DIV MX MARINE",0ZE05,,,
"ACCES I O PRODUCTS, INC",0ZE50,,,
"VARTECH SYSTEMS, INC.",0ZE75,,,
DURABOOK AMERICAS INC. DIV GAMMATECH COMPUTER CORPORATION,0ZER9,,,
SIERRA INTERNATIONAL INC. DBA TELEFLEX MARINE,0ZET4,,,
MIDE TECHNOLOGY CORP,0ZEU0,,,
"WORKSKIFF, INC.",0ZFD4,,,
METRIC SPECIALTIES INC,0ZGC1,,,
NELSON DESIGN SERVICE INC,0ZH49,,,
COLEBRAND INC,0ZH59,,,
"SIERRA CIRCUITS, INC. DBA SIERRA CIRCUITS INC",0ZHS4,,,
MISSION PLASTICS,0ZHW1,,,
METRA ELECTRONICS,0ZHY1,,,
AMPHENOL INTERCON SYSTEMS INC DIV AMPHENOL INTERCON SYSTEMS,0ZJL1,,,
TECKNIT SHIELDING SYSTEMS INC,0ZK58,,,
AURELIUS MFG CO INC,0ZK80,,,
"ELECT-A-VAN SERVICE, L.L.C. DBA ELECT A VAN SERVICE LLC",0ZKS4,,,
"SPYDERCO, INC. DBA SPYDERCO INC",0ZKZ2,,,
"CARLETON TECHNOLOGIES, INC. DIV PRESSURE TECHNOLOGY DIVISION",0ZL23,,,
"SHIPMAN'S FIRE EQUIPMENT COMPANY, INC.",0ZLF9,,,
"MICHIGAN INSTRUMENTS, LLC DBA MICHIGAN INSTRUMENTS INC",0ZN11,,,
SYNERGY SEMICONDUCTOR CORP,0ZN38,,,
"ELECTRONICS RESEARCH, INC.",0ZNS1,,,
ZEAGLE SYSTEMS INC,0ZQK8,,,
"QUALITY DEFENSE SPARES, INC. DBA QUALITY DEFENSE SPARES INC",0ZSC3,,,
FLEXIAL CORP DIV FLEXIAL CORPORATION,0ZSE3,,,
"NAR MEDICAL DEPOT, LLC",0ZSM5,,,
"SHEA MANUFACTURING, INC.",0ZSR7,,,
PRC INC.,0ZTB3,,,
AUTOMATED MEASUREMENT & CONTROL CORP,0ZTP3,,,
TOPAZ ELECTRIC CORP DIV OF TOPAZ LIGHTING CORP,0ZU18,,,
"TECHNICAL MARKETING SYSTEMS, INC.",0ZUC7,,,
"MYRICOM, INC. DIV MYRICOM, INC.",0ZVG1,,,
BERG POWER ENGINEERS INC,0ZVL2,,,
JANCO INC,0ZVM4,,,
E R WAGNER MANUFACTURING CO DBA WAGNER CASTERS & WHEELS,0ZVN4,,,
DANKA OFFICE IMAGING COMPANY,0ZW37,,,
POINT LIGHTING CORPORATION DBA POINT LIGHTING CORP,0ZW97,,,
"AQUA SOLUTIONS, INC. DBA AQUA SOLUTIONS INC",0ZWN3,,,
PYNCO INC,0ZX08,,,
"SVF FLOW CONTROLS, INC",0ZX16,,,
KEM ENTERPRISES INC,0ZXF7,,,
ACCUTEMP PRODUCTS INC,0ZYB8,,,
"FERRARA FIRE APPARATUS, INC. DBA FERRARA FIRE APPARATUS INC",0ZYT8,,,
ONIX NETWORKING CORP,0ZZJ6,,,
MICRO PHOTONICS INC,0ZZT9,,,
NAVAIR AND NAVSEA MANAGED ORIGINAL DESIGN ACTIVITY DWG NOT MATERIAL/PARTS SUPPLIER,10001,,,
GENERAL ELECTRIC CANADA COMPANY,10007,,,
CORNELL-DUBILIER ELECTRONICS DIV FEDERAL PACIFIC ELECTRIC CO RESEARCH CENTER,10013,,,
"CSI TECHNOLOGIES, INC. DBA CSI TECHNOLOGIES INC",10026,,,
TRIVAL ANTENE D.O.O.,1003Q,,,
DOERS ASSOCIATES LLC,10042,,,
"MARINE ELECTRONICS, LLC SALES",10055,,,
SCULLY SIGNAL COMPANY DBA SCULLY SIGNAL CO,10068,,,
,,,,
SCIENTIFIC ATLANTA INC,10110,,,
GENERAL DYNAMICS MOTION CONTROL LLC,10112,,,
,,,,
SEALCO AIR CONTROLS INC,10125,,,
CURTISS-WRIGHT ELECTRO-MECHANICAL CORPORATION DBA CURTISS WRIGHT ENGINEERED PUMP DIVISION USE CAGE CODE 0UBG9 FOR CATALOGING,10171,,,
NEWHOUSE SPECIALTY CO.,10224,,,
"RADIUS AEROSPACE - SAN DIEGO, INC.",10234,,,
,,,,
,,,,
,,,,
MAHLE LETRIKA D.O.O.,1036Q,,,
"CAMBRIDGE, INC. DBA CAMBRIDGE WIRE CLOTH",10380,,,
,,,,
"WHELEN ENGINEERING COMPANY, INC. DBA WHELEN ENGINEERING CO INC DIV WHELEN ENGINEERING COMPANY",10402,,,
,,,,
,,,,
"KUSSMAUL ELECTRONICS COMPANY, INC.",10463,,,
CAMPBELL HAUSFELD CO,10494,,,
,,,,
WASHINGTON SCIENTIFIC INDUSTRIES INC,10522,,,
,,,,
,,,,
,,,,
"STANDEX ELECTRONICS, INC.",10581,,,
,,,,
SPELLMAN HIGH-VOLTAGE ELECTRONICS CORPORATION,10610,,,
"PENTAIR PUMP GROUP, INC. DBA FAIRBANKS MORSE PUMP",10613,,,
GYRODYNE CO OF AMERICA INC,10618,,,
CBC MANUFACTURING LLC DIV CBC MANUFACTURING,10642,,,
DRESSER-RAND GROUP INC,10722,,,
CARRIER CORP,10855,,,
STEYR MOTORS GMBH,1089N,,,
,,,,
CASCO PRODUCTS CORP SUB OF SEQUA CORP,10966,,,
LANGER WILLIAM JEWEL BEARING PLANT,11047,,,
,,,,
,,,,
KOP-COAT INC,11111,,,
BEL-ART PRODUCTS INC,11134,,,
B. BRAUN MEDICAL INC,11171,,,
XACT SPEC INDUSTRIES LLC,11228,,,
PRECISION PLUMBING PRODUCTS INC,11230,,,
CTS CORP BERNE DIV THICK FILM PRODUCTS GROUP,11236,,,
HILTI INC,11239,,,
BOYD CORPORATION (WOBURN) INC,11245,,,
LODESTONE CORP DIV OF FEDDERS CORP,11247,,,
HYTROL CONVEYOR CO INC,11251,,,
EL-RAD MFG CO,11253,,,
ELECTRO-JET TOOL & MFG.CO.INC,11259,,,
CENTRAL SCIENTIFIC CO EDUCATIONAL,11273,,,
"TELEDYNE DEFENSE ELECTRONICS, LLC DBA TELEDYNE MICROWAVE SOLUTIONS DIV TELEDYNE MEC",11312,,,
WILLIAMS CONTROLS INC,11331,,,
GENERAL MICROWAVE CORPORATION DIV KRATOS MICROWAVE ELECTRONICS,11332,,,
"BMT AEROSPACE USA, INC.",11371,,,
KOLLMORGEN CORP,11384,,,
,,,,
GE STEAM POWER INC DIV GENERAL ELECTRIC,11440,,,
"L3 TECHNOLOGIES, INC. DIV COMMUNICATION SYSTEMS-EAST",11447,,,
TURBO POWER & MARINE SYSTEM INC SUB OF UNITED TECHNOLOGIES CORP,11449,,,
NIKON INC INSTRUMENT DIV,11451,,,
SIMAT INDUSTRIES LTD,1151A,,,
"ZAMZOW MANUFACTURING COMPANY, INCORPORATED",11522,,,
"TELEDYNE DEFENSE ELECTRONICS, LLC DBA TELEDYNE RELAYS DIV HTTPS://WWW.TELEDYNE.COM/WHAT-WE-DO/",11532,,,
CHAMPION,11580,,,
CHANDLER MACHINE COMPANY,11598,,,
TRIUMPH ENGINE CONTROL SYSTEMS LLC,11599,,,
,,,,
"L3 TECHNOLOGIES, INC. DIV COMMUNICATION SYSTEMS-WEST",11627,,,
"KRAUSE AIRCO, INC. DBA KRAUSE AIRCO INC",11638,,,
WESTINGHOUSE ELECTRIC CORP CONTROL BUSINESS UNIT,11660,,,
"NEWDELL COMPANY, THE DBA LADISH VALVES",11661,,,
CHICAGO RAWHIDE PRODUCTS CANADA LTD,11678,,,
CHAUSSE MFG CO INC P O BOX 782 BLOOMFIELD MI 48303-0782,11740,,,
SCHENCK PEGASUS CORPORATION,11788,,,
THOMPSON AEROSPACE INC,11809,,,
ENGINEERED MAGNETICS INC AAP DIV,11825,,,
TRUHEAT INC.,11835,,,
ELECTRO SCIENTIFIC INDUSTRIES INC,11837,,,
EQUITABLE ENGINEERING COMPANY INC.,11867,,,
"RECON/OPTICAL, INC.",11871,,,
PLASTIGLIDE MFG CORP,11897,,,
"COMCO PLASTICS, INC.",11917,,,
FIELD PLASTICS INC,11956,,,
HEDWIN CORPORATION,11965,,,
,,,,
FMC CORP ENVIRONMENTAL EQUIPMENT DIV,11995,,,
OAK CRYSTAL INC,12020,,,
"BEI PRECISION SYSTEMS & SPACE COMPANY, INC",12050,,,
SIM-KAR LIGHTING FIXTURE CO INC,12084,,,
,,,,
,,,,
APPALACHIAN ELECTRONIC INSTRUMENTS INC,12101,,,
,,,,
"COLMAC INDUSTRIES, INC",12148,,,
WHIP-MIX CORP,12164,,,
UNITRON INC,12175,,,
,,,,
CHRYSLER REALTY COMPANY LLC DBA DAIMLER CHRYSLER,12204,,,
"BROWNELLS, INCORPORATED DBA BROWNELLS INC",12238,,,
KRECO ANTENNAS DBA HERB KRECKMAN,12245,,,
"NAVY, UNITED STATES DEPARTMENT OF THE DBA NAVAL SURFACE WARFARE CENTER DIV NAVAL SURFACE WARFARE CENTER CRANE DIVISION",12255,,,
,,,,
ARDEN ELIZABETH OF CANADA LTD,12281,,,
MURATA ERIE NORTH AMERICA INC DIVOF MURATA ERIE,12294,,,
PERFECTION SCREW AND RIVET CO,12332,,,
TALLY PRINTER CORPORATION,12344,,,
STREAMLINE AVIONICS INC.,12406,,,
SOUTHERN CALIFORNIA OIL TOOL CO,12411,,,
TAPESWITCH CORPORATION DBA TAPESWITCH CORP,12427,,,
COMSPACE CORP ARKAY INTL DIV,12431,,,
MERRIMAC INDUSTRIES INC,12457,,,
NEAL MACHINE CORP,12459,,,
MCDONNELL DOUGLAS CORP MCDONNELL DOUGLAS ELECTRONIC SYSTEMS CO,12464,,,
,,,,
LOCKWOOD CORP,12472,,,
"BEL-RAY COMPANY, INC.",12474,,,
"CRYSTALONICS, INC.",12498,,,
HISPARASA TRADING & TECHNOLOGIES SA,124BB,,,
AMETEK THERMAL SYSTEMS INC,12536,,,
"DRESSER-RAND HOLDINGS, LLC DBA DRESSER-RAND DIV OLEAN OPERATIONS",12570,,,
CLARK CONTROL INC,12584,,,
"RLC ELECTRONICS, INC",12598,,,
"HOWARD INDUSTRIES, INC.",12602,,,
HAMLIN INC,12617,,,
WHITEY CO,12623,,,
SAINT-GOBAIN PERFORMANCE PLASTICS CORP DIV FOAMS,12624,,,
"PELCO, INC.",12644,,,
APACHE BOAT WORKS,12650,,,
BALDWIN FILTERS,12658,,,
PETERSON MFG CO,12662,,,
AIR REFINER INC,12695,,,
JUDD WIRE INC. DBA JUDD WIRE INC,12703,,,
BAE SYSTEMS INFORMATION AND ELECTRONIC SYSTEMS INTEGRATION I,12705,,,
TRACTEL INC. DIV TRACATEL,12708,,,
AMERICAN MAGNETICS CORP,12715,,,
VSI CORP SUB OF FAIRCHILD INDUSTRIES INC,12733,,,
WESTAMP INC,12745,,,
"LIBERTY INDUSTRIES, INC. DBA LIBERTY INDUSTRIES",12746,,,
JAMES ELECTRONICS INC,12749,,,
WARREN MACHINE CO INC,12758,,,
SERVOTRONICS INC,12779,,,
RAYTHEON COMPANY DBA RAYTHEON DIV SPACE SYSTEMS,12813,,,
PIONEER MACHINE PRODUCTS INC.,12829,,,
TEXSTARS LLC DBA PPG AEROSPACE,12849,,,
SMITHS INTERCONNECT INC DIV SMITHS INTERCONNECT INC - TAMPA,12855,,,
PAULSON MANUFACTURING CORP.,12858,,,
GSE HOLDINGS INC. DBA ITW MILITARY GSE DIV HOBART GROUND SYSTEMS,12867,,,
"BEHLMAN ELECTRONICS, INC",12868,,,
GENERAL GASKET CORP,12955,,,
"COMPUTER COMPONENTS, INC DBA RELAYS UNLIMITED",12965,,,
GOODRICH CORPORATION DIV ADVANCED STRUCTURES LANDING SYSTEMS,13002,,,
"H.A. KING CO., INC.",13008,,,
"LOCKHEED MARTIN SIPPICAN, INC. DIV COMMUNICATION DIVISION",13030,,,
BUCK-ALGONQUIN MARINE HARDWARE DIV OF ALGONQUIN CO DIV OF DIXON VALVE AND COUPLING CO,13039,,,
"HART ACQUISITION COMPANY, LLC DBA HART PRECISION MACHINING, LLC DIV HART PRECISION MACHINING",13077,,,
,,,,
AQUA CRYSTAL MANUFACTURING DIV MACDONALD,13102,,,
THERMALLOY CO INC,13103,,,
"C. R. BARD, INC.",13120,,,
I B & M TUBULAR PRODUCTS INC.,13144,,,
RUBBERMAID INC,13147,,,
AXSYS TECHNOLOGIES INC,13150,,,
GENERAL DYNAMICS LAND SYSTEMS INC. DBA WOODBRIDGE TECHNICAL CENTER DIV GENERAL DYNAMICS LAND SYSTEMS INC-WOODBRIDGE TECHNICAL CENTE,13160,,,
HAMPDEN ENGINEERING CORP,13172,,,
CLEVELAND WIRE CLOTH & MANUFACTURING CO,13173,,,
"STANG INDUSTRIES, INC",13189,,,
WARE MACHINE WORKS INC,13194,,,
"MATTHEW WARREN, INC DIV HELICAL PRODUCTS",13201,,,
CLIPPER BELT LACER CO,13221,,,
"A. T. PARKER, INC. DIV SOLAR ELECTRONICS COMPANY",13222,,,
AMERACE LTD,13257,,,
"VEOLIA WTS SYSTEMS USA, INC.",13321,,,
KTC INSTRUMENTS LLC DBA TENSITRON DIV TENSITRON,13331,,,
TRIMTEK MANUFACTURIING INC,13339,,,
"NEWTERRA CORPORATION, INC.",13344,,,
"FABRICAST, INC DBA FABRICAST INC",13345,,,
GREENWICH AIR SERVICES MIAMI INC,13346,,,
CODMAN & SHURTLEFF INC,13372,,,
RSM ELECTRON POWER INC,13409,,,
"FENNELL SPRING COMPANY, LLC",13427,,,
DEUER MFG INC,13435,,,
CRYSTEK CRYSTALS CORPORATION DBA CRYSTEK CORP,13454,,,
"EPPENDORF NORTH AMERICA, INC.",13487,,,
"C & H HYDRAULICS, INC DBA ACME DIVAC INDUSTRIES USE CAGE CODE 6N016 FOR CATALOGING",13539,,,
ELBIT SYSTEMS OF AMERICA - NIGHT VISION LLC,13567,,,
ELECTRONIC RESEARCH CO SUB OF Q-TECH CORP,13571,,,
UNIVAIR AIRCRAFT CORPORATION,13594,,,
HUDSON OXYGEN THERAPY SALES CO,13614,,,
"VIP RUBBER COMPANY, INC. DBA VIP RUBBER CO",13620,,,
,,,,
PARKER HANNIFIN CORPORATION DIV CYLINDER DIVISION,13829,,,
"TIFFIN PARTS, L.L.C. DIV SUBSIDIARY OF PETTIBONE CORP.",13841,,,
LENAPE FORGED PRODUCTS CORP,13871,,,
DLA AVIATION ENGINEERING DIV DEPARTMENT OF DEFENSE,13873,,,
OGDEN MFG CO,13905,,,
BURR-BROWN CORP,13919,,,
"ELECTROMOTIVE DIV., MAGNA INDUSTRIES",13949,,,
"ELLWOOD SAFETY APPLIANCE CO., INC.",13985,,,
BAE SYSTEMS SPACE & MISSION SYSTEMS INC. DIV SPACE & MISSION SYSTEMS INC.,13993,,,
"DYNABRADE, INC. DBA DYNABRADE INTERNATIONAL SALES",14017,,,
DIGITECH INDUSTRIES INC,14031,,,
MONOGRAM INDUSTRIES INC OHIO ROD PRODUCTS DIV,14034,,,
SCREW-MATIC CORPORATION,14039,,,
HADER-SEITZ INC,14108,,,
"BENNETT INDUSTRIES, INC DIV STEEL PRODUCTS DIVISION",14149,,,
DEFENSE LOGISTICS AGENCY DBA DEFENSE SUPPLY CENTER PHILADELPHIA,14153,,,
HUGHES MISSILE SYSTEMS CO SAN DIEGO,14170,,,
LULL CORP,14180,,,
JET AVION CORP,14236,,,
"HARLOW AEROSTRUCTURES, LLC",14248,,,
"BALL CHAIN MANUFACTURING, CO., INC. DBA BALL CHAIN MANUFACTURING",14278,,,
STEELE ELECTRONICS INC,14305,,,
UNITED ELECTRIC CONTROLS CO DIV PRECISION SENSORS DIVISION,14314,,,
GENERAL RELIANCE CORP,14339,,,
,,,,
HEALTH O METER,14380,,,
"AMETEK TECHNICAL & INDUSTRIAL PRODUCTS, INC. DBA TACHTRONIC INSTRUMENTS DIVISION DIV AMETEK TECHNICAL AND INDUSTRIAL PRODUCTS, INC.",14404,,,
AMERICAN PRECISION INDUSTRIES INC,14412,,,
GENERAL BINDING CORPORATION DBA G B C,14436,,,
NYLOK LLC,14438,,,
THE FLAMEMASTER CORPORATION,14439,,,
SOON AIR CO,14451,,,
"AERO PRODUCTS RESEARCH, INC.",14466,,,
LOBAUGH ROLLIN J,14480,,,
WATKINS-JOHNSON CO,14482,,,
"PROVISION, INC. DBA PROVISION INC",14487,,,
SI-TEX MARINE ELECTRONICS INC DBA (),14508,,,
,,,,
THE FIRST ELECTRONICS CORPORATION,14532,,,
COOPER MACHINERY SERVICES LLC,14541,,,
DEPENDABLE MACHINE COMPANY INC,14554,,,
"ADVANCED INDUSTRIES, LLC",14555,,,
,,,,
THOMPSON LIGHTNING PROTECTION INC,14559,,,
"GENERAL DYNAMICS ORDNANCE & TACTICAL SYSTEMS, INC.",14578,,,
DISPENSER DIV OF EATON YALE AND TOWNE CORDLEY AND HAYES,14636,,,
"UNITED BRASS WORKS, INC. DBA UNITED BRASS WORKS",14652,,,
AIROSOL CO INC,14676,,,
CORRY JAMESTOWN CORP,14693,,,
CRYDOM CORP,14704,,,
ENSIGN-BICKFORD AEROSPACE & DEFENSE CO DBA ENSIGN-BICKFORD AEROSPACE & DEFENSE CO,14720,,,
PRECISION FORM RIVET INC,14728,,,
MOBERN ELECTRIC CORP,14753,,,
RG INDUSTRIES INC DIV RG GROUP,14775,,,
"SAFRAN CABIN STERLING, INC.",14776,,,
"MITCHELL INDUSTRIAL TIRE CO., INC. DBA MITCO TIRES DIV MITCHELL INDUSTRIAL TIRE",14782,,,
"DESIGNED METAL CONNECTIONS INC DBA PERMASWAGE USA DIV PERMASWAGE, A PCC COMPANY",14798,,,
MANDZAK INSTRUMENTATION SPECIALISTS INC,14802,,,
FREQUENCY ELECTRONICS INC,14844,,,
"ARMY, UNITED STATES DEPARTMENT OF THE DBA DIORECTORATE OF PRODUCTION ENGINEERING DIV TOBYHANNA ARMY DEPOT",14850,,,
AMERICAN MOHAWK SCREW AND MFG CO DBA AMERICAN MOHAWK CORP,14868,,,
"GEORGE FISCHER SLOANE, INC.",14889,,,
RUSSELL COIL CO,14901,,,
WEBCO MACHINE PRODUCTS INC,14919,,,
DEFENSE ELECTRONICS SUPPLY CENTER,14933,,,
CLAMPS INC,14934,,,
"TROMPETER ELECTRONICS, INC.",14949,,,
MAGNETIC METALS USA SUB OF INDUCTOTHERM CORP,14954,,,
"MIDDLETON ENTERPRISES, INC DIV AERO TUBE & CONNECTOR DIV.",14963,,,
"SOUTHERN FOLGER DETENTION EQUIPMENT COMPANY, LLC",14966,,,
,,,,
"SAMUEL, SON & CO. (USA) INC. DBA MISSOURI METALS",15019,,,
RAYTHEON COMPANY,15090,,,
"KBR WYLE SERVICES, LLC",15151,,,
"PCX AEROSYSTEMS-MANCHESTER, LLC DBA PCX AEROSYSTEMS - MANCHESTER LLC",15152,,,
HBA CAST PRODUCTS CO INC,15169,,,
EMERSON AUTOMATION SOLUTIONS FINAL CONTROL US LP DIV NAVY PRODUCT TEAM,15187,,,
TAT TECHNOLOGIES LTD DIV TAT ISRAEL,1523A,,,
HEXCO INTERNATIONAL DBA ACD,15275,,,
NORTHROP GRUMMAN SYSTEMS CORPORATION DIV ES DEFENSIVE SYSTEMS DIVISION,15280,,,
BABCOCK INDUSTRIES CANADA INCMATHEWS CONVEYOR DIV,15310,,,
VIBRATION ISOLATION PRODUCTS CORPORATION DBA PACIFIC MOLDED TECHNOLOGIES,15332,,,
KONGSBERG MARITIME INC DBA KONGSBERG MARITIME INC,15342,,,
"TECHNITROL, INC. DBA PULSE DIV MILITARY/AEROSPACE",15387,,,
RTIE HOLDINGS LLC,15454,,,
"CLIMAX PORTABLE MACHINE TOOLS, INC",15509,,,
DRESSER PRODUCTS INC,15517,,,
"AMERICAN DRYER, INC.",15541,,,
SIOUX CORPORATION DBA SIOUX CORP,15579,,,
CUSHMAN INC A RANSOM CO POBOX 7248 CHARLOTTE NC 28241 7248,15586,,,
LEGGETT & PLATT INCORPORATED,15600,,,
PRO-MARKT HIFI VIDEO ELEKTROGERAETEHANDELSGMBH,1560N,,,
STRAINSERT COMPANY,15617,,,
LM TARBELL INC DBA LM TARBELL INC,15622,,,
ELEC-TROL INC,15636,,,
COOPER CAMERON CORP COOPER CAMERON VALVES DIV,15645,,,
CASE J I CO,15667,,,
P AND J ENGINEERING INC,15672,,,
SBD ELECTRONIC SYSTEMS INC,15678,,,
OHMART CORP THE,15741,,,
DAIRY MACHINERY CO,15750,,,
"HALLMARK NAMEPLATE, INC. DIV HALLMARK NAMEPLATE",15758,,,
"BRANTNER AND ASSOCIATES, INC.",15789,,,
"ABBEON CAL, INC.",15806,,,
CR DANIELS INC,15814,,,
GEOTRONIC LABS INC DBA GEOTRONICS,15815,,,
UNIFLITE INC,15823,,,
,,,,
NEW HAMPSHIRE BALL BEARINGS INC DIV ASTRO DIVISION,15860,,,
WEST ELECTRONICS INC,15886,,,
"SPECTROLAB, INC.",15901,,,
LINVATEC CORPORATION DIV LINVATEC,15904,,,
"MICRO-MODE PRODUCTS, INC. DBA MICRO MODE PRODUCTS INC DIV MICRO-MODE PRODUCTS",15907,,,
PRICE-PFISTER BRASS MFG CO,15919,,,
"SCOTT TECHNOLOGIES, INC.",15927,,,
GUARDAIR CORP,15935,,,
STRATOTECH LLC,15939,,,
USACECOM INTELLIGENCE ELECTRONIC WARFARE SENSORS DIRECTORATE,15942,,,
AMERICAN AEROSPACE CONTROLS INC,15948,,,
"SMITH-BERGER MARINE, INC",15950,,,
PANOB CORP DIV PANOB,15952,,,
PATRIOT SENSORS & CONTROLS CORP DIV MEASUREMENT & CALIBRATION TECHNOLOGIES,16016,,,
VISIONAID INC.,16029,,,
RICHFIELD ELECTRONICS CORP,16060,,,
"FIVES GIDDINGS & LEWIS, LLC",16074,,,
DEXON INC,16085,,,
WISCONSIN TRAILER CO INC,16108,,,
GAMBLE CHARLES T INDUSTRIES,16119,,,
"DYCO MANUFACTURING, LLC",16157,,,
GRACE W R AND CO DAVISON CHEMICAL DIV,16210,,,
TITAN CORP THE,16224,,,
DLA LAND AND MARITIME DBA ENGINEERING AND TECHNICAL SUPPORT DIV ENGINEERING AND TECHNICAL SUPPORT/DOCUMENT STANDARDIZATION,16236,,,
CONNECTOR CORP,16237,,,
LORD CONSTRUCTION SYSTEMS INC,16238,,,
"ELANTAS PDG, INC.",16245,,,
SIGNET SCIENTIFIC CO,16290,,,
ITT CANNON LLC DBA BIW CONNECTOR SYSTEMS DIV ITT CANNON LLC D/B/A BIW CONNECTOR SYSTEMS,16326,,,
DAYTON ELECTRIC MFG CO,16327,,,
INSCO CORP,16328,,,
"STORED ENERGY SYSTEMS, A LIMITED LIABILITY COMPANY DBA STORED ENERGY SYSTEMS A LLC",16335,,,
C O D I CORP DBA CODI SEMICONDUCTOR INC,16352,,,
VICKERS S Y S INC,16452,,,
"CRANE ELECTRONICS, INC. DBA STC MICROWAVE SYSTEMS DIV SIGNAL TECHNOLOGY CORPORATION",16453,,,
"HANWHA AEROSPACE CO., LTD DIV PS BUSINESS UNIT",1645F,,,
"M C L, INC.",16469,,,
AEROFLEX R D L CORP,16478,,,
STANDARD PRECISION INC ACCURIDE DIV,16499,,,
VOLTRONICS INC,16509,,,
SENIOR FLEXONICS INC,16519,,,
STONE BENNETT CORPORATION,16545,,,
"SKYTRONICS, INC.",16553,,,
VALCOR ENGINEERING CORPORATION DBA USE CAGE CODE 96487 FOR CATALOGING,16554,,,
NEW PROGRESS INC,16565,,,
"OVIDON MANUFACTURING, LLC",16567,,,
SAES PURE GAS INC,16570,,,
SONETRONICS INC DBA SONETRONICS,16575,,,
"CONTROL FLOW, INC. DBA WESTECH HEAVY MACHINERY DIVISION DIV WESTECH HEAVY MACHINERY DIVISION",16603,,,
LTV CORP THE,16615,,,
LIMCO AIREPAIR INC.,16630,,,
RELECO SA,1663B,,,
"GREENRAY INDUSTRIES, INC.",16681,,,
"M. C. MACHINE CO., INC.",16696,,,
"SIEMENS ENERGY, INC.",16712,,,
KIKGEL MIROSLAW KIK,1671H,,,
"CUSTOM CAPACITORS, INC. DBA CUSTOM CAPACITORS INC",16727,,,
SPX CORPORATION DBA O T C TOOL & EQUIP DIVISION DIV SPX CORP - KENT-MOORE/OTC DIVISONS,16734,,,
PRESTO MFG CO,16749,,,
F E L CORP,16786,,,
MICROWAVE PRODUCTS INC SUB OF ADAMS-RUSSEL CO INC,16798,,,
"MOMAR, INCORPORATED DBA MOMAR INC DIV AQUATROL, MINTECH, MOCHEM, LUBEST, HANDYMAN",16800,,,
"B/E AEROSPACE, INC. DBA OXYGEN & PSU SYSTEMS DIV OXYGEN & PSU SYSTEMS",16827,,,
"FERNO WASHINGTON, INC. DBA FERNO WASHINGTON INC",16835,,,
GELMAN SCIENCES INC,16868,,,
BRIDPORT-AIR CARRIER INC. DBA AMSAFE BRIDPORT,16880,,,
"MINUTEMAN INTERNATIONAL, INC.",16893,,,
"AVERY DENNISON CORPORATION DBA AVERY DENNISON, FASTENER DIVISION DIV AVERY DENNISON - FASTENER DIVISION",16956,,,
ROBERT FULTON COMPANY,16962,,,
ELECTROMARK,16979,,,
J.B. NOTTINGHAM & CO INC DBA DURALINE PRODUCTS DIV DURALINE,16998,,,
LIQUIDONICS INDUSTRIES INC,17050,,,
"SOUND-CRAFT SYSTEMS, LLC",17059,,,
"BEI SENSORS & SYSTEMS COMPANY, INC. DBA USE CAGE CODE 67252 FOR CATALOGING",17080,,,
CARDINAL SCALE MANUFACTURING COMPANY DBA CARDINAL,17087,,,
,,,,
CELCO PACIFIC DIVISION,17100,,,
AMERICAN ULTRAVIOLET CO,17118,,,
PATCH RUBBER CO,17124,,,
SEVEN ASSOCIATES,17184,,,
"DUCOMMUN AEROSTRUCTURES, INC. DIV GARDENA",17214,,,
SCANLAN INTL,17281,,,
BEK INC DIV LEVEL 1 FASTENERS,17283,,,
VERSITRON INC,17297,,,
"UNITED PRECISION PRODUCTS CO., INC.",17328,,,
SPIRALOCK CORP DBA SPIRALOCK CORP DIV SPIRALOCK CORPORATION,17353,,,
PFEIFER B AND SOEHNE,17364,,,
HOOSIER SPRING CO INC DIV HOOSIER SPRING,17370,,,
ELECTRO-MINIATURES CORP. DBA ELECTRO MINIATURES CORP,17399,,,
GRAPHIC CONTROLS ACQUISITION CORP.,17405,,,
"THOMSON MICRON, LLC",17409,,,
BORNE CHEMICAL CO INC,17425,,,
PETERSON HARRY S CO INC,17433,,,
NYTRONICS INC,17490,,,
OASIS CONSTRUCTION DIV SUPPLY NURSES,17529,,,
ATCO TECHNOLOGY INC BULLOCK MAGNETICS DIV,17547,,,
"ROSS LABORATORIES, INC.",17550,,,
KYOCERA AVX COMPONENTS (BIDDEFORD) CORPORATION,17554,,,
"AIRGLAS, INC. DBA AIRGLAS INC",17564,,,
GOODRICH CORP DBA GOODRICH CORP,17576,,,
ROCKWELL COLLINS INC,17610,,,
ASPHALT EQUIPMENT CO INC,17624,,,
"HAYES DIVERSIFIED TECHNOLOGIES, INC",17654,,,
L & R MANUFACTURING COMPANY,17656,,,
WEILER CORPORATION,17699,,,
BARNES P S P INC,17705,,,
AERO-FLOW DYNAMICS INC,17746,,,
NORTH ATLANTIC INDUSTRIES INC TRANSMAGNETICS DIV,17755,,,
THE BOEING COMPANY DIV COMMERCIAL,17765,,,
BALLISTIC MISSILE DEFENSE SYSTEMS COMMAND,17773,,,
"PACE, INCORPORATED DBA PACE WORLDWIDE INC.",17794,,,
"LEBUS INTERNATIONAL, INC.",17798,,,
"KASPAR WIRE WORKS, INC.",17841,,,
SILICONIX INCORPORATED DIV SILICONIX,17856,,,
PERKINELMER,17860,,,
MACHINECRAFT COMPANY,17935,,,
FEDERAL MANUFACTURING CORP,17943,,,
TEXSTEAM INC DBA TXT OR RCS OR TEXSTEAM,17950,,,
"GORDON BRUSH MFG. CO., INC.",17987,,,
"GENERAL DYNAMICS-OTS, INC.",17996,,,
TORQ CORPORATION,18021,,,
NUPRO CO,18034,,,
SUBMINIATURE INSTRUMENTS CORP.,18053,,,
"SAMARIUS PRECISION INSTRUMENTS, INC. DBA SAMARIUS PRECISION INSTRUMENTS",18065,,,
DOCKSON CORPORATION,18075,,,
LAH ENTERPRISES INC,18080,,,
MATERIALS RESEARCH CORP,18086,,,
IBARMIA INNOVATEK SL,1809B,,,
"DOLAN-JENNER INDUSTRIES, INC",18106,,,
DYNASCAN CORP,18110,,,
"TOLO INCORPORATED DBA BFGOODRICH AEROSPACE, TOLO DIVISION",18118,,,
RAMA CORP DBA RAMA CORP DIV RAMA CORPORATION,18138,,,
PHILADELPHIA NAIL AND FASTENER DIV OF CORD CORP,18160,,,
EG AND G VACTEC INC,18178,,,
GRANBERG PUMP & METER LTD DBA GRANBERG INTERNATIONAL,18202,,,
AMERICAN TRANS-COIL CORP,18212,,,
"EPI PRINTERS, INC. DIV BUSINESS DEVELOPMENT",18222,,,
KRL ELECTRONICS INC,18235,,,
FERGUSON GEAR OPN BOSTON GEAR DIV IMO INDUSTRIES INC,18243,,,
ATLANTA BRUSH CO,18253,,,
DONGAN ELECTRIC MANUFACTURING COMPANY,18284,,,
NORTHROP GRUMMAN SYSTEMS CORPORATION DBA ELECTRONIC SYSTEMS,18323,,,
PHILIPS SEMICONDUCTORS INC,18324,,,
THE BOEING COMPANY,18355,,,
ATOMATIC MANUFACTURING CO INC,18362,,,
PARLEX USA INC,18377,,,
"CARDEN MACHINE SHOP, INC.",18463,,,
PRECISION MANUFACTURING GROUP LLC DBA SERVOMETER DIV SERVOMETER,18469,,,
DREIS AND KRUMP MANUFACTURING COMPANY DBA CHICAGO DREIS & KRUMP,18474,,,
COLORAGE INC,18484,,,
"CAR-GRAPH, INC. DBA PHOENIX SPRING CO. DIV CAR-GRAPH, INC DBA PHOENIX SPRING CO.",18501,,,
ANCHOR PRODUCTS COMPANY,18521,,,
SUTTLE APPARATUS CORP,18532,,,
"FLEXICRAFT INDUSTRIES, INC.",18547,,,
ORE-LUBE CORPORATION DBA ORELUBE,18554,,,
PARKER-HANNIFIN CORPORATION DIV CHOMERICS DIVISION,18565,,,
SAINT-GOBAIN PERFORMANCE PLASTICS CORPORATION,18632,,,
RTP CORP,18655,,,
SCANBE MFG CO DIV OF ZERO CORP,18677,,,
VOLTRONICS CORP,18736,,,
HARSCO CORPORATION DBA TAYLOR-WHARTON GAS EQUIPMENT DIVISION,18756,,,
SUPERIOR FUSE & MANUFACTURING CO INC,18762,,,
THALES COMPONENTS CORP DIV THALES COMPONENTS CORPORATION,18778,,,
DUMORE CORPORATION,18797,,,
DUO-SAFETY LADDER CORPORATION,18847,,,
INFICON EDC INC.,18853,,,
US ARMY AVIATION AND MISSILE COMMAND,18876,,,
"AIR-VAC ENGINEERING CO, INC",18887,,,
,,,,
CAMBRIDGE MARINE INDUSTRIES INC,18891,,,
AIR ARMAMENT CENTER/ EN,18894,,,
DURIRON CO INC THE,18930,,,
,,,,
"DYNAMIC AIR ENGINEERING, INC.",18965,,,
MORLEY TRANSFORMER CO INC,18984,,,
JETRON INC,18986,,,
HANSCOM INC,18992,,,
SUPERIOR MANUFACTURING COMPANY,19028,,,
AMERICAN BRASS MFG CO,19104,,,
,,,,
"FLIGHT LOGISTICS, INC. DBA PACIFIC AERODYNE",19129,,,
RTRON CORP,19130,,,
MCDONNELL DOUGLAS CORP MCDONNELL DOUGLAS AEROSPACE OPNS WEST,19133,,,
"MOOG INC DIV MOOG AIRCRAFT, SALT LAKE OPERATIONS",19156,,,
STEFANOWICZ & LUTZ INC DBA MERIT METAL PRODUCTS CORP,19175,,,
COMBAT CAPABILITIES DEVELOPMENT COMMAND (CCDC) ARMAMENTS CENTER DBA CCDC DIV LOGISTICS RESEARCH AND ENGINEERING DIRECTORATE,19200,,,
"COMBAT CAPABILITIES DEVELOPMENT COMMAND (CCDC) ARMAMENTS CENTER DBA CCDC DIV US ARMY RESEARCH, DEVELOPMENT AND ENGINEERING COMMAND ARMAMENT",19203,,,
"ARMY, UNITED STATES DEPARTMENT OF THE DBA ROCK ISLAND ARSENAL JMTC",19204,,,
SPRINGFIELD ARMORY,19205,,,
U S ARMY TANK AUTOMOTIVE COMMAND AMSTA-IM-MM,19207,,,
ALLIANCE OIL CORP,19208,,,
EASTERN CO DIV EBERHARD MANUFACTURING,19220,,,
RAFAEL ADVANCED DEFENSE SYSTEMS LTD,1924A,,,
HUCKINS TOOL AND DIE CO,19288,,,
HONEYWELL INTL INC DEFENSE AVIONICS SYSTEMS FORMER BENDIX NAVIGATION AND CONTROL SYSTEMS,19315,,,
DA PRO RUBBER INC,19332,,,
DIT-MCO INTERNATIONAL LLC,19362,,,
"FMC TECHNOLOGIES, INC. DBA MATERIAL HANDLING SOLUTIONS",19380,,,
"ISRAEL AEROSPACE INDUSTRIES MILITARY AIRCRAFT DIVISION, GOLAN INDUSTRIES",1939A,,,
MOTT CORP DBA MOTT CORP,19419,,,
"BERK-TEK, A NEXANS COMPANY DBA BERK-TEK",19449,,,
"CICOIL, LLC DBA CICOIL CORP",19476,,,
DELTA ELECTRONICS INC DBA DELTA ELECTRONICS INC,19482,,,
"SEYER INDUSTRIES, INC. DBA SEYER INDUSTRIES INC",19494,,,
RADIALL USA INC,19505,,,
UNIVERSAL ENGINE HEATER CO.,19522,,,
,,,,
"ALLEN AVIONICS, INC.",19615,,,
CABTRON SYSTEMS INC,19617,,,
BUHLER INC,19621,,,
LADUBY CO LLC,19634,,,
DATA DEVICE CORP DBA BETA TRANSFORMER TECHNOLOGY DIV DATA DEVICE CORPORATION,19645,,,
NORTH AMERICAN PHILIPS CORP PHILIPS COMPONENTS DISCRETE PRODUCTS DIV,19701,,,
PRESTOLITE DIV OF BUNKER RAMO-ELTRA CORP ELTRA CORP,19728,,,
AVDEL CORP,19738,,,
WESTINGHOUSE ELECTRIC CO LAMP DIV,19816,,,
HD ELECTRIC COMPANY,19846,,,
ILLINOIS TOOL WORKS INC ILLINOIS ECLIPSE-PINE BLUFF DIV,19863,,,
DESCO MANUFACTURING COMPANY DIV DESCO MANUFACTURING CO. INC.,19911,,,
DUTCHESS BAKERS MACHINERY CO INC,19939,,,
ECLIPSE MFG CO,19949,,,
SHELLER-GLOBE CORP KEOKUK DIV,19952,,,
"FLAMBEAU, INC.",19986,,,
"LINDCO-SPRINGFIELD, INC DBA LINDCO CONTROLS DIV",1A883,,,
TESTVONICS INC,1A9E1,,,
COLLMER SEMICONDUCTOR INC,1AA44,,,
GRAINGER DIV OF W W GRAINGER INC,1AB18,,,
"HYATT'S GRAPHIC SUPPLY CO., INC. DBA HYATTS GRAPHIC SUPPLY",1AB58,,,
FITZSIMMONS HYDRAULICS INC.,1AC78,,,
DUFFY'S EQUIPMENT SERVICES INC.,1AR63,,,
,1AXB8,,,
U.S. AIRMOTIVE WORLDWIDE CORP. DBA US AIRMOTIVE WORLDWIDE CORP,1B091,,,
BEGO USA INC,1B0J8,,,
MURR ELEKTRONIK INC,1B0U8,,,
"SHARKEY TECHNOLOGY GROUP, INC. DBA C AND T MACHINING DIV C AND T MACHINING",1B1F4,,,
KVT KOENIG LLC,1B1H9,,,
"GRAYBAR ELECTRIC COMPANY, INC.",1B240,,,
AMERITOOL INC,1B2W4,,,
"W.W. WILLIAMS COMPANY, THE LLC DBA W W WILLIAMS COMPANY-MIDWEST DIVISION",1B318,,,
GUYTRONICS INC,1B388,,,
ON SITE GAS SYSTEMS INC,1B3E5,,,
FIBRE GLAST DEVELOPMENTS CORPORATION DIV SOELTER CORPORATION,1B420,,,
"FITTINGS, INC.",1B467,,,
VAN AIR & HYDRAULICS INC DBA VAN-AIR & HYDRAULICS,1B521,,,
VEEDER-ROOT CO,1B557,,,
ETHERCOM CORPORATION,1B5M9,,,
"MRA SYSTEMS, LLC",1B6R3,,,
SUNSOURCE/FAUVER CO,1B6W4,,,
JARRDD INC,1B6X2,,,
COBHAM MANAGEMENT SERVICES INC. DIV CHELTON AVIONICS INC  DBA WULFSBERG ELECTRONICS DIVISION,1B7G3,,,
"DAISY DATA, INC",1B7L5,,,
ROTAREX NORTH AMERICA INC,1B7W8,,,
"TECHNICAL CONSUMER PRODUCTS, INC.",1B7X1,,,
"FLUID POWER, INC.",1B905,,,
OPTISCAN LTD,1B9W1,,,
WARREN MACHINE TECHNOLOGY INC,1BAG3,,,
"SYNERGETIC TECHNOLOGIES GROUP, INC",1BAM3,,,
NILSCI LLC,1BCD2,,,
W R SYSTEMS LTD,1BCK1,,,
ISLAMIC BOOK CENTER,1BDN5,,,
HARVEY RISLEY DBA HARVEYS WELDING &FABRICATION,1BDZ4,,,
CRUTCHFIELD CORP,1BE52,,,
MACHINE PRODUCTS OF FAYETTEVILLE INC DIV MACHINE PRODUCTS OF FAYETTEVILLE,1BEE8,,,
TRANDES CORP. DIV HAMPTON,1BES9,,,
MAGNETEK INC REGIONAL DISTRIBUTION CENTER,1BET8,,,
GPS OUTFITTERS INC DBA DAVE RYBERG,1BEX2,,,
LOGAN CLUTCH CORP DIV LOGAN CLUTCH CORPORATION,1BF91,,,
DPO MEDICAL,1BFG2,,,
CENTA CORPORATION,1BFL5,,,
"PRECISION NUMERICAL TECHNOLOGIES, INC.",1BGU9,,,
"SYSTEMS INTEGRATION AND MANAGEMENT, INC. DBA S I M DIV ARLINGTON",1BHW2,,,
"MAGIC RAM, INC DBA MAGIC RAM INC",1BKB7,,,
HALE INDUSTRIES INC DIV ADVANCED RADIANT SYSTEMS,1BKN4,,,
ATLAS COPCO COMPRESSORS INC,1BKX4,,,
NEWCOMB SPRING CORP DIV NEWCOMB SPRING OF COLORADO,1BL30,,,
"NIL-COR, LLC",1BM63,,,
"VANTAGE TECHNOLOGY, LLC",1BMF2,,,
"ROSENBERGER NORTH AMERICA AKRON, LLC",1BMF3,,,
ORBIS CORPORATION,1BMS0,,,
"POLYPORTABLES, LLC",1BND3,,,
ADVANCED TACTICAL SYSTEMS INC,1BNX0,,,
GENERAL DYNAMICS ADVANCED TECHNOLOGY SYSTEMS INC,1BQ04,,,
ASHBURY INTERNATIONAL GROUP INC DIV ASHBURY PRECISION ORDNANCE MFG.,1BQD4,,,
"TANIS, INC. DBA TANIS BRUSH",1BQS2,,,
BLACKHAWK MANAGEMENT CORPORATION,1BQU7,,,
"WANCO, INC. DBA WANCO INC",1BR51,,,
POWEREX,1BRC5,,,
"LYME COMPUTER SYSTEMS, INC. DBA LYME TECHNOLOGY SOLUTIONS",1BS14,,,
TEST PROBES INC,1BTA8,,,
ION CORP DBA ION CORP,1BU04,,,
PATRIOT ANTENNA SYSTEMS INC.,1BUL8,,,
AMERICAN INNOVATIONS INC,1BUP8,,,
MEGA CORP.,1BW31,,,
HARBOR MACHINE TOOL CO INC DBA HARBOR MACHINE TOOL CO INC,1BW56,,,
PYROMATION LLC,1BW74,,,
OFFSHORE SPARS CO.,1BW94,,,
"EXXELIA USA, INC.",1BX22,,,
SOUTHERN PACIFIC ELECTRONICS INC DBA JAMES B KAWAGUCHI,1BXA5,,,
FINELINE CIRCUITS INC,1BXP1,,,
"CADPRO, INC.",1BY43,,,
HAGGLUNDS DRIVES INC,1BY85,,,
SEA RECOVERY CORPORATION,1BZ02,,,
"C & S ANTENNAS, INC DBA C & S ANTENNAS INC",1BZ19,,,
DANA INCORPORATED,1BZR3,,,
FASTER INC,1C1F4,,,
GREAT LAKES FILTERS,1C2A6,,,
HARRIS CORPORATION DBA EDO COMMUNICATIONS AND COUNTERMEASURES SYSTEMS,1C2N9,,,
"AVEOX, INC.",1C2S2,,,
HARRY MILLER CO LLC,1C3K1,,,
"SCHOTTEL, INC.",1C4B7,,,
"CORNING INCORPORATED DIV LIFE SCI, OPT FIBER, ENVIRON, SPECIALTY MTL, R&D, MTE",1C6B0,,,
"WEIBEL EQUIPMENT, INC.",1C6G4,,,
LIGHTWERKS COMMUNICATION SYSTEMS INC DBA LIGHTWERKS COMMUNICATION SYSTEMS INC,1C6L6,,,
ROLL-ROYCE CIVIL NUCLEAR CANADA LTD,1C736,,,
DE HAVILLAND PARTS & AEROSTRUCTURES LIMITED DIV FIELD AVIATION,1C762,,,
KNOCH MFG CO LTD,1C763,,,
RYAN HERCO PRODUCTS CORP. DBA RYAN HERCO FLOW SOLUTIONS,1C9K5,,,
TASK FORCE TIPS INC,1CA00,,,
ROCKWELL INTL CORP CMC NETWORK PRODUCTS DIV,1CA75,,,
"DIGITAL RECEIVER TECHNOLOGY, INC.",1CAK9,,,
PARKER-HANNIFIN CORPORATION DIV HYDRAULIC VALVE DIVISION,1CC11,,,
HUNTINGTON INGALLS INCORPORATED DIV INGALLS SHIPBUILDING,1CC97,,,
"RCI TECHNOLOGIES, INC.",1CCZ6,,,
"MANUFAB, INC.",1CD26,,,
HI-Q ENVIRONMENTAL PRODUCTS CO INC,1CD34,,,
CARDIAC SCIENCE CORPORATION DBA CARDIAC SCIENCE OPERATING COMPANY,1CDW6,,,
"DRUCK, LLC DBA DRUCK, LLC",1CE49,,,
"ALTEC INDUSTRIES, INC. DIV FEDERAL GOVERNMENT SALES",1CER8,,,
ROCHESTER ROTATIONAL MOLDING INC,1CFY3,,,
FRESH WATER SYSTEMS INC,1CHM3,,,
"AVCOMM INTERNATIONAL, INC.",1CHW7,,,
KONECRANES INC,1CHX5,,,
BOSSARD INTL INC,1CJ86,,,
"MUSTANG SURVIVAL, INC.",1CJ91,,,
CONTREC USA LLC,1CJM6,,,
DAYTON INDUSTRIES INC DIV DAYTON INDUSTRIES,1CL87,,,
"MICROBRIGHTFIELD, LLC",1CLS0,,,
FAIRCHILD HOLDING CORP DIV FAIRCHILD FASTENERS,1CML2,,,
BAE SYSTEMS AEROSPACE SERVICES INC.,1CMY2,,,
THE ZEE COMPANY,1CN40,,,
"M I S C, INC",1CN60,,,
FREUDENBERG-NOK GENERAL PARTNERSHIP DBA INTERNATIONAL SEAL CO INC,1CN74,,,
"MARSH INDUSTRIAL SERVICES, INC.",1CNQ1,,,
BENZ COMPANIES LTD,1CP32,,,
ROTHCO INC DIV OF MORRIS ROTHENBERG,1CPG0,,,
"LCF SYSTEMS, INC.",1CR65,,,
"SPANSET, INC. DBA SPANSET INC",1CR76,,,
AMPTEC RESEARCH CORP,1CRL2,,,
"BRECOFLEX CO., L.LC.",1CSW8,,,
THE STANLEY WORKS DBA STANLEY PROTO,1CV05,,,
"INSULTECH, LLC",1CVU3,,,
"SESOLINC GRP, INC. DBA SESOLINC GROUP INC",1CVY3,,,
"PALOMAR DISPLAY PRODUCTS, INC. DBA PALOMAR DISPLAY AND TACTICAL PRODUCTS",1CWA3,,,
ACEOMATIC TRANSMISSION PARTS,1CWB6,,,
"ORBIT C.T&T, INC.",1CWK9,,,
"PIEZO-METRICS, INC. DBA MICRON INSTRUMENTS",1CWQ4,,,
TRANSPLY INC,1CWR0,,,
MUNTERS CORP ME DIV,1CXC3,,,
"SUNCOR STAINLESS, INC",1CXX6,,,
"SIERRA MICROWAVE TECHNOLOGY, LLC",1CY63,,,
HEADHUNTER INC,1CYL6,,,
"AMETEK, INC. DBA AMETEK- AEROSPACE DIVISION, POWER & DATA SYSTEM DIV AEROSPACE - POWER & DATA SYSTEMS",1CYQ9,,,
PRO-GARD PRODUCTS LLC,1CYT5,,,
"HASLER, INC.",1CZ86,,,
KLOEHN CO LTD,1CZC5,,,
"GRATING PACIFIC, INC",1D0Z6,,,
EMHART TEKNOLOGIES LLC DBA POP FASTENERS DIV EMHART INDS,1D1Q0,,,
RSI CO,1D2F6,,,
"CALIFORNIA PERIPHERALS & COMPONENTS, INC. DBA CALIFORNIA PERIPHERALS & COMPONENTS INC",1D2K2,,,
TENEBRAEX CORPORATION,1D2P7,,,
"DEFENDER INDUSTRIES, INC. DBA DEFENDER INDUSTRIES INC",1D2Y2,,,
API HEAT TRANSFER INC.,1D3A0,,,
NEWPARK MATS & INTEGRATED SERVICES LLC DBA NEWPARK,1D3D3,,,
S & S OPTICAL CO INC,1D589,,,
B+B SMARTWORX INC.,1D5Z2,,,
"UNITECH COMPOSITES, INC. DBA UNITECH COMPOSITES INC",1D6Z0,,,
INFINITY CABLE PRODUCTS INC,1D9D9,,,
,,,,
MORGAN ADVANCED MATERIALS & TECHNOLOGY INC DBA NATIONAL MECHANICAL CARBON,1DA37,,,
THE HILLER COMPANIES LLC,1DA54,,,
"AEROSPACE ENGINEERING & SUPPORT INC DIV AEROSPACE ENGINEERING AND SUPPORT, INC.",1DA92,,,
COSEL USA INC,1DAT2,,,
MANSON COMPANY INC,1DD63,,,
ELECTRIC POWER EQUIPMENT CO. DBA EPECO,1DF57,,,
QUALIFICATION TARGETS INC,1DFF3,,,
"HVR ADVANCED POWER COMPONENTS, INC",1DFQ0,,,
CHASNAN INCORPORATED DBA RECOVERY ROOM,1DFQ7,,,
PHILLIPS AND TEMRO INDUSTRIES INC E M PRODUCTS DIV,1DG36,,,
"PARTNERS DATA SYSTEMS, INC.",1DGT5,,,
"ARAMARK SERVICES, INC",1DHS8,,,
HOL-MAC CORP,1DJ56,,,
MATCO TOOLS CORP DIV MATCO TOOLS,1DJ82,,,
FLOW INTERNATIONAL CORPORATION,1DJA5,,,
"IRWIN INTERNATIONAL, INC. DBA IRWIN INTERNATIONAL INC",1DJG0,,,
EFCO USA DISTRIBUTORS INC,1DJG4,,,
"MULTI TECHNOLOGY SALES, INC DBA TEXAS INDUSTRIAL PERIPHERALS/IKEY, LTD",1DKC6,,,
KNUDSEN SYSTEMS INC.,1DLB9,,,
"MALCOM COMPANY, INC.",1DLV6,,,
"SPRINGFIELD, INC DBA SPRINGFIELD ARMORY",1DM07,,,
LINEAGE ALLOYS INC.,1DMQ3,,,
"ALABAMA FLAG & BANNER, INC.",1DN46,,,
AIRTECH INC,1DNB7,,,
COHERENT INC,1DR13,,,
"QED SYSTEMS, INC.",1DR67,,,
"REVOLV MANUFACTURING, INC.",1DS87,,,
"HUB LABELS, INC. DIV THOMAS DAHBURA",1DS89,,,
L/C MAGNETICS INC.,1DSP9,,,
"PSC INDUSTRIES, INC DIV NONE",1DT52,,,
AVERSTAR. INC. DBA L-3 COMMUNICATIONS TITAN CORPORATION,1DTD7,,,
LEBLOND LTD,1DTQ4,,,
"AAR MANUFACTURING, INC. DBA AAR MOBILITY SYSTEMS",1DUG2,,,
"CARL ZEISS INDUSTRIAL METROLOGY, LLC",1DUR9,,,
REMARQUE MANUFACTURING CORP,1DW95,,,
3M COMPANY DBA 3M,1DWR5,,,
A & N CORP DBA ANCORP,1E0H8,,,
POK OF NORTH AMERICA INC.,1E1H4,,,
FREELAND HOIST & CRANE INC DIV FREELAND HOIST AND CRANE,1E208,,,
"FRED V. FOWLER COMPANY, L.L.C.",1E258,,,
HAMM COMPACTORS INC,1E4K4,,,
"GRAYBAR ELECTRIC COMPANY, INC.",1E6P7,,,
GLOBALSTOR DATA CORPORATION,1E6T5,,,
REULAND ELECTRIC CO,1E856,,,
CEIA USA LTD,1E9D0,,,
CAMCO MFG INC,1EA43,,,
ABERDEEN LLC,1EAC3,,,
REYNARD CORPORATION DBA REYNARD CORP,1EB07,,,
"IPC CAL FLEX, INC.",1EB30,,,
SEATTLE FABRICS INC DBA SEATTLE FABRICS,1EC61,,,
SAINT-GOBAIN PERFORMANCE PLASTICS CORP DIV COMPOSITES,1ECV7,,,
"HAYES MANUFACTURING, INC. DBA WEBSITE:WWW.HAYESCOUPLINGS.COM",1ED46,,,
ADVANCED SEAL TECHNOLOGY INC,1ED54,,,
"TOMAR ELECTRONICS, INC. DBA TOMAR ELECTRONICS INC",1EE12,,,
FURUNO U.S.A INC,1EE70,,,
CAROLINA FLUID COMPONENTS INC,1EES7,,,
TRI-TEC SEALS INC,1EEV2,,,
NINE LIVES INC DBA WOLVERINE ENGINE HEATERS,1EEZ0,,,
"AFS, INC. DBA IRONMAN PARTS & SERVICE",1EFR8,,,
"RUSSTECH ENGINEERING CO., INC",1EG24,,,
"SAAB, INC DIV SURVEILLANCE",1EG52,,,
TRIMM TECHNOLOGIES INC DIV JMR ELECTRONICS INC.,1EJ74,,,
"ASPEN SYSTEMS, INC.",1EJ96,,,
G & E MACHINE WORKS INC,1EJK3,,,
MET-PRO CORPORATION DBA FYBROC DIVISION DIV FYBROC,1EJQ5,,,
"ALLIED MARINE SERVICES, LLC DBA ALLIED TECHNICAL SERVICES",1EK45,,,
T & S EQUIPMENT COMPANY,1EL27,,,
"INPUT OUTPUT TECHNOLOGY, INC",1EM54,,,
VIKING INCORPORATED DBA VIKING INC,1EN78,,,
COXLINE INC DBA WELLSAW,1ENA5,,,
"IMPERIAL ELECTRIC COMPANY, THE",1ENV3,,,
HAMILTON SAFE CO,1EPL3,,,
ELDEMA PRODUCTS,1EPT9,,,
EIS LEGACY LLC,1EQD8,,,
"TANNER VAN LINES, INC DBA TANNER VAN LINES",1ERB9,,,
"MAGTECH & POWER CONVERSION, INC. DBA MAGTECH & POWER CONVERSION INC",1ES37,,,
"FLUID SYSTEM COMPONENTS, INC. DIV FLUID SYSTEMS COMPONENTS",1ET59,,,
"MAGNEY-GRANDE DISTRIBUTING, INC.",1EUM4,,,
MEMTECH SSD CORP DBA MEMTECH TECHNOLOGY,1EZ14,,,
FOTRONIC CORPORATION DBA TEST EQUIPMENT DEPOT,1EZE9,,,
IGLOO PRODUCTS CORP DBA LEWIS & SONS,1EZG9,,,
DUCWORKS INC,1EZY8,,,
"GEMINI TECHNOLOGIES, INCORPORATED DBA GEMTECH",1F0J3,,,
"REXEL USA, INC",1F0X7,,,
"UNITED TITANIUM, INC.",1F103,,,
THK RHYTHM AUTOMOTIVE MICHIGAN CORP DIV THK RHYTHM AUTOMOTIVE MICHIGAN CORPORATION,1F337,,,
WELTON RUBBER COMPANY,1F393,,,
"MIRION TECHNOLOGIES (CONAX NUCLEAR), INC. DBA MIRION TECH",1F3G4,,,
AIRXCEL INC. DBA RVP,1F3Y7,,,
VASCO-THE POOL PEOPLE,1F4E0,,,
FLIGHT SOURCE INC,1F5A6,,,
ROTORK CONTROLS INC. DBA JORDON CONTROLS,1F667,,,
KAL NELSON AVIATION INC.,1F754,,,
ACADIA POLYMERS CORPORATION DIV REDMOND PLASTICS DIVISION,1F993,,,
"MEMTECH, INC.",1F9B9,,,
JVC PROFESSIONAL PRODUCTS JVC PROFESSIONAL COMPUTER PRODUCTS DIV,1F9S6,,,
"INDUSTRIAL CLUTCH & BRAKE, INC",1FA43,,,
"LITEYE SYSTEMS, INC. DBA LITEYE SYSTEMS INC",1FAB7,,,
U S TSUBAKI INC,1FAK9,,,
PRD INC,1FB41,,,
NEW ENGLAND RUBBER AND ADHESIVES CORP,1FC94,,,
POLAR POWER INC.,1FCA5,,,
HONEYWELL ANALYTICS DISTRIBUTION INC.,1FCX9,,,
"AMENTUM SERVICES, INC.",1FDG9,,,
"FORCE AMERICA INC. DBA LLC, FORCE AMERICA DISTRIBUTING",1FDW0,,,
BESTWELD INC,1FE46,,,
"TANDEX TEST LABS, INC. DBA TANDEX TEST LABS INC",1FE65,,,
ALTEX TECHNOLOGIES CORPORATION,1FEH3,,,
ROSE ELECTRONICS,1FF02,,,
INNOVATIVE INSTRUMENTS INC.,1FFE3,,,
"TIPCO TECHNOLOGIES, INC",1FFH9,,,
RAYMOND R GOULD,1FG54,,,
LEHIGH ARMSTRONG INC,1FH08,,,
ALL-PRO FASTENER AND RIVET MFG CO,1FH10,,,
HEDRICK ASSOCIATES INC DIV HEDRICK ASSOCIATES,1FH27,,,
SYSTEMONE TECHNOLOGIES INC,1FHE0,,,
BRIARTEK INC,1FHS1,,,
TUBOSCOPE VETCO INTERNATIONAL INC. DIV HYDRA RIG,1FJ84,,,
TAMSHELL CORPORATION DBA TAMSHELL MANUFACTURING CORP,1FJ94,,,
ANWO MACHINE AND TOOL CO INC,1FK17,,,
BOSTON SCIENTIFIC CORP,1FKE6,,,
"MAYER ELECTRIC SUPPLY COMPANY, INC. DIV MAYER ELECTRIC PANAMA CITY",1FKN6,,,
REVCO TECHNOLOGIES INC,1FKX5,,,
LEADING TECHNOLOGY COMPOSITES INC,1FKY1,,,
ROGERS MACHINERY COMPANY INC DIV CORPORATE BRANCH,1FL44,,,
CRANE NUCLEAR INC,1FLD9,,,
MAYER ELECTRIC SUPPLY CO INC,1FLJ2,,,
R M PETERSON & ASSOCIATES INC DBA PETERSON & ASSOCIATES,1FLN3,,,
MASSACHUSETTS DEPARTMENT OF ENVIRONMENTAL PROTECTION,1FLP0,,,
ROMAN HERMAN METAL CORP,1FMJ6,,,
"HEIDELBERG USA, INC.",1FMQ3,,,
ATMEL CORPORATION,1FN41,,,
SIGMA-ALDRICH CORPORATION,1FPM8,,,
"ALLIED SERVICES AND SPARES, INC.",1FPR2,,,
TECHTROL INC.,1FSK7,,,
"NAC GROUP, INC.",1FVU0,,,
COMMUNICATIONS SYSTEMS INC. DIV SUTTLE APPARATUS MN DIVISION OF CSI,1FWB4,,,
"CABBAGE CASES, INC",1FWB5,,,
"MISSION POWER SOLUTIONS, INC",1FWR8,,,
ESP INC DBA EXPRESS SYSTEMS & PERIPHERALS,1FXA5,,,
"VNETEK COMMUNICATIONS, LLC",1FXA8,,,
TRANSCEND INFORMATION INC.,1FXG7,,,
NIBCO INC NIBCO GOSHEN DIV,1FY43,,,
"RADIALL USA, INC. DBA TIMBERCON INC DIV TIMBERCON",1FZU6,,,
"CHACE LEATHER PRODUCTS, INC.",1G073,,,
SOUTHEAST SERVICE & SUPPLY CORP.,1G218,,,
"FLEXIBLE METAL, INC. DIV FMI",1G251,,,
SAMSON OCEAN SYSTEMS INC,1G359,,,
"SFS INTEC, INC. DIV SFS INTEC",1G3N4,,,
KRAFT POWER CORP,1G3P2,,,
"GRAYBAR ELECTRIC COMPANY, INC.",1G433,,,
TRANS TUBE INC,1G455,,,
"ARROWHEAD EQUIPMENT, INC.",1G4E9,,,
"WAMORE, INC",1G4N4,,,
SEL SALES INC,1G5X3,,,
"CASES CASES, INC.",1G6R1,,,
S P A SIMRAD INC DBA SOUTHERN PRECISION ARMORY DIV SPA  DEFENSE,1G6Y3,,,
ALCATEL-LUCENT USA INC. DIV GOVERNMENT CUSTOMER  TEAM,1G7G0,,,
KT MT CORP. DBA AALL AMERICAN FASTENERS,1G8G9,,,
"LOUGHMILLER MACHINE, TOOL & DESIGN",1G8N9,,,
"COMMUNICATION & TRADING SERVICES INC. DBA RYNO ENTERPRISES DIV RYNO ENTERPRISES, MARINE AUTOMATION",1G9H9,,,
"SOUTHEAST AEROSPACE, INC. DBA SOUTHEAST AEROSPACE INC",1G9Y1,,,
THE TACTICAL TAILOR INC DIV THE TACTICAL TAILOR LLC,1GAN3,,,
"ENGRAVERS NETWORK LLC DBA ENGRAVERS NETWORK, THE",1GBQ1,,,
UKE CORPORATION DBA UKE CORP DIV MUSTAFA T UKE & ALAN K UKE PARTNERS,1GC59,,,
"TYRRELLTECH, INC.",1GCR7,,,
"RELIABLE TOOL & MACHINE COMPANY, INC.",1GD20,,,
HANSEN SUPPLY CO,1GE78,,,
"HAYNES ENTERPRISES, INC.",1GF04,,,
DYNPORT VACCINE COMPANY LLC DIV DVC SEGMENT,1GFE1,,,
WV COMMUNICATIONS INC,1GFQ7,,,
APPLIED HEAT COMPOSITE REPAIR SYSTEMS INC DBA APPLIED HEAT,1GFS6,,,
LIBERTY ELECTRONICS INC,1GG29,,,
2101 LLC DBA INTERCONTINENTAL TRUCK BODY,1GH76,,,
IMADA INC,1GHM7,,,
NCE COMPUTER GROUP,1GHN2,,,
INTERNATIONAL PLASTICS INC,1GK62,,,
SPECTRALINK CORPORATION,1GKB7,,,
"DEBAN ENTERPRISES, INC.",1GLV9,,,
"CUSTOM ACTUATOR PRODUCTS, INC.",1GMQ6,,,
KEN FORGING INC,1GMT9,,,
"ESE, INC. DBA E S COMPONENTS COMPANY",1GN08,,,
INDUSTRIAL ELECTRIC SALES INC,1GN09,,,
BENELLI U.S.A. CORPORATION,1GNE8,,,
"ATEN TECHNOLOGY, INC. DBA ATEN TECHNOLOGY INC",1GNL0,,,
"LANDAU UNIFORMS, INCORPORATED DBA LANDAU",1GP07,,,
PROMOCO MANUFACTURING COMPANY,1GP45,,,
JRB FASTENERS INC,1GP87,,,
"THERMATRON ENGINEERING, INC.",1GQ06,,,
ARMORCAST PRODUCTS CO.,1GQ08,,,
IDEAL PRODUCTS INC.,1GQR3,,,
THERMAL ENGINEERING INTERNATIONAL USA INC,1GT86,,,
,,,,
FASTENERS INC.,1GV12,,,
THE WEINEL GROUP CORP. DBA THE WEINEL GROUP CORP,1GV92,,,
URETHANE TECHNOLOGIES INC,1GVJ8,,,
CORLEY GASKET CO.,1GVK0,,,
TRENTON TECHNOLOGY INC,1GVT0,,,
"WESTFLEX, INC.",1GW19,,,
DWK LIFE SCIENCES LLC,1GW43,,,
A AND W PRECISION INC,1GW79,,,
GALE BANKS ENGINEERING,1GWH5,,,
"LINMARR ASSOCIATES, INC. DBA LINMARR ASSOCIATES INC",1GX03,,,
ABBOTT SPINE INC.,1GYB2,,,
SFC VALVE CORPORATION,1GZ83,,,
C AND C SUPPLY,1H0M4,,,
RADIANCE TECHNOLOGIES INC,1H1J5,,,
"AFP INDUSTRIES, INC.",1H392,,,
R AND D WELDING AND MACHINE INC,1H3F7,,,
VIRGINIA TRANSFORMER CORP,1H483,,,
VOLVO PARTS NORTH AMERICA,1H4A7,,,
"BELL DENTAL PRODUCTS, LLC",1H4E2,,,
SAMSON ROPE TECHNOLOGIES DBA SAMSON,1H4W9,,,
ORTON INDUSTRIES INC,1H507,,,
DETROIT STEEL PRODUCTS,1H649,,,
SANITARY-DASH MFG CO INC,1H863,,,
"THERMAL PRODUCTS, INC. DBA THERMAL PRODUCTS",1H8B0,,,
EASY BRAID COMPANY,1H8S1,,,
ASCO POWER SERVICES INC,1HAR9,,,
"WILSON OPTICAL LABORATORIES, INC.",1HAU5,,,
SAFT NIFE INC,1HB35,,,
WATERLOO TENT & TARP COMPANY INC,1HCN9,,,
"ACTIVE HEADSETS, INC",1HDQ5,,,
INDUSTRIAL BEARING CORP,1HE75,,,
"GLOBAL COMPUTER SUPPLIES, INC DBA GLOBAL COMPUTER SUPPLIES",1HF27,,,
NETSCOUT SYSTEMS INC,1HGX6,,,
"VIRTUAL MEDIA INTEGRATION, LTD. DBA VMI DIV VMI",1HHA0,,,
"W2F, INC",1HHB4,,,
EXTRA PACKAGING LLC,1HHQ2,,,
STRATUS SYSTEMS INC,1HHT6,,,
"AIR SPECIALISTS, INC. DBA AIR SPECIALISTS",1HJ13,,,
HARSCO CORP TAYLOR-WHARTON GAS EQUIPMENT DIV,1HJ42,,,
"L. & M. WELDING SUPPLY, INC. DBA L&M WELDING SUPPLY",1HJ95,,,
FORCE SWITCH CORPORATION,1HJP2,,,
"SUPPLYNET, INC. DBA SUPPLYNET INC",1HJX9,,,
WHITING MET-L-WOOD CORP SUB OF WHITING ROLL-UP DOOR MFG CORP,1HK83,,,
MIDWEST CASTER & WHEEL INC,1HLH3,,,
"TEAM EQUIPMENT, INC. DBA TEAM EQUIPMENT INC",1HM07,,,
BRASWELL PRECISION INC DIV NONE,1HM15,,,
"UNICOM ELECTRIC, INC.",1HMC2,,,
"KIRK, PHILIP E DBA PEK PRODUCTS",1HNQ7,,,
"ATHENS INDUSTRIES, INC.",1HP47,,,
PENN STATE INVESTIGATIONS INC,1HP49,,,
"EPSILON SYSTEMS SOLUTIONS, INC.",1HQ30,,,
TEMPTIME CORPORATION DBA TEMPTIME,1HQX1,,,
ASP,1HQX7,,,
POTTER ASSOCIATES INC,1HS98,,,
SAFETY TIRE SEAL CORP,1HS99,,,
"BUSE INDUSTRIES, INC. DBA BUSE INDUSTRIES",1HSV8,,,
"ADVANCED PNEUMATICS COMPANY, INC.",1HT24,,,
AIRPAX,1HTG3,,,
"GRAUCH ENTERPRISES, INC DBA GRAUCH ENTERPRISES, INC",1HU38,,,
"DELAWARE ELECTRICAL CONTRACTORS, INC DBA DELAWARE ELECTRICAL DIV DELAWARE ELECTRONICS",1HUV5,,,
ENGINEERED MACHINED PRODUCTS INC,1HUX0,,,
DIMO CORP,1HUX5,,,
"RENTFROW, INCORPORATED",1HV74,,,
"HELI-TEX PROPERTIES LTD INC DIV HELI-TEX PROPERTIES,INC.",1HWN4,,,
"COPE PLASTICS, INC",1HWN7,,,
"AMERICAN PRECISION COMPONENTS, INC",1HXL6,,,
"ADVANCED TECHNOLOGY SERVICES, INC.",1HY24,,,
"DRS NETWORK & IMAGING SYSTEMS, LLC DBA INFRARED TECHNOLOGIES DIVISION",1HYQ4,,,
"BADGER UTILITY, INC.",1HYT0,,,
"SAGE PARTS PLUS, INC. DBA SAGE PARTS",1HZX1,,,
SUPREME GEAR CO.,1J035,,,
"DAVID PERKINS ENTERPRISES, INC DIV DP ENTERPRISES, INC",1J0J6,,,
DEARBORN GROUP INC,1J1T6,,,
"NORTHWEST POWER, INC. DBA NORTHWEST POWER INTEGRATIONS INC",1J1Y8,,,
NICHOLAS INSULATION SERVICES,1J2K0,,,
"POWER PROBE, INC.",1J2Q5,,,
EQM RESEARCH INC,1J2V6,,,
"A.D.A. SUPPLIES & LEASING SERVICES, INC. DBA A D A SUPPLIES INC",1J2Y1,,,
PARADIGM MANCHESTER INC. DBA PURSUIT AEROSPACE,1J4P3,,,
"PETE'S TIRE BARNS, INC. DBA PETES TIRE BARNS INC",1J6J6,,,
"AGILENT TECHNOLOGIES, INC.",1J6V7,,,
APPLIED RADAR INC,1J817,,,
HYDRADYNE LLC,1J845,,,
"ATCOM SERVICES, INC",1J8P5,,,
"TALLAHASSEE TECHNOLOGIES, INC DBA ELBIT SYSTEMS",1J9T5,,,
GENERAL DIGITAL CORP DIV GENERAL DIGITAL CORPORATION,1JA77,,,
ATLAS COPCO CONSTRUCTION EQUIPMENT LLC,1JAL0,,,
LAB SAFETY CORP. DIV VALITEQ,1JBR2,,,
"X TECHNOLOGIES, INC.",1JDN2,,,
SAFETY TECH INTERNATIONAL INC.,1JDR0,,,
EXTRON ELECTRONIC,1JEC1,,,
FIKE CORP NOBLE ALLOY VALVE DIV,1JEN2,,,
"SOLARCRAFT, INC. DBA SOLARCRAFT INC DIV SOLARCRAFT",1JEZ5,,,
APPLIED DISTRIBUTION RESOURCES DBA ADR,1JFS7,,,
"COMMUNICATIONS & EAR PROTECTION, INC",1JGL0,,,
NORTH AMERICAN TOOL & EQUIPMENT,1JGN0,,,
"MED-PACKS, LLC DBA THOMAS EMERGENCY MEDICAL SOLUTIONS",1JH08,,,
EQUIPMENT MONITOR SUPERVISED SERVICE INC,1JJD2,,,
NORGON LLC DBA NORGON LLC,1JKW1,,,
DINUCCI CORPORATION DBA DINUCCI CORP,1JL60,,,
LEATHERWOOD MANUFACTURING INC,1JM49,,,
SYSTEMS DESIGN AND ANALYSIS INC DBA SYSTEMS DESIGN & ANALYSIS INC,1JN41,,,
QUALITY SEALS INC,1JN48,,,
TRUE MFG CO,1JPV4,,,
MOTOR SERVICES HUGO STAMP INC,1JPZ7,,,
"ROSS, DANIEL",1JQC4,,,
OPTIMIZED SYSTEMS AND SOLUTIONS (US) LLC DIV CONTROLS,1JQF3,,,
SMILEY ANTENNA CO INC DBA SMILEY ANTENNA CO INC,1JQJ8,,,
NTECH INDUSTRIES INC.,1JRR1,,,
TELEWAVE.IO INC DBA TELEWAVE.IO,1JS79,,,
METAL GRAPHICS INC,1JT60,,,
SECO PARTS & EQUIPMENT CO DIV SECO PARTS & EQUIPMENT COMPANY,1JUW8,,,
CDW SALES,1JVB1,,,
"SUMITOMO ELECTRIC INTERCONNECT PRODUCTS, INC. DBA SUMITOMO ELECTRIC INTERCONNECT PRODUCTS INC",1JX75,,,
WORKSAVER MATERIAL HANDLING EQUIPMENT CO,1JXG0,,,
"ANDANTEX, U S A INC",1JY29,,,
R. LAING MANUFACTURING INC DBA R LAING MANUFACTURING,1JY66,,,
COMMERCIAL WASHROOM EQUIPMENT CO INC DBA CWECO,1JY69,,,
"COOPER BUSSMANN, LLC",1JY78,,,
LYNCH MACHINERY COMPANY INC,1JYG7,,,
"FABRITEK COMPANY, INC. DBA FABRITEK CO INC",1JZE3,,,
FLUKE BIOMEDICAL DBA SYNCOR RADIATION MGT LLC,1JZH3,,,
DIAMOND USA INC. DBA DIAMOND USA INC,1JZH5,,,
MAGENTA RESEARCH LTD,1JZQ1,,,
SHORELINE PLUMBING CO,1K0W4,,,
"FISCHER PANDA GENERATORS, INC.",1K1F3,,,
"ELBE& SOHN, INCORPORATED",1K1P7,,,
JOHN LAZORCHAK & ASSOCIATES INC.,1K1R1,,,
PRECISION SPRING AND STAMPING CORPORATION DBA PRESSCO PRODUCTS,1K329,,,
FEROTEC FRICTION INC,1K3B0,,,
"REITZ, CHARLES DBA FABCO INDUSTRIAL FABRICATORS",1K3W2,,,
GENASYS INC.,1K3W7,,,
MOOG INC. DBA MOOG COMPONENTS GROUP,1K426,,,
ARCET EQUIPMENT CO DBA ARCET DIV ARC3 GASES,1K586,,,
PERATON TECHNOLOGY SERVICES INC DIV FKA PLANNING SYSTEMS INC.,1K736,,,
PMK RESCUE SOLUTIONS L.L.C. DBA PRO MED KITS,1K7Y6,,,
"CONTINENTAL METAL PRODUCTS CO, INC. DBA CONTINENTAL METAL PRODUCTS INC",1K839,,,
"PHASE MATRIX, INC. DBA NI MICROWAVE COMPONENTS",1K8S7,,,
FISHER SCIENTIFIC COMPANY L.L.C. DBA FISHER HEALTHCARE DIV FISHER HEALTHCARE,1K925,,,
U S DIVERS CO AQUA LUNG DIV,1K964,,,
STRATA-G SOLUTIONS LLC,1K9E4,,,
GRAKON INTL INC,1K9X1,,,
"ASPEN SURGICAL PRODUCTS, INC.",1KAC4,,,
TTM PRINTED CIRCUIT GROUP LLC,1KAN6,,,
APL INDUSTRIES LLC,1KCA9,,,
FASTENAL COMPANY DIV FLPAN,1KE74,,,
INDUSTRIAL MACHINE SHOP,1KFK8,,,
GARLOCK SEALING TECHNOLOGIES,1KFY7,,,
FISHER SCIENTIFIC COMPANY LLC DBA THERMOFISHER SCIENTIFIC DIV FISHER SCIENTIFIC WORLDWIDE GLOBAL EXPORT DIVISION,1KGE8,,,
"THE GPS STORE, INC",1KGF1,,,
CDW GOVERNMENT LLC,1KH72,,,
EXLAR CORPORATION,1KHV0,,,
"HELOPAK, LLC",1KHW5,,,
AERO-TEL WIRE HARNESS CORP,1KJF2,,,
"CASEMAN, INC. DIV PTL",1KJZ0,,,
ITT INC.,1KK13,,,
"FECON, LLC",1KM85,,,
"ULINE, INC. DBA ULINE",1KND5,,,
"SID TOOL CO INC DBA MSC INDUSTRIAL SUPPLY CO DIV SID TOOL CO., INC. D/B/A MSC INDUSTRIAL SUPPLY CO.",1KNW3,,,
"MANAGEMENT CONSULTING, INC. DBA MANCON",1KP00,,,
SMITH & NEPHEW INC DBA SMITH & NEPHEW INC DIV ORTHOPAEDICS,1KPJ9,,,
"HYDRALIFT AMCLYDE, INC DBA NATIONAL OILWELL - PEDESTAL CRANE GROUP DIV LIFE CYCLE MANAGEMENT GROUP",1KQD5,,,
KELLEY & KELLY INDUSTRIAL SUPPLY LLC DBA KELLEY & KELLY INDUSTRIAL SUPPLY,1KQX5,,,
"ANDPAK, INC DIV ANDPAK, INC. - PARENT COMPANY",1KQX9,,,
FLOWSERVE CORP,1KRW0,,,
"VIKING LIFE-SAVING EQUIPMENT (AMERICA), INC. DBA VIKING LIFE-SAVING EQUIPMENT AMERICA INC DIV VIKING LIFE-SAVING (AMERICAS),",1KSQ5,,,
COOPERSURGICAL INC,1KTW8,,,
"COASTAL FIRE PROTECTION, L.L.C",1KUR9,,,
AQUA ENTERPRISES,1KW06,,,
"DUNMON INCORPORATED DBA THE MATE COMPANY, INC",1KW47,,,
SMITHFIELD MANUFACTURING INC.,1KW62,,,
"LEXAR MEDIA, INC. DBA 09/16/1996",1KWE3,,,
,,,,
"MUELLER INDUSTRIES, INC.",1KXF2,,,
"AMTRON TECHNOLOGY, INC",1KXM7,,,
JOHN DEERE COMPANY INC,1KXW6,,,
OLYMPUS AMERICA INC,1KY21,,,
"CP NORTH AMERICA, LLC",1KZ68,,,
"ERGOSEAL, INC",1L0H7,,,
WIENER PLEIN AND BAUS CORP,1L0N9,,,
AMERICAN CONEC CORPORATION,1L0R6,,,
SUPERIOR WASHER & GASKET CORP. DBA SUPERIOR WASHER & GASKET CORP,1L160,,,
"TEKTITE INDUSTRIES, INC.",1L1J6,,,
HONEYWELL ELECTRONIC MATERIALS DIV,1L1T2,,,
SONALYSTS INC,1L297,,,
DATA SYSTEMS & SOLUTIONS LLC,1L2B5,,,
"WIKA MOBILE CONTROL, LP",1L2J3,,,
"WAKEFIELD THERMAL SOLUTIONS, INC DIV WAKEFIELD THERMAL SOLUTIONS",1L2W5,,,
NORCOMP,1L3S8,,,
"TRIBOLOGY, INC. DBA TECH LUBE",1L3T6,,,
NORTHROP GRUMMAN SYSTEMS CORPORATION,1L4J7,,,
FOGG SYSTEM CO INC,1L565,,,
"NEURO LOGIC SYSTEMS, INC",1L5F5,,,
BAY ELECTRONICS INC DBA BAY ELECTRONICS INC,1L790,,,
VALLEY CAPITAL CORPORATION DBA VOLLRATH GROUP DIV,1L7C4,,,
DYNA-AIR CORP,1L7S6,,,
ARDEN FASTENERS INC,1L906,,,
LORD CORPORATION,1L965,,,
GRAYLINE LLC,1L9D2,,,
EXTEX ENGINEERED PRODUCTS INC,1L9D9,,,
"PHOENIX MECANO, INC. DBA PHOENIX MECANO INC",1L9R7,,,
"MEASUREMENT SPECIALTIES, INC.",1L9U5,,,
WATEC AMERICA CORPORATION,1LAJ6,,,
WOLVERINE TRACTOR & EQUIPMENT CO.,1LAL1,,,
LINKSYS GROUP INC,1LB23,,,
TANITA CORP OF AMERICA,1LC31,,,
GRAHAM CORP,1LCX3,,,
ONEPATH NETWORKS INC DIV ONEPATH NETWORKS (FOXCOM),1LDA1,,,
CMP INDUSTRIES LLC DBA TICONIUM DIVISION DIV NOBILIUM,1LF50,,,
GENERAL DYNAMICS ITRONIX CORPORATION,1LF77,,,
OUTBACK POWER CO,1LHP3,,,
"DMR CONSULTING, INC. DBA DMR CONSULTING INC",1LJG7,,,
BENOIT & COMPANY DBA GTB CASES,1LJJ5,,,
SIGNAMETRICS CORPORATION,1LMP0,,,
SIPCO,1LN27,,,
VIDENT DBA VITA NORTH AMERICA,1LNP6,,,
"PULSE COMMUNICATIONS, INC. DBA PULSECOM",1LNU5,,,
JSP /USP/ INC,1LPD2,,,
"AETHERCOMM, INC.",1LPV7,,,
CONTROL COMPONENTS INC. DBA CCI VALUE,1LQ85,,,
ROSEMOUNT INC.,1LQF0,,,
"KEYSIGHT TECHNOLOGIES, INC.",1LQK8,,,
"GSC ENTERPRISES, INC DBA GROCERY SUPPLY COMPANY DIV GROCERY SUPPLY COMPANY",1LQL8,,,
MAGNEMOTION INC.,1LR11,,,
AKZO NOBEL PAINTS LLC DBA GLIDDEN PROFESSIONAL PAINT CENTER,1LS38,,,
"ALCO INDUSTRIES, INC. DBA JOHN WOOD CO DIV UPPER PROVIDENCE",1LSA9,,,
HII FLEET SUPPORT GROUP LLC DIV CORPORATE HEADQUARTERS,1LT84,,,
"ADVANCED VEHICLE SYSTEMS, INC",1LTM7,,,
"MUSTANG SURVIVAL MFG, INC.",1LV23,,,
ESSE MARINE SERVICES INC,1LV44,,,
CODMAN CO,1LWY9,,,
MAGPUL INDUSTRIES CORP. DBA MAGPUL INDUSTRIES CORP,1LX50,,,
DYNAMIC SOLUTIONS USA,1LXX2,,,
"CAPITAL RUBBER & SPECIALTY CO., INC.",1LZX7,,,
DYNACO CORP.,1M0S7,,,
INNOVATIVE POWER SOLUTIONS L.L.C. DIV INNOVATIVE POWER SOLUTIONS,1M2T3,,,
AEARO COMPANY 1 DBA AEARO DIV AO SAFETY OCCUPATIONAL PRESCRIPTION  EYEWEAR,1M331,,,
GREENLINE DATA INCORPORATED,1M3N7,,,
EVAIR ASSOCIATES INC,1M413,,,
SPECTRUM PAINT APPLICATOR CORP,1M4C5,,,
OHIO HYDRAULIC EQUIPMENT LLC,1M661,,,
"UNFORS RAYSAFE, INC.",1M6C2,,,
"LAINE INDUSTRIES, INC",1M7N0,,,
"ELECTROMECHANICAL SYSTEMS, INC.",1M813,,,
ABILITYONE CORPORATION,1M8C0,,,
SI CORPORATION,1M8H7,,,
HONEYWELL INTERNATIONAL INC. DBA HONEYWELL DIV AEROSPACE-POWAY,1M8L7,,,
MILE-HI MACHINE INC,1M949,,,
DRAFTCO INCORPORATED DBA DRAFTCO INC DIV DRAFTCO INC,1M994,,,
"AERO MANUFACTURING, L.L.C",1M9A0,,,
KEEP-FILL INC,1M9J2,,,
"CERTIFIED POWER, INC DBA DRIVELINE DIVISION",1MBE8,,,
URETHANE INNOVATORS INC DIV URETHANE INNOVATORS,1MD75,,,
NATURAL GAS SOLUTIONS NORTH AMERICA LLC DBA DRESSER NATURAL GAS SOLUTIONS DIV INDUSTRIAL PRODUCTS GROUP,1MEG0,,,
GROVES INCORPORATED,1MET3,,,
WTT AMERICA INC,1MF08,,,
DYSOL INC DBA SOCOMORE DIV SOCOMORE,1MFE1,,,
QPC FIBER OPTIC LLC DBA QPC FIBER OPTIC INC,1MGL1,,,
GPS NETWORKING INC,1MGN7,,,
CRAIN MFG INC,1MGT1,,,
EFT HOLDINGS INC,1MGT4,,,
QORTEK INC,1MH59,,,
"DESCO INDUSTRIES, INC. DBA DESCO INDUSTRIES INC DIV DESCO",1MH97,,,
MCKESSON CORPORATION,1MKG3,,,
AVL TEST SYSTEMS INC DBA AVL NORTH AMERICA INC,1MKS8,,,
"SUBCONN, INC.",1MKX3,,,
PACIFIC MARITIME INDUSTRIES CORP,1MM06,,,
THERMAL ENGINEERING INTERNATIONAL (USA) INC.,1MME1,,,
SENTINEL ELECTRONICS CORPORATION,1MMN6,,,
"GRAPHIC AND ENGRAVING SOLUTIONS, INC. DBA DAHLGREN ENGRAVING SYSTEMS",1MMW9,,,
ELECTRO-SENSE OF PENNSYLVANIA INC DBA RDP ELECTROSENSE,1MNB9,,,
FILTRATION CONCEPTS INC DBA FILTRATION CONCEPTS INC DIV FCI WATERMAKERS,1MNS7,,,
COILTECH INCORPORATED,1MQ03,,,
"SEMICONDUCTOR COMPONENTS INDUSTRIES, LLC DBA SEMICONDUCTOR COMPONENTS INDUSTRIES LLC DIV CORPORATE HEADQUARTERS",1MQ07,,,
S I T CORPORATION,1MQB3,,,
"SANDPIPER OF CALIFORNIA, INC.",1MR42,,,
DIAMOND EQUIPMENT INC DBA DIAMOND CONSTRUCTION EQUIPMENT SALES INC,1MRL9,,,
BRANSON ULTRASONICS CORP,1MRS6,,,
"NETWORK INNOVATIONS US, INC. DBA NETWORK INNOVATIONS US INC DIV FLORIDA",1MU03,,,
ROWSE COMPANY,1MU73,,,
SCHOTT FOSTEC DBA SCHOTT FIBER OPTICS DIV DIVISION OF SCHOTT NORTH AMERICA,1MUL0,,,
"CENTREVILLE MANUFACTURING, INC. DBA CENTREVILLE MANUFACTURING",1MUT1,,,
MANDUS GROUP LLC,1MV66,,,
"HPE GOVERNMENT, LLC",1MVG3,,,
"TECHNOMAD ASSOCIATES, LLC",1MVK2,,,
AGFA CORPORATION,1MVW0,,,
"PROCESS INSTRUMENTS, INC.",1MWY2,,,
"CAPCO CRANE & HOIST, INC.",1MX54,,,
PVF SUPPLY LLC DBA PVF SUPPLY LLC,1MY82,,,
RADIATION MANAGEMENT CONSULTANTS INC DBA RMC MEDICAL,1MYH8,,,
"MANAGEMENT SERVICES GROUP, INC. DBA GLOBAL TECHNICAL SYSTEMS DIV VIRGINIA BEACH OPERATIONS",1MYP5,,,
REB TECHNOLOGIES INC DBA REBTECH INVESTMENTS LIMITED,1MZ58,,,
"TACTICAL COMMAND INDUSTRIES, INC DBA TACTICAL COMMAND",1MZZ8,,,
LEIDOS INC,1N0X4,,,
PETERBILT OF UTAH INC DBA JACKSON GROUP PETERBILT,1N1R7,,,
"ALL-WAY WIRE ROPE & SPLICING, INC. DBA ALL WAY WIRE ROPE & SPLICING",1N2M7,,,
"TEXTOL SYSTEMS, INC.",1N2X2,,,
"FARRELL EQUIPMENT & CONTROLS, INC.",1N3C1,,,
"EXPOTECH U.S.A., INC. DBA EXPOTECH USA INC",1N3K2,,,
CERTIFIED POWER INC DRIVELINE DIV,1N489,,,
"CS UNITEC, INC. DBA CS UNITEC INC",1N5G7,,,
"CRITICAL SOLUTIONS INTERNATIONAL, LLC DIV CRITICAL SOLUTIONS INTERNATIONAL",1N5S7,,,
BOYD LACONIA LLC DBA AVID DESIGN,1N6F3,,,
"PHOENIX INTERNATIONAL, LIMITED V",1N6M3,,,
SCIOTO VALVE & FITTING CO DBA SWAGELOK COLUMBUS,1N7V5,,,
"MID-COAST INDUSTRIES, INC DIV MID-ATLANTIC RUBBER COMPANY",1N879,,,
"JGILS, LLC DBA JGILS LLC",1N8T8,,,
KAWASAKI OF DILLION INC DBA KAWASAKI OF LUMBERTON,1NAE9,,,
HEICO AEROSPACE CORP,1NB18,,,
"DOVER RESOURCES, INC. DIV NORRISEAL",1NB39,,,
"YODOCK WALL COMPANY INC.,THE",1NBS3,,,
MCHENRY PRESSURE CLEANING SYSTEMS INC. DBA MCHENRY PRESSURE CLEANING SYSTEMS INC,1NBU2,,,
HI-IQ PRODUCTS,1NCF2,,,
INTERIOR RESOURCE GROUP INC DBA INTERIOR RESOURCE GROUP INC,1NCG1,,,
KINNEY INDUSTRIES INC,1NDX5,,,
GUILLERMO NIETO DBA AZTLAN NATIVE PRODUCTIONS,1NEP1,,,
DRAGOON TECHNOLOGIES INC,1NEY5,,,
ILSC HOLDINGS LC,1NFM4,,,
"EYE SAFETY SYSTEMS INC DIV EYE SAFETY SYSTEMS, INC. A SUBSIDIARY OF OAKLEY CORPORATION",1NG39,,,
"ARCOSA MARINE COMPONENTS, LLC",1NH57,,,
MOTOROLA INC,1NHU5,,,
BURNDY LLC,1NJK8,,,
"BALDWIN-MILLER, INC. DBA NORTHERN PARTS & SERVICE",1NJN5,,,
"VICTORINOX SWISS ARMY, INC.",1NL21,,,
MARINE HARDWARE INC,1NLB6,,,
MACRO INDUSTRIES INC,1NLW9,,,
EMS INNOVATIONS INC.,1NME3,,,
"ASES, LLC DBA FIELD AEROSPACE",1NNE7,,,
,,,,
PERFORMANCE METAL FABRICATORS INC. DBA PERFORMANCE METAL FABRICATORS INC,1NNH9,,,
"ALTI-2 TECHNOLOGIES, INC. DIV ALTI-2, INC",1NNV4,,,
ENGILITY LLC DBA C2S2,1NPU4,,,
901 D LLC DIV CURTISS-WRIGHT 901D,1NPW9,,,
FUJIFILM SONOSITE INC,1NQ76,,,
"BOH ENVIRONMENTAL, L.L.C.",1NSG3,,,
"INSTRUMENTS SERVICE & EQUIPMENT, INC.",1NSP2,,,
TOM J RIDDLE INC DBA GARD SPECIALISTS,1NSW4,,,
"EXTREME SAFETY, INC. DIV EXTREME SAFETY",1NUX0,,,
"SUPERIOR MARINE WAYS, INC",1NVB2,,,
SRECO FLEXIBLE INC,1NVZ1,,,
AMERICAN DIAGNOSTIC CORPORATION,1NW54,,,
EXPLOTRAIN LLC,1NWT0,,,
EHB SUPPLY,1NX63,,,
FREIDHEIM MAX DBA F T C,1NXE8,,,
"KOCH MEMBRANE SYSTEMS, INC. DBA FLUID SYSTEMS DIV",1NYJ9,,,
CREW SYSTEMS CORPORATION,1NYY1,,,
"I-SOLUTIONS DIRECT, INC",1NZ65,,,
EMCORE SPACE & NAVIGATION CORPORATION DIV SPACE & NAVIGATION,1NZ85,,,
MID-ATLANTIC ENGINEERED SYSTEMS INC DIV DBA:  SEALS 2000,1NZH9,,,
AMETEK PATRIOT SENSORS,1NZP5,,,
CENTRAL METAL FABRICATORS INC,1NZU4,,,
MDF TECHNOLOGIES INC DBA MDF INTERNATIONAL,1P0H6,,,
AIR COMM CORPORATION LLC,1P0Y9,,,
"SYSTEM SEALS, INC.",1P1B7,,,
SPECIALTY WASHER CO OF SOUTH CAROLINA INC,1P230,,,
INTERNATIONAL LAMINATING CORP,1P2X7,,,
CARAHSOFT TECHNOLOGY CORP,1P3C5,,,
PIXELL,1P4P1,,,
STRUCTURE PROBE INC,1P573,,,
AMERICAN QUALITY MFG INC,1P581,,,
"COGENT ENGINEERING, INC.",1P6J1,,,
FORM FIT & FUNCTION LLC DIV F3,1P6K0,,,
CSP AMERICA LLC,1P6Q9,,,
HAWS CO INC DBA WESTERN EMERGENCY EQUIPMENT,1P703,,,
CONVERTERS INC,1P775,,,
COLEMAN EQUIPMENT INC,1P8B5,,,
ARMOUR PROCESSED MEAT CO,1P926,,,
"MASON WINLECTRIC COMPANY DBA WARREN COUNTY ELECTRIC SUPPLY, INC.",1P972,,,
AUSTIN HARDWARE & SUPPLY INC,1P9Z9,,,
"HEXAGON MASTERWORKS, INC.",1PA48,,,
GENUINE PARTS COMPANY DBA NAPA AUTO PARTS DIV NAPA TIDEWATER,1PAF4,,,
"DAVCO TECHNOLOGY, LLC",1PAM0,,,
"HARDWARE ASSOCIATES, INC. DBA HARDWARE ASSOCIATES INC",1PAM2,,,
"FLEET ENGINEERS INC DIV FLEET ENGINEERS, INCORPORATED",1PAW0,,,
CONCURRENT TECHNOLOGIES INC,1PB87,,,
"AIRGAS USA, LLC DIV BIRMINGHAM BRANCH",1PBK9,,,
"PLASTIFORM, INC. DBA PLASTIFORM INC",1PBS1,,,
"GRIZZLY INDUSTRIAL, INC.",1PBT3,,,
GFI INC.,1PBY7,,,
ATEEZ CORP,1PCE0,,,
"SURGE SUPPRESSION, LLC DIV SSI",1PDW4,,,
"MEMORYTEN, INC. DBA MEMORYX",1PF30,,,
"TRI-STAR LABELS, INC",1PF68,,,
"ARROW ELECTRONICS, INC. DIV ARROW/ZEUS ELECTRONICS",1PF79,,,
"SENASYS, INC",1PGY5,,,
PUROLITE CORPORATION DBA PUROLITE,1PHB2,,,
HARRINGTON INDUSTRIAL PLASTICS LLC DBA HARRINGTON PLASTICS,1PHN1,,,
"STONEWALL CABLE, INC. DBA STONEWALL CABLE",1PHQ9,,,
WABASH NATIONAL TRAILER CENTERS,1PJ91,,,
"KATY SPRING & MANUFACTURING INC DBA KATY SPRING & MANUFACTURING INC DIV KATY SPRING & MFG., INC",1PKK4,,,
VIDEO DISPLAY CORPORATION DBA VDC DISPLAY SYSTEMS DIV VDC DISPLAY SYSTEMS,1PKV5,,,
US TECH INC DBA US TECH INC,1PKZ0,,,
BARBER COLMAN CO DYNA PRODUCTS,1PMV3,,,
"CRUCIAL TECHNOLOGY, DIV. OF MICRON SEMICONDUCTOR PRODUCTS DBA CRUCIAL TECHNOLOGY",1PN12,,,
"DILLON AERO, INC.",1PN61,,,
TACTICAL SUPPORT EQUIPMENT INC,1PND8,,,
"DURAMAX MARINE, LLC",1PNP7,,,
"L3HARRIS TECHNOLOGIES, INC. DIV PSPC",1PNR4,,,
KROY SIGN SYSTEMS LLC DIV KROY SIGN SYSTEMS,1PP22,,,
KONRAD MARINE INC DIV KONRAD MARINE,1PQ32,,,
CAE USA INC.,1PQF4,,,
DAIKIN APPLIED AMERICAS INC DIV DAIKIN APPLIED,1PR30,,,
"RAFTGO HENDRY MFG, INC",1PRJ3,,,
CRYSTAL ENGINEERING CORP,1PS62,,,
"NORTHEAST PLASTIC SUPPLY CO., INC.",1PSX6,,,
"AMETEK, INC. DBA AMETEK PROCESS & ANALYTICAL INSTRUMENTS DIV PROCESS & ANALYTICAL INSTRUMENTS DIVISION",1PTE3,,,
THE LOUISIANA ASSOCIATION FOR THE BLIND,1PTG5,,,
NORD LOCK INC,1PUD1,,,
BECKER PUMPS CORP,1PUT9,,,
"DEWEY, J MANUFACTURING COMPANY INC",1PV41,,,
ABB AUTOMATION INC. DBA ABB AUTOMATION INC. (FORMERLY ELSAG BAILEY INC.),1PW17,,,
BAE SYSTEMS TRAINING SERVICES INC. DIV BAE SYSTEMS TRAINING SERVICES,1PWD4,,,
ACTIA DBA ADVANCED TECHNOLOGY INC,1PWR4,,,
WILSON FAMILY FARMS LTD,1PXJ3,,,
"POWERTEC INDUSTRIAL MOTORS, INC.",1PY15,,,
TANGENT COMMUNICATIONS INC,1PY41,,,
AEROCHEM INC.,1PYM1,,,
EDWARDS LIFESCIENCES LLC,1PYT9,,,
INCO INC,1Q027,,,
ARROW LOCK MFG CO,1Q0M7,,,
L-3 COMMUNICATIONS CORPORATION DBA EOS DIVISION DIV L-3 COMMUNICATIONS WARRIOR SYSTEMS DIVISION,1Q235,,,
FJORD INCORPORATED,1Q2B1,,,
"WESCO DISTRIBUTION, INC. DBA WESCO 1336 DIV SYRACUSE NY",1Q3G8,,,
PROCESS ANALYZERS LLC,1Q3P1,,,
NEUTRA GREGORY,1Q447,,,
"SEBAGO MOLDERS, LLC",1Q4V7,,,
"THERMAL SOLUTIONS, INC.",1Q526,,,
VIASAT INC,1Q601,,,
MARTIN-BAKER AMERICA INC,1Q842,,,
COLONIAL SEAL CO,1Q8G8,,,
"SI MANUFACTURING, INC DBA STANDARD INDUSTRIES",1Q8P7,,,
"MIDDLE GEORGIA DIVERSIFIED INDUSTRIES, INC. DIV ABILITY ONE CONTRACTOR - DUBLIN GA",1Q917,,,
"AMERICAN GROUNDING SYSTEMS, INC",1Q9V2,,,
"GRAYWOLF SENSING SOLUTIONS, LLC",1Q9X9,,,
KOBOLD INSTRUMENTS INC,1QA83,,,
"COBURN-MYERS FASTENING SYSTEMS, INC. DBA COBURN-MYERS BOLT & NUT",1QBP1,,,
"UNITED MARINE COMMUNICATIONS OF FLORIDA, INC.",1QCC0,,,
TACTICAL ELECTRONICS AND MILITARY SUPPLY L.L.C. DBA TACTICAL ELECTRONICS,1QCD0,,,
"VACTOR MANUFACTURING, LLC DBA FS SOLUTIONS",1QEH1,,,
TECHSOURCE GROUP INC DBA PRODISK,1QF77,,,
"PERFECT WORLD LUGGAGE, INC.",1QF90,,,
PELCO PACKAGING CORPORATION,1QFN1,,,
QORPAK,1QFR1,,,
ESM CABLE CORP.,1QFZ7,,,
"AT EASE COMPUTING, INC DBA AT EASE COMPUTING INC",1QG57,,,
ATCO PRODUCTS INC,1QGJ1,,,
TELESWIVEL LLC,1QGK3,,,
MEDAIRE INC,1QGN5,,,
"NUMAX, INC.",1QGR4,,,
"K & A SALES AND MARKETING, INC.",1QHD1,,,
"GAST MANUFACTURING, INC.",1QJN1,,,
WEXCO INDUSTRIES INC,1QKP9,,,
"DERMA SCIENCES, INC. DBA INTEGRA",1QL01,,,
DUNBAR PRODUCTS LLC,1QL94,,,
"TRI-STATE PRECISION, INC.",1QLJ9,,,
INGERSOLL-RAND COMPANY DBA INGERSOLL-RAND,1QLS8,,,
LLOYD R RODENBECK JR DBA ANLOY TECHNOLOGIES,1QLX3,,,
QUIETAIRE CORPORATION,1QNT3,,,
"HIPPO POWER, LLC DIV HIPPO MULTIPOWER",1QP52,,,
"JHRG, LLC",1QPF8,,,
SCOTT INSTRUMENTS,1QPT5,,,
BROCK SALES COMPANY,1QQ93,,,
SIEVERT ELECTRIC SERVICE AND SALES COMPANY DBA SIEVERT ELECTRIC SERVICE & SALES CO DIV SIEVERT CRANE AND HOIST,1QQY8,,,
"L-3 COMMUNICATIONS SECURITY AND DETECTION SYSTEMS, INC. DBA L-3 CYTERRA DIV ORLANDO DIVISION",1QQZ5,,,
VERIS INDUSTRIES LLC,1QR49,,,
"ESTILL MEDICAL TECHNOLOGIES, INC. DBA ESTILL MEDICAL TECHNOLOGIES INC",1QRK1,,,
PC SUPPORT,1QRL0,,,
"WESCO DISTRIBUTION, INC DBA C C A DIV CCA",1QRQ4,,,
"NORTH COAST OUTFITTERS, LTD. DBA NORTH COAST OUTFITTERS LTD",1QT93,,,
"CLARK AIR CONDITIONING SYSTEMS, INC. DBA CLARK AIR CONDITIONING SYSTEMS INC DIV FILTRATION DIVISION",1QU31,,,
"A & R HYDRAULICS, LLC",1QUT7,,,
"TANDBERG, LLC",1QW19,,,
INTEGRATED CONSULTANTS INC,1QXX1,,,
YOUR SUPPLY DEPOT LTD,1QY62,,,
SHIELDS MAGNETICS INC,1QYS9,,,
"PETZL AMERICA, INC.",1QYU6,,,
INTEGRA LIFESCIENCES CORPORATION,1R0B9,,,
AMERICAN SENSOR TECHNOLOGIES INC.,1R1F7,,,
"CLARION SAFETY SYSTEMS, LLC",1R2W7,,,
DEVLIEG BULLARD II INC.,1R4E4,,,
PIEDMONT HOIST & CRANE INC,1R4U1,,,
"MILMAC, INC. DBA MILLER ENERGY",1R5K4,,,
J N EQUIPMENT SERVICE CENTER OF POMPANO BEACH INC DBA WEBB WHOLESALE SUPPLY,1R5X0,,,
"CASIO AMERICA, INC",1R636,,,
MDE CORPORATION,1R6J1,,,
SUNLAND INDUSTRIES LLC,1R7N3,,,
MULTIMEASUREMENTS INC,1R895,,,
"DT MARINE PRODUCTS, INC.",1R8H8,,,
"ALUMINUM CHAMBERED BOATS, INC.",1R8M6,,,
JAM STRAIT INC.,1R8V2,,,
"ZITEC, INC DBA ZITEC",1R9V9,,,
"ADVANCED FLUID SYSTEMS, INC.",1RA76,,,
"STS OPERATING, INC. DBA SUNSOURCE",1RAZ9,,,
BRG PRECISION PRODUCTS INC,1RC07,,,
POINTER TECHNOLOGY INC,1RCC8,,,
ADVANCED ELECTRO DYNAMICS INC DBA ADVANCED ELECTRO DYNAMICS INC,1RCK3,,,
HP HEWLETT PACKARD CORP,1RCQ5,,,
AEROSPACE LIGHTING CORPORATION,1RCS4,,,
KING MARINE CANVAS PRODUCTS INC,1RDF7,,,
FULTON BELLOWS & COMPONENTS INC.,1RDH5,,,
DYNISCO INSTRUMENTS LLC,1RDN0,,,
"SIGNATURE SYSTEMS GROUP, LLC",1RE94,,,
"ALDETEC, INC. DBA ALDETEC INC",1RG82,,,
T.A.P. TOOL INC.,1RGZ2,,,
GAD ASSOCIATES INC,1RJK1,,,
SPECTOR TEXTILE PRODUCTS INC,1RKW1,,,
SL MONTEVIDEO TECHNOLOGY INC DBA MTI MOTION,1RL84,,,
AMERICASE LLC,1RL92,,,
"NOVAVISION HOLDINGS, LLC DBA NOVAVISION, LLC",1RLL4,,,
"RSC BIO SOLUTIONS, LLC DIV RSC BIO SOLUTIONS",1RLR5,,,
PARLIGHTS CONCERT LIGHTING INC,1RM02,,,
AQUA COMMINICATION INC,1RM11,,,
INETWORK INC,1RM73,,,
BE AEROSPACE CONSUMABLES MANAGEMENT DIV CONSUMABLES SOLUTIONS,1RMP2,,,
"COMTECH SATELLITE NETWORK TECHNOLOGIES, INC",1RN38,,,
GARRETTCOM INC,1RN40,,,
"COMPLETE BOOK & MEDIA SUPPLY, LLC",1RN63,,,
H & K EQUIPMENT INC,1RNY9,,,
PRECISION URETHANE & MACHINE INC. DBA PRECISION URETHANE & MACHINE INC,1RPK5,,,
"HORSTMAN SPECIAL PRODUCTS, INC. DBA WINDWARD",1RPQ4,,,
BURGESS HEARSE & AMBULANCE SALES INC DBA BURGESS AMBULANCE SALES,1RPU2,,,
"PAC-WEST RUBBER PRODUCTS, L.L.C",1RS75,,,
"BRIDPORT ERIE AVIATION, INC.",1RSG0,,,
SAFE BOATS INTERNATIONAL LLC,1RSZ1,,,
MOBILE POWER GENERATORS LLC,1RTY3,,,
DOWNEAST LOGISTICS LLC,1RU74,,,
FINISAR CORP,1RUX5,,,
"UNIGLOBE KISCO, INC.",1RV89,,,
"S.O. TECH/SPECIAL OPERATIONS TECHNOLOGIES, INC.",1RW01,,,
"HOGUE, INC.",1RW21,,,
"DRS NETWORK & IMAGING SYSTEMS, LLC DBA DRS TECHNOLOGIES",1RWE7,,,
AMTEC CORPORATION DIV AMTEC CORP,1RX07,,,
"PHOENIX SYSTEMS, LLC DIV PHOENIX SYSTEMS",1RXT2,,,
"O.M. PERFORMANCE, INC. DBA PERSYS MEDICAL DIV PERSYS MEDICAL",1RXT7,,,
"3D SYSTEMS, INC. DIV 3D SYSTEMS",1RXV6,,,
SCHULTZ ENGINEERED PRODUCTS INC,1RXZ9,,,
"HAVER TYLER, INC. DBA HAVER TYLER INC DIV W. S. TYLER",1RY78,,,
TEC INC,1RY79,,,
"CALCO INDUSTRIES, L.P.",1RYS5,,,
"PACIFIC STAR COMMUNICATIONS, INC. DBA PACSTAR",1RZG3,,,
"PACIFIC BOAT TRAILERS, INC. DBA PACIFIC BOAT TRAILERS",1RZH1,,,
"RENEWABLE LUBRICANTS, INC",1RZP5,,,
"FLYER DEFENSE, LLC",1RZR5,,,
CFX DYNAMICS INC.,1S023,,,
JOHNSON CONTROLS INTL INC SUB OF JOHNSON CONTROLS INC,1S062,,,
SPEEDCRAFT,1S0H7,,,
"HAYES LEMMERZ INTERNATIONAL, INC. DBA HAYES LEMMERZ INTERNATIONAL",1S0R6,,,
"NETGEAR, INC.",1S0S8,,,
BAUMUELLER INC DBA FOREIGN PARENT IS BAUMUELLER NUERNBERG GMBH NUERNBERG GER,1S2C6,,,
"TACTICAL LIGHTING SOLUTIONS, LLC",1S2Q8,,,
VETERANS FASTENER SUPPLY CORP. DBA VETERANS FASTENER SUPPLY CORP,1S2Z3,,,
"BECHTEL NATIONAL, INC. DBA BECHTEL",1S307,,,
"HASTINGS AIR-ENERGY CONTROL, INC. DBA HASTINGS AIR ENERGY CONTROL INC",1S358,,,
"BLACKMER SYSTEM ONE, INC. DIV BLACKMER SYSTEM ONE, INC.",1S3F8,,,
"WOMACK MACHINE SUPPLY CO., LLC",1S3G7,,,
"CRESTWOOD TECHNOLOGY GROUP, LLC",1S5X8,,,
"ALJO PRECISION PRODUCTS, INC.",1S693,,,
"HYTORC OF TEXAS, INC. DBA HYTORC OF TEXAS",1S6D9,,,
"DYNAMIC APPLICATIONS, INC.",1S6F8,,,
WEST MARINE INC. DBA PORT SUPPLY DIV GOVERNMENT SALES,1S7W6,,,
ACORN INDUSTRIAL PRODUCTS CO,1S819,,,
BLOUNT INTERNATIONAL INC,1S857,,,
"HJM PRECISION, INC",1S9D5,,,
AVAYA INC DBA AVAYA GOVERNMENT SOLUTIONS,1SBH3,,,
TRELLISWARE TECHNOLOGIES INC,1SBL7,,,
"XPER, INC.",1SC69,,,
"BROADATA COMMUNICATIONS, INC. DBA BROADATA COMMUNICATIONS INC",1SC84,,,
SUNPARK ELECTRONICS CORP.,1SD77,,,
"ENDRIES INTERNATIONAL, INC",1SE17,,,
"DELKIN DEVICES, INC. DBA DELKIN DEVICES INC",1SEH7,,,
"TERADYNE, INC DIV AVIONICS INTERFACE TECHNOLOGIES",1SF22,,,
"ETHERWAN SYSTEMS, INC.",1SF50,,,
G & D MACHINE SHOP INC,1SF58,,,
"PANELIGHT COMPONENTS GROUP, LLC DBA PANELIGHT COMPONENTS GROUP LLC",1SG29,,,
HID GLOBAL CORP,1SGK1,,,
"RAMANN ENTERPRISES, INC. DBA MESA DISTRIBUTORS",1SH60,,,
"ACTEK ENTERPRISES, INC. DBA ACTEK ENTERPRISES INC",1SJ33,,,
JOY SIGNAL TECHNOLOGY LLC DBA JOY SIGNAL TECHNOLOGY,1SJC3,,,
"WORKPLACE TRAINING, INC. DBA WORKPLACE TRAINING",1SK12,,,
SWENCO PRODUCTS INC DBA POSI-PRODUCTS,1SK21,,,
"DIAMOND BLADE WAREHOUSE, INC. DBA STRATUS",1SKC4,,,
"RIVERSIDE ENTERPRISES USA, INC",1SKL9,,,
TELEFLEX MEDICAL INCORPORATED DBA TELEFLEX MEDICAL INC,1SL40,,,
"LIGHTFORCE USA, INCORPORATED DIV MIL-GOV-LE",1SLF0,,,
"INDELAC CONTROLS, INC.",1SN75,,,
RYAN HERCO PRODUCTS CORP. DBA RYAN HERCO PRODUCT SOLUTION,1SNY9,,,
HOBART GROUND POWER,1SPJ9,,,
HEXCEL CORP DIV SALT LAKE CITY - MATRIX PLANT,1SPP9,,,
"AMETEK DREXELBROOK, A UNIT OF PATRIOT SENSORS & CONTROLS CORPORATION DBA AMETEK DREXELBROOK",1SPX5,,,
"PLYMKRAFT, INC. DBA PLYMKRAFT INC DIV COLUMBIAN SPECIALTY PRODUCTS DIV",1SPX7,,,
"PICKERING INTERFACES, INC",1SQG0,,,
TRIUMPH ACTUATION SYSTEMS LLC DIV TRIUMPH ACTUATION SYSTEMS - CLEMMONS,1SR57,,,
"BERENDSEN, INC. DBA CHARLOTTE SALES & SERVICE",1SRH3,,,
JACKSON MSC INC DBA JACKSON DISHMACHINES,1ST47,,,
"MICROPORE, INC. DBA MICROPORE INC",1STE2,,,
CURTISS-WRIGHT FLOW CONTROL CORPORATION DBA SPRAGUE PRODUCTS DIV CURTISS-WRIGHT FLOW CONTROLS,1STQ3,,,
"ORDNANCE HOLDINGS, INC",1STR3,,,
"VERTEX STANDARD USA, INC. DIV GOVERNMENT SALES DIVISION",1SU04,,,
PYRO CHEM,1SUW1,,,
SCUBAPRO,1SVE6,,,
FINELINE TECHNICAL SERVICES,1SVR7,,,
"RECARO NORTH AMERICA, INC. DBA RECARO NORTH AMERICA",1SW83,,,
"CHATTANOOGA MEDICAL SUPPLY, INC. DBA CHATTANOOGA MEDICAL SUPPLY",1SWG7,,,
OPEN DOOR INDUSTRIES,1SWH8,,,
EPSILON SYSTEMS SOLUTIONS INC DIV MISSION READINESS GROUP,1SWQ1,,,
"CUDA II, INC DIV MIDWEST AIRCRAFT MACHINE & TOOL COMPANY",1SWT0,,,
"LDDF, INC. DBA APPLIED INSTRUMENTS",1SX90,,,
ANTRON TECHNOLOGIES INC,1SXN9,,,
"MIDLAND PLASTICS, INC. DBA MIDLAND INDUSTRIAL PLASTICS",1SZ82,,,
NAL RESEARCH CORP,1SZL2,,,
DAVID FISHER DBA ELECTROSTAT,1T0D3,,,
"OPTICAL APPARATUS COMPANY, INC.",1T182,,,
"HUMBOLDT SCIENTIFIC, INC.",1T1S7,,,
J AND A MACHINERY INC,1T313,,,
"NUMERICAL PRECISION, INC. DIV NUMERICAL PRECISION",1T315,,,
PARKER-HANNIFIN CORP,1T3E2,,,
"RING'S MANUFACTURING, INC. DBA RINGS MANUFACTURING",1T3U6,,,
"AUSTAL USA, LLC",1T3Z4,,,
"BOYD LANCASTER, INC.",1T434,,,
"AURORA TACTICAL GROUP, LLC",1T5T9,,,
"U.S. TACTICAL SUPPLY, INC. DBA US TACTICAL SUPPLY",1T5U0,,,
"DSP ENTERPRISES, INC.",1T5V8,,,
"WAXIE'S ENTERPRISES, LLC DBA WAXIE SANITARY SUPPLY DIV SAN DIEGO",1T674,,,
"ROBERTSON FUEL SYSTEMS, L.L.C.",1T765,,,
PHILPOTT RUBBER LLC,1T7E9,,,
KRISRY INTERNATIONAL INC.,1T7N5,,,
"FIBERGRATE COMPOSITE STRUCTURES, INC. DBA CUSTOM FIBERGLASS FORMS",1T7T0,,,
STOKES ELECTRIC COMPANY DBA STOKES ELECTRIC CO,1T7Y5,,,
APAULO CORP.,1T835,,,
GENERAL TRANSISTOR CORPORATION DBA G T C,1T853,,,
GEAR WIZZARD INC.,1T8R1,,,
"ABRASIVE TECHNOLOGY, LLC",1T902,,,
TRI COMPONENT PRODUCT CORP. DBA TRI COMPONENT PRODUCT CORP,1T973,,,
"THERMAL ELECTRONICS, INC. DBA THERMAL ELECTRONICS INC",1T987,,,
"L-3 SERVICES, INC. DBA USE CAGE CODE 63702 FOR CATALOGING",1T9N7,,,
ADVANCE SAFETY EQUIPMENT CO.,1TAJ4,,,
"HEARTLAND SERVICES, INC.",1TAN1,,,
VERSAMIL INC,1TC70,,,
VANGUARD RUGGED STORAGE LLC,1TE34,,,
UNIVERSAL AVIONICS SYSTEMS CORP,1TEL4,,,
HAWAII PACIFIC CONCRETE AND PAVING INC DIV HAWAII PACIFIC CONCRETE & PAVING INC,1TGC0,,,
SPECIALIZED MACHINE INC,1TGS5,,,
FREUDENBERG NONWOVENS DIV FREUDENBERG NONWOVENS INTERLING,1TH46,,,
ECU & US INTERNATIONAL INC DBA US REFLECTOR,1THQ1,,,
EL MAR INC.,1TJF0,,,
"AZACHOROK CONTRACT SERVICES, LLC.",1TLH0,,,
"FIRST METALS & PLASTICS TECHNOLOGIES, INC.",1TLT9,,,
"SEVEN NORTH INDUSTRIES, INC. DBA SEVEN NORTH INDUSTRIES INC",1TLZ9,,,
"SOUTHERN POLICE EQUIPMENT COMPANY, INC.",1TM05,,,
OCEAN POWER & EQUIPMENT CO INC,1TN58,,,
BROCADE COMMUNICATIONS SYSTEMS LLC,1TNP0,,,
ADAM EQUPIMENT INC,1TQ74,,,
"SKYTOWER AVIATION SERVICES, INC.",1TQC5,,,
DELAIRE USA INC,1TQE9,,,
SAFRAN LANDING SYSTEMS WHEEL & BRAKE SERVICES LLC,1TQN0,,,
HOTTINGER BRUEL & KJAER INC. DBA BRUEL & KJAER,1TS68,,,
"ENGINEERED PLASTIC SYSTEMS, L.L.C.",1TSV3,,,
"SAINT CATHERINE'S METALWORKS, INC",1TTA6,,,
"MOBILE ELECTRIC POWER SOLUTIONS, INC. DBA MOBILE ELECTRIC POWER SOLUTIONS INC DIV CORPORATE",1TV11,,,
RELEVANT TECHNOLOGIES CORP DIV VOX TECHNOLOGIES,1TWS1,,,
CERAMTEC NORTH AMERICA LLC DBA CERAMTEC NORTH AMERICA CORP,1TY37,,,
SWAY-A-WAY INC,1TY66,,,
"ADVANCED AIRCRAFT ROLLER SYSTEMS, INC. DBA ADVANCED AIRCRAFT ROLLER SYSTEMS INC",1TZF2,,,
SANDIA AEROSPACE INC,1TZY0,,,
FASTENAL COMPANY DBA FASTENAL CO DIV ILMON,1U0N7,,,
"R.G.A. & ASSOCIATES, LTD. DBA TOTEVISION",1U1F1,,,
CAPSTONE GREEN ENERGY CORP,1U1M9,,,
"TENCARVA MACHINERY COMPANY, LLC DIV RICHMOND",1U237,,,
LABARGE PRODUCTS INC.,1U339,,,
"AMERIGLO, LLC",1U3C4,,,
"INDUSTRIAL WIRE ROPE SUPPLY CO, INC",1U3F6,,,
"A.M. BICKFORD, INC. DBA AM BICKFORD INC",1U485,,,
"ANSELL HEALTHCARE, INC. DBA ANSELL HEALTHCARE DIV PROFESSIONAL HEALTHCARE",1U6C8,,,
M-PACT WORLDWIDE LLC DBA M-PACT,1U746,,,
"ENFASCO, INC. DBA ENGINEERED FASTENER COMPANY",1U749,,,
COMMUNICATIONS SUPPLY CORPORATION DBA CSC DIV CSC BUENA PARK CA,1U7X7,,,
HALP INC,1U965,,,
CELINA TENT INC,1U9Z5,,,
LIG INTL INC,1UA27,,,
"SAFRAN DEFENSE & SPACE, INC. DIV SAFRAN DEFENSE AND SPACE, INC.",1UAE7,,,
"L3 TECHNOLOGIES, INC.",1UB81,,,
SARTORIUS TCC COMPANY DIV DENVER INSTRUMENT,1UBE9,,,
EDGECOM INC,1UCS4,,,
NOVAVAX INC DIV CORPORATE,1UCZ4,,,
"BENDER ELECTRONICS, INCORPORATED",1UD11,,,
EMERGING MANUFACTURING TECHNOLOGIES INC,1UDJ2,,,
EVERGREEN SALES & SERVICE CORP,1UDM3,,,
AMERA PRODUCTS INC,1UEP6,,,
TIE DOWN ENGINEERING INC,1UES5,,,
SAFETY SEAL GC,1UFE8,,,
"VOLTECH INSTRUMENTS, INC",1UGK7,,,
"NU-TECH ENTERPRISES, INC. DBA NUTECH ENTERPRISES",1UGZ7,,,
VIBRATION RESEARCH CORP DIV VIBRATION RESEARCH CORPORATION,1UH16,,,
"EVIDENT, INC",1UJ70,,,
FASTENAL CO,1UKR4,,,
"E-Z-EM, INC.",1ULF2,,,
"VETERAN SALES, LLC DBA QUICK MEDICAL GS",1UM72,,,
"ADVANCED MICRO INSTRUMENTS, INC. DBA AMI",1UM84,,,
LOCKHEED MARTIN GYROCAM SYSTEMS LLC,1UMJ7,,,
"MILLER-LEAMAN, INC. DBA MILLER-LEAMAN INC",1UN88,,,
ACI TECHNICAL SERVICES INC,1UP70,,,
LOVEJOY CONTROLS CORPORATION,1UP86,,,
PHOTOVOLT INSTRUMENTS INC DBA PHOTOVOLT INSTRUMENTS INC,1UPB4,,,
MOTION INDUSTRIES INC DBA MOTION INDUSTRIES,1UPD8,,,
"COMPLETE PACKAGING AND SHIPPING SUPPLIES, INC.",1URK6,,,
PRIMARY FLOW SIGNAL INC,1URS0,,,
CONSOLIDATED TRAILERS INC DBA CONSOLIDATED TRAILERS DIV SALES,1URV4,,,
"ADVANCED EDUCATIONAL PRODUCTS, INC.",1US05,,,
ADVANTECH CORPORATION,1US49,,,
AEGIS RESEARCH DBA AEGIS RESEACH,1US65,,,
SOJITZ CORPORATION OF AMERICA,1USE1,,,
"CROSS MATCH TECHNOLOGIES, INC.",1USE5,,,
TARGET ELECTRONICS INC.,1UT74,,,
"OCEANIC MEDICAL PRODUCTS, INC.",1UTB6,,,
MOR SOUND INC DBA SOUNDS GREAT,1UTZ4,,,
"CENTECH MANUFACTURING, INC. DBA CENTECH  MANUFACTURING. INC.",1UU07,,,
"SMART STORAGE SYSTEMS, INC.",1UUM8,,,
WHITTINGTON PAVING INC,1UV15,,,
GRACE AEROSPACE LLC,1UVW2,,,
TACTICAL APPLICATIONS GROUP,1UVX8,,,
"OMNI MEASUREMENT SYSTEMS, INC. DBA OMNI MEASUREMENT SYSTEMS INC",1UW92,,,
"TRICOL BIOMEDICAL, INC",1UXC2,,,
"CABLE WHOLESALE.COM, INC",1UXU8,,,
CIVACON,1UYK1,,,
REMCON PLASTICS INC,1UYN2,,,
"RTX SCIENTIFIC, INCORPORATED DBA REFRIGERATION TECHNOLOGIES",1UZB4,,,
F. H. PETERSON MACHINE CORPORATION DBA FH PETERSON MACHINE CORP,1V090,,,
YKK USA INC,1V095,,,
PAUL MUELLER COMPANY DBA PAUL MUELLER CO,1V224,,,
"MAR-BAL, INC.",1V231,,,
"JADCAP MACHINE WORKS, INC.",1V2J1,,,
CARRIG & ASSOCIATES INC,1V391,,,
"LASERVISION USA, LP",1V4B9,,,
SYNCOM ELECTRONICS CORPORATION DBA SYNCOM ELECTRONICS,1V4C7,,,
"AIR FILTERS, INC",1V4D3,,,
"DREAMFIND, INC. DBA DREAMFIND INC",1V4T7,,,
NORTHROP GRUMMAN SYSTEMS CORPORATION,1V4X9,,,
LOC PERFORMANCE PRODUCTS LLC,1V513,,,
DUHADAWAY TOOL & DIE SHOP INC,1V517,,,
"MONSAM ENTERPRISES, INC.",1V5F4,,,
"KMI, INC DBA KMI INC",1V662,,,
"SAFE TECH, INC. DBA SAFE TECH INC",1V6G2,,,
HOOSIER TANK AND MANUFACTURING INC,1V6N4,,,
"ATLANTA LIGHT BULBS, INC.",1V6Q2,,,
CONTERRA INC,1V6X2,,,
"AG AIR SYSTEMS, INC.",1V6Y1,,,
OPTOMETRICS (USA) LTD,1V739,,,
MANUFACTURERS EDGE INC,1V754,,,
"RAMONA RESEARCH, INC.",1V7Y7,,,
NORTHERN COMPOSITES INC DIV NORTHERN COMPOSITES LLC,1V824,,,
"CLAUSING INDUSTRIAL, INC. DBA CLAUSING SERVICE CENTER DIV CLAUSING SERVICE CENTER",1V923,,,
"SEA SHIELD MARINE PRODUCTS, INC.",1V986,,,
"AMERICAN HYDROSTATICS DISTRIBUTION, INC. DIV AMERICAN HYDROSTATICS DIST",1V9X6,,,
UEMC INC.,1VA44,,,
ADLINK TECHNOLOGY AMERICA INC.,1VA57,,,
KOLPIN OUTDOORS INC,1VCM7,,,
"CYLINDER & SLIDE, INC.",1VDY7,,,
"STRATOS INTERNATIONAL, INC.",1VF08,,,
"AIR POWER, INC. DBA AIR POWER INC",1VGE4,,,
CRU DATA SECURITY GROUP LLC,1VHR9,,,
PARTS EXPRESS INTERNATIONAL INC DBA PARTS EXPRESS DIV PARTS EXPRESS INTERNATIONAL,1VJJ9,,,
SHIELD RESTRAINT SYSTEMS INC,1VJT5,,,
"GROOVE TECH, INC DBA GROOVE TECH",1VK52,,,
"NEXTEK, LLC",1VL45,,,
"AFC SPECIALTY COATINGS GROUP, INC. DIV AFC SPECIALTY COATINGS, INC.",1VL82,,,
N -TRON CORP,1VLS6,,,
"INTERNATIONAL WEIGHING SYSTEMS, INC DBA INTERNATIONAL WEIGHING SERVICES INC DIV INTERNATIONAL WEIGHING SERVICES, INC.",1VLZ7,,,
SCICAST INTERNATIONAL INCORPORATED,1VMH9,,,
MONTEK TECHNOLOGIES CORP,1VMK5,,,
LIFEGAS DBA LIFEGAS DIV LIFEGAS,1VNR6,,,
UME VOICE INC DBA UME VOICE INC,1VNZ2,,,
PV DEROCHE LLC DBA DEROCHE CANVAS,1VPA4,,,
CENTRAL FLORIDA YAMAHA INC DBA BOATERS WORLD,1VQ20,,,
ALDER SOL HOLDINGS LLC,1VQR9,,,
S.P.E.P. ACQUISITION CORP. DBA SIERRA PACIFIC ENGINEERING AND PRODUCTS,1VQY7,,,
RSL FIBER SYSTEMS LLC,1VR65,,,
SYSTEL INC,1VRD0,,,
"COMARK DISTRIBUTING, INC.",1VSL6,,,
HOUSTON PRECISION FASTENERS I LP,1VSL7,,,
"SCHAEFER ELECTRONICS, INC. DBA SCHAEFER INC",1VSR4,,,
GPS SVCS,1VT84,,,
"SWJC, INC. DBA CONTINENTAL ENGINES",1VUQ9,,,
RIGHT FIND INC DBA RIGHT FIND INC,1VUX2,,,
"MILSPARECO, INC.",1VUZ0,,,
DYNYNSTYL INC.,1VV53,,,
AEI ELECTECH CORPORATION,1VVE0,,,
XP POWER LLC,1VWD9,,,
ROWMARK LLC,1VWQ1,,,
"CRITICAL COMMUNICATIONS, CONTROLS AND INSTRUMENTS, LLC DIV C3I",1VXE4,,,
"KNM INDUSTRIES, INC DBA LEXCO CABLE DIV LEXCO CABLE",1VXG5,,,
EMERSON ELECTRONIC CONNECTOR AND COMPONENT COMPANY DBA JOHNSON COMPONENTS,1VY65,,,
DANA CORP DBA WIX FILTRATION PRODUCTS DIV WIX FILTRATION PRODUCTS,1VYC7,,,
TOPCO INC.,1VYG2,,,
"NEW BEDFORD TECHNOLOGY, LLC DIV BEDFORD TECHNOLOGY",1VYN3,,,
NORTHROP GRUMMAN SYSTEMS CORP,1W025,,,
"GRAYBAR INTERNATIONAL, INC.",1W0M9,,,
IEI TECHNOLOGY USA CORPORATION,1W0W7,,,
EATON CORP AEROSPACE COMMERCIAL CONTROLS DIV,1W134,,,
AMERICAN GENERAL FABRICATION INC,1W160,,,
SECURITY STRUCTURE LLC,1W1W2,,,
"FOX MACHINERY ASSOCIATES, INC.",1W228,,,
CURRAN COIL SPRING INC,1W270,,,
EDGEWATER MACHINE & FABRICATORS,1W328,,,
"TOOLEX, INC DBA TOOLEX INC",1W383,,,
PANELTRONICS INCORPORATED DBA PANELTRONICS INC,1W4F2,,,
TERMINAL SUPPLY INC,1W654,,,
ORBIS CORPORATION,1W6J1,,,
TEMPCO INC DBA MARSHALLTOWN TEMPCO,1W7V8,,,
"HYDROID, LLC",1W8F8,,,
"HIGH ENERGY DEVICES, LLC",1W8F9,,,
"DATA CABLE TECHNOLOGIES, INC.",1W8X9,,,
CARBIS LADDERS DIV OF CARBIS SALES INC,1W981,,,
WHITMAN CONTROLS CORPORATION,1W987,,,
S T PRODUCTION SYSTEMS INC NEW JERSEY OPNS DIV,1W9T8,,,
FREEFLIGHT ACQUISITION CORPORATION,1WAN0,,,
"BOOZ ALLEN HAMILTON ENGINEERING SERVICES, LLC",1WAV4,,,
MOOG INC. DBA ELECTRO-OPTICAL IMAGING,1WB55,,,
DURABRAKE CO LLC,1WB92,,,
TYLER MADISON INC,1WBA4,,,
THE DELAMAR COMPANY DIV SLADE MARINE AND MILITARY DIVISION,1WC46,,,
ORCON CORPORATION,1WFJ0,,,
MILES RUBBER CO (INC) DBA MILES,1WFT8,,,
DRILL DOCTOR,1WGF1,,,
"AXON ENTERPRISE, INC.",1WHR1,,,
ADVANCED TECHNOLOGIES INC,1WHW9,,,
"UNITED FILTRATION SYSTEMS, INC",1WJP7,,,
WILTON TOOL COMPANY LLC,1WKM5,,,
"H. L. DALIS, INC. DBA HL DALIS INC",1WKQ8,,,
"LOCKHEED MARTIN SERVICES, LLC",1WL60,,,
TRIVERUS LLC,1WLH3,,,
CLASSIC COURIER DBA CLASSIC COURIER,1WLR3,,,
"RF TECHNOLOGIES, INC.",1WM23,,,
CSI INDUSTRIES INC.,1WMB9,,,
CAVOTEC USA INC,1WP76,,,
"STAR POLY BAG, INC.",1WRQ1,,,
"BUCKSTAFF PUBLIC SAFETY, INC. DBA BUCKSTAFF PUBLIC SAFETY INC",1WRT1,,,
"ALBION INDUSTRIES, INC. DBA ALBION INDUSTRIES",1WS43,,,
TUTHILL CORPORATION,1WSG5,,,
JOHNSON CONTROLS FIRE PROTECTION LP,1WSK7,,,
"ENERGIZER HOLDINGS, INC.",1WSP1,,,
ARMEDICA MANUFACTURING CORP.,1WT74,,,
CENTRAL MOLONEY INC.,1WT91,,,
DAVE TOOL MAN,1WTF8,,,
GEISLINGER CORP,1WTJ3,,,
"ATEK PRODUCTS, LLC DBA DATAKEY ELECTRONICS",1WU48,,,
CORITECH SERVICES INC,1WUF2,,,
"EDMUND OPTICAL MANUFACTURING, LLC DBA EDMUND OPTICS",1WV83,,,
"BRIGHT ENTERPRISES, INC. DBA BRIGHT PLASTICS",1WW47,,,
SEAKAMP ENGINEERING INC.,1WWQ2,,,
PACIFIC CUSTOM CABLE INC. DBA INDEPENDENT COMMERCE,1WY03,,,
"CHELTON AVIONICS, INC DIV CANYON AEROCONNECT",1WZE2,,,
MARTIN MILITARY INC,1WZZ2,,,
NESTOR SALES LLC DBA AIM SUPPLY CO DIV GOVERNMENT SALES DIVISION,1X015,,,
KUREK TOOL INC,1X017,,,
"ULINE, INC. DBA ULINE",1X2E3,,,
"SPECIALTY DISTRIBUTION GROUP, LLC DIV DISTRIBUTION INTERNATIONAL",1X3Q3,,,
"ORION ROPEWORKS, LLC",1X3U0,,,
PERIGEE MANUFACTURING CO INC,1X4X7,,,
LEGG COMPANY INC.,1X510,,,
"JAMES INDUSTRIAL SUPPLY CO., INC. DBA JAMES INDUSTRIAL",1X572,,,
CROWN BATTERY MANUFACTURING CO,1X630,,,
"POLYBRITE INTERNATIONAL, INC.",1X6C5,,,
"TALCO SPECIALTIES, INC.",1X6W8,,,
SUITS CLAMPS INC,1X8S6,,,
"ED BROWN PRODUCTS, INC. DBA ED BROWN CUSTOM,",1XAG9,,,
EMERSON KNIVES INC,1XB02,,,
LEROI INTERNATIONAL INC DBA COMPAIR LEROI,1XBP3,,,
ALL METALS AND FORGE LLC DBA STEELFORGE,1XBU9,,,
KNAPE & VOGT MANUFACTURING COMPANY DIV HEADQUARTERS,1XCR0,,,
"ECLIPSE MICROWAVE, INC. DIV ECLIPSE MDI",1XDA1,,,
TURBO DIESEL & ELECTRIC SYSTEMS INC,1XDQ9,,,
CLINTON INDUSTRIES INC,1XG76,,,
BUILDSPEC INC,1XGH5,,,
MACROTECH POLYSEAL INC,1XHG5,,,
"DC HYDRAULICS, INC",1XL44,,,
TNL SALES LLC,1XLG2,,,
CRANE PUMPS & SYSTEMS DBA PROCESS SYSTEMS INC DIV PROCESS SYSTEMS INC,1XLG4,,,
TYONEK FABRICATION CORPORATION,1XPL6,,,
JOHNSON ELECTRIC AUTOMOTIVE INC,1XQT3,,,
"THERMO PROCESS INSTRUMENTS, L.P. DBA THERMO ELECTRON",1XS48,,,
MTD PRODUCTS INC DIV CUB CADET,1XSY5,,,
"ADVANCED TECHNOLOGY SOLUTIONS, INC.",1XT41,,,
BENSON MEDICAL INSTRUMENTS COMPANY,1XT79,,,
"QUICKIE TIE-DOWN ENTERPRISES, LLC",1XUC7,,,
AMERISOURCEBERGEN DRUG CORP DIV CORPORATE OFFICE,1XUY5,,,
JIT INDUSTRIES INC DBA JIT CYLINDERS INC DIV JIT INDUSTRIES,1XUZ5,,,
"AUTOFLUG SAFETY SYSTEMS, INC.",1XV77,,,
"SKYDEX TECHNOLOGIES, INC.",1XVN6,,,
ATRENNE COMPUTING SOLUTIONS LLC,1XVU0,,,
"PYI, INC. DBA PYI INC",1XXB1,,,
"POLYMER TOOLING SYSTEMS, INC. DBA PTS ADVANCED MATERIALS",1XXB2,,,
"TRI BMS, LLC DBA R&M EQUIPMENT CO",1XY56,,,
"RIBCRAFT USA, LLC DBA RIBCRAFT USA LLA",1XZ90,,,
"GAUSS CORPORATION, THE DBA ELECTRODYNE SYSTEMS",1XZW8,,,
SWAROVSKI OPTIK NORTH AMERICA LIMITED DIV SWAROVSKI OPTIK NORTH AMERICA LTD,1Y0M2,,,
STILLWATER FASTENERS LLC,1Y153,,,
SPENCER WHITE AND PRENTIS INC,1Y394,,,
ACCU-TECH CORPORATION DIV FEDERAL,1Y421,,,
"J&S TOOL, INC.",1Y4A4,,,
"AIRGO INDUSTRIES, INC.",1Y4M7,,,
"DRS RSTA, INC. DIV OPTRONICS DIVISION",1Y4R3,,,
AEP USA CORP. DBA AEP MARINE PARTS DIV AEP SALES LLC,1Y4U3,,,
"CEN-TEX MARINE FABRICATORS, INC",1Y537,,,
AVIATION ENGINEERING PRODUCTS INC,1Y5U0,,,
SPECIAL METALS CORPORATION DBA WELDING PRODUCTS DIV SPECIAL METALS WELDING PRODUCTS COMPANY,1Y6L5,,,
"FNH USA, LLC",1Y8Q2,,,
NORTHWAY MATHERS INC,1Y8S6,,,
"HUNTINGTON MECHANICAL LABORATORIES, INC.",1YAJ3,,,
"A TO Z MACHINE CO, INC",1YB71,,,
SAGE OIL VAC INC,1YBU5,,,
ZERO MFG INC,1YBZ0,,,
"NORMAN TECHNOLOGY, INC. DBA NTI SEALS",1YBZ6,,,
VMR ELECTRONICS CORPORATION DIV VMR ASSEMBLIES LLC,1YF27,,,
"DARRELL HANNA & ASSOCIATES, INC.",1YF60,,,
LINDE LLC DBA CRYOSTAR USA,1YFE8,,,
RONALD BROWN,1YG38,,,
N S R ELECTRICAL INC DBA N S R ELECTRICAL INC,1YG88,,,
FASTER TECHNOLOGY LLC DBA FASTER TECHNOLOGY,1YGF4,,,
CHAPS LTD INC DIV CHAPTEX,1YGJ3,,,
"GE SUPPLY LOGISTICS, LLC",1YH87,,,
"ISG THERMAL SYSTEMS USA, INC.",1YHS8,,,
"MCWILLIAMS FLUID CONNECTORS, INC. DBA HOSE PROS, THE AND ENVIRONMENTAL CLEANING SYSTEMS",1YHY0,,,
TIAX LLC,1YHY2,,,
PARKER HANNIFIN CORP O-SEAL DIV,1YJY0,,,
STRIDER KNIVES INC,1YKW8,,,
"OSHKOSH SPECIALTY VEHICLES, INC.",1YLU6,,,
"ACRAMOLD, INC.",1YM71,,,
"PICO MACOM, INC",1YN10,,,
MAJOR FIBEROPTICS INC.,1YNS0,,,
R L DRAKE COMPANY,1YNU2,,,
"DOOSAN BOBCAT NORTH AMERICA, INC",1YPB1,,,
"CAPEWELL COMPONENTS COMPANY, LLC DBA M. H. RHODES DIV M. H. RHODES",1YPF2,,,
SEGWAY INC.,1YPY1,,,
ALLIANT TECHSYSTEMS OPERATIONS LLC DIV ARMAMENT SYSTEMS DIVISION,1YQE8,,,
ESCO PRECISION INC,1YRR0,,,
PF FISHPOLE HOISTS INC DBA PF FISHPOLE HOISTS INC,1YRX6,,,
"ICS CUTTING TOOLS, INC. DBA ICS CUTTING TOOLS",1YS26,,,
C-B TOOL CO DBA LANCASTER PUMP & WATER TREATMENT DIV LANCASTER PUMP & WATER TREATMENT,1YS28,,,
INDUSTRIAL FIBER OPTICS INC,1YSP9,,,
INTER MOUNTAIN MANUFACTURING,1YUK1,,,
"INCIDENT CONTROL SYSTEMS, LLC DBA INCIDENT CONTROL SYSTEMS LLC",1YUX1,,,
HOUSTON HINGE & HARDWARE COMPANY,1YVK1,,,
"INDRA SYSTEMS, INC.",1YVV5,,,
DUTCH HILL CORP,1YW46,,,
"SAFRAN DEFENSE & SPACE, INC. DIV OPTRONICS",1YWM6,,,
CYPRESS HOLDINGS LTD. DIV CYPRESS HOLDINGS,1YXP6,,,
REVVITY OMICS INC,1YXT8,,,
"STAHLWILLE TOOLS NORTH AMERICA, INC.",1YXT9,,,
"AVIATION ENGINEERING CONSULTANTS, INC.",1YXW9,,,
RXCOUNT CORP.,1YYD1,,,
"CCI THERMAL TECHNOLOGIES INDIANA, INC.",1YYW2,,,
LITTLE RHODY MACHINE REPAIR INC,1Z124,,,
JEROME INDUSTRIES CORP,1Z254,,,
MILITARY REPAIR INC,1Z287,,,
ELECTROMET CORPORATION DBA ELECTROMET CORP,1Z292,,,
LINCOLN DIAGNOSTICS INC,1Z310,,,
QUALTEC DATA PRODUCTS INC,1Z401,,,
EAGLE MICROSYSTEMS DIV SALES,1Z471,,,
"AP LABS, INC.",1Z496,,,
MONARCH INTERNATIONAL INC. DBA MONARCH INSTRUMENT DIV MONARCH INSTRUMENT,1Z500,,,
BUNDY MFG INC,1Z574,,,
SHANLEY PUMP & EQUIPMENT INC,1Z741,,,
"HENDRIX MACHINERY, INC.",1Z767,,,
ARWOOD MACHINE CORPORATION DBA AMC,1Z801,,,
MEDEXAM INC,1ZB19,,,
BLACKWATER TARGET SYSTEMS LLC,1ZDC0,,,
FIST INC,1ZE21,,,
ACUSTRIP CO INC,1ZF89,,,
"BRAD FOOTE GEAR WORKS, INC DBA BRAD FOOTE GEARING",1ZFX9,,,
"BMP RACKMOUNT SOLUTIONS, LLC",1ZFZ0,,,
"HAWK ENTERPRISES, LLC DIV MICOR INDUSTRIES, LLC.",1ZG10,,,
"ZANDER, INC DIV ZANDER, INC.",1ZGH1,,,
ATS LABORATORIES INC,1ZGQ5,,,
SF CABLE INC,1ZGU2,,,
SUN DOME INC,1ZHY1,,,
"ALLCLEAR AEROSPACE & DEFENSE, INC.",1ZK21,,,
"KVM SWITCHES ONLINE, LLC DBA KVM SWITCHES ONLINE LLC",1ZK54,,,
2IS INC.,1ZKD0,,,
"PRAMAC AMERICA, LLC",1ZKG1,,,
MACORP,1ZLT1,,,
GLEICHER MANUFACTURING CORPORATION,20045,,,
HANSALOY CORP,20080,,,
INSULFAB PLASTICS INC,20128,,,
"KEPNER PLASTICS FABRICATORS, INC.",20179,,,
"DRS ADVANCED ISR, LLC",20183,,,
WEST COAST NETTING INC,20202,,,
ELGIN SWEEPER COMPANY,20219,,,
BENTLY PRESSURIZED BEARING COMPANY DIV BENTLY TRIBOLOGY SERVICES NV,20230,,,
"MK DIAMOND PRODUCTS, INC.",20231,,,
"MATZ RUBBER COMPANY, INC. DBA MATZ RUBBER CO INC",20277,,,
"AIMTRON SYSTEMS, LLC",20284,,,
,,,,
DIETERICH STANDARD CORP SUB OF DOVER CORP,20339,,,
"OLD DOMINION BRUSH COMPANY, INC DBA O D B",20348,,,
"PACKAGING SPECIALTIES,INC.",20400,,,
EMPIRE TOOL CO,20475,,,
RAMSEY PRODUCTS CORP,20481,,,
MTL ASCO SP. Z O.O.,2051H,,,
"TRU-CUT, INC.",20624,,,
THE WALLACE FORGE CO,20669,,,
OHMEGA SOLENOID CO INC,20679,,,
WILSONART INTERNATIONAL HOLDINGS LLC,20706,,,
FP WOLL & CO,20710,,,
VALCORE MANUFACTURING LLC DBA USE CAGE CODE 04YE2 FOR CATALOGING,20723,,,
NATIONAL MARKING PRODUCTS .INC.,20727,,,
ORDNANCE PARTS AND ENGINEERING CO,20800,,,
"SOUTH BAY WIRE AND CABLE COMPANY, LLC",20857,,,
"TAT PUMPS, INC. DBA TAT ENGINEERING",20881,,,
KAPPA TECHNOLOGIES INC.,20933,,,
THOGUS PRODUCTS CO,20943,,,
TRITON SERVICES INCORPORATED DBA ELECTRON TECHNOLOGY DIVISION DIV ELECTRON TECHNOLOGY DIVISION,20948,,,
ESPEY MFG AND ELECTRONICS CORP,20950,,,
,,,,
CONNOR WINFIELD CORP DIV CONNOR WINFIELD,21022,,,
"GLOBE PLASTICS, INC.",21071,,,
"FLEXTRON INDUSTRIES, INC. DIV FLEXTRON INDUSTRIES",21106,,,
JDMC ENTERPRISES DBA HIGH SPEED MACHINE PRODUCTS,21128,,,
,,,,
"ASTRO SEAL, INC",21183,,,
"MARCH MANUFACTURING, INC",21198,,,
OPTIC-ELECTRONIC CORP,21205,,,
SCHNELLER LLC,21213,,,
"AERO-PLASTICS, INC.",21215,,,
"AIR CONTROL, INC",21232,,,
ESSEX ELECTRO ENGINEERS INC,21269,,,
KELSEY-HAYES CO FABCO DIV,21292,,,
PRECISION METALCRAFT LLC DIV PRECISION METALCRAFT LLC,21337,,,
B & B TRITECH INC.,21361,,,
FAIRBANKS CO THE,21368,,,
SHERWIN INCORPORATED DBA SHERWIN INC DIV SHERWIN INC.,21405,,,
HARSCO CORP FAIRMONT RAILWAY MOTORS DIV,21416,,,
RELAY SPECIALTIES INC,21424,,,
GAGNE ASSOCIATES INC,21427,,,
"CURTISS-WRIGHT FLOW CONTROL SERVICE, LLC DBA ENGINEERED ARRESTING SYSTEMS - ESCO DIV CW FLOW CONTROL SVC LLC DBA",21439,,,
REXNORD INDUSTRIES LLC,21444,,,
"PANELMATIC YOUNGSTOWN, INC",21445,,,
ARMY WEAPONS COMMAND ATTN AMSWE-REE-S,21450,,,
CARLSON MACHINE AND TOOL INC,21480,,,
,,,,
PRECISION GEAR INDUSTRIES LLC,21540,,,
BRUNSWICK CORP TECHNETICS DIV/WINTEC,21550,,,
MERSEN CANADA TORONTO INC,21574,,,
THE BUCKEYE STAMPING COMPANY,21604,,,
PLYMOUTH INDUSTRIES INC,21653,,,
CAMBRO MANUFACTURING COMPANY DBA CAMBRO MANUFACTURING CO,21669,,,
"PRECISION TIMER COMPANY, INC. DBA PRECISION TIMER DIV PRECISION TIMER COMPANY, INC.",21687,,,
ELECTRO-TECH INC.,21699,,,
THERMADYNE CANADA LTD,21750,,,
SCHATZ BEARING CORPORATION DBA SCHATZ BEARING CORP,21760,,,
METTLER ELECTRONICS CORP.,21763,,,
CTS VALPEY CORPORATION,21821,,,
FEI MICROWAVE INC,21847,,,
SPACE POWER ELECTRONICS INC,21854,,,
"CENTROID, INC. DBA CENTROID INC",21856,,,
MACE SECURITY INTERNATIONAL INC,21862,,,
NORRIS DISPENSER COMPANY,21880,,,
"SMITHS TUBULAR SYSTEMS-LACONIA, INC. DIV LEWIS & SAUNDERS",21890,,,
BARBEE COMPANY INC,21906,,,
M/A-COM INC M/A-COM ANZAC OPNS,21912,,,
MAHR INC,21938,,,
GENERAL MICROWAVE ISRAEL (1987)LIMITED,2198A,,,
TEXWIPE CO LLC THE,21994,,,
"KATHREIN USA, INC.",22007,,,
BROOKSIDE CORP,22038,,,
"MAZZELLA LIFTING TECHNOLOGIES, INC.",22057,,,
GOOD-ALL ELECTRIC INC,22096,,,
RAYMOND PRODUCTS,22098,,,
GULF BELTING AND GASKET CO INC,22113,,,
"MAGNOLIA ADVANCED MATERIALS, INC. DBA MAGNOLIA ADVANCED MATERIALS INC DIV NONE",22121,,,
FIBRE-METAL PRODUCTS CO INC,22166,,,
"EON INSTRUMENTATION, INC.",22198,,,
WERFEN USA LLC,22270,,,
BETA MFG CO INC SUB OF HAYES CORP,22271,,,
"THE FILTRINE MANUFACTURING COMPANY, INC.",22280,,,
REGAL-BELOIT CORP,22281,,,
GAUNT INDUSTRIES,22291,,,
"BRIDGESTONE AMERICAS TIRE OPERATIONS, LLC",22337,,,
ELECTRONIC SPECIALTY CORP SOLENOID DIV,22346,,,
RAINIER INDUSTRIES LTD. MARKHAM DIVISION,22377,,,
AMANDA BENT BOLT COMPANY DBA MANUFACTURER OF STANDARD AND SPECIAL WIRE & ROD PRODUCTS DIV AMANDA BENT BOLT COMPANY,22382,,,
MECA ELECTRONICS INC,22424,,,
"WHEEL-A-MATIC, LLC",22469,,,
THE CONRAD COMPANY DBA CONRAD CO,22539,,,
"DELFORD INDUSTRIES, INC. DBA DELFORD INDUSTRIES INC",22601,,,
"MULTISORB TECHNOLOGIES, INC.",22627,,,
UNIVERSAL AIR PRODUCTS CORP DBA UNIVERSAL AIR & GAS PRODUCTS CORP,22643,,,
U M C ELECTRONICS CO,22680,,,
"UNITED METAL FABRICATORS, INC.",22697,,,
"BLACKSTONE~NEY ULTRASONICS, INC.",22723,,,
PRECISION AEROSPACE CORPORATION DBA PRECISION ENGINE CONTROL,22787,,,
,,,,
"SYMETRICS INDUSTRIES, LLC DBA EXTANT AEROSPACE DIV SYMETRICS INDUSTRIES DBA EXTANT AEROSPACE",22830,,,
SPALLA INC,22852,,,
FLEX PRODUCTS CORP,22859,,,
PROCEDYNE CORP,22880,,,
"OAI ELECTRONICS, LLC",22887,,,
ELBIT SYSTEMS LTD DIV AEROSPACE,2288A,,,
REMOTE CONTROLS INC DBA REMOTE CONTROLS INC,22890,,,
BRASCH MFG CO INC,22901,,,
"HELIGEAR ACQUISITION CO. DBA NORTHSTAR AEROSPACE, INC.",22907,,,
NORTHROP GRUMMAN CORP ELECTRONIC SYSTEMS DEFENSIVE SYSTEM DIV,22915,,,
ELBIT SYSTEMS C4I AND CYBER LTD DIV C4I AND CYBER,2291A,,,
FTG CIRCUITS INC. DBA TELEDYNE PRINTED CIRCUIT TECHNOLOGY DIV FTG CIRCUITS-HUDSON,22958,,,
"TRILITHIC, INC.",23042,,,
ADVANCED MEASUREMENT TECHNOLOGY INC,23070,,,
FRAZIER AVIATION INC,23162,,,
GKN AEROSPACE CHEM-TRONICS INC,23163,,,
"J HOWARD SERVICE GROUP, INC. DBA J HOWARD SERVICE GROUP INC",23177,,,
"MASON INDUSTRIES, INC.",23180,,,
DRANETZ TECHNOLOGIES INC,23207,,,
CTS MICROELECTRONICS,23223,,,
"SRM MFG. CO., LLC DBA SRM MFG CO",23227,,,
"UTE MICROWAVE, INC",23261,,,
"EMCEE ELECTRONICS, INC.",23299,,,
S. W. ELECTRONICS & MANUFACTURING CORP. DBA SWEMCO,23302,,,
WAVETEK U S INC DIV OF WAVETEK CORP,23338,,,
"TERADYNE, INC. DIV ASSEMBLY TEST DIVISION",23350,,,
COMMERCIAL PLASTICS AND SUPPLY CORP,23356,,,
"ANTENNA RESEARCH ASSOCIATES, INCORPORATED DBA ANTENNA RESEARCH ASSOCIATES INC",23360,,,
"PATRIOT WORLDWIDE, INC. DBA NANMAC",23371,,,
,,,,
,,,,
LADD ASSOCIATES INC,23411,,,
EMCO INDUSTRIES INC,23424,,,
FRANKLIN MACHINE PRODUCTS INC,23463,,,
FREDERICK CUSTOM MACHINING INC,23515,,,
MKS INSTRUMENTS INC,23582,,,
FRICK CO,23587,,,
LUDLUM MEASUREMENTS INC,23609,,,
EPCO PRODUCTS CO,23616,,,
SMITHS DETECTION INC. DBA SMITHS DETECTION INC CASC DIV EDGEWOOD,23667,,,
TYLER PIPE WADE DIV,23695,,,
ORCON CORPORATION DIV AEROSPACE DIVISION,23788,,,
"DE NORA WATER TECHNOLOGIES LLC DIV F/K/A CAPITAL CONTROLS CO., INC.",23822,,,
WGI INC. DBA WGI INC,23837,,,
MILITARY VEHICLES OPN GENERAL MOTORS TRUCK AND BUS GROUP MS 2603-02,23862,,,
"J.W. MANUFACTURING, INC DBA ARCONIC FASTENING SYSTEMS AND RINGS",23899,,,
NATIONAL LIVE TRAP CORP,23907,,,
"HEATRON, INC.",23925,,,
PURDY WILLIAM J CO INTERFAN DIV,23936,,,
,,,,
STANDARD INDUSTRIES,23951,,,
CRESTVIEW AEROSPACE LLC DIV CRESTVIEW AEROSPACE,23974,,,
"CALMONT ENGINEERING & ELECTRONICS CORP. DBA CALMONT WIRE & CABLE, INC.",24027,,,
AERO BENDING COMPANY,24032,,,
"SIGMA-NETICS, INC.",24038,,,
COOPER INDUSTRIES INC DBA COOPER TOOLS,24047,,,
"MIRION TECHNOLOGIES (CANBERRA), INC. DBA MIRION TECHNOLOGIES CANBERRA INC",24114,,,
"PALMER MANUFACTURING CO., LLC DBA PURSUIT AEROSPACE",24115,,,
SAVAGE W BRYAN LTD,24116,,,
,,,,
GREAT LAKES DIESEL CO,24144,,,
MCB MFG CHEMISTS INC,24150,,,
GOLDEN GATE SWITCHBOARD CO,24175,,,
ENDURO RUBBER CO,24179,,,
"TEKNATIONAL THERMAL INSULATION AND HARDWARE, INC",24227,,,
"GEORGE RISK INDUSTRIES, INC. DIV GEORGE RISK INDUSTRIES",24229,,,
BEANS JAMES H FOUNDRY CO INC,24231,,,
"WILLIAMS INTERNATIONAL CO., L.L.C.",24235,,,
"DRS NETWORK & IMAGING SYSTEMS, LLC",24290,,,
ATLANTIC INERTIAL SYSTEMS INC,24321,,,
"ANALOG DEVICES, INC. DIV CORPORATE HEADQUARTERS",24355,,,
"TM SYSTEMS, INC. DBA API TECHNOLOGIES DIV API TECHNOLOGIES - POWER SOLUTIONS",24361,,,
"EXECUTIVE INSTRUMENTS, INC. DBA EXECUTIVE INSTRUMENTS INC DIV EXECUTIVE TECHNICAL SERVICES,INC. DBA",24363,,,
"SYPRIS ELECTRONICS, LLC DBA SYPRIS ELECTRONICS LLC",24384,,,
"EAGLE TOOL & MACHINE CO., INC.",24398,,,
,,,,
"SKYLINE INDUSTRIES, INC",24434,,,
MONNIER INC,24478,,,
VON RUDEN MFG INC,24491,,,
"GENERAL NUCLEONICS, INC. DBA GENERAL NUCLEONICS INC",24494,,,
"AMETEK, INC. DBA AMETEK POWER INSTRUMENTS",24561,,,
TSI INCORPORATED,24575,,,
"GLOBE ENGINEERING CO., INC",24586,,,
"SMITHS INTERCONNECT AMERICAS, INC.",24602,,,
MARK PRODUCTS INC,24603,,,
HOERBIGER CORP OF AMERICA INC,24643,,,
CERTIFIED AEROSPACE,24666,,,
RELATED COMPONENTS INC,24679,,,
HARTZELL PROPELLER LLC,24692,,,
"SEMCO INSTRUMENTS, INC. DBA HARCOSEMCO",24735,,,
LENOX-FUGLE INTL INC,24759,,,
"ALUMINUM DIE CASTING COMPANY, INC. DBA ALUMINUM DIE CASTING CO",24781,,,
"N H RESEARCH, LLC DBA NH RESEARCH LLC",24862,,,
"QUIRK WIRE CO., INC. DBA QUIRK WIRE CO INC DIV QUIRK WIRE COMPANY",24868,,,
CHEMETRON FIRE SYSTEMS DIV SAFETY FIRST PRODUCTS,24903,,,
STEARMAN AIRCRAFT PRODUCTS CORPORATION,24906,,,
"L3HARRIS TECHNOLOGIES, INC DIV SPACE & AIRBORNE SYSTEMS",24930,,,
BECKSON INDUSTRIAL PRODUCTS,24942,,,
DYNAPOWER COMPANY LLC,24970,,,
"DUNHAM-BUSH, INC. DBA DUNHAM-BUSH INC COMMERCIAL & INDUSTRIAL",24999,,,
"INLAND POWER GROUP, INC. DBA INLAND DETROIT DIESEL ALLISON",25004,,,
BLISTEX INC,25020,,,
"UNITED EQUIPMENT, INC",25025,,,
TAYLOR NELSON A CO INC,25038,,,
ROEHLEN INDUSTRIES PROCON PRODUCTS DIV,25087,,,
CALORIC CORP/GLENWOOD RANGE,25095,,,
ORLANDO SPRING CORP,25114,,,
"GLOBE MOTORS, INC.",25140,,,
GLOBE FOOD EQUIPMENT COMPANY,25168,,,
HUBBELL HARVEY INC,25170,,,
CARDINAL PUMPS AND EXCHANGERS INC,25215,,,
BUSAK AND SHAMBAN INC,25220,,,
MEGGITT (BALTIMORE) INC. DBA MEGGITT BALTIMORE INC,25223,,,
HIPOTRONICS INC,25284,,,
"BENDER SHIPBUILDING & REPAIR CO., INC.",25390,,,
"AUTOMATED QUALITY TECHNOLOGIES, INC DBA LION PRECISION DIV LION PRECISION",25404,,,
"OKI DATA AMERICAS, INC.",25405,,,
KINEMOTIVE CORPORATION DBA KINEMOTIVE CORP,25414,,,
MOLDTRONICS INC,25435,,,
DIVERSIFIED MEDICAL CORP DBA NATIONAL CUSTOM ENTERPRISES,25441,,,
MAYON PLASTICS INC,25466,,,
STAR X-RAY CO.INC.,25478,,,
EXCELITAS TECHNOLOGIES CORP. DBA PERKINELMER INC,25506,,,
NORTHROP GRUMMAN SYSTEMS CORPORATION,25512,,,
INDUSTRIAL BRUSH CORPORATION,25513,,,
"J & H BERGE, INC. DBA LAB MART, THE DIV THE LABMART",25518,,,
SPACE MACHINE & ENGINEERING CORP. DBA SPACE MACHINE & ENGINEERING CORP,25531,,,
TECHNICAL INDUSTRIES INC ATOHM ELECTRONICS COMMERCIAL PRODUCTS DIV,25584,,,
MARTIN AND TURNER SUPPLY CO,25606,,,
DACOR CORP,25609,,,
ABRAMS H B CO,25612,,,
KEVLIN CORPORATION DBA COBHAM SENSOR SYSTEMS DIV KEVLIN DIVISION,25634,,,
NEWMAN MACHINE WORKS,25663,,,
PULLEYS CUSTOM MFG INC,25704,,,
LEHAVOT FIRE PROTECTION,2575A,,,
"CHARDAM GEAR COMPANY, INC.",25773,,,
DIAPHRAGM INDUSTRIES INC,25783,,,
GRAHAM CO INC,25787,,,
MACMILLIN HYDRAULIC ENGINEERING CORP,25817,,,
"GEFA INSTRUMENT CORP DBA ALJO-GEFA PRECISION MAUNUFACTURING, LLC",25826,,,
,,,,
"FIBREFORM ELECTRONICS, INC",25906,,,
"AMETEK PROGRAMMABLE POWER, INC.",25965,,,
STEELVILLE MANUFACTURING CO,25989,,,
THOMPSON INDUSTRIES DBA THOMPSON/ADB INDUSTRIES,26002,,,
GREAT AMERICAN INDUSTRIES INC,26051,,,
DISPLAY DEVICES INC,26107,,,
AIRCON FILTER SALES & SERVICE CO DBA AIRCON FILTER MANUFACTURING CO,26116,,,
BURTON MEDICAL PRODUCTS CORPORATION,26126,,,
,,,,
TRIUMPH TOOLING AND MFG CO INC,26203,,,
"GALISO, INCORPORATED DBA GALISO INC",26220,,,
A A A PRODUCTS CO,26226,,,
,,,,
U. S. DYNAMICS CORPORATION,26269,,,
DANA CORP MOBILE FLUID PRODUCTS DIV,26278,,,
"CURTIS ENGINE & EQUIPMENT COMPANY, INC. DBA CURTIS ENGINE & EQUIPMENT",26295,,,
L. J. ENGINEERING INC,26309,,,
AMERICAN BRASS AND IRON FOUNDRY THE,26343,,,
"ENDURAL, LLC",26352,,,
ACE CLEARWATER ENTERPRISES INC,26354,,,
COMPONENTS CORP,26364,,,
FORD MOTOR CO GENERAL PARTS DIVISION,26377,,,
SOUTHWEST RESEARCH INSTITUTE,26401,,,
BUTKIN PRECISION MFG CORP,26417,,,
"APEX AIRTRONICS, INC.",26419,,,
"ASTRODYNE, INC.",26425,,,
TRIO METAL PRODUCTS COMPANY,26430,,,
PARKER HANNIFIN CORP DIV FLUID SYSTEMS DIVISION,26433,,,
"TRIUMPH ACTUATION SYSTEMS, LLC DIV TRIUMPH ACTUATION SYSTEMS - FREEPORT",26437,,,
"TOLOMATIC, INC.",26455,,,
,,,,
GROVE VALVE OPERATIONS,26505,,,
IGLOO PRODUCTS CORP. DBA IGLOO PRODUCTS CORP,26513,,,
GUARANTEE SOAP AND CHEMICAL CORP,26514,,,
BARKER ROCKFORD CO THE DBA HECO DIV DIV HECO DIVISION,26519,,,
B G LABORATORIES INC.,26522,,,
P T E INC,26546,,,
HAMILTON SUNDSTRAND CORPORATION DBA HAMILTON SUNDSTRAND DIV MISSION SYSTEMS,26581,,,
"PICONICS, INC. DBA PICONICS INC",26618,,,
HASCO ELECTRIC CORP DBA HASCO LIGHTING,26633,,,
WENCOR GROUP LLC,26647,,,
,,,,
SENSONICS INC,26706,,,
HELM INC,26711,,,
PALL CORPORATION DBA PALLFLEX PRODUCTS COMPANY DIV PALLFLEX PRODUCTS COMPANY,26733,,,
ALMO MANIFOLD & TOOL CO DBA EVENFLOW PRODUCTS DIVISION DIV ALMO MANIFOLD & TOOL COMPANY,26740,,,
"MECHANICAL TECHNOLOGY, INCORPORATED DIV MTI INSTRUMENTS INC",26741,,,
METHODE ELECTRONICS INC,26742,,,
VOLKSWAGEN PRODUCTS CORP,26746,,,
"EL-CO MACHINE PRODUCTS, INC.",26771,,,
PARKER RESEARCH CORPORATION,26774,,,
"NOBIS COMPANY, INC",26784,,,
A B A INDUSTRIES INC,26795,,,
HAJOCA CORPORATION DBA DAHL,26821,,,
"HALE PRODUCTS, INC.",26840,,,
"J.E. MYLES, INC DIV CONTROL POWER COMPANY",26861,,,
SANEKI KOGYO CO LTD,26880,,,
NORTHROP GRUMMAN SYSTEMS CORPORATION DBA NORTHROP GRUMMAN SYSTEMS CORP DIV MULTIPLE,26916,,,
XEROX CORPORATION,26921,,,
ENERPAC TOOL GROUP CORP,26952,,,
CESSNA AIRCRAFT CO FLUID POWER DIV,27007,,,
M-T ELECTRONICS INC,27010,,,
,,,,
BLUE GIANT EQUIPMENT CORP,27077,,,
YSI INC,27151,,,
A L HANSEN MANUFACTURING COMPANY,27182,,,
ACTRONICS INCORPORATED DBA ACTRONICS INC,27195,,,
"HARDIE-TYNES CO., INC.",27235,,,
HARIG MFG CORP,27258,,,
ESLON THERMOPLASTICS INC,27286,,,
J L M ELECTRONICS INC DBA PACK RITE COMPANY,27307,,,
"MORRIS MATERIAL HANDLING, INC.",27315,,,
BREWER MACHINE & GEAR CO,27393,,,
CATERPILLAR PAVING PRODUCTS INC,27401,,,
FEDERAL-MOGUL CORP MATHER SEAL CO,27418,,,
MORLAND VALVE CO INC SUB OF SMITH VALVE CORP,27424,,,
HARSCO CORPORATION,27429,,,
"CASCADE ENGINE CENTER, LLC",27442,,,
"DCX-CHOL ENTERPRISES, INC. DIV TELETRONICS",27456,,,
HANK THORN CO. DBA VAN F BELKNAP COMPANY DIV VAN F. BELKNAP,27464,,,
FOAM PRODUCTS CORP,27472,,,
"MCC HOLDINGS, INC. DBA CRANE VALVE NORTH AMERICA USE CAGE CODE 59309 FOR CATALOGING",27477,,,
,,,,
FLEXIBLE TOOL AND EQUIPMENT CO INC,27502,,,
INTROL CORP,27538,,,
"VIRGINIA INDUSTRIES, INC. DIV HARTFORD TECHNOLOGIES, INC.",27545,,,
WILDFIRE PACIFIC INC,27554,,,
S HIMMELSTEIN & CO,27573,,,
"B-K MEDICAL SYSTEMS, INC.",27591,,,
J. T. EATON & CO. INC.,27633,,,
"WARN INDUSTRIES, INC. DBA WARN DIV WARN INDUSTRIES",27646,,,
,,,,
INA BEARING CO INC,27737,,,
ELECTRO OPTICAL INDUSTRIES INC,27751,,,
KELSEY-HAYES CO,27767,,,
"BROWN PRECISION, INC",27784,,,
COASTCRAFT RUBBER CO INC,27803,,,
"PACO PLASTICS & ENGINEERING, INC. DBA PACO PLASTICS & ENGINEERING INC",27821,,,
MICROWAVE FILTER CO INC,27834,,,
GRIGNARD CO LLC DBA GRIGNARD CO LLC DIV GRIGNARD COMPANY LLC,27843,,,
"SPECTRUM MICROWAVE, INC DBA API TECHNOLOGIES DIV API TECHNOLOGIES - SPECTRUM MICROWAVE",27851,,,
"HOPPE TECHNOLOGIES, INC",27855,,,
LEECO PRECISION SPRING MANUFACTURING CO DBA LEECO SPRING INTERNATIONAL,27862,,,
WINSTED PRECISION BALL CORP,27872,,,
"WILLIAMSRDM, INC.",27899,,,
HECKETHORN MFG CO,27942,,,
PARISI ASSOCIATES LLC,27965,,,
STEWART INDUSTRIES INC R AND C TOOL AND MFG CO DIV,27975,,,
"HILMAN, INC. DBA HILMAN INC",28013,,,
GENERAL PLASTICS MANUFACTURING CO. DBA GENERAL PLASTICS MANUFACTURING CO,28014,,,
GEORGE INDUSTRIES LLC,28031,,,
"MYAT, INC. DBA MYAT INC",28035,,,
NATIONAL CONTROLS CORP,28081,,,
3M COMPANY DIV ABRASIVE SYSTEMS DIV,28124,,,
UNITED STANDARD INDUSTRIES INC,28210,,,
CUSTOM METERING COMPANY INC,28304,,,
"WILSON'S MACHINE PRODUCTS, INC",28324,,,
"L&L SPECIAL FURNACE COMPANY, INC.",28338,,,
ZURN INDUSTRIES INC WILKINS REGULATOR CO DIV,28353,,,
BEVIS AND ASSOCIATES INC,28372,,,
INTERNATIONAL VALVE CORP DBA CHECK-ALL VALVE MFG. CO.,28396,,,
MERRYANN CEJKA DIV MERRY AN TERRY CEJKA DBA SCOTT CRAFT CO,28418,,,
BARCEL/CDT,28427,,,
GRAPHIC CONTROLS CORP MEDICAL PRODUCTS DIV,28479,,,
HEXACON ELECTRIC COMPANY,28493,,,
SRC INC,28541,,,
BOZIC ENGINEERING AND TOOL CO,28547,,,
HUNTINGTON ALLOYS CORPORATION DIV PRECISION CASTPARTS CORP,28553,,,
"DORAL, INC DBA J & F ENGINEERING",28554,,,
HICKOK WAEKON LLC,28569,,,
ARROW GEAR LLC,28596,,,
ULTRA CUSTOM PAK INC,28618,,,
NEPTUNE CHEMICAL PUMP CO DIV OF R A INDUSTRIES INC,28625,,,
HIGH SPEED HAMMER COMPANY INC DBA ASSEMBLY EQUIPMENT DIVISION,28626,,,
NAVAL AIR WARFARE CENTER AIRCRAFT DIVISION CODE 1.3.1 BLDG 562-1,28638,,,
"NAVY, UNITED STATES DEPARTMENT OF THE SPAWAR DBA SPACE AND NAVAL WAFARE COMMAND",28687,,,
BULOVA TECHNOLOGIES L.L.C. DBA ENVIRONMENTAL SYSTEMS & SVCS,28726,,,
"PHAROS MARINE AUTOMATIC POWER, INC. DBA PHAROS MARINE AUTOMATIC POWER",28763,,,
POLY-OPTICAL PRODUCTS INC,28803,,,
WERLATONE INC. DBA WERLATONE,28812,,,
"COHERENT, INC. DBA COHERENT AUBURN GROUP, THE DIV COHERENT LMC",28845,,,
THE BOEING CO,28861,,,
YOUNG WINDOWS INC,28882,,,
HOFFERT MACHINE CO INC,28911,,,
ATLANTIC MICROWAVE CORPORATION DIV COBHAM  ELECTRONIC SYSTEMS,28916,,,
"DEXTER MAGNETIC TECHNOLOGIES, INC.",28923,,,
HARDER PRECISION COMPONENTS INC,28956,,,
ITT FLUID TECHNOLOGY CORP ITT MCDONNELL AND MILLER,28960,,,
AIRHARDWARE INC,28971,,,
FASTENER ENGINEERING CORP,28972,,,
ACCURATE PRECISION FASTENER CORP. DIV ACCURATE PRECISION FASTENERS CORP,28977,,,
"G. S. E. DYNAMICS, INC.",29183,,,
CREED CO DIV OF PLUMBMASTER INC,29185,,,
JOHN DEER CONSUMER PRODUCTS INC,29201,,,
"CENTEK INDUSTRIES, INC.",29208,,,
HANOVIA SPECIALTY LIGHTING LLC,29218,,,
DURAMETAL CORP,29222,,,
HECHT RUBBER CORPORATION,29227,,,
PARKER-HANNIFIN CORPORATION DIV HVAC FILTRATION DIVISION,29296,,,
THE HOOVER COMPANY-SALES,29335,,,
INLAND CONCRETE CO,29342,,,
MASTER CONTROL SYSTEMS INC,29407,,,
DIP SEAL PLASTICS INC.,29437,,,
"HYDRAULIC TECHNOLOGY, INC",29516,,,
ARINC RESEARCH CORPORATION,29562,,,
HAVENS GLEN,29565,,,
,,,,
CIRCUIT COMPONENTS INC.,29593,,,
MCELROY MANUFACTURING INC,29616,,,
PHOENIX AEROSPACE INC,29632,,,
"S&S TRUCK PARTS, LLC",29637,,,
HUCK MFG CO,29666,,,
"URS FEDERAL TECHNICAL SERVICES, INC. DBA URS FEDERAL SERVICES",29674,,,
"HU-FRIEDY MFG. CO., LLC",29685,,,
CORRECT MFG CORP,29690,,,
"HUMANE RESTRAINT CO., INC DBA HUMANE RESTRAINT",29698,,,
PEM ALL FIRE EXTINGUISHER CORP,29743,,,
HUNTER ENGINEERING COMPANY INC,29747,,,
"MCG ELECTRONICS, INC. DBA MCG ELECTRONICS INC",29779,,,
AITKEN PRODUCTS INC,29786,,,
WALLART CO,29799,,,
"SECURITY ENGINEERED MACHINERY CO., INC.",29810,,,
"COORSTEK, INC. DBA COORSTEK VENTURA",29877,,,
CALGON CARBON UV TECHNOLOGIES LLC DBA HYDE MARINE,29899,,,
THERMO MEASURETECH,29924,,,
INTERNATIONAL HARVESTER CO AGRICULTURAL EQUIPMENT DIV,29930,,,
INDIANA MILLS & MANUFACTURING INC,29944,,,
"NORDAM GROUP LLC, THE DIV NORDAM",29957,,,
"SMITHS INTERCONNECT AMERICAS, INC.",29971,,,
AMERICAN TECHNICAL CERAMICS CORP DBA ATC,29990,,,
J D OTT CO INC,2A031,,,
"MACHINERY & TOOL RENTALS, INC.",2A252,,,
MCBEE SUPPLY CORPORATION DBA INTERSTATE MCBEE,2A401,,,
BEHR HEAT TRANSFER SYSTEMS INC,2A413,,,
R. S. CRUM & COMPANY,2A568,,,
RADVA PLASTICS CORP,2A596,,,
R A F FLUID POWER INC,2A599,,,
AIRMOTIVE CARBURETOR,2A659,,,
TALLIE CORPORATION DBA LUDLOW SALES & SERVICE,2A745,,,
THE KNOTTS COMPANY INC,2A828,,,
JMT MACHINE COMPANY,2A832,,,
FAUVER J N CO INC,2A836,,,
MANTON CORK CORP,2A946,,,
"WILLIAMS INTERNATIONAL CO., L.L.C. DBA WILLC USE CAGE CODE 24235 FOR CATALOGING",2AAW0,,,
WERRES CORPORATION DBA WERRES CORP,2B058,,,
"WHITAKER BROTHERS BUSINESS MACHINES, INC.",2B154,,,
"WIRE PRODUCTS COMPANY, LLC",2B178,,,
"MARINE AIR SUPPLY CO., INC. DBA MARINE AIR SUPPLY CO INC",2B195,,,
"SCALE PEOPLE, INC. DBA SCALE PEOPLE, THE",2B366,,,
"PROGRESS SUPPLY, INC.",2B475,,,
CAPP LLC,2B510,,,
"CLARKE POWER SERVICES, INC DBA CLARKE POWER SERVICES INC",2B524,,,
DETMER BUSINESS GROUP INC,2B632,,,
MARINE SAFE ELECTRONICS OF CANADA,2C020,,,
WEATHERHAVEN GLOBAL RESOURCES,2C081,,,
COLT CANADA CORPORATION,2C085,,,
,,,,
TRW AUTOMOTIVE INC. DBA TRW AUTOMOTIVE NORTH AMERICA TECH CTR DIV TRW AUTOMOTIVE US LLC - ENGINE COMPONENTS,2D027,,,
"THE GOODHEART-WILLCOX COMPANY, INC.",2E350,,,
DIXIE ELECTRIC SUPPLY / A DIVISION OF CAPITAL LIGHTING & SUPPLY,2E492,,,
"VWR INTERNATIONAL, LLC DBA VWR SCIENTIFIC",2E624,,,
"TINGUE, BROWN & CO",2E780,,,
COAST MARINE & INDUSTRIAL SUPPLY INC,2E900,,,
"RICHARDS ELECTRIC SUPPLY CO., INC.",2F033,,,
GIBBS & COX INC DIV NAVAL ARCHITECTS & MARINE ENGINEERS,2F699,,,
ALBANY STEEL AND BRASS CORP,2F977,,,
TAPPAN WIRE AND CABLE INC,2G330,,,
D. C. HUMPHRYS CO.,2H635,,,
"PPG INDUSTRIES, INC",2H823,,,
COLUMBUS MCKINNON CORP,2H856,,,
"BECHRIS, INC.",2J125,,,
A P O HOLDINGS INC,2J564,,,
HOLT COMPANY OF OHIO,2J565,,,
"LOWELL, INC.",2J582,,,
"SEA TEL, INC. DIV COBHAM SATCOM",2J627,,,
NORITSU AMERICA CORPORATION DIV GOVERNMENT SALES,2J650,,,
"MAGNUS-HITECH INDUSTRIES, INC",2J676,,,
UNCKRICH STEEL GRAVE VAULT,2J757,,,
ZERO CORP ZERO HALLIBURTON DIV,2J777,,,
CELERITEK INC,2J873,,,
WINCHESTER INTERCONNECT RF CORPORATION,2J899,,,
BOWMAN DISTRIBUTION,2J909,,,
S K F INDUSTRIES INC,2K272,,,
INDUSTRIAL PUMP SALES CO. INC.,2K832,,,
BAKER DISTRIBUTING COMPANY LLC,2K865,,,
"ABC INDUSTRIES, INC DBA ABC INDUSTRIES OF INDIANA",2L554,,,
FABCO,2L563,,,
LAMCO SLINGS & RIGGING INC DBA LAMCO SLINGS & RIGGING INC,2L794,,,
PROCESS & UTILITY CORPORATION DBA PROCESS & UTILITY CORP,2M077,,,
"MASTERCRAFT AEROSPACE MANUFACTURING, LLC",2M351,,,
"NASSAU TOOL WORKS, INC",2M490,,,
GARLOCK INC GOVERNMENT INDUSTRIAL SALES,2M600,,,
KENT ADHESIVE PRODUCTS CO DBA KAPCO,2M868,,,
KARL STORZ ENDOSCOPY-AMERICA INC,2N355,,,
AUTO ELECTRIC SERVICE INCORPORATED DBA AUTO ELECT SERVICE INC,2N396,,,
"S.J. SMITH CO., INC DIV SJ SMITH COMPANY",2N560,,,
TEUFELBERGER FIBER ROPE CORPORATION DIV TEUFELBERGER FIBER ROPES,2N664,,,
"SMITH & SMITH AIRCRAFT INTERNATIONAL, LTD",2N719,,,
KAPPUS CO,2N792,,,
THERMEX-THERMATRON INC,2N846,,,
VISHAY SPRAGUE SANFORD INC DIV SPRAGUE,2N936,,,
,2NF90,,,
AQUA-TROL CORP,2P092,,,
CLA-VAL CO,2P178,,,
PLASTERER EQUIPMENT CO INC OF BETHLEHEM DIV OF PLASTERER EQUIPMENT CO INC OF LEBANON PENNSYLVANIA,2P188,,,
"APPLIANCE PARTS DISTRIBUTORS, INC. DBA APD INTERNATIONAL",2P336,,,
C&H DISTRIBUTORS LLC DBA USE CAGE CODE 04718 FOR CATALOGING,2P651,,,
GASKETS AND SEALS FABRICATORS INC,2P653,,,
CARRIER TRANSICOLD DIV CARRIER CORP,2P745,,,
KMZ ENTERPRISES LLC DBA SPECIALTY GLASS PRODUCTS,2P792,,,
"APACHE HOSE & BELTING COMPANY, INC.",2P815,,,
LIFE CYCLE ENGINEERING INC,2P842,,,
JAMES ELECTRONICS LTD DBA JAMECO ELECTRONICS DIV JAMECO ELECTRONICS,2P910,,,
ANDREWS TOOL CO,2R137,,,
RALPH S ALBERTS CO INC,2R201,,,
WARREN ELECTRIC CORP,2R242,,,
CORNING NETOPTIX DBA CORNING DIV CORNING SPECIALTY MATERIALS,2R828,,,
"INDUSTRIAL HARDWARE DISTRIBUTORS, INC",2R830,,,
"NORTHWEST WIRE ROPE & EQUIPMENT, INC.",2S016,,,
"TENCARVA MACHINERY COMPANY, LLC DIV CHESAPEAKE",2S164,,,
ROLEX CO FAN DISC DIV,2S194,,,
GESIPA FASTENERS USA INC,2S282,,,
"FREEHOLD MANUFACTURING ASSEMBLY COMPANY, INC. DBA FREEHOLD MANUFACTURING ASSEMBLY CO INC",2S308,,,
"ARINC INCORPORATED DIV ARINC ENGINEERING SERVICES, LLC",2S846,,,
SPECIAL PRODUCTS CORP DBA SPECIAL PRODUCTS COMPANY,2T086,,,
"THE VOTO MANUFACTURERS SALES COMPANY DIV VOTO MANUFACTURERS SALES CO, THE",2T437,,,
ULVEN FORGING INCORPORATED,2T469,,,
A AND R ACCURATE MACHINE CO INC,2T507,,,
ALL-LIFT SYSTEMS LLC DBA CONTRX CRANES DIV CONTRX CRANES,2T600,,,
"REMOTE OCEAN SYSTEMS, INC. DBA REMOTE OCEAN SYSTEMS INC",2T637,,,
SYMCOM INC,2U633,,,
"RELIABLE MANUFACTURING COMPANY, INCORPORATED DIV N/A",2U656,,,
"MOTION AND FLOW CONTROL PRODUCTS, INC",2U890,,,
FLUID POWER SALES INC,2U960,,,
MALONES CNC MACHINING INC,2V045,,,
"DEMUSZ MFG. CO., INC.",2V116,,,
ENDRESS + HAUSER INC DBA ENDRESS+HAUSER USA,2V207,,,
"APEX MANUFACTURING COMPANY, INC. DBA APEX MANUFACTURING CO",2V343,,,
"VANNER, INC",2V497,,,
EAGLE MILL SUPPLY INCORPORATED,2V894,,,
TRANS AIR MANUFACTURING CORPORATION DIV TRANS/AIR MFG.,2V915,,,
PAC STAINLESS LIMITED,2V922,,,
"DYTRAN INSTRUMENTS, INC. DBA DYTRAN INSTRUMENTS INC",2W033,,,
LELAND LIMITED INC,2W134,,,
AWS INDUSTRIES INC,2W138,,,
R & B FABRICATIONS INC,2W423,,,
ROCKFORD SYSTEMS LLC,2W519,,,
"AMATECH-POLYCEL, L.L.C.",2W605,,,
KNDS USA INC.,2W693,,,
SUR-SEAL INC,2W735,,,
HABEGGER INTERNATIONAL,2W856,,,
FLEXCO MICROWAVE INC DBA ANDREX DIV,2W880,,,
"MCT INDUSTRIES, INC.",2W888,,,
"MOTION DEVICES TECHNOLOGY, INC.",2X130,,,
SPRINGFIELD PRECISION MACHINE INC,2X228,,,
MIL-MAR CENTURY CORPORATION,2X262,,,
ALL-SAFE INC,2X264,,,
"MAY TOOL AND MOLD CO., INC. DBA MAY TECHNOLOGY & MFG., INC.",2X572,,,
AMW CUYUNA ENGINE CO. INC DBA TWO STROKE INTERNATIONAL,2X580,,,
"B & B DEVICES, INC.",2X596,,,
CYGNUS L.L.C.,2X707,,,
BUCKEYE PUMPS INC,2X881,,,
LEE AIR INC,2X920,,,
"POLYTRONIX, INC.",2Y126,,,
"MOTION AND FLOW CONTROL PRODUCTS, INC. DBA MOTION & FLOW CONTROL PRODUCTS INC",2Y147,,,
"SMITHS INTERCONNECT MICROWAVE COMPONENTS, INC. DBA FLORIDA RF LABS DIV FLORIDA RF LABS",2Y194,,,
ADCO INTERNATIONAL PLASTICS CORPORATION,2Y339,,,
"AERION TECHNOLOGIES, INC DBA MACURCO",2Y359,,,
PACCAR INC DIV KENWORTH TRUCK COMPANY,2Y387,,,
LCL ELECTRONICS INC,2Y430,,,
STANDARD MOTOR PRODUCTS INC CHAMP SERVICE LINE DIV,2Y551,,,
WOODBRIDGE INOAC TECHNICAL PRODUCTS NEW JERSEY LLC,2Y603,,,
GUARDIAN RIVET & FASTNER INC.,2Y841,,,
DIGITAL SYSTEM RESOURCES INC. DBA GENERAL DYNAMICS ADVANCED INFORMATION SYSTEMS,2Y865,,,
PARKER-HANNIFIN CORPORATION DBA GAS TURBINE FUEL SYSTEMS DIV GAS TURBINE FUEL SYSTEMS DIVISON,2Y939,,,
RICE HYDRO INC,2Y945,,,
HEECO ASSOCIATES & EQUIPMENT CO INC,2Z088,,,
BEACH CHEMICAL & PAPER COMPANY,2Z334,,,
L & W MACHINE INC. DBA L & W MACHINE INC,2Z513,,,
ERIC ARMIN INC. DBA EAI EDUCATION,2Z827,,,
SERVICESOURCE INC,2Z880,,,
,,,,
UNION CARBIDE CORP,30000,,,
NAVAL AIR SYSTEMS COMMAND MANAGED ORIGINAL DESIGN ACTIVITY  NOT MATERIAL/PARTS SUPPLIER,30003,,,
APW ELECTRONIC SOLUTIONS,30010,,,
HYDRANAMICS INC,30014,,,
BOWIE INDUSTRIES INCORPORATED DBA HYDRO-MULCHER,30021,,,
"SOLID STATE DEVICES, INC",30043,,,
LORD CORP DBA LORD CORP,30061,,,
HYUNDAI IDEAL ELECTRIC CO.,30114,,,
VULCAN INC DIV VULCAN SIGNS,30118,,,
"IDEAL INDUSTRIES, INC.",30119,,,
IDEAL AEROSMITH INC,30120,,,
WALCHEM CORP,30128,,,
"WINDING SPECIALISTS CO., INC",30150,,,
IWC LLC DBA IDEAL WINDLASS COMPANY,30177,,,
GRAHAM-WHITE MANUFACTURING CO DIV GRAHAM-WHITE MANUFACTURING CO. INC.,30187,,,
"ALPHA SAFE AND VAULT, INC.",301C0,,,
TREGO INC,30201,,,
THE MARVEL GROUP INC,30216,,,
STEVENS INSTRUMENT COMPANY,30217,,,
SCHENCK USA CORP. DBA SCHENCK USA CORP,30218,,,
"FOSTER-MILLER, INC. DBA QINETIQ NORTH AMERICA",30233,,,
"TECHNI-TOOL, INC.",30239,,,
THERMO ORION INC DIV THERMO FISHER SCIENTIFIC,30260,,,
"URANIA ENGINEERING CO., INC.",30279,,,
DO-WELL MACHINE SHOP INC,30289,,,
"SCOTCHMAN INDUSTRIES, INC. DBA SCOTCHMAN INDUSTRIES INC",30313,,,
IMPERIAL TOOLING AND MFG INC,30333,,,
"SMITHS AEROSPACE, INC., ELECTRONIC SYSTEMS-GRAND RAPIDS",30377,,,
EUCLID INC,30379,,,
"ARGO SPRING MANUFACTURING CO., INC. DBA ARGO SPRING MANUFACTURING CO INC",30391,,,
"CONNECTOR CONCEPTS, INC.",303N4,,,
PUGH ACQUISITION COMPANY DBA BILLY PUGH COMPANY,30416,,,
POLAR CORPORATION,30440,,,
ALLIANCE LASER INC,304E4,,,
ROCAL CORPORATION (,30525,,,
"HOLLINGSEAD INTERNATIONAL, LLC",30528,,,
DEPARTMENT OF DEFENSE PROJECT MANAGER-MOBILE ELECTRIC POWER,30554,,,
COMPUNETICS INC DIV PRINTED CIRCUIT BOARDS,30598,,,
AMC,305Q9,,,
UNITED STATES FILTERS PLYMOUTH PRODUCTS DIV,30615,,,
ELECTRONIC EXPEDITORS INC,30652,,,
LORD CORP,30676,,,
"AIRGAS SAFETY, INC. DBA AIRGAS",30684,,,
VOSS ENGINEERING INC,30714,,,
PARKER-HANNIFIN CORPORATION DIV ENGINEERED POLYMER SYSTEMS DIVISION (EPS),30781,,,
"LAIRD TECHNOLOGIES, INC.",30817,,,
ALLFAB AEROSPACE CORPORATION DBA NEUVANT AEROSPACE,30819,,,
"KIT PACK CO., INC. DBA KIT PACK CO INC",30842,,,
TELEDYNE ISOTOPES INC DBA TELEDYNE DIV ENERGY SYSTEMS,30856,,,
BUNTING MAGNETICS CO,30876,,,
ERIKS SOUTHWEST INC DBA MONTCLAIR ENTERPRISES,30889,,,
INTERLINK COMMUNICATIONS INC,30890,,,
STEWART FILMSCREEN CORP,30900,,,
"EBCO, INC",30966,,,
DIGITAL SYSTEMS ENGINEERING INC DBA DIGITAL SYSTEMS ENGINEERING INC DIV DIGITAL SYSTEMS ENGINEERING,309L3,,,
"SPERIAN EYE & FACE PROTECTION, INC.",30BN9,,,
SEIKOH GIKEN USA INC,30CX5,,,
"GLOBE TRAILER MANUFACTURING, INC DBA GLOBE TRAILERS",30DZ6,,,
"FORTINET, INC.",30GT4,,,
DIAMOND PRODUCTS COMPANY DBA DIAMOND-VOGEL PAINT CENTERS,30HU2,,,
"WITTENSTEIN, INC.",30KU7,,,
WESTERN MICHIGAN FLEET PARTS INC,30MJ0,,,
KLENZOID EQUIPMENT CO,30NC3,,,
SAB ASSOCIATED WIRE PRODUCTS LLC,30QQ3,,,
TRIBALCO LLC,30TR5,,,
REVISION MILITARY LIMITED,30VZ5,,,
ALLEGRO MICROSYSTEMS INC,31019,,,
TRW INC TRW INTL TRADE GOVERNMENT SALES DEPT,31033,,,
INTERNATIONAL METAL HOSE CO,31045,,,
SERVICE DIAMOND TOOL COMPANY DBA SERVICE PHYSICAL TESTERS DIV DIV SERVICE PHYSICAL TESTERS,31060,,,
"AMETEK, INC. DIV PROCESS & ANALYTICAL INSTRUMENTS DIVISION",31061,,,
"SPECIAL OPTICS, INC DBA SPECIAL OPTICS",31130,,,
"ASSEMBLY & TEST WORLDWIDE, INC.",31147,,,
"CERCO, LLC DBA DIAMONITE PLANT DIV DIAMONITE",31195,,,
"KISSLING ELECTROTEC, INCORPORATED",311K7,,,
EVERETT INDUSTRIES INC,31206,,,
NEW HAVEN MOVING EQUIPMENT CORP. OF CALIFORNIA,31248,,,
CUSTOM PRODUCTS CORP POLYCLUTCH DIVISION,31277,,,
UNIVERSITY SWAGING CORPORATION LLC DBA UNIVERSITY SC LLC DBA UNIVERSITY SC LLC DIV UNIVERSITY SWAGING CORPORATION LLC,31293,,,
LUTRON ELECTRONICS CO INC,31322,,,
"PENTA FINANCIAL, INC. DBA PENTA LABORATORIES",31327,,,
"MCGILL AIRCRAFT PARTS, INC.",31339,,,
"ENJET AERO BLOOMFIELD, LLC",31340,,,
,,,,
"PETER PAUL ELECTRONICS CO., INC. DBA PETER PAUL ELECTRONICS CO INC",31376,,,
BARRY INSTRUMENT CORP,31393,,,
ARROW PNEUMATICS INC,31408,,,
,,,,
AMPHENOL CORPORATION DBA AMPHENOL TCS DIV AMPHENOL TCS,31413,,,
BARNES GROUP INC. DIV WINDSOR DIVISION,31417,,,
KEMET ELECTRONICS CORPORATION,31433,,,
ACME ELECTRIC CORPORATION DBA ADVANCED ENERGY SYSTMS AEROSPA DIV AEROSPACE DIVISION,31467,,,
RYAN INDUSTRIES DIV OF CORDON INTERNATIONAL CORP,31468,,,
LAYTON MANUFACTURING CO.,31494,,,
"ORCA GREEN MARINE TECHNOLOGY CORPORATION DIV MISEA NETWORK, LLC",314F3,,,
ITT ELECTRO-OPTICAL PRODUCTS DIV/ TUBE AND SENSORS LABORATORIES,31551,,,
MU-DEL ELECTRONICS LLC DBA AMERICAN MICROWAVE CORPORATION,31563,,,
INNOVATIVE BROADCAST PRODUCTS INC. DBA RAMTRONIX,31589,,,
SONICOR INC,31605,,,
COOL AMP CONDUCTO LUBE CO,31628,,,
"COMPUTER POWER SUPPLY, INC DIV COMPUTER POWER SUPPLY",31640,,,
SULLAIR CORP,31654,,,
BURNS ENGINEERING INC,31700,,,
"""LEIGHTNER ELECTRONICS, INC."" DBA LEIGHTNER ELECTRONICS INC",31740,,,
STANDEX INTL CORP JARVIS AND JARVIS DIV,31767,,,
EDAC INC,31781,,,
"CUMMINS AEROSPACE, LLC DBA CUMMINS AEROSPACE LLC",31788,,,
GUARDIAN TECHNOLOGY GROUP OF INDIANA LLC,317X8,,,
SEALTH AERO MARINE CO. DBA SEALTH AERO MARINE CO,31845,,,
GREGORY ENGINEERING CORP,31849,,,
DREXLER SHOWER DOOR CO INC,31852,,,
CRANE CO DBA CRANE POLYFLON DIV POLYFLON COMPANY,31856,,,
"VIKING ELECTRONICS, INC.",31870,,,
"PRO-DEX, INC.",31882,,,
NORTHROP GRUMMAN SYSTEMS CORP,318U8,,,
LEEDS AND NORTHRUP CO A UNIT OF GENERAL SIGNAL CORP,31922,,,
"HOFFMAN/NEW YORKER, INC.",31974,,,
HERAEUS KULZER LLC,31976,,,
TUXCO CORP,31989,,,
"SOLTEC, INC.",31991,,,
"CUMBERLAND VACUUM PRODUCTS, INC. DBA C V P",31CH8,,,
USA SEWING INC,31HP4,,,
"SENKO ADVANCED COMPONENTS, INC.",31KQ5,,,
"APTERYX, LLC DIV APTERYX",31KV7,,,
"GULF COAST POWER & CONTROL, INC. DBA GULF COAST POWER & CONTROL INC",31PX6,,,
"VOLOGY, INC. DBA NETWORK LIQUIDATORS",31XW3,,,
"PRO PATRIA, INC",31ZV8,,,
"ZEUS INDUSTRIAL PRODUCTS, INC",32039,,,
"POLARA ENGINEERING, INC.",32155,,,
"ALL TOOLS, INC. DBA E2 PRECISION PRODUCTS",32168,,,
SABRELINER CORP,32184,,,
CAES MISSION SYSTEMS LLC,32187,,,
"PARKWAY PRODUCTS, INC.",321H5,,,
OLYMPUS AMERICA INC,32212,,,
"APPLIED AVIONICS, INC",32245,,,
,,,,
NAVY CLOTHING AND TEXTILE RESEARCH FACILITY NATICK LABORATORIES,32263,,,
TYCO VALVES AND CONTROLSLTD,32275,,,
TRI-TECH OF FLORIDA INC DBA TRI TECH OF FL INC,32302,,,
PACIFIC ELECTRONIC ENTERPRISES INC,32324,,,
ION OPTICS INC,32340,,,
JOHNSTON PUMP CO INC DIV OF JOHNSTON PUMP/GENERAL VALVE INC,32356,,,
THERMO POWER CORP ENGINE DIV,32376,,,
SKF INDUSTRIES INC,32377,,,
ILLINOIS TOOL WKS INC LINAC DIV,32386,,,
NAFCO USA LLC,32387,,,
FRALEY'S SPECIALTIES,32389,,,
LAB FABRICATORS CO,32417,,,
AMERICAN PRECISION INDUSTRIES INC RAPIDSYN DIV,32423,,,
AMERICAN FALCON CORP,32445,,,
"TECHNICAL HEATERS, INC. DBA TECHNICAL HEATERS INC",32446,,,
"A.W. MACK MANUFACTURING CO., INC.",32448,,,
PACKGEN,324S9,,,
NIGHT VISION SYSTEMS LLC,324U5,,,
"STINAR, LLC",32526,,,
WHITCRAFT LLC DBA PURSUIT AEROSPACE,32543,,,
JOYCE/DAYTON CORP.,32546,,,
SCINTREX LIMITED,32554,,,
AMETEK POWER INSTRUMENTS DIV ROCHESTER INSTRUMENTS,32582,,,
PARKER HANNIFIN CORP THERMOPLASTICS DIV,32605,,,
DORER ENGINEERING INC DBA O J RODGERS COMPANY,32657,,,
"AEROMETALS, INC.",32664,,,
PENN METAL FABRICATORS INC,32682,,,
"OPTEK TECHNOLOGY, INC DIV S6ZHLNHALJN1",32694,,,
VELMEX INC,32697,,,
TELAIR INTERNATIONAL INCORPORATED DBA NORDISK AVIATION PRODUCTS,32707,,,
GRINDLEY MANUFACTURING INC.,32762,,,
VIDISCO LTD,3276A,,,
BRUDER INDUSTRY,32776,,,
"ALERT STAMPING & MANUFACTURING CO., INC. DBA PAUL S BLANCH",32779,,,
TELEDYNE AERO-CAL TELEDYNE INC CO,32797,,,
"BRAININ-ADVANCE INDUSTRIES, LLC",32799,,,
"KONGSBERG DISCOVERY US, LLC DBA KONGSBERG UNDERWATER TECHNOLOGY, LLC",327E2,,,
"BEACON INDUSTRIES, INC.",32816,,,
CONOLOG CORPORATION DBA INIVEN,32840,,,
AMERICAN CIRCUIT BREAKER CORP,32856,,,
GRAVER TECHNOLOGIES LLC,32857,,,
"GENERAL DATACOMM, INC.",32859,,,
DRS NETWORK & IMAGING SYSTEMS LLC,32865,,,
"OMEGA ENGINEERING, INC. DBA NEWPORT ELECTRONICS DIV ELECTRONICS",32873,,,
BONNEY FORGE CORP,328G1,,,
IN SPECK CORP DBA IN SPECK CORP,32904,,,
GARDNER-DENVER/COOPER INDUSTRIES COOPER AIR TOOLS,32945,,,
"XTREME POWERTECH, LLC DBA POWERTECH",32953,,,
"FEI-ZYFER, INC. DBA FEI ZYFER INC",32964,,,
AIRCRAFT PARTS CORPORATION,32970,,,
NEWMAR POWER LLC DBA DURACOMM CORP DIV DBA DURACOMM,32AR9,,,
"IGOV TECHNOLOGIES, INC.",32BQ5,,,
"WILHELMSEN SHIPS SERVICE, INC",32BV2,,,
SPS INDUSTRIAL INC,32GY7,,,
"HOSEXPRESS, INC.",32LC3,,,
"SBM SOLAR, INC. DBA SBM SOLAR INC",32LP4,,,
"TFAB MANUFACTURING, LLC",32SM9,,,
"SANDS BUSINESS EQUIPMENT & SUPPLIES, LLC",32WG2,,,
"NEOPERL, INC",32ZE6,,,
JEWELL INSTRUMENTS LLC,33005,,,
OPTICAL RADIATION CORPORATION DBA ORC LIGHTING PRODUCTS,33030,,,
"TRIUMPH ACTUATION SYSTEMS - CONNECTICUT, LLC",33068,,,
DELFIELD COMPANY DBA DELFIELD COMPANY,33087,,,
NASCO INTERNATIONAL INC DIV NASCO,33089,,,
NAVIGATION AIDS,330Q3,,,
VALIDYNE ENGINEERING CORP DBA VALIDYNE ENGINEERING CORP,33107,,,
ABBOTT LABORATORIES INC. DIV ABBOTT DIAGNOSTICS DIVISION,33110,,,
RALOID CORPORATION,33115,,,
BERTOT INDUSTRIES INC,33119,,,
TECHNICAL SYSTEMS INC.,33128,,,
"CLEVELAND MOTION CONTROLS, INC. DIV KALIBURN, INC.",33139,,,
"MPD COMPONENTS, INC.",33173,,,
MICROSEMI PPC INC,33178,,,
"AJL MANUFACTURING, INC.",33211,,,
GULFSTREAM AEROSPACE CORP DBA GULFSTREAM AEROSPACE TECHNOLOGIES,33241,,,
MATRIX SYSTEMS CORPORATION,33281,,,
,,,,
"SENCORE, INC.",33347,,,
ZERO CORP,33414,,,
KEWAUNEE SCIENTIFIC CORPORATION,33420,,,
,,,,
KEYSTONE LIGHTING CORP,33470,,,
U B CORP,33493,,,
"O-A, INC.",33513,,,
,,,,
SP INDUSTRIES INC,33562,,,
EMPIRE MANUFACTURING CORP. DIV EMPIRE MFG. CORPORATION,33574,,,
"MITEQ, INC",33592,,,
APPLIED OPTICAL SYSTEMS INC,335J8,,,
,,,,
"LINK COMPANY, THE DBA LINK GEAR & MACHINE",33602,,,
EXCELITAS TECHNOLOGIES CORP,33604,,,
CRESCENT LIGHTING CORP P O BOX 129 UNION NJ 07083-0129,33608,,,
PERRY TECHNOLOGY CORP,33670,,,
"RPM INDUSTRIES, INC. DBA PROMOLD PLASTICS DIV PROMOLD PLASTICS",33688,,,
MICACRAFT PRODUCTS CO INC,33708,,,
ENVIRONMENTAL TECTONICS CORP,33714,,,
HOWELL ELECTRIC MOTORS A DIV OF SFM CORP,33743,,,
KITSAP COMPOSITES INC,33747,,,
PLATT & SON INC,33792,,,
SPECIAL PROJECTS MFG CO INC,33822,,,
BAE SYSTEMS INTEGRATED DEFENSE SOLUTIONS INC.,33827,,,
"AERO TUBE TECHNOLOGIES, LLC DBA TUBE BENDS",33830,,,
GEMINI INC.,33863,,,
"SL-MONTEVIDEO TECHNOLOGY, INC. DIV TORQUE SYSTEMS",33866,,,
BILL MCCLUNG INC,33871,,,
"HARVEL PLASTICS, INC.",33884,,,
"UNITED STATES ANTENNA PRODUCTS, L.L.C.",338L5,,,
ND DEFENSE LLC,338X5,,,
COLBER CORP THE SUB OF THE UNION CORP,33901,,,
NORTEK INC,33919,,,
"SOUTHWEST MACHINE & MANUFACTURING COMPANY, INC.",33927,,,
RACAL SURVEY INC DIV OF RACAL DATA COMMUNICATIONS INC,33930,,,
ADVANCED ANALOG INC. DBA INTERNATIONAL RECTIFIER,33967,,,
"WEED INSTRUMENT COMPANY, INC. DBA ULTRA ENERGY",33969,,,
"KAHN INDUSTRIES, INC",33980,,,
"CHUGACH MCKINLEY, INC.",33BB2,,,
RD INC,33DP0,,,
MANCHESTER TANK & EQUIPMENT CO.,33GV4,,,
TECHTRADE LLC,33JE3,,,
"FONTAINE COMMERCIAL TRAILER, INC DBA FONTAINE TRAILER COMPANY, INC.",33LZ4,,,
CONTROLBYWEB LLC DBA CONTROLBYWEB DIV CONTROLBYWEB,33SE5,,,
MAINTENANCE CENTER ALBANY OF MARINE CORPS LOGISTICS COMMAND,33SR4,,,
"PESTWEST USA, LLC",33ST9,,,
"PRODUCTION COMPONENTS, INC. DBA PRODUCTION COMPONENTS INC",33YL7,,,
"BELIMO AIRCONTROLS (USA), INC. DBA BELIMO AIRCONTROLS USA INC",33YN6,,,
WESTMONT INDUSTRIES LLC,34003,,,
CINCH CONNECTIVITY SOLUTIONS INC,34078,,,
"TOMKINS INDUSTRIES, INC DBA RUSKIN MANUFACTURING",34081,,,
MTS SYSTEMS CORPORATION,34145,,,
"OSI OPTOELECTRONICS, INC DBA SEMICOA",34156,,,
"HAAG-STREIT USA, INC DBA HAAG-STREIT USA INCORPORATED",34185,,,
"HI REL CONNECTORS, INC. DBA HI REL CONNECTORS INC",34222,,,
"L3 TECHNOLOGIES, INC. DIV L3 KEO",34228,,,
ISLIP TRANSFORMER AND METAL CO DBA API TECHNOLOGIES CORP DIV API TECHNOLOGIES - POWER SOLUTIONS,34230,,,
Q-PEL CORP,34236,,,
EIP MICROWAVE INC,34257,,,
,,,,
KELSEY-HAYES CO KELSEY PRODUCTS DIV,34281,,,
MICROSEMI CORP ANALOG MIXED SIGNAL GROUP,34333,,,
"TECT HYPERVELOCITY, INC.",34336,,,
CONDOR D C POWER SUPPLIES INC,34337,,,
CHART INC DIV DISTRIBUTION AND STORAGE,34351,,,
3M COMPANY DIV AUTOMOTIVE DIV,34360,,,
,,,,
"PEREZ MACHINE, INC. DBA PEREZ MACHINE INC",34393,,,
ROSCO INC,34419,,,
BK MANUFACTURING CO INC,34449,,,
JASON INDUSTRIAL INC,34459,,,
"AFM HARDWARE, INC.",344K9,,,
FLUKE BIOMEDICAL CORPORATION,34511,,,
BELTING INDUSTRIES GROUP LLC DBA BELTING,34512,,,
HARMONIC DRIVE L.L.C.,34519,,,
GREATER MARYLAND TOOL & MFG. CORP. DBA MARYLAND GREATER TOOL & MANUFACTURING,34549,,,
"TIODIZE CO., INC. DBA TIODIZE CO INC",34568,,,
"GARVEY PRECISION MACHINE, INC.",34575,,,
SUNRAY LIGHTING INC,34637,,,
ATI LADISH LLC DBA ATI WAH CHANG DIV ATI FORGED PRODUCTS - CUDAHY,34646,,,
R. R. TEMPLETON CORPORATION DBA DUCARRA AVIATION DIV DUCARRA AVIATION,34659,,,
COKER PUMP & EQUIPMENT CO.,34695,,,
C&D ZODIAC INC. DBA 4 FLIGHT DIV 4/FLIGHT DIVISION,34696,,,
"SPEC OPS, INC.",346K1,,,
HILTRONICS CORPORATION,34725,,,
CLIFLEX BELLOWS CORPORATION,34756,,,
"COOPER INDUSTRIES, INC",34772,,,
"ELECTROMOTIVE, INC.",34802,,,
TRIAD INC,34803,,,
DUNRITE SYSTEMS CORP. DBA DUNRITE SYSTEMS,34813,,,
,,,,
ERICSSON INC HITEMP WIRES DIV,34862,,,
"FJW OPTICAL SYSTEMS, INC DBA FJW OPTICAL SYSTEMS INC",34870,,,
BORG-WARNER INDUSTRIAL PRODUCTS INC MECHANICAL SEAL DIV,34898,,,
FAIR-RITE PRODUCTS CORP DBA FAIR RITE PRODUCTS,34899,,,
"CARMEN MATTHEW, LLC DBA NORLUX",348Q4,,,
HARPER ENGINEERING COMPANY,34941,,,
SOR INC,34950,,,
DATA GENERAL CORPORATION,34984,,,
"FLUXLIGHT, INCORPORATED",349Y2,,,
QUANTUM AUTOMATION,34AJ0,,,
STANDARD INDUSTRIAL PRODUCTS COMPANY DBA SIPCO,34AY5,,,
NORAMPAC SCHENECTADY INC.,34GY4,,,
"TECHDATA, INC",34HN1,,,
SECURIPLEX LLC,34JR9,,,
TOWER DEFENSE & AEROSPACE LLC DBA W INDUSTRIES,34KV4,,,
LEGRAND AV INC DBA LEGRAND AV INC,34LX0,,,
"RESINLAB, LLC",34PB2,,,
FREEDOM WHEELS INC DBA HONDA POWER SPORTS OF CROFTON,34RZ6,,,
"FLUID DYNAMICS, LLC DBA FLUID DYNAMIC LLC",34TC3,,,
ACE FASTENER AND MANUFACTURING INC,34TQ9,,,
LONG-PARK TIRE INC,34UY7,,,
INVENTUS POWER (ILLINOIS) LLC,34VF0,,,
"HD SUPPLY FACILITIES MAINTENANCE, LTD.",34XF3,,,
GRACO CORPORATION,34YH9,,,
"BOLDER VISION OPTIK, INC. DBA BOLDER VISION OPTIK INC",34ZD7,,,
LA PINE SCIENTIFIC COMPANY,35051,,,
AIRCRAFT APPLIANCES AND EQUIPMENT LIMITED DIV AIRCRAFT APPLIANCES AND EQUIPMENT LTD.,35076,,,
BARBER INDUSTRIES LTD,35102,,,
CHAS. O. LARSON CO. DBA LARSON HARDWARE MANUFACTURING,35111,,,
BRAUER AEROSPACE PRODUCTS INC,35151,,,
,,,,
CAE INC,35181,,,
LINX TECHNOLOGIES INC.,351T2,,,
DRESSER INDUSTRIES INC LEROI DIV,35301,,,
TECHNOLAB INDUSTRIES LTD,35319,,,
RIVAL MFG CO OF CANADA LTD,35333,,,
CAMFIL FARR INC,35338,,,
"UNITED AVIATION ACCESSORIES, INC",35352,,,
LEAVITT MACHINE CO DBA DEXTER PRECISION PRODUCTS DIV DEXTER INNOVATIVE SOLUTIONS LLC CAGE 6DQD2 HAS PURCHASE LEAV,35358,,,
LECTROETCH CO (INC) DIV LECTROETCH COMPANY,35425,,,
,,,,
GENERAL PRECISION INDUSTRIES LTD,35501,,,
SCOTT PLASTICS LTD,35546,,,
MONARCH INDUSTRIES LTD,35560,,,
MATRIX CHEMICAL LLC,355U9,,,
ROBCO INC,35646,,,
STEVENS HEPNER CO LTD,35693,,,
HOMELITE CANADA LTD,35708,,,
TIMBERLAND EQUIPMENT LTD,35712,,,
LENNOX INDUSTRIES INC,35724,,,
VALCOM MANUFACTURING  GROUP INC,35736,,,
VELAN INC,35743,,,
"LESLIE CONTROLS, INC. DBA LESLIE CONTROLS INC",35795,,,
MACLEAN GROUP INCHARVEY WOODS HOSIERY DIV,35799,,,
LEUPOLD & STEVENS INC,35848,,,
GUILDLINE INSTRUMENTS LTD,35939,,,
,,,,
"MAGELLAN AEROSPACE, WINNIPEG",35951,,,
JUGGERNAUT DEFENSE LLC,359T6,,,
"RAINEY ENGINEERING, INC",35BA1,,,
"AMSAFE, INC. DIV AMSAFE",35FB9,,,
INTERNATIONAL GAS SPRINGS INC,35HB1,,,
"HURLEYIR, INC.",35HS9,,,
JBC CORP,35LJ0,,,
W J ROBERTS CO INC,35ND4,,,
GLOBAL TEST SUPPLY LLC,35TK0,,,
NATIONAL CAP AND SET SCREW COMPANY,35UJ2,,,
FULTON BELLOWS LLC,35XG4,,,
LOCKHEED MARTIN LIBRASCOPE CORP,36090,,,
BRUKER DETECTION CORP,360H2,,,
MATERION CERAMICS INC.,360Q4,,,
"RAYTHEON CANADA LIMITED DBA ELCAN OPTICAL TECHNOLOGIES, DIV OF",36126,,,
LIMA ELECTRIC CO INC THE,36156,,,
HEROUX-DEVTEK INC,36164,,,
ULTRA ELECTRONICS MARITIME SYSTEMS INC DIV SUBSIDIARY OF ULTRA ELECTRONICS HOLDINGS LIMITED,36180,,,
DEW ENGINEERING AND DEVELOPMENT ULC,36221,,,
BLM AUTOMATIC CLUTCH LTD,36338,,,
UNION CARBIDE CORP SUB OF DOW CO THE,36346,,,
RAYTHEON TECHNICAL SERVICES COMPANY,36378,,,
ORLICK INDUSTRIES LTD,36427,,,
DRS TECHNOLOGIES CANADA LTD,36452,,,
SILONEX INCCASCO PRODUCTS COMPANY,36462,,,
AMERTEK INC,36473,,,
HELIGEAR CANADA ACQUISITIONCORPORATIONDBA NORTHSTAR AEROSPACE INC (MILTON),36480,,,
DASCO STORAGE SOLUTIONS LTD,36522,,,
AIRCHIME MFG CO LTD,36575,,,
PARKER HANNIFIN CANADA DIV FLUID CONNECTORS CANADA,36621,,,
LOCKHEED MARTIN CORP LOCKHEED MARTIN AERONAUTICAL SYSTEMS BURBANK OPNS,36659,,,
PATLON AIRCRAFT & INDUSTRIES LIMITED,36718,,,
ELBIT SYSTEMS C4I AND CYBER,3686A,,,
SCEPTER CANADA INC,36976,,,
KERIF NIGHT VISION,36BD2,,,
EATON CORPORATION,36KU7,,,
"ENGINIVITY, LLC",36MJ2,,,
GEMSTAR MANUFACTURING INC DIV GEMSTAR CASES,36NE1,,,
H2SCAN CORPORATION,36NL8,,,
PEERLESS CHAIN COMPANY DBA WEISSENFELS USA DIV PEERLESS CHAIN CO,36RM6,,,
RENK SYSTEMS CORP,36WJ4,,,
NOLAND ENGINEERING INC,36ZX1,,,
LOWELL CORPORATION DBA LOWELL CORP,37078,,,
CANPLAS INDUSTRIES LTD,37092,,,
NAUTEL C-TECH LIMITED,37136,,,
FIRE DETECTION DEVICES LTD,37335,,,
LO-REZ VIBRATION CONTROL LTD,37478,,,
ARVIN RIDE CONTROL PRODUCTS INC,37492,,,
LOUIS ALLIS LLC,374V6,,,
MACWHYTE CO DIV OF AMSTED INDUSTRIES INC,37581,,,
IOGEAR,375T7,,,
,,,,
MAGNUS ENGINEERED EQUIPMENT LLC,37733,,,
MAID-O-MIST DIVISION SUNROC CORP,37794,,,
SCHNEIDER CANADA INC,37833,,,
FOREMOST INDUSTRIES LP DIV INDUSTRIES LTD,37871,,,
R C P INC,37929,,,
FORSTER INSTRUMENTS INC,37943,,,
HYPERNETICSA DIVISION OF PLAINTREE SYSTEMS INC DIV A DIVISION OF PLAINTREE SYSTEMS INC,37950,,,
UNITED MARINE COMMUNICATIONS INC,37958,,,
THOMSON GORDON LTDAIR SYSTEMS DIV,37987,,,
HOVEY INDUSTRIES LTD,37991,,,
SELEX COMMUNICATIONS INC. DIV SELEX ES INC.,37EK0,,,
WESTERMEYER INDUSTRIES INC.,37JQ9,,,
LEANWERKS LLC,37LT3,,,
HOTSY PRESSURE SYSTEMS INC DBA PRESSURE SYSTEMS,37SE4,,,
"CAROTEK, INC.",37UV7,,,
ANALYTIC SYSTEMS WARE LTD,38021,,,
HARRIS-STOLPER INC,38022,,,
DRS TECHNOLOGIES CANADA LTD,38200,,,
,,,,
DIBBLEE TOOLS LTDW J KEATING DIV,38278,,,
CASTLE NAVIGATION INC. DBA STANLEY LONDON,382Q9,,,
MARKEY MACHINE LLC DIV MARKEY MACHINE,38398,,,
ENGINEERED COIL COMPANY DIV DRS MARLO COIL,38450,,,
ACTIVE GEAR COMPANY OF CANADA LIMITED,38453,,,
LONG-AIRDOX CO,38460,,,
MITEC MICROWAVE,38494,,,
COLONIAL WOOD PACKAGING INC,38497,,,
LOCKHEED MARTIN CORPORATION DIV ROTARY AND MISSION SYSTEMS,38597,,,
"ELECTROMEDICAL PRODUCTS INTERNATIONAL, INC.",385D0,,,
"MARTINDALE ELECTRIC COMPANY, THE",38664,,,
BRONSWERK MARINE INC,38728,,,
JOHNSON INDUSTRIES LTD,38736,,,
RELIANCE ELECTRIC INDUSTRIAL CO MASTER DIV,38740,,,
LONG MFG LTD,38761,,,
MARATHON WATCH COMPANY LTD,38776,,,
"MILSPEC PRODUCTS, INC.",387V4,,,
ACCURPRESS LTD,38800,,,
MONTREAL BRONZE LTD DBA LES FONDERIES DE BRONZE MONTR?AL,38881,,,
MATERIALS HANDLING EQUIPMENT CO,38892,,,
ALLEN-VANGUARD CORPORATION,38921,,,
,,,,
TECMOTIV CORPORATION,38984,,,
ARVA INDUSTRIES INC,38999,,,
ANCHOR WERTHER LLC DIV SILENTAIRE,38FF3,,,
CYBERLUX CORP,38HR0,,,
JONES BAUER AND ASSOCIATES LLC,38JF3,,,
"THE CONNECTIVITY CENTER, INC.",38JM6,,,
MINER ELASTOMER PRODUCTS CORPORATION,38KH8,,,
"PROTECTIVE SOLUTIONS, INC.",38MJ2,,,
"ARMICK, INC",38SD5,,,
STANDARD FUSEE CORP DIV STANDARD FUSEE CORP. DBA ORION SAFETY PRODUCTS,38XH7,,,
,38Z37,,,
MAXON CORPORATION,39006,,,
TRELLCAN RUBBER LTD,39020,,,
,,,,
MAYTAG CORPORATION DBA MAYTAG APPLIANCESSALES,39089,,,
"STD PRECISION GEAR & INSTRUMENT, INC",39147,,,
PLASCORE INC,39212,,,
IOMEGA CORPORATION,39221,,,
"MAYFLOWER COMMUNICATIONS COMPANY, INC.",39365,,,
SYRACUSE WIRE AND FENCE WORKS INC,39423,,,
"WYNNSON ENTERPRISES, INC.",39484,,,
KEY SOURCE INTERNATIONAL,396R4,,,
IMATION CORP. DBA IMATION DIV DOCUMENT IMAGING SYSTEMS,39711,,,
LEYBOLD INC,39969,,,
COMBINED FLUID PRODUCTS CO,39992,,,
DT SEARCH & DESIGNS LLC,39BD9,,,
DILL AIR CONTROLS PRODUCTS LLC DBA DILL AIR CONTROLS PRODUCTS LLC,39BV2,,,
"FIRE FORCE TACTICAL GEAR, INC.",39EH3,,,
"PELVICBINDER, INC DBA PELVIC BINDER INC DIV PELVIC BINDER",39FH1,,,
"CATAWBA INDUSTRIAL RUBBER CO., INC.",39JJ3,,,
ECLIPSE RACKMOUNT INC,39JR7,,,
"THE WALTERS GROUP, LTD.",39JS2,,,
"PYRAMID DISTRIBUTION, INC DBA PYRAMID WIRE AND CABLE",39KJ5,,,
ZIPPY USA INC,39RW9,,,
"GRATING FASTENERS, INC.",39RY2,,,
ATCO TRANSPORT INC,39VG2,,,
AVS INDUSTRIES LLC,39VT9,,,
"SPECTRUM CONTROL, INC. DIV API TECHNOLOGIES - EIS",39WH1,,,
"Y2K FLUID POWER INC DIV DAKOTA FLUID POWER, INC.",3A0A6,,,
EIGHTFOLD LLC DBA EF-SYSTEMS,3A0X4,,,
"DEBRON INDUSTRIAL ELECTRONICS, INC.",3A2D4,,,
"ARNOLD DEFENSE & ELECTRONICS, LLC",3A2N7,,,
KINNAMAN ELECTRIC INC,3A321,,,
"UNITED CONTROL COMPANY, INC.",3A3J6,,,
FL CENTEK INDUSTRIES INC DBA DELTA T SYSTEMS,3A4R9,,,
"PACIFIC COAST COMPOSITES, INC. DBA PACIFIC COAST COMPOSITES INC",3A4X2,,,
SMITH ENTERPRISE INC,3A5E1,,,
THE LUCILLE MAUD CORP,3A6S9,,,
"REMINGTON ARMS COMPANY, LLC",3A703,,,
"RENO MACHINE COMPANY, INC., THE DBA RENO MACHINE CO INC",3A706,,,
THE BOEING COMPANY,3A768,,,
"STAR TECHNOLOGIES, LLC",3A7J1,,,
WESTOVER SCIENTIFIC INC. DBA ADVANCED MICROSCOPY GROUP,3A8C7,,,
MISUMI USA INC,3A8D0,,,
"TELCOPRODUCTS, INC",3A8S2,,,
CAIRE INC. DBA CHART BIOMEDICAL GROUP,3A8Z2,,,
PROCESS DEVELOPMENT AND CONTROL INC,3A9X3,,,
SECURIPLEX INC,3AB10,,,
"DAVIS, W.R. ENGINEERING LIMITED",3AB25,,,
CALORITECH INC,3AB44,,,
XANTREX TECHNOLOGIES INCCORPORATE OPERATIONS,3AC37,,,
UNI-RAM CORPORATION,3AC62,,,
DRIVE PRODUCTS INC,3AC74,,,
DOMETIC MARINE CANADA INC.,3AD06,,,
SAFRAN ELECTRICAL COMPONENTS CANADA INC DIV CANTWELL CULLEN HYDRAULICS,3AD25,,,
TIN LEE ELECTRONICS LTD,3AD70,,,
SHIPPING CASE CORPORATION,3AE47,,,
ADAPTALL INC,3AE91,,,
DAFOCOM SOLUTIONS INC,3AG28,,,
DART AEROSPACE COMPANY,3AL64,,,
FIRAN TECHNOLOGY GROUP CORPORATION DIV FTG AEROSPACE,3AM76,,,
CARMANAH TECHNOLOGIES CORPORATION,3AN14,,,
"SPARTON OF CANADA, LIMITED DBA STEALTH COMPUTER DIV STEALTH.COM",3AQ66,,,
G T MACHINING AND FABRICATING LTD,3AR59,,,
ATI AVIONICS INC,3AR84,,,
SEALS UNLIMITED 1976 INC,3AT01,,,
"Z-MEDICA, LLC DBA Z MEDICA",3AV17,,,
GASES PLUS NORCO LLC,3AW76,,,
"STRATUS SYSTEMS, INC.",3AX04,,,
"WINSTON INTERNATIONAL, LTD. DBA WELTRON",3AZP6,,,
PROTONEX TECHNOLOGY CORPORATION,3B0F7,,,
"SMART POWER SYSTEMS, INC. DBA SMART POWER SYSTEMS",3B2M0,,,
ERC ACQUISITION INC DIV ERC WIPING PRODUCTS,3B2N8,,,
AIR FLOW CO INC,3B317,,,
"ARGON ST, INC.",3B3G2,,,
"CRESTRON ELECTRONICS, INC.",3B4Q0,,,
VIRGINIA BEARINGS & SUPPLY CO. DBA VBS INC MATERIAL HANDLING EQUIPMENT,3B525,,,
GREAT LAKES SOUND & VIBRATION INC DIV MAIN OFFICE,3B6V7,,,
AEROSTAR INTERNATIONAL INC,3B716,,,
"COMPLETE PARACHUTE SOLUTIONS, INC. DBA COMPLETE PARACHUTING SOLUTIONS",3B7S7,,,
NIEDERMEYER-MARTIN CO WHOLLY OWNED AND OPERATED BUSINESS,3B938,,,
ACE WORLD COMPANIES LTD.,3BAU1,,,
GEFEN INC.,3BAY2,,,
CHICAGO DRYER CO,3BBM9,,,
"SEMI-GENERAL, INC",3BBY6,,,
HORUS VISION LLC,3BDU4,,,
NEW LENOX SUPPLY CORPORATION,3BEE7,,,
HONEYWELL INTERNATIONAL INC. DBA NOTIFIER DIV NOTIFIER,3BEG3,,,
LECTRODRYER LLC,3BFJ4,,,
"ROBIN AMERICA, INC.",3BG50,,,
PRICE GEORGE E,3BGG1,,,
GOLD PEAK INDUSTRIES (NA) INC,3BGV8,,,
"ALL SAFETY PRODUCTS, INC.",3BGW5,,,
MASIMO CORPORATION,3BHG4,,,
"RESITECH INDUSTRIES, INC",3BHK3,,,
DESIGN CONCEPTS INC,3BL93,,,
"D-A LUBRICANT COMPANY, INC.",3BLP9,,,
"TOMCO MACHINING, INC.",3BLQ5,,,
"TANGO DOWN, INC.",3BLZ8,,,
"ROL-AWAY TRUCK MANUFACTURING COMPANY, INC. DBA ROL-AWAY TRUCK MANUFACTURING CO INC",3BM03,,,
HII MISSION TECHNOLOGIES CORP,3BM47,,,
"BOSTON VA RESEARCH INSTITUTE, INC. DBA BOSTON VA RESEARCH INSTITUTE",3BMC1,,,
"DIVERSIFIED AEROSPACE SERVICES, LLC",3BMD2,,,
CINCINNATI GEARING SYSTEMS INC,3BNF6,,,
ERGOTECT CORPORATION,3BNP5,,,
"INNOVATION FIRST, INC. DBA RACKSOLUTIONS.COM",3BNS4,,,
SAN DIEGO METAL GRAPHICS CORPORATION,3BP28,,,
"WKF (FRIEDMAN) ENTERPRISES, INC.",3BQS1,,,
"ATEQ & COBRA AVIATION, INC.",3BSK6,,,
SEK SOLUTIONS LLC,3BSY8,,,
ASUS COMPUTER INTERNATIONAL INC,3BTC0,,,
GLOBAL MANUFACTURING CORPORATION,3BTF9,,,
"CIMTEC AUTOMATION, LLC",3BTR8,,,
SCHNELLER MANUFACTURING INC,3BTU2,,,
GK MECHANICAL SYSTEMS LLC,3BU57,,,
"DRS TECHNOLOGIES, INC DBA D R S POWER & CONTROL TECHNOLOGIES,INC",3BUT6,,,
TURNER BELLOWS INC. DBA TURNER BELLOWS INC,3BUV4,,,
"ELECTRICAL & ELECTRONICS CONTROLS, INC DBA E & E CONTROLS",3BV84,,,
BULLSEYE SHOOTING RANGES INC. DBA BULLSEYE RANGES,3BX01,,,
"GENESIS DISPOSABLES, LLC DBA GENESIS DISPOSABLES",3BXL5,,,
"BIG BEAR NETWORKS, INC.",3BXN8,,,
JANICKI INDUSTRIES INC,3BXP1,,,
AEROJET-GENERAL CORPORATION DIV UTAH OPERATIONS,3BXS5,,,
"MOTOR-SERVICES HUGO STAMP, INC",3BXW6,,,
INTERNATIONAL BUSINESS MACHINES CORPORATION,3BXY7,,,
"AEROJET ROCKETDYNE, INC. DIV SPACE SYSTEMS",3BYR1,,,
"TEKGARD, INC DIV TEKGARD",3C0M7,,,
TEXAS SUNSCREEN LLC DBA TEXAS SUNSCREEN LLC,3C177,,,
ZIBIZ CORPORATION DBA SANSPOT,3C1S4,,,
"ADDONICS TECHNOLOGIES, INC.",3C1Y9,,,
AMI PIPE & SUPPLY CO,3C2B3,,,
RATCHET DEPOT INC DIV THE RATCHET DEPOT,3C2D2,,,
"SOUTHERN MACHINE SPECIALIST, INC.",3C5R6,,,
"VISIONARY ENG & SERVICES, LLP (VES) DBA VISIONARY ENG & SERVICES LLP",3C6M8,,,
"MOTION COMPUTING, INC",3C6Q6,,,
"BROOKS & PERKINS, INC. DBA B & P MANUFACTURING, INC",3C7W0,,,
AEROSPACE MANUFACTURING INC.,3C7Z1,,,
"TUGGLE, SHAWN W DBA TUGGLE CONCRETE & LANDSCAPING",3C894,,,
"MULTI POWER PRODUCTS, INC DBA POWER PRODUCTS, INC DIV MULTI POWER PRODUCTS, INC.",3C8X4,,,
CARGO EQUIPMENT CORP,3C9Z3,,,
ZEPHYR INTERNATIONAL LLC,3CAT3,,,
DIVERSITECH CORPORATION,3CDK8,,,
"SOUTHERN CALIFORNIA GOLD PRODUCTS, INC. DBA SOUTHERN CALIFORNIA GOLD PRODUCTS INC",3CDS0,,,
WESTCARB ENTERPRISES INC,3CDZ6,,,
"WILSON WALTON INTERNATIONAL, INC.",3CEP1,,,
"JDC INDUSTRIES, INC.",3CF92,,,
WEG ELECTRIC CORP,3CFG7,,,
SPANG & COMPANY (INC) DBA SPANG POWER ELECTRONIC DIV DIV SPANG POWER ELECTRONICS,3CG57,,,
HOUSE OF PLASTICS UNLIMITED INC DBA HOUSE OF PLASTICS UNLIMITED INC,3CH51,,,
SHAPES GROUP LTD CO. DBA SHAPES PRECISION MANUFACTURING,3CJ11,,,
CLIMB TECH LLC,3CKC5,,,
CASTER STORE INC THE,3CKE5,,,
ARMOR SAFETY PRODUCTS COMPANY,3CKT6,,,
AVIATRIX INC,3CKV1,,,
PARAVION TECHNOLOGY INC,3CMA0,,,
"CABLEORGANIZER.COM, LLC DBA CABLEORGANIZER.COM",3CN02,,,
"SIERRA NEVADA COMPANY, LLC",3CN36,,,
FASTENAL COMPANY,3CN65,,,
"DESIGN CRITERIA, INC",3CNN1,,,
"CEJAY ENGINEERING, LLC",3CNT2,,,
"INSPIRED ENERGY, LLC",3CQ68,,,
"OPTOMA TECHNOLOGY, INC. DBA OPTOMA TECHNOLOGY INC",3CQF2,,,
SULZER PUMPS US INC.,3CR96,,,
BLACK HILL LEATHER,3CRN6,,,
ALTAIR EXCHANGE CORP DBA ALTAIR CORP,3CRV2,,,
MAGIL CORPORATION,3CS03,,,
"MFP AUTOMATION ENGINEERING, INC.",3CSS7,,,
GOODRICH CORPORATION,3CTT2,,,
ATLAS COPCO COMPRESSORS LLC DIV HEADQUARTERS,3CU40,,,
"ZAHN ELECTRONICS, INC.",3CUX4,,,
ANTCOM CORPORATION DBA ANTCOM CORP,3CVE1,,,
REPCO INC.,3CVM2,,,
"PIKES PEAK CARGO SECURE, INC",3CVN2,,,
MASTERVOLT USA INC,3CW16,,,
"S R C DEVICES, INC",3CWP3,,,
"GENERAL DYNAMICS MISSION SYSTEMS, INC.",3CX85,,,
"GENERAL DYNAMICS MISSION SYSTEMS, INC.",3CX89,,,
SAMMONS PRESTON DBA SAMMONS PRESTON ROLYAN,3CXF7,,,
"GIGAVAC, LLC DIV GIGAVAC",3CXS7,,,
"GENERAL DYNAMICS MISSION SYSTEMS, INC.",3CYA2,,,
SANYO DENKI AMERICA INC,3CYG3,,,
ACTION GROUP INC DIV ACTION GROUP,3CYX2,,,
CONSULTANTS IN QUALITY INC,3CZR2,,,
,,,,
ELMERS PRODUCTS INC DBA ELMERS ADHESIVES AND OFFICE PRODUCTS,3D1E9,,,
DEPLOYABLE SYSTEMS INC,3D1S1,,,
WINCO FLUID POWER INC,3D260,,,
HOLLAND PACIFIC HITCH CO P O BOX 425 MUSKEGON MI 48443-0425,3D359,,,
NIKON INSTRUMENTS INC,3D3C7,,,
AFP INDUSTRIES INC DBA WHOLESALE INDUSTRIAL ELECTRONICS INC DIV WHOLESALE INDUSTRIAL ELECTRONICS,3D522,,,
BAKER SHEET METAL CORPORATION DBA BAKER SHEET METAL CORP,3D527,,,
CONTA CLIP INC.,3D5Q8,,,
"SOURCE ONE DISTRIBUTORS, INC.",3D6J6,,,
"RANKIN AUTOMATION COMPANY, L.L.C. DBA WALTER A. RANKIN",3D727,,,
"GROFF TRACTOR & EQUIPMENT, LLC",3D733,,,
"VENTURE LIGHTING INTERNATIONAL, INC. DBA VENTURE LIGHTING INTL",3D7V0,,,
CHAMBERLAIN'S VACU-BLAST SALES COMPANY (INC),3D874,,,
"MANDEX, INC. DIV COMMUNICATIONS AND ELECTRONIC SYSTEMS",3D8F1,,,
E T A CIRCUIT BREAKERS DBA E T A PRODUCTS CO OF AMERICA,3D8G0,,,
"THINKLOGICAL, INC.",3D8P5,,,
"WESTERN BRANCH DIESEL, LLC DBA WESTERN BRANCH DIESEL INC",3D921,,,
RAMPMASTER INCORPORATED,3D968,,,
MONSTER HAND TRUCKS INC.,3D9K2,,,
"VISION COMPOSITES, INC.",3D9Q9,,,
"CARRIER FIRE & SECURITY AMERICAS, LLC",3DA55,,,
MILLENNIUM SURGICAL CORP,3DAX8,,,
SHURE INC SHURE COMMUNICATIONS INC DIV,3DBC5,,,
SHOP WORKS USA,3DBQ2,,,
TELEDEVICES LLC DBA TELEDEVICES,3DFH1,,,
"DOCTOR DOWN, INC.",3DFS3,,,
SPX CORPORATION DBA BERKO ELECTRIC DIV MARLEY ENGINEERED PRODUCTS,3DFY3,,,
METHOW MOMENTS PHOTOGRAPHICS DBA METHOW MOMENTS PHOTOGRAPHICS,3DG58,,,
"GENERAL DYNAMICS SATCOM TECHNOLOGIES, INC. DBA GENERAL DYMANICS DIV HQ DIVISION",3DG68,,,
"KARCHER NORTH AMERICA, INC.",3DGF1,,,
"FONTAINE COMMERCIAL TRAILER, INC. DBA MHT FLOOR TECHNOLOGIES (3DGR3)",3DGR3,,,
"KAMP-RITE TENT COT, INC.",3DGV1,,,
"RHOADS METAL FABRICATIONS, INC.",3DGY2,,,
"MILTON MANUFACTURING, INC.",3DHG6,,,
"CIAO WIRELESS, INC",3DJK4,,,
AXIS COMMUNICATIONS INC,3DJU8,,,
AUDAVI CORP,3DJV2,,,
THERMAL ENGINEERING INTERNATIONAL USA INC,3DLY6,,,
DELL MARKETING L.P.,3DMD3,,,
MFG GALILEO COMPOSITES DIV MFG GALILEO,3DPY8,,,
REGIONAL RUBBER COMPANY,3DQB2,,,
PECI FLOATATION LLC,3DQK9,,,
"RITS LTD. BROKERS, INC.",3DR29,,,
D&E TOOL & MACHINE INC,3DRG8,,,
JIM BURTON MGF INC,3DRT6,,,
"PIEDMONT BUSHINGS & INSULATORS, LLC",3DRZ0,,,
HESCO BASTION INC DBA HESCO BASTION INC,3DS82,,,
"JEM ELECTRONICS, INC",3DTF7,,,
ADVANCED COOLING TECHNOLOGIES INC DBA ADVANCED COOLING TECHNOLOGIES INC,3DTH3,,,
MERRILL TECHNOLOGIES GROUP INC DIV MERRILL TOOL & MACHINE,3DTR4,,,
"SMART PUMPS, INC DBA SMART PRODUCTS, INC.",3DVC1,,,
"STRATEGIC OPERATIONS, INC. DBA STRATEGIC OPERATIONS INC",3DW65,,,
"BAILEY HARDWARE & HYDRAULIC FITTINGS, INC.",3DWQ8,,,
"AIRXCEL, INC. DBA R V PRODUCTS DIV DIV RV PRODUCTS DIVISION",3DWU6,,,
"BRAKE SUPPLY COMPANY, INC. DBA PERFECTION HYDRAULICS",3DXM9,,,
"MC CONAHAY, KATHYLN DBA FLAGS OVER INDIANA",3DY05,,,
"EDWARDS DESIGN AND FABRICATION, INC",3DZL6,,,
RAULAND-BORG CORP,3E191,,,
KINGS WAY SALES AND MARKETING LLC,3E2S4,,,
SPX CORPORATION DIV SPX / ROBINAIR DIV,3E2T9,,,
ASTRONICS ADVANCED ELECTRONIC SYSTEMS CORP. DBA ASTRONICS ADVANCED ELECTRONIC SYSTEMS,3E2Y8,,,
VCOM INTERNATIONAL MULTI-MEDIA CORP DIV COMPREHENSIVE CONNECTIVITY,3E329,,,
KENDA SYSTEMS INC. DBA NF ASSOCIATES,3E3D0,,,
"H SQUARED, INC. DBA QUANTICO TACTICAL",3E4Q7,,,
"AFL NETWORK SERVICES, INC. DBA AFL",3E4W0,,,
NEXXUS LIGHTING INC.,3E4W3,,,
DIGITAL TELECOM INC,3E5G2,,,
KEATING OF CHICAGO INC,3E634,,,
"DANFOSS POWER SOLUTIONS II, LLC",3E6R6,,,
AUTEC POWER SYSTEMS INC.,3E7T7,,,
"PHASEFREE, INC.",3E7Y7,,,
SUPERIOR DIESEL REPAIR CO. DBA SUPERIOR TURBO & INJECTION,3E9U3,,,
BELLWETHER INC,3EA09,,,
LINE-X LLC,3EAP3,,,
"COASTAL DESIGN, LLC",3EAU9,,,
TORCUP INC,3EBL0,,,
DUKE PRO INC,3ECH4,,,
EZ LOADER BOAT TRAILERS INC,3EE99,,,
"FEDMEDICAL, INC",3EG46,,,
CONSILIUM MARINE US INC DBA CONSILIUM MARINE US INC,3EGT0,,,
ROSS AIR SYSTEMS INC DBA KATHABAR SYSTEMS,3EH12,,,
"SONIC AIR SYSTEMS, INC.",3EH38,,,
CONTRACT SALES INCORPORATED,3EJE4,,,
HONOR PETER DBA INTEGRATED SENSOR TECHNOLOGIES,3EJY6,,,
CARLISLE TIRE & WHEEL CO,3EKG7,,,
AMPLIVOX SOUND SYSTEMS LLC,3ELX8,,,
ISO GROUP INC DBA ISO PARTS,3EM17,,,
"MASSIF MOUNTAIN GEAR COMPANY, L.L.C.",3EPW0,,,
PURAQUA PRODUCTS INC DBA PURAQUA PRODUCTS INC,3EQW9,,,
LEOCH LLC,3ER20,,,
ZIRCON CORP,3ER76,,,
"MENNEKES ELECTRONICS, INC.",3ERN9,,,
ACTION PUMP CO.,3ES48,,,
RSCC WIRE & CABLE LLC DBA MARMON INDUSTRIAL ENERGY & INFRASTRUCTURE - EAST GRANBY,3ET41,,,
KSARIA CORPORATION,3ET44,,,
"UNITED PROTECTIVE TECHNOLOGIES, LLC DBA UNITED PROTECTIVE TECHNOLOGIES LLC",3EV52,,,
"SAFEWAY PRODUCTS, INC",3EV64,,,
VERMATIC INC,3EWY1,,,
"PERIMETER BOBCAT, INC. DIV INGERSOLL RAND GOVERNMENT SALES DIVISION",3EZR1,,,
FAIRCHILD INDUSTRIES INC,3EZS0,,,
DEVON COMPANY DBA XENO USA,3F0L8,,,
E & L ENTERPRISES INC,3F1K5,,,
"SANBLAZE TECHNOLOGY, INC.",3F2F7,,,
DIVERSIFIED ASSEMBLY TECHNOLOGIES CORPORATION DIV LEGACY POWER CONVERSION,3F2J0,,,
AGGRESSIVE POWER PRODUCTS INC.,3F2Q9,,,
"ALLEGHENY YORK, LLC",3F317,,,
"GRYPHON M&T, LLC",3F4J9,,,
MILITARY PETROLEUM AND WATER SYSTEMS INC,3F4L6,,,
NOVA ELECTRIC,3F5Z0,,,
PANELCRAFT INC,3F9Z7,,,
"CM AUTOMOTIVE SYSTEMS GROUP, LLC DBA CM AUTOMOTIVE SYSTEMS GROUP, LLC",3FC08,,,
ARPA SUPPORT SERVICES INC.,3FC40,,,
"BIC SUPPLY, LLC",3FCS7,,,
"PARTS AND REPAIR TECHNICAL SERVICES, INC. DBA PARTS & REPAIR TECHNICAL SERVICES",3FDD4,,,
VITEN,3FEF9,,,
"L3HARRIS MARITIME POWER & ENERGY SOLUTIONS, INC.",3FEQ2,,,
"LTL VANTAGE, INC.",3FFD1,,,
"COOLSYSTEMS, INC. DBA GAME READY",3FFQ4,,,
"COLDESI, INC. DBA COLDESI INC",3FGG9,,,
"EEZER PRODUCTS, INC.",3FGS9,,,
CHATSWORTH PRODUCTS INC,3FHA8,,,
"TECH VETS, INC. DBA TECH VETS INC",3FHF9,,,
AMAFHA ENTERPRISE INC,3FHQ8,,,
BLOWGUNS NORTHWEST INC DBA BGNW INC,3FHR4,,,
"RECTRON ELECTRONIC ENTERPRISES, INC DBA RECTRON USA",3FJ41,,,
SIMRAD INC DBA SIMRAD YACHTING,3FJQ5,,,
AIM ELECTRONICS DISTRIBUTORS INC,3FK71,,,
"IMPERX, INC.",3FKG6,,,
"AVIO-TECH, LLC",3FLX3,,,
GUERBET LLC,3FM41,,,
"ATLAS HOSE & GASKET CO., L.L.C.",3FMB1,,,
"GARDNER DENVER, INC. DBA HOFFMAN AIR & FILTRATION DIV GARDNER DENVER NASH - HOFFMAN & LAMSON PRODUCTS",3FMB4,,,
J & B MANUFACTURING LLC,3FMF8,,,
"EVANS, LEE DBA PRIME INDUSTRIAL CLEANING SERVICES",3FMY1,,,
"FJC, INC.",3FNV8,,,
"SHAMROCK SUPPLY COMPANY, INC. DBA SHAMROCK SUPPLY CO INC",3FP49,,,
INERTIA DYNAMICS LLC,3FPW5,,,
MODINE MANUFACTURING CO,3FQN6,,,
"ACUMEN ELECTRONICS, INC. DBA TRIAD MAGNETICS DIV TRIAD MAGNETICS",3FRZ0,,,
"MARANATHA NOW, INC. DBA MARANATHA NOW INC",3FTS9,,,
DIVINE IMAGING INC.,3FVT5,,,
EDX INC DIV EDX,3FYE1,,,
"BRODIE METER CO., LLC",3FYV8,,,
NGH RETAIL LLC,3FZJ9,,,
"DEKKER VACUUM TECHNOLOGIES, INC.",3G1N7,,,
NETKOMP INC. DIV GOVERNMENT SALES,3G2A2,,,
SANMINA CORPORATION,3G4E3,,,
WACKENHUT CORP THE,3G503,,,
ILLINOIS AUTO ELECTRIC CO DBA MIDWEST ENGINE WAREHOUSE,3G536,,,
KEMPEL HAROLD INC,3G582,,,
SILICONIX INC EASTERN AREA OFFICE,3G591,,,
ACCU-FAB INC,3G5E3,,,
R A M CONSULTANTS INC,3G5G0,,,
"MAX PERFORMANCE HYDRAULICS, INC. DBA MAX PERFORMANCE HYDRAULICS INC DIV MAXIMUM PERFORMANCE HYDRAULICS",3G5P8,,,
SAF TECH INC,3G5T0,,,
AMERICAN TOMAHAWK COMPANY LLC,3G5W0,,,
PROCESSFLO INC,3G6K2,,,
NEFF ENGINEERING COMPANY INC.,3G742,,,
"SAINT-GOBAIN ABRASIVES, INC. DIV BONDED ABRASIVES",3G768,,,
IPEX USA LLC,3G7F0,,,
"GOLDSTEIN-SCHWARTZ, INC. DBA GOLDSTEIN-SCHWARTZ INC",3G996,,,
UNDERGROUND SOLUTIONS INC,3GAL6,,,
"SCOSCHE INDUSTRIES, INC. DBA SCOSCHE INDUSTRIES INC",3GD13,,,
"BOSCH SECURITY SYSTEMS, INC.",3GDR4,,,
"XACT TOOL, INC. DBA XACT TOOL",3GEM4,,,
NAVIGATOR ENTERPRISES INC. DBA NAVIGATOR ENTERPRISES INC DIV TRAVEL OASIS AND INTERNATIONAL ELECTRICAL SUPPLIES,3GEN2,,,
CALIFORNIA MANUFACTURING TECHNOLOGY CONSULTING DBA CALIFORNIA MANUFACTURING TECHNOLOGY CONSULTING INC DIV CMTC,3GFX7,,,
"B.W.I. OF KS., INC.",3GHL2,,,
DELMACO MANUFACTURING INC,3GLA9,,,
BAYCO PRODUCTS INCORPORATED DIV PUBLIC SAFETY / MILITARY,3GLY4,,,
ABB INC,3GM36,,,
SEFAR INC.,3GMD2,,,
MR LONGARM INC,3GN29,,,
"I.V.R.I., INC.",3GPF6,,,
LEDDYNAMICS INC DIV LED DYNAMICS,3GRA1,,,
NU VENTURE DIVING CO,3GSC2,,,
"ECOM INSTRUMENTS, INC.",3GT36,,,
ATLAS COPCO DRILLING SOLUTIONS INC DBA ATLAS COPCO CONSTRUCTION MINING TECHNIQUE,3GTA0,,,
XPLORE TECHNOLOGIES CORPORATION OF AMERICA,3GV68,,,
"ENGINETEC, INC.",3GWP0,,,
"ADVANCED TORQUE PRODUCTS, LLC DBA ADVANCED TORQUE PRODUCTS LLC",3GWU8,,,
GLOBAL FINISHING SOLUTIONS LLC,3GX14,,,
DELANEY TELECOM INC. DBA BLACK BOX NETWORK SERVICES DIV BLACK BOX NETWORK SERIVCES,3GY96,,,
HORTON INC,3GYQ8,,,
DELTA ELECTRONICS (AMERICAS) LTD. DBA DELTA ELECTRONICS AMERICAS LTD,3GZQ8,,,
"HUSQVARNA OUTDOOR PRODUCTS, INC DBA HUSQVARNA FOREST & GARDEN DIV GOVERNMENT SALES",3H0Y5,,,
"HY-TECH MACHINE, INC. DBA THAXTON DIVISION DIV ATP",3H1W2,,,
LOWENSTEIN AND STILLINGS INC,3H224,,,
C-K POWER PRODUCTS CORP,3H244,,,
"RADIUS AEROSPACE, INC. DIV HOT SPRINGS",3H339,,,
SINCO INC,3H425,,,
BOLLHOFF INC. DBA BOLLHOFF RIVNUT INC,3H464,,,
ROURKE ENGINEERING INC,3H654,,,
"INTERNATIONAL PRECISION, INC",3H683,,,
ALLIED SPECIALTY PRECISION INC,3H708,,,
OVC-ENGINEERED SOLUTIONS LLC,3H7B5,,,
FRANKLIN FASTENER COMPANY,3H801,,,
PARKER HANNIFIN CORP AEROSPACE GROUP AEROSPACE HYDRAULICS DIV,3H892,,,
BEACON SAFETY PRODUCTS CORP,3H899,,,
THERMOMETRICS CORPORATION DBA THERMOMETRICS CORP,3H922,,,
JTM PRODUCTS INC,3HCA3,,,
T&T VENDING SERVICE INC,3HCF1,,,
"ADVANCE AUTO AIR CONDITIONING, INC.",3HEM8,,,
GREAT LAKES PROCUREMENT DBA STARWARES,3HGZ1,,,
"TOOL HOUSE INC., THE",3HHC6,,,
O.E. ENTERPRISES,3HJH2,,,
"JAMESTOWN DISTRIBUTORS, LLC",3HK49,,,
SHRIER MARTIN PROCESS EQUIPMENT INC,3HKW5,,,
EMCORE CHICAGO INERTIAL CORPORATION,3HL51,,,
"L A R MANUFACTURING, INC",3HM81,,,
VBM MEDICAL INC. DBA VBM MEDICAL INC,3HM84,,,
"MK MAGNETICS, INC.",3HNC0,,,
BRAVO SHOP INC,3HND2,,,
SKINNER CO INC,3HPW2,,,
"GOODRICH CORPORATION DBA PART OF COLLINS AEROSPACE A DIV GOODRICH CORPORATION, HOIST AND WINCH",3HRL4,,,
"ERGOTECH CONTROLS, LLC DBA INDUSTRIAL NETWORKING SOLUTIONS",3HS17,,,
"TOTAL HOSE, INC. DBA PARKER STORE",3HSH9,,,
GTS TECHNICAL SALES LLC DBA G T S TECHNICAL SALES,3HSL7,,,
XMA CORPORATION,3HT76,,,
"WORKSAFE, P.C. DBA WORKSAFE PC",3HV55,,,
MYSTERY RANCH LTD DBA MYSTERY RANCH LIMITED,3HXV1,,,
SMURFIT-STONE CONTAINER CORPORATION DIV CORRUGATED CONTAINER DIVISION,3HXV7,,,
"MASTER-PULL, LLC",3HYB7,,,
"GEORGIA STEEL & CHEMICAL CO., INC.",3J051,,,
GRIP RUBBER INC,3J345,,,
THALES CONTACT SOLUTIONS INC,3J383,,,
RAYTHEON COMPANY,3J458,,,
"REBECCA REYNOLDS CONSULTING, INC",3J4G8,,,
JCM ENGINEERING CORP DBA JCM ENGINEERING CORP DIV JCM ENGINEERING CORPORATION,3J545,,,
AIMPOINT INC DBA AIMPOINT INC,3J629,,,
ELECTRONIC TECHNOLOGIES INC WORLD MAGNETICS DIV,3J642,,,
INDUSTRIAL WEBBING CORP. DBA INDUSTRIAL WEBBING CORP,3J6B1,,,
GENERAL ELECTRIC CO A AND ESO CUSTOM CONTROL SYSTEMS-NW,3J722,,,
"EDEN EQUIPMENT COMPANY, INC.",3J802,,,
GALACTIC NDT SERVICES INC,3J815,,,
CPI RADANT TECHNOLOGIES DIVISION INC,3J847,,,
MERCER TOOL CORP. DBA CHEF CUTLERY,3J8C8,,,
MGC SYSTEMS CORP. DBA MGC SYSTEMS CORP,3J8N8,,,
PENNSYLVANIA SEWING MACHINE COMPANY DIV PENNSYLVANIA SEWING MACHINE,3J9R0,,,
"THERMA-KLEEN, INC.",3J9V6,,,
PIONEER MEDICAL INC DBA AQUATAIN,3JAS5,,,
"JME TECHNOLOGIES, INC.",3JCU5,,,
AMERICAN FORGE & FOUNDRY INC,3JFG7,,,
"SAWSTOP, LLC",3JKP5,,,
"SENTINEL HOLDING, INC",3JNG4,,,
"ALTA LIFT TRUCK SERVICES, INC. DBA ALTA EQUIPMENT COMPANY DIV ALTA EQUIPMENT COMPANY",3JNP1,,,
VOIGT-ABERNATHY SALES CORPORATION,3JNZ2,,,
AMETEK INC. DIV AMETEK POWER INSTRUMENTS,3JQN5,,,
ROTARY SYSTEMS INC,3JTK2,,,
ANCHOR MEDICAL SUPPLY INC,3JWV4,,,
"BLUESKY MAST, INC.",3JWX5,,,
LUXFER INC. DIV LUXFER GAS CYLINDERS,3JZZ9,,,
WOMACK MACHINE SUPPLY CO OF HOUSTON,3K128,,,
"BAY SEAL COMPANY, INC. DBA BAY SEAL CO INC DIV BAY SEAL COMPANY",3K664,,,
ANAPLEX CORP,3K861,,,
"PULSCO, INC.",3KAX8,,,
ATECH INC,3KBH9,,,
ARMORWORKS ENTERPRISES INC,3KHA7,,,
BEKO TECHNOLOGIES CORP DBA (),3KHH7,,,
L-3 COMMUNICATIONS INTEGRATED SYSTEMS DIV WACO,3KHX4,,,
INGERSOLL MACHINE TOOLS INC,3KJE4,,,
INBIOS INTERNATIONAL INC,3KJL6,,,
HELITUNE INC,3KKA6,,,
ZISTOS CORPORATION DBA ZISTOS CORP,3KMC3,,,
"KELE, INC.",3KMM9,,,
VANTAGE TECHNOLOGIES LLC DBA VANTAGE TECHNOLOGIES,3KQY8,,,
"ULVEN COMPANIES, THE",3L0B3,,,
"UNITED TEREX, INC",3L266,,,
KIHOMAC INC,3L2L3,,,
"RADIUS POWER, INC.",3L3N1,,,
J & R ENGINEERING COMPANY INC.,3L3T2,,,
J & P KHAMKEN INDUSTRIES INC,3L5M5,,,
FILCONN INC,3L5N9,,,
"JAMAR PACKAGING, INC.",3L633,,,
STANDARD BOLT NUT AND SCREW CO,3L891,,,
WESTERN INDUSTRIAL PARTS INC.,3L9C9,,,
C-SYSTEMS CORPORATION DIV CYBERCHRON RUGGED SYSTEMS,3LFA2,,,
LOUIS ALLIS COMPANY INC THE,3LFH9,,,
"AMERICAN MOVING PARTS, LLC DIV AMERICAN MOVING PARTS",3LHW5,,,
SNAP-ON EQUIPMENT INC. DBA SNAP ON EQUIPMENT DIV SNAP-ON EQUIPMENT,3LMF0,,,
"WOLVERINE PRODUCTS, INC.",3LQL1,,,
"VANG, HANS J. DBA VANG COMP SYSTEMS",3LRY7,,,
CECO SALES CORPORATION DBA CECO INDUSTRIAL SALES DIV CECO SALES CORPORATION-DALLAS,3LUZ8,,,
"EQUINOX, LTD",3LWU0,,,
STRATO-VAC-HANDLING,3M173,,,
CATAWBA INDUSTRIAL RUBBER CO,3M235,,,
WESS-DEL INCORPORATED DBA WESS-DEL INC,3M337,,,
"VECTOR TEST SYSTEMS, INC. DBA VECTOR TEST SYSTEMS",3M5F7,,,
JAYCOR,3M687,,,
SCHMIEDE CORPORATION,3M710,,,
GENERAL FASTENERS CO,3M915,,,
ACCURATE PRODUCTS INCORPORATED DIV ACCURATE PRODUCTS INC.,3M927,,,
APPLIED DENTAL INC DBA APPLIED DENTAL INC DIV AD SURGICAL,3M9N7,,,
TELEFLEX-CT- DEVICES INC DBA TELEFLEX MEDICAL,3M9U4,,,
ID LABEL INC,3M9W8,,,
"ENGINEERED SPECIALTY PRODUCTS, INC.",3MDJ8,,,
F H BONN CO,3MDQ4,,,
"MAHA USA, LLC",3MEB5,,,
"SPECIALTIES MANUFACTURING COMPANY, INC.",3MER4,,,
SOMA TECHNOLOGY INC DIV SOMA TECH INT'L INC,3MES7,,,
ASSOC OF ENERGY CONSERVAT DBA ASSOCIATION OF ENERGY CONSERVATIONI PROF,3MFK6,,,
"SEPAR OF THE AMERICAS, LLC DBA SEPAR, LOSING FILTERTEK DIV SEPAR FILTER",3MHL8,,,
CHASE ERGONOMICS INC.,3MKF6,,,
"THE EMPIRE CRANE COMPANY, LLC",3MKU3,,,
FOSTER MANUFACTURING,3MKV6,,,
"EXPONENTIAL TECHNOLOGY GROUP, INC DIV RFMW",3MMH0,,,
GEORGE S CAROUSOS,3MPS6,,,
WEBER INDUSTRIES INC DBA WEBTROL PUMPS,3MRB8,,,
TRANSMOTION LLC,3MSH0,,,
AMERICAN EARTH ANCHORS INC,3MUB3,,,
ATHENA GTX INC,3N0A2,,,
INDUSTRIAL PROCESS SYSTEMS LLC DBA IPS,3N0A6,,,
CENTER MASS INC,3N1G7,,,
STANDARD DIE SUPPLY OF KENTUCKY INC,3N209,,,
P & CC ENTERPRISES LLC,3N4A8,,,
THOGUS PRODUCTS COMPANY,3NJT4,,,
VISHAY TRANSDUCERS LIMITED,3NMR4,,,
BRIGHTON CROMWELL LLC,3NNX8,,,
"RBC AIRCRAFT PRODUCTS, INC.",3NPS1,,,
MAKEEN TECH CORP,3NSU3,,,
MILSPRAY LLC,3NXK3,,,
TRANSPORT REFRIGERATION INC.,3NZK0,,,
CUSTOM COMFORT MEDTEK LLC DBA CUSTOM COMFORT MEDTEK,3NZP5,,,
,3OHU2,,,
"TACMED SOLUTIONS, LLC",3P1B8,,,
US JOINER LLC,3P2A9,,,
"PACKAGING SYSTEMS, INC. DBA PACKAGING SYSTEMS INC",3P685,,,
RICHLAND GROUP INC THE DBA SHERCO AUTOMOTIVE WAREHOUSE,3P8W0,,,
MCNEILUS TRUCK AND MFG INC,3P944,,,
"OUTDOOR CONNECTION INC, THE",3PCG5,,,
ALKEN INC DIV POLHEMUS,3PCR6,,,
DLUBAK SPECIALTY GLASS CORPORATION,3PEM6,,,
HC SERVICES INC,3PGJ9,,,
"CURRENT POWER, LLC",3PLL1,,,
HILLSBORO TITLE CO INC,3PND7,,,
"ADVANTEDGE TECHNOLOGY, INC. DBA ADVANTEDGE TECHNOLOGY INC",3PQL7,,,
ORASCOPTIC RESEARCH,3PRE8,,,
"CHUGACH INDUSTRIES, INC.",3PTG3,,,
PHOENIX RESCUE EQUIPMENT INC DIV PHOENIX RESCUE EQUIPMENT INC.,3PTY8,,,
CSIC CORPORATION,3PUJ1,,,
WRIGLESWORTH & WILLOCK METAL FAB INC. DIV WW METAL FAB,3PVA1,,,
WARRIOR TACTICAL CONSTRUCTION INC,3PVQ7,,,
,3PW73,,,
WALTER PAYTON POWER EQUIPMENT LLC,3Q3Y3,,,
"BIG BOLT, LLC",3Q6H0,,,
KESSLER THERMOMETER CORP DBA KESSLER THERMOMETERS CORP,3Q8A5,,,
GENESIS BPS LLC,3QBH8,,,
"SAMSUNG SDS AMERICA, INC.",3QCM1,,,
"WHOLESALE SOLAR, INC. DIV WHOLESALE SOLAR",3QHE4,,,
NYCO AMERICA LLC,3QJS1,,,
HEYLTEX CORPORATION DBA HEYLTEX CORP,3QJU3,,,
RENFERT USA INC.,3QJZ8,,,
"INTEGRATED COMMERCIALIZATION SOLUTIONS, LLC DIV INTEGRATED COMMERCIALIZATION SOLUTIONS, INC.",3QLV7,,,
"PROFESSIONAL PLASTICS-EAST, LLC",3QME8,,,
ROCKWELL COLLINS SATELLITE COMMUNICATIONS SYSTEMS INC.,3QML5,,,
"AGGRESSIVE HYDRAULICS, INC.",3QPM4,,,
"ARUBA NETWORKS, INC.",3QPP7,,,
"BRUNSWICK COMMERCIAL & GOVERNMENT PRODUCTS, INC.",3QRA5,,,
"MYERS & COMPANY, INC.",3QST9,,,
"STS OPERATING, INC. DBA SUNSOURCE DIV SUNSOURCE",3QTH7,,,
P G W H C INC DBA NEW YORK CITY GRANT WATCH,3QTS2,,,
"QUALITY TOOLING, LLC DBA QUALITY TOOLING LLC",3QTU3,,,
"BROWN, LORI DBA TAYLOR CREATIONS",3QUB3,,,
"GI INDUSTRIES, INC. DBA GI INDUSTRIES",3QYV6,,,
"MAXCO, LLC DBA MAXIM SILENCERS",3QZK7,,,
"OXLEY,INC. DBA OXLEY INC",3R006,,,
"SECURITY 20/20, INC.",3R0M2,,,
"MARK C. POPE ASSOCIATES, INC. DBA MARK C POPE ASSOCIATES INC",3R126,,,
I FASHIONS & CO DBA BODY SPECS SUNGLASSES & GOGGLES,3R1C9,,,
SAN DIEGO SEAL INC DBA SAN DIEGO SEAL INC,3R262,,,
"SEAL METHODS, INC.",3R319,,,
COTRONICS CORPORATION,3R434,,,
"HAYES & STOLZ INDUSTRIAL MANUFACTURING COMPANY, INC",3R4E6,,,
SCHNEIDERS MANUFACTURING INC,3R647,,,
"MASTER MAGNETICS, INC. DBA MAGNET SOURCE",3R890,,,
LAMAR TECHNOLOGIES LLC,3RCD2,,,
"DC SCIENTIFIC, INC. DBA DC SCIENTIFIC",3RGK7,,,
IDEAL VALVE INC,3RLE4,,,
AURORA MULTIMEDIA CORPORATION,3RLX4,,,
BORGWARNER THERMAL SYSTEMS INC. DIV THERMAL SYSTEMS,3RMR4,,,
"WINDOW WIPER TECHNOLOGIES INC DBA WINDOW WIPER TECHNOLOGIES, INC.",3RPC2,,,
ALASKA SERVICES & TECHNOLOGY LLC DBA ASTECH,3RPD9,,,
STRIDESBERG ENGINEERING LLC DIV STRIDSBERG ENGINEERING,3RQT1,,,
"HAWKINS GLASS WHOLESALERS, L.L.C",3RRM7,,,
"POWER HAWK TECHNOLOGIES, INC.",3RTX5,,,
"VIKING TACTICS, INC. DBA VIKING TACTICS INC",3RVL0,,,
CTC ENTERPRISE VENTURES CORP,3RWH7,,,
DENOVUS LLC,3RXF4,,,
OVERSEAS BEST BUY INC. DBA 110220VOLTS.COM,3RZN0,,,
HONEY CREEK MACHINE,3S327,,,
"FN AMERICA LLC DIV COLUMBIA, SC",3S679,,,
PHILIPS RS NORTH AMERICA LLC,3S763,,,
MPC CONTAINMENT SYSTEMS LLC,3S7A6,,,
TOA ELECTRONICS INC,3S8N4,,,
"DOUBLE HH ENTERPRISES, INC DBA ALPINE TOWING & RECOVERY",3S8N7,,,
IKEY LTD DBA TEXAS INDUSTRIAL PERIPHERALS,3SCM0,,,
"TEAC AEROSPACE TECHNOLOGIES, INC",3SDT5,,,
THE OZARK MOBILE HOMES MANUFACTURING CO DBA FIRST CHAIN SUPPLY DIV FIRST CHAIN SUPPLY,3SFB8,,,
SANCHEM INC.,3SKJ2,,,
"M.S.M. INDUSTRIES, INC. DBA MSM INDUSTRIES INC",3SKQ3,,,
PACIFIC UTILITY CONSTRUCTION,3SKQ5,,,
TECHNI-QUIP CORP DBA TECHNIQUIP,3SPR3,,,
"EARTH TOOLS, INC",3SQF9,,,
BECHMANN EQUIPMENT INC,3SQW8,,,
"SOUTH COAST FIBER OPTICS, INC",3SRH1,,,
ADVANCED COATING AND COMPOSITES INC,3STZ0,,,
INFINITE ELECTRONICS INTERNATIONAL INC,3SVT8,,,
"ENGINEERED YARNS, INC",3SXL3,,,
DEFENSE INFORMATION SYSTEMS AGENCY DBA JOINT INTEROPERABILITY TEST COMMAND,3SXS7,,,
W & S SUPPLY CO INC,3SXY5,,,
WESTONE LABORATORIES INC DBA WESTONE LABORATORIES INC DIV WESTONE LABS INC,3T081,,,
ADAPTIVE DIGITAL SYSTEMS INC,3T155,,,
KAWASAKI MOTORS CORP USA,3T182,,,
"PR TACTICAL CORPORATION, INC.",3T2F8,,,
WESTERN CHEMICAL INTERNATIONAL,3T389,,,
"BRAKE SUPPLY COMPANY, INC.",3T520,,,
CANOGA-PERKINS CORP DIV OF INDUCTOTHERM,3T793,,,
"GLOBE MOTORS, INC.",3T819,,,
STOCKWELL RUBBER CO INC,3T860,,,
"A & A MACHINE & DEVELOPMENT COMPANY, INC.",3T881,,,
"L.P. AERO PLASTICS, INC",3T949,,,
"L.K. GOODWIN CO., INC. DBA F S INDUSTRIES DIVISION DIV FS INDUSTRIES",3T9Y6,,,
CRYOGENIC PLASTICS INC DIV CPI MARINE,3TCW2,,,
INTERTECH CONTROLS INC,3TJU9,,,
LINEAR PHOTONICS LLC,3TMR5,,,
PRECIOUS TECHNOLOGY GROUP LLC DBA WELLMAN FURNACES,3TMT7,,,
JOSEPHSON MANUFACTURING COMPANY DBA JOSEPHSON MANUFACTURING CO,3TSF1,,,
"JME, INC. DBA JME INC DIV JME INC / DBA TMB",3TTY4,,,
LEAPERS INC,3TVK0,,,
GO ELECTRONICS INC. DBA CONTROL DESIGN SUPPLY,3TYB1,,,
MANUFACTURING DEVELOPMENT INC,3U186,,,
RAYTHEON COMPANY DBA RAYTHEON DIV ELECTRO-OPTICAL SYSTEMS,3U331,,,
"POINT BLANK ENTERPRISES, INC. DIV THE PROTECTIVE GROUP, A POINT BLANK COMPANY",3U457,,,
"MOTIS, LLC",3U4Z5,,,
"CAROLINA CHAIN & CABLE, INCORPORATED DBA CAROLINA CHAIN & CABLE-N CHARLESTON",3U518,,,
"WATER-JEL TECHNOLOGIES, L.L.C. DBA WATER-JEL TECHNOLOGIES",3U5T7,,,
SKF COMPONENT SYSTEMS INC,3U613,,,
"RTX BBN TECHNOLOGIES, INC. DBA BBN TECHNOLOGIES",3U6L5,,,
TASK FORCE TIPS,3U732,,,
ZEOCHEM,3U848,,,
"RALPH W. EARL CO., INC. DBA RALPH W EARL CO INC",3U932,,,
COGITIC CORPORATION,3UED3,,,
WILDERNESS ENGINEERING INC,3UFV9,,,
MID-MICHIGAN EQUIPMENT CORPORATION,3UJC2,,,
STARTECH.COM USA LLP,3USB5,,,
NOTT COMPANY DIV FLUID POWER,3UZE1,,,
"LEWIS MACHINE, LLC",3V183,,,
MALPASS CONSTRUCTION CO INC,3V188,,,
IMAGES ON METAL INC.,3V1N6,,,
"HIRSCHMANN ELECTRONICS, INC",3V1N9,,,
FLOMEGA INDUSTRIES INC,3V817,,,
BROADCAST MICROWAVE SERVICES LLC,3V822,,,
ENERGY KINETICS LTD,3V870,,,
THE SLATE RIVER CORPORATION DBA THE SLATE RIVER CORP,3V8T0,,,
"BISCO INDUSTRIES, INC. DIV BISCO INDUSTRIES",3VET6,,,
MARINE FENDERS INTERNATIONAL INC,3VFE5,,,
"LIFE STEPS FOUNDATION, INC. DBA LIFE STEPS FOUNDATION",3VFG7,,,
"THE W.W. WILLIAMS COMPANY, LLC",3VFP6,,,
PAE AVIATION AND TECHNICAL SERVICES LLC,3VGE7,,,
"HR CONSULTING COMPANY, LLC",3VMG9,,,
"SUPER MICRO COMPUTER, INC.",3VMS9,,,
PRECISION ENGINES LLC,3VPW3,,,
MILKOR USA INC,3VQJ5,,,
ISTEC CORPORATION DBA ISTEC FLOW MEASUREMENT & CONTROL,3VTF7,,,
"BAE SYSTEMS OASYS, LLC",3VTS8,,,
"GEODESICX, INC. DBA GEODESICX INC",3VYF2,,,
APRICORN,3VYK8,,,
3CHEM CORP DIV 3CHEM CORPORATION,3W2E6,,,
"SCROGGINS, JAMES S.",3W327,,,
LEWIS MACHINE & TOOL CO. DBA LEWIS MACHINE & TOOL CO INC,3W544,,,
"SIGNAL HOUND, LLC",3W5D6,,,
"SCHNEIDER ELECTRIC USA, INC. DBA SCHNEIDER ELECTRIC  150",3WAG4,,,
"DEANCO INDUSTRIAL TIRES, INC",3WDM0,,,
MGB ASSOCIATED SERVICES INC,3WJU3,,,
"ERSHIGS, INC. DIV ATTBAR",3WMP2,,,
CIW DEFENSE EQUIPMENT LLC,3WNJ0,,,
"PHANTOM PRODUCTS, INC. DBA PHANTOM PRODUCTS INC",3WQN8,,,
PREMIER EQUIPMENT INC. DBA PREMIER MANUFACTURING,3WTS8,,,
SEACOAST ELECTRIC COMPANY INC DIV SEACOAST ELECTRIC CO. - TEXAS,3WXZ7,,,
ZIOS CORPORATION,3WYK5,,,
LAKELAND INDUSTRIES INC,3X069,,,
ABLE MANUFACTURING & ASSEMBLY LLC,3X179,,,
EXXONMOBIL OIL CORPORATION DIV L&S EXXONMOBIL MARINE LTD/EXXONMOBIL MARINE LUBRICANTS,3X1Z7,,,
PIEDMONT PLASTICS INC,3X279,,,
"MIL-BASE INDUSTRIES, INC.",3X694,,,
TECHNOLOGY FOR ENERGY CORP DBA TECHNOLOGY FOR ENERGY CORP DIV TECHNOLOGY FOR ENERGY CORPORATION,3X699,,,
KLEIN TOOLS INC ZAH GROUP INC DIV INTERNATIONAL SALES,3X6M9,,,
"CARGO CONTROL USA, LLC",3X7X7,,,
VXI CORPORATION,3XAJ4,,,
"CAMBRIDGE SOUND MANAGEMENT, INC.",3XAX8,,,
LASAR CHEMICALS LLC DIV NONE,3XHT3,,,
"MELLANOX TECHNOLOGIES, INC.",3XKU9,,,
NEW PHOENIX AEROSPACE INC,3XMD9,,,
"NORTHEASTERN ELECTRONICS CO., INC.",3XNW7,,,
JOHNSON CONTROLS FIRE PROTECTION LP,3XTX7,,,
DURAFLEX INC,3XWB2,,,
PACIFIC POWER SOURCE INC,3XXE0,,,
PELI BIOTHERMAL LLC DIV BIOTHERMAL DIVISION OF PELICAN PRODUCTS INC.,3XXF7,,,
ADESSO INC,3XYH2,,,
MIRROR LITE COMPANY,3Y036,,,
"WESCO DISTRIBUTION, INC. DIV HAMPTON VA",3Y137,,,
"MAYER ELECTRIC SUPPLY COMPANY, INC. DIV MAYER ELECTRIC SUPPL-NORCROSS",3Y381,,,
AMERICAN INDUSTRIAL SUPPLIERS INC,3Y384,,,
"DIGITAL ANTENNA, INC.",3Y3H1,,,
"CLARCOR AIR FILTRATION PRODUCTS, INC DBA INTERFACE DIV GOVERNMENT SALES OFFICE",3Y436,,,
BOOZ ALLEN HAMILTON INC,3Y494,,,
BGM FASTENER CO INC,3Y498,,,
"PRECO ELECTRONICS, INC. DIV PRECO ELECTRONICS",3Y4C8,,,
"WELDING METALLURGY, INC.",3Y582,,,
MC ENGINEERING CO. DBA MC ENGINEERING CO.,3Y5M5,,,
HERDIECKERHOFF WERNER DR,3Y614,,,
ADVANCED FUEL CO,3Y691,,,
SECA CORPORATION DBA SECA CORP,3Y702,,,
INTEGRAL INDUSTRIES INC,3Y797,,,
AXIAN TECHNOLOGY INC DBA AXIAN TECHNOLOGY INC,3Y859,,,
WATERS NETWORK SYSTEMS LLC,3YFX8,,,
SKYNET INC,3YGZ4,,,
"WABASH NATIONAL TRAILER CENTERS, INC. DIV SCRANTON",3YHS6,,,
NORTH STAR SCIENTIFIC CORP,3YJM5,,,
"AIRCRAFT RUBBER MANUFACTURING, INC.",3YJU7,,,
"OUTBACK POWER TECHNOLOGIES, INC.",3YMC5,,,
"XS SCUBA, INC DBA SEA PEARLS",3YMV0,,,
INFRASCAN INC DBA INFRASCAN INC,3YTA4,,,
"SUPER BRIGHT LEDS, INC DIV SUPER BRIGHT LEDS",3YUF7,,,
"MAINTENANCE AND INSPECTION SERVICES, INC. DIV MIS",3YXT7,,,
COVESTRO LLC DBA BAYER CROPSCIENCE VEGETABLE SEEDS,3YZE3,,,
VNE CORP,3Z033,,,
PLYMOUTH TUBE COMPANY,3Z066,,,
"PREMIER & COMPANIES, INC.",3Z0C0,,,
VAN BEN INDUSTRIES INC,3Z202,,,
MON-ECO INDUSTRIES INC DBA MEI,3Z312,,,
"MOTION INDUSTRIES, INC. DBA MOTION INDUSTRIES INC DIV TUKWILA",3Z323,,,
REDWOODS UNITED WORKSHOP INC,3Z382,,,
HASKEL INTL INC HASKEL CONTROLS DIV,3Z441,,,
LLC RING MASTERS,3Z4D8,,,
"WESTERN DIESEL SERVICES, INC. DBA CK POWER",3Z7L8,,,
KONI NA LLC,3Z816,,,
SHIELD TECHNOLOGIES CORP DIV SHIELD TECHNOLOGIES CORPORATION,3Z9L5,,,
"AERO INDUSTRIES, INC. DIV AERO INDUSTRIES",3ZCR2,,,
XENARC TECHNOLOGIES CORPORATION DBA XENARC TECHNOLOGIES CORP,3ZDT0,,,
ARIENS COMPANY DBA BEN MEADOWS,3ZEL7,,,
"CUSTOM CUT STENCIL COMPANY, INC.",3ZKJ0,,,
"DEEP SEA ELECTRONICS, INC.",3ZNM9,,,
"ELMO MOTION CONTROL, INC",3ZSS3,,,
"KBR WYLE SERVICES, LLC",3ZUK0,,,
"POWEROHM RESISTORS, INC.",3ZXU1,,,
INTERMETRO INDUSTRIES CORP,40038,,,
ALL-LIFT SYSTEMS INC,40129,,,
MICHIGAN SEATING CO,40157,,,
FQS LLC,40161,,,
,,,,
"INDUSTRIAL MAGNETICS, INC.",40474,,,
"HALCYON MICROELECTRONICS, INC.",40672,,,
MILWAUKEE ELECTRIC TOOL CORP DBA MILWAUKEE ELECTRIC TOOLS,40817,,,
"SECURE COMMUNICATION SYSTEMS, INC. DBA BENCHMARK SECURE TECHNOLOGY DIV BENCHMARK SECURE TECHNOLOGY",40828,,,
,,,,
HRS FASTENERS INC,40927,,,
NAVANTIA - PROPULSION Y ENERGIA MOTORES - CARTAGENA,409BB,,,
"MONDIAL AUTOMOTIVE, INC. DBA MONDIAL AUTOMOTIVE INC",410L0,,,
TITAN MACHINERY INC.,410P3,,,
KONE INC.,41337,,,
VIAVI SOLUTIONS LLC DIV LENEXA,41364,,,
SALEM COCA-COLA BOTTLING CO INC DBA SEACOAST COCA-COLA BOTTLING CO,41427,,,
"U. S. CAVALRY STORE, INC.",41456,,,
"MORSE DIVING, INC.",41620,,,
,,,,
MORSE CUTTING TOOLS DIV OF MORSE CUTTING TOOLS CORP,41653,,,
JAMES D ACERS CO INC DIV JAMES D. ACERS COMPANY INC,416D0,,,
"ADVANCED CUTTING TECHNOLOGIES, INC",416L3,,,
SEA-DOG LINE DIV OF SNEVE-NYSETHER INC,41830,,,
MOOG INC DBA MOOG PROTOKRAFT DIV MOOG PROTOKRAFT,418T5,,,
MULTIPLEX MFG CO INC,41996,,,
"BLACK DIAMOND VIDEO, INC.",41CX9,,,
"ADVANCE AERO-TECH, INC.",41FY4,,,
GEMINI PLASTICS INC.,41HJ2,,,
ARTEMIS ELECTRONICS LLC,41JV4,,,
"JANAM GROUP, INC",41KP3,,,
MOLDED PRODUCTS CO DBA REVCOR MOLDED PRODUCTS CO,41KR9,,,
"LARSON ELECTRONICS, LLC DBA LARSON ELECTRONICS LLC",41TL0,,,
DAISY DATA DISPLAYS INC,41WH0,,,
M AND R PRODUCTS DIV OF A S T S INC,42070,,,
DANEK MEDICAL INC DIV OF BIOTECHNOLOGY INC,42136,,,
CXR LARUS CORPORATION DIV CXR TELCOM,42161,,,
GARDNER DENVER NASH LLC DIV GARDNER DENVER NASH,42280,,,
DAMERON MFG CORP,42300,,,
NCR CORPORATION DBA NCR,42470,,,
TELE-COMMUNICATION INC,42581,,,
CDM ELECTRONICS INC,42827,,,
CORE SURVIVAL INC DBA CORE SURVIVAL INC,42AQ2,,,
LIVINGSTON TOOL & MFG. CO. DBA LIVINGSTON TOOL & MANUFACTURING CO,42DJ4,,,
"SSI TECHNOLOGIES, INC. DBA SINTERED SPECIALTIES DIVISION DIV SINTERED SPECIALTIES DIVISION",42DK1,,,
"NJ BALLOON MANUFACTURING, LLC",42DQ1,,,
KACH MACHINE WORKS INC,42FJ0,,,
"KRATOS SYSTEMS AND SOLUTIONS, INC. DIV KRATOS SPACE, TRAINING & CYBER",42JF0,,,
APEXX SALES INC.,42MK2,,,
"DELTA-XRAY, INC.",42NE3,,,
TICO MANUFACTURING INC DBA TICO MANUFACTURING,42UA6,,,
DEMETECH CORPORATION,42VR5,,,
FABWRIGHT INC,42XA8,,,
FIELDPIECE INSTRUMENTS INC,431B2,,,
"RIVERSIDE TOP SCALE, INC.",43200,,,
BIG JOE MANUFACTURING CO. DBA BIG JOE CHICAGO,43251,,,
FTZ INDUSTRIES INC,43316,,,
GENERAL MOTORS CORP DELCO MORAINE NDH DIV,43334,,,
,,,,
"L3HARRIS TECHNOLOGIES, INC. DBA HARRIS DIV MINE DEFENSE SYSTEMS",434Y6,,,
HOFFMAN/NEW YORKER INC,43528,,,
SKYBOLT AEROMOTIVE CORP. DBA SKYBOLT AEROMOTIVE CORP,435Z0,,,
MICROSEMI CORP - MASSACHUSETTS,43611,,,
CADEX ELECTRONICS INC,43678,,,
HUNTINGTON INGALLS INC DIV NEWPORT NEWS SHIPBUILDING,43689,,,
SKF INDUSTRIES INC NICE BEARING PRODUCTS DIV,43766,,,
TAG-ART PRODUCTS,43790,,,
"WAWPUF, LLC DIV WAWPUF",437V9,,,
"TRI-TECH U.S.A., INC.",43948,,,
THE BOEING COMPANY DIV LEGACY AM&M,43999,,,
,,,,
COMPASS INSTRUMENTS INC DBA COMPASS INSTRUMENTS INC DIV COMPASS INSTRUMENTS,43AS7,,,
"ZF COMMERCIAL SUSPENSION SYSTEMS & COMPONENTS, LLC DBA HEAVY TRUCK DIVISION",43CA4,,,
MITSUBISHI FORKLIFT TRUCKS OF HOUSTON,43E71,,,
MAHLE INDUSTRIAL THERMAL SYSTEMS AMERICA LP DBA BEHR INDUSTRY AMERICA LP,43EN8,,,
KENNAMETAL INC ENGINEERED PRODUCTS GROUP DIV,43P24,,,
"Z+F USA, INC",43PF5,,,
RPM INDUSTRIAL SALES LLC,43PW7,,,
GOLD EAGLE CO.,43VV2,,,
"CONTROLS, INC",43Z57,,,
"HARRIS MANUFACTURING, INC. DBA HARRIS LIGHTING",43Z88,,,
VICKERS P L C DEFENCE SYSTEMS DIV,44071,,,
BAE SYSTEMS LAND & ARMAMENTS L.P.,44114,,,
GEMTOR INC,44216,,,
NORWALK COMPRESEER COMPANY INC DBA NORWALK COMPRESSOR COMPANY,44218,,,
"W. G. HOLT, INC. DBA HOLT W G INC DIV W.G. HOLT, INC. DBS HOLT INTEGRATED CIRCUITS",44270,,,
"U.S. PIONEER, L.L.C.",44291,,,
STIGALL SALES INC,442A8,,,
"NEWING-HALL, INC.",44316,,,
CHEMETALL OAKITE INC,44389,,,
"DATEX-OHMEDA, INC.",44503,,,
PARK-OHIO INDUSTRIES INC DBA OHIO CRANKSHAFT DIV DIV OHIO CRANKSHAFT DIVISION,44522,,,
DELPHI COMPONENTS INC,44523,,,
"SPECIALTY BULB COMPANY, INC.",44530,,,
PARAMOUNT ELECTRICAL DISTRIBUTORS INC,44589,,,
"AG INTERNATIONAL, INC.",445M1,,,
SIGNAL COMMUNICATIONS CORP,44744,,,
,,,,
NORCATEC LLC,44AE7,,,
"BITTREE, INC",44CV5,,,
"SILVERTRONIC, INC",44D61,,,
WAVETEK METERMAN TEST TOOLS,44D86,,,
"R. E. WILLIAMS CONTRACTOR, INC.",44EK9,,,
SWEP NORTH AMERICA INC,44N83,,,
STRYKER CORPORATION DIV USE FOR OPEN PAYMENTS ONLY,45044,,,
JASON INCORPORATED DBA OSBORN INTERNATIONAL A UNIT OF JASON,45092,,,
A & A SHEET METAL PRODUCTS INC,45099,,,
,,,,
AIRGAS-MID SOUTH INC DBA AIRGAS DIV WICHITA BRANCH,45160,,,
IDEX HEALTH & SCIENCE LLC,45184,,,
"YATES GEAR, INC.",45187,,,
PACCAR GOVERNMENT GROUP CO YARROW BAY OFFICE PK,45320,,,
,,,,
"GRUNDFOS CBS, INC DBA PACO PUMPS",45396,,,
PILKINGTON OPTRNICS INCRPRTION,45436,,,
"BEST METAL PRODUCTS COMPANY, INC.",45457,,,
EAST WEST RENTAL CENTER,45583,,,
"SPRAY EQUIPMENT & SERVICE CENTER, LLC DBA SESC",45585,,,
ACTION AEROSPACE HARDWARE INCORPORATED,456E4,,,
USM CORP SUB OF EMHART INDUSTRIES INC PARKER-KALON FASTENER DIV,45722,,,
DUPLAN INDUSTRIES DBA GILBERT MACHINE & MANUFACTURING,45784,,,
PARTLOW WEST CO SUB OF DANAHER CORP,45809,,,
HARSCO CORPORATION DBA PATENT CONSTRUCTION SYSTEMS,45826,,,
"IGC-POLYCOLD SYSTEMS, INC.",45891,,,
STANDARD BENT GLASS LLC,458W5,,,
PEERLESS SCREW PRODUCTS CORPORATION,45950,,,
REFRIGERATION SALES CORP,45989,,,
GLASSLINE CORP DIV GLASSLINE CORPORATION,45FB7,,,
"PERIOPTIX, INC",45PY8,,,
"HIGH IMPACT TECHNOLOGY, LLC",45WG1,,,
"AUTOMEDX, LLC",45XC3,,,
"CODESOURCE, L.P.",45XE4,,,
ETRAILER CORPORATION DBA BROPFS HOME SALES,45Y69,,,
ECONOMY POWER & INSTRUMENT INC,46105,,,
,,,,
HILL BURYL INC-SAGINAW BR,46309,,,
ENCORE ELECTRONICS INC. DBA ENCORE ELECTRONICS INC,46504,,,
LOGITECH INC,46628,,,
"UNDERSEA SYSTEMS INTERNATIONAL, INC. DBA OCEAN TECHNOLOGY SYSTEMS",46646,,,
HANSSEN WYSE MITCHELL INC,46713,,,
"DENKE LABORATORIES, INC. DBA DENKE LAB INC",46804,,,
DALLAS-KATEC INCORPORATED DBA KATEC,46869,,,
"MESA POWER SYSTEMS, INC DBA MESA POWER SYSTEMS",46937,,,
PHOENIX ELECTRIC MFG CO,46992,,,
"SHEEHY FORD OF SPRINGFIELD, INC. DBA SHEEHY FORD OF SPRINGFIELD INC",46AW5,,,
"VICKSBURG ENTERPRISE MANUFACTURING, LLC DBA VICKSBURG ENGINEERING & MFG",46EU3,,,
BLUEFIN LLC,46GL7,,,
"GENESIS VISION, INC DBA GENESIS VISION INC",46HC2,,,
"ING MASCHINENFABRIK & KG, INC.",46LG9,,,
RTI ELECTRONICS INC,46PM4,,,
WBPARTS INC,46PU2,,,
CML USA INC,46WZ9,,,
PENN-ELKCO INC,46Y25,,,
MAVEN ENGINEERING CORPORATION,46YF5,,,
ENVIRO AIR INC,47007,,,
"CURTIS SUPERIOR VALVE CO., INC. DBA CURTIS SUPERIOR VALVE CO",47038,,,
SEMO TANK/BAKER EQUIPMENT COMPANY DBA GADOR TANK,470X3,,,
MISTRAL INC,47176,,,
TECHNOLOGY FOR ENERGY CORPORATION DIV AVIATION,47181,,,
PICKER INTL INC,47220,,,
PILGRIM SCREW CORPORATION DBA PILGRIM AEROSPACE FASTENERS,47253,,,
PIONEER MACHINE & TOOLING CO,47347,,,
VIASAT INC,47358,,,
RAUTH INDUSTRIES,47396,,,
BULK LIQUID STORAGE SYSTEMS LP,473V9,,,
HARSCO CORPORATION DBA B M Y WYNE WHELED VEHICLES DIV,47457,,,
SAFETY STORAGE INC,47484,,,
SPARCO INC,47567,,,
PITTSBURGH PIPING AND EQUIPMENT CO,47657,,,
"PPG INDUSTRIES, INC",47695,,,
,,,,
"PLAINVILLE ELECTRICAL PRODUCTS COMPANY, THE DBA PLAINVILLE ELECTRICAL PRODUCTS",47750,,,
INGERSOLL-RAND CO PROTO TOOL DIV TOOL GROUP HEADQUARTERS,47805,,,
"AUDIO-TECHNICA U.S., INC.",47822,,,
"PNEUMERCATOR COMPANY, INC.",47876,,,
ARCTIC FOX LLC DBA ARCTIC FOX HEATERS,47886,,,
COMPETITION PRODUCTS,478Q7,,,
POLAR WARE COMPANY,47911,,,
WBK CONTROLS INC,47917,,,
"VIRTUAL IMAGING, INC. DIV HEALTHCARE SOLUTIONS",47GE4,,,
CALHOUN TECHNOLOGIES LLC DIV CALHOUN TECHNOLOGIES,47JS7,,,
"ICRCO, INC.",47KK5,,,
"ANTAIRA TECHNOLOGIES, LLC.",47LT7,,,
NORMAN WRIGHT COMPANY OF NORTHERN CALIFORNIA DBA NORMAN WRIGHT TOOL SUPPLY,47MG9,,,
ADAMS THERMAL SYSTEMS INC,47NR0,,,
PROTECTED VEHICLES INC DBA P V I,47P61,,,
NANOSPERSE LLC,47RY7,,,
SUBURBAN AUTO SEAT CO INC,47S61,,,
"L3 TECHNOLOGIES, INC. DBA INTEGRATED OPTICAL SYSTEMS",47T36,,,
TEYA TECHNOLOGIES LLC,47UU4,,,
"HAND HELD PRODUCTS, INC. DBA HAND HELD PRODUCTS INC",47X38,,,
"UNIVERSAL METAL SPINNING COMPANY, INC.",48104,,,
RAGG FRANZ E. U.,4820N,,,
REINAGEL'S CUSTOM CABINETRY,482Y0,,,
B.C. SYSTEMS INC. DBA BC SYSTEMS INC,48313,,,
,,,,
PARKER-HANNIFIN CORPORATION DBA PNEUTRONICS DIV ENGINEERED POLYMER SYSTEMS,48482,,,
PATTEN TOOL & ENGINEERING INC,48559,,,
BEVCO PRECISION MFG CO,48607,,,
PRECISION RESISTOR CO INC,48615,,,
VERSALOGIC CORP,48657,,,
PEERLESS-PREMIER APPLIANCE CO,48668,,,
"TOUCHSTONE TECHNOLOGY, INC. DBA TOUCHSTONE TECHNOLOGY INC",48707,,,
PARK CENTRAL INC DBA PARK CENTRAL HOTEL,48767,,,
STEAMGARD LLC,48804,,,
NORRIS CYLINDER COMPANY,48816,,,
"GALLS, LLC",48849,,,
PRESTOLITE BATTERY DIV OF BUNKER RAMO-ELTRA CORP,48873,,,
"CP INDUSTRIES HOLDINGS, INC",48899,,,
CONAIR GROUP INC DIV CONAIR AEROSPACE,48928,,,
NATIONAL STANDARD CO SPECIALTY PRODUCTS DIV,48979,,,
"M I S GROUP, INC.",48982,,,
RPM TECHNOLOGY LLC,48AB0,,,
RESCUE 42 INC DBA RESCUE 42 INC,48AR8,,,
"AIR TIGHT, LLC DBA AIR TIGHT LLC",48CF5,,,
"ANTENNA SYSTEMS & SOLUTIONS, INC.",48EX8,,,
"RBH AEROSPACE, INC. DBA RBH AEROSPACE INC",48GV9,,,
"HUNT VALVE ACTUATOR, LLC DIV HUNT VALVE ACTUATOR",48JZ3,,,
AMERICAN GROWLER INC,48KA3,,,
INTECH CORPORATION DBA INTECH TRADING,48LT1,,,
BELLIS INVESTMENTS INC DBA EMERGCO TECHNICAL SOLUTIONS,48NQ2,,,
PMC-STS INC,48RQ2,,,
SABIC INNOVATIVE PLASTICS US LLC DIV SABIC POLYMERSHAPES LLC,48SP6,,,
THE BOEING COMPANY DIV SERVICES,48T42,,,
"SOUTHWEST ANTENNAS, INC. DBA SOUTHWEST ANTENNAS INC",48U26,,,
REFCO MFG INC,48UU8,,,
"ATLANTIC MARINE, LLC DBA ATLANTIC MARINE SERVICE",48UZ3,,,
MICHIGAN RUBBER & GASKET CO DBA MRG,48WA4,,,
"MAS COMPONENTS & COATINGS, LLC DBA MAS COMPONENTS & COATINGS LLC",48ZY0,,,
SHANNON PRECISION INC DIV SPI-CONNECTS,49016,,,
MILJOCO CORPORATION,49048,,,
TRANSMISSION ENGINEERING CO. INC.,49094,,,
"PMT GROUP, INC. DBA PMT GROUP INC",49101,,,
SUNSHINE FILTERS OF PINELLAS INC,49240,,,
AMEREX CORPORATION DBA GETZ MANUFACTURING DIV AMEREX CORPORATION DBA GETZ MANUFACTURING,49376,,,
AMERITROL INC,493C5,,,
TEAM SYSTEMS INC,49412,,,
FRHAM SAFETY PRODUCTS INC,49502,,,
HYDRAULIC POWER SYSTEMS INC,49526,,,
"SUBMERSIBLE SYSTEMS, INC.",49537,,,
FUJIPOLY INC P O BOX 119 CARTERET NJ 07008-0119,49555,,,
DOWTY RFL INDUSTRIES INC,49673,,,
NOREN PRODUCTS INC,49711,,,
U.S.I.A. UNDERWATER EQUIPMENT SALES CORPORATION DIV UNDER SEA INDUSTRIAL APPAREL,49772,,,
KEEPER CORPORATION,497C4,,,
"PHOTOTELESIS, LP",49838,,,
AIR LIQUIDE AMERICA CORP RANSOME DIV,49851,,,
"BIDWELL INDUSTRIAL GROUP, INC. DBA BIDWELL INDUSTRIAL GROUP INC DIV RAPIDPRINT",49870,,,
"R. D. MINERS, INC DBA RAY BURNER CO",49937,,,
"TEST CONNECTIONS, INC.",49AT7,,,
"AATANKS, LLC",49BT5,,,
SIGNIFY NORTH AMERICA CORPORATION,49D59,,,
INTERNATIONAL BUSINESS MACHINES CORPORATION DBA IBM,49EQ3,,,
"KING SYSTEMS CORPORATION DBA FOREIGN PARENT IS AMBU A/S, BALLERUP, DENMARK. DIV KING SYSTEMS A SUBSIDIARY OF AMBU INC S A",49JD3,,,
"SPC ELECTRONICS AMERICA, INC.",49JU3,,,
MOORE CARMEN D DBA AM SERVICES,49JU4,,,
CAMMENGA COMPANY LLC,49KX7,,,
"WATTEREDGE, LLC",49L85,,,
S & H SMALL ENGINE DBA REDMAX,49RG8,,,
P & M LLC,49SX9,,,
ZYTRON CONTROL PRODUCTS INC,49UL3,,,
"ATS ACCURATE TECHNOLOGY SERVICES, INC.",49WJ6,,,
MAGNETALL,49WN5,,,
ALLEN ORTON LLC DBA PARKER STORE DIV HYDRADYNE LLC / ALLEN ORTON LLC,49WX1,,,
ALVATEK ELECTRONICS LLC,49X37,,,
"RICHARD MANUFACTURING CO., INC. DBA RICHARD MANUFACTURING CO INC",4A014,,,
"NORTRAX-GREAT LAKES, INC.",4A035,,,
C. H. BRADSHAW CO.,4A074,,,
C-O-TWO INC,4A093,,,
BUCKEYE POWER SALES CO INC DIV GENERATOR DIVISION,4A351,,,
CARTHAGE MILLS EROSION CONTROL COMPANY DBA CARTHAGE MILLS,4A650,,,
"POWERBOX USA, INC",4AAH0,,,
"GARRITY TOOL COMPANY, LLC",4AAQ0,,,
"SPIKA DESIGN & MANUFACTURING, INC. DBA SPIKA DESIGN & MANUFACTURING INC DIV SPIKA DESIGN AND MANUFACTURING",4AC84,,,
FIAMM TECHNOLOGIES INC,4AD37,,,
FLUID POWER SOLUTION LLC,4AD78,,,
KUBOTA TRACTORS,4AER7,,,
"VC DISPLAYS, INC. DBA VC DISPLAYS INC",4AGF5,,,
"ATS TACTICAL GEAR, LLC",4AN29,,,
MCMILLAN DESIGN INC,4AP40,,,
"IBOATS, INC.",4AQD2,,,
DTROVISION LLC,4AVL5,,,
"NO-FADE COATINGS, INC. DBA ALLEGRO INDUSTRIES",4AVN2,,,
PKMM INCORPORATED DBA PKMM DIV PKMM INC.,4AWV9,,,
"WARM PRODUCTS, INC. DBA WARM PRODUCTS INC DIV WARM INDUSTRIAL NONWOVENS",4AYD0,,,
QBC DIAGNOSTICS LLC,4AZY5,,,
APPLIED POWER INDUSTRIES INC POWER PACKER ACTIVITY,4B046,,,
"CUTTING EDGE TACTICAL, INC. DBA CUTTING EDGE TACTICAL INC",4B0U5,,,
ENERGY KINETICS INC DBA SYSTEM 2000,4B5L2,,,
STANLEY-BOSTITCH SUB OF THE STANLEY WORKS,4B616,,,
DJ CROWELL CO INC,4B743,,,
CONTROL SOLUTIONS LLC,4B8D1,,,
NYTEF PLASTICS LTD,4B915,,,
CURTISS-WRIGHT ELECTRO-MECHANICAL CORPORATION DBA ADVANCED PRODUCTS AND SYSTEMS DIVISION DIV ADVANCED PRODUCTS AND SYSTEMS,4B9X1,,,
INTEL CORPORATION,4BA62,,,
"ECI DEFENSE GROUP, INC.",4BJ65,,,
"OIL SAMPLE SOURCE, L.L.C., THE",4BKW9,,,
MODINE GRENADA LLC DIV HEAT TRANSFER PRODUCTS,4BLN5,,,
"CENTURY MOLD COMPANY, INC",4BMF7,,,
"UNAFLEX, INC.",4BNK0,,,
"FILTRATION TECHNOLOGY COMPANY, LTD DBA FTC",4BPH2,,,
DEVIEUX JESSY G,4BVX6,,,
"MITSUBISHI ELECTRIC US, INC.",4BW86,,,
"ARCTECH FABRICATING, INC.",4BWX1,,,
"ZIEHL-ABEGG, INC.",4BXB7,,,
RAYCAP INC. DIV SURGE SUPPRESSORS,4BZK2,,,
"RACAL ACOUSTICS, INC.",4C0L5,,,
NASCO HEALTHCARE INC DIV NASCO HEALTHCARE,4C4S3,,,
QUINN COMPANY,4C7B1,,,
RDO EQUIPMENT CO,4C7C6,,,
"RVISION, INC.",4C8S5,,,
KONGSBERG PROTECH SYSTEMS USA CORPORATION DIV KONGSBERG PROTECH SYSTEMS USA,4CAB5,,,
ONE-WAY MANUFACTURING INC. DBA ONE WAY MANUFACTURING,4CC77,,,
"ARMICK CHEMICALS, LLC",4CHC2,,,
"CAMERON TECHNOLOGIES US, INC. DBA CALDON ULTRASONICS TECHNOLOGY CENTER DIV CAMERON TECHNOLOGIES US LLC",4CMC2,,,
PERFORMANCE ADVANTAGE CO INC,4CMF6,,,
GOODYEAR RUBBER PRODUCTS INC,4CQW7,,,
MAUSER CORP.,4CTW8,,,
"PARTS TOWN, LLC",4CXB9,,,
"BCF DESIGNS, INC DIV ULTRA ELECTRONICS BCF INC.",4CXR4,,,
EAST SIDE UNION HIGH SCHOOL DISTRICT,4CXS1,,,
FLARETITE INC,4D2Q4,,,
"CHOCTAW MANUFACTURING DEFENSE CONTRACTORS, INC.",4D3B0,,,
"HEXAGON METROLOGY, INC. DBA USE CAGE CODE 1WUK4 FOR CATALOGING",4D3R3,,,
TPA MOTION LLC,4D5N5,,,
COLD POINT CORPORATION DBA ADIRONDACK-AIRE,4D7P9,,,
"EVERLIGHT AMERICAS, INC DIV NEW BUSINESS OPPORTUNITY",4DKQ8,,,
SCIOTEQ LLC,4DL36,,,
LIFT FREE PRODUCTS INC,4DL84,,,
APPLIED ENGINEERING PRODUCTS INC,4DRV8,,,
"WAYTECH CONSTRUCTION, INC",4DS79,,,
GE ENERGY POWER CONVERSION USA INC.,4DSJ9,,,
"BMB ENTERPRISES, INC.",4DTH7,,,
SCHAEFFLER GROUP USA INC. DBA INA BEARING,4DVJ5,,,
RYSZ STORAGE BATTERY COMPANY DBA POSTIVELY BATTERIES,4DZX8,,,
DBISP LLC,4E2G0,,,
"CASCADE MACHINERY & ELECTRIC, INC. DBA CASCADE MACHINERY & ELECTRIC INC",4E340,,,
TMS CASES INC. DBA MCS DEFENSE,4E8V7,,,
"BRANTNER AND ASSOCIATES, INC. DBA TE CONNECTIVITY MOG",4EAN5,,,
"MEIER CUMBY, NANCY DBA FOUCAULT INTERNATIONAL",4EBB6,,,
"FIXTUREWORKS, LLC",4EGD1,,,
ARTEX TRUCK CENTER INC,4EKA1,,,
D 2 INC,4EKX8,,,
"NXSTAGE MEDICAL, INC.",4ELZ9,,,
ADVANCED CONTROL TECHNOLOGY INC. DBA ACT SENSORS,4EQG6,,,
TARGUS INC,4ET10,,,
"JEG'S AUTOMOTIVE, INC. DBA JEG'S HIGH-PERFORMANCE CENTER",4ET30,,,
PITT AUTO ELECTRIC CO,4F040,,,
ROSS EQUIPMENT INC,4F083,,,
ROYAL SEALS CORP,4F344,,,
SHUPPER-BRICKLE EQUIPMENT CO,4F3D6,,,
"SPIRAL INDUSTRIES, INC. DBA SPIRAL INDUSTRIES INC",4F744,,,
IRIDIUM SATELLITE LLC,4F9H2,,,
"TERRAS IRRADIENT, INC.",4FB57,,,
MANCHESTER TANK & EQUIPMENT CO. DIV CORPORATE,4FDC0,,,
REACH TECHNOLOGY INC.,4FK31,,,
"PRECISION METAL TECHNOLOGIES, LLC",4FL32,,,
"EZ LOADER BOAT TRAILERS INC DBA EZ LOADER SOUTHEAST DIV EZ L:OADER ADJUSTABLE BOAT TRAILERS, SALES CORPORATION, INC.",4FLA5,,,
"CHASE FILTERS & COMPONENTS, LLC",4FX47,,,
"WESCO INDUSTRIAL PRODUCTS, LLC",4FY57,,,
"U.S. FOAM & ETCH, INC DBA AVIATION AND INDUSTRIAL TOOL SUPPLY",4G0C8,,,
"DKR, LLC",4G0J8,,,
"TELLURIC GROUP, L.L.C. DBA TELLURIC GROUP LLC",4G0Z7,,,
FLO-PRODUCTS COMPANY DIV GSI FLO,4G303,,,
GLOBE GEARS AND COUPLINGS,4G380,,,
RAZOR WIRE INTERNATIONAL LLC,4G3B9,,,
ARMOR ACCESSORIES INC.,4G6Y2,,,
FIRST LIGHT USA LLC,4G8J3,,,
BARBER-COLMAN CO SPECIALTY TOOLS DIV,4G977,,,
TALBOT HOLDINGS LTD,4GCE3,,,
"ROCKE SOLID, LLC",4GEN6,,,
"BOSS SEALS, LLC DIV CLARK SEALS LTD",4GJA3,,,
REVVO CASTER CO INC,4GKU8,,,
"BMI DEFENSE SYSTEMS, INC",4GNV9,,,
ACUFAST AIRCRAFT PRODUCTS,4GP55,,,
CABLES FOR LESS LLC,4GU98,,,
ZERO GROUND LLC,4GXD9,,,
APS WATER SERVICES CORPORATION DBA APS WATER SERVICES CORP,4GYN4,,,
"JOTRON USA, INC.",4GYW9,,,
ROHRER MANUFACTURING,4GZY0,,,
NSA RUBIN BROS LLC,4H304,,,
"LUMASENSE TECHNOLOGIES, INC DIV LUMASENSE TECHNOLIGIES, INC.",4H3E0,,,
"MATHESON TRI-GAS, INC.",4H3T9,,,
"WARREN RUPP, INC",4H3W9,,,
"SIGNATURE EMERGENCY PRODUCTS, LLC",4H5X7,,,
MOOG INC.,4H618,,,
"TIFFEN ACQUISITION LLC DBA TIFFEN COMPANY, THE DIV THE TIFFEN COMPANY. LLC",4H8H0,,,
MOTORSPORT INNOVATIONS INC,4HGN0,,,
"AMBLER SURGICAL, LLC",4HH70,,,
BERCO OF AMERICA INC. DBA BERCO AFTER MARKET,4HKZ9,,,
PINNACLE TECHNOLOGIES CORPORATION,4HL54,,,
"WOLVERINE BRASS, INC. DIV WOLVERINE BRASS",4HLG4,,,
CURRY SUPPLY CO,4HLN5,,,
WRIGGLESWORTH ENTERPRISES INC DBA WRIGGLESWORTH ENTERPRISES INC,4HQD0,,,
ALLEGIS CORPORATION,4HRQ8,,,
"APPLIED INDUSTRIAL TECHNOLOGIES, INC.",4HTS7,,,
EAGLE VIEW RESEARCH CENTER LLC DBA EAGLE VIEW RESEARCH CENTER DIV ADVANCED TACTICAL SIGHTING SYSTEMS,4HWT3,,,
"MSC INDUSTRIAL DIRECT CO., INC.",4J007,,,
"HALCO & SONS, INC",4J3B4,,,
DANTRONICS INC DIV RUBICON ENTERPRISES,4J564,,,
"BENNETT DIE & TOOL, INC. DBA BENNETT DIE & TOOL INC",4J638,,,
"WATSON & CHALIN MANUFACTURING, INC",4J750,,,
ALBEST METAL STAMPING CORP,4J765,,,
"CANON U.S.A., INC. DIV BICG BUSINESS OPERATIONS",4J871,,,
ALL EQUIPMENT CO,4J920,,,
"SAFT FEDERAL SYSTEMS, INC. DBA TADIRAN BATTERIES DIV TADIRAN BATTERIES",4J947,,,
"REGAL AIR, INC. DBA REGAL AIR INC",4J976,,,
ANDEEN-HAGERLING INC,4J977,,,
MOHR LINDA J DIV MOHR AND ASSOCIATES,4JEE1,,,
ECP HARDWARE LLC DIV ECP HARDWARE / VEHICLE ACCESS HARDWARE,4JMQ7,,,
"BETTER DIRECT, LLC",4JN18,,,
CLEAR DEFENSE LLC,4JTM5,,,
NUCLEAR LOGISTICS INCORPORATED,4JTW5,,,
FOXFURY LLC,4JUY6,,,
MCGAN TECHNOLOGY LLC,4JWR9,,,
"EXPEDITER LLC, THE",4JXR4,,,
PRIMAIRA LLC,4JYR6,,,
ES3 PRIME LOGISTICS GROUP INC DBA ES3 PLG,4JZH8,,,
COMPONENT SOURCING GROUP,4JZU1,,,
KPAUL PROPERTIES LLC DBA KPAUL,4K1Y5,,,
"ENGINEERED SEAL PRODUCTS, INC.",4K660,,,
ADDER CORP,4K6T7,,,
BUFFALO TECHNOLOGY /USA/ INC,4K6V5,,,
JAMES E GASHO & ASSOCIATES INC,4K7U6,,,
AIR HYDRO POWER INC DBA AIR HYDRO POWER INC,4K904,,,
"CAT I MANUFACTURING, INC. DIV CAT-I GLASS",4KBP4,,,
DETECTACHEM INC.,4KC19,,,
"ARMORSTRUXX, LLC DIV ARMORSTRUXX",4KHN8,,,
OPS-CORE INC.,4KK81,,,
"DALRIADA ENTERPRISES, INC DBA OKOFFROAD",4KPF5,,,
GLOBAL SEATING SYSTEMS LLC DIV GLOBAL SEATING SYSTEMS,4KV99,,,
"CARLISLE INTERCONNECT TECHNOLOGIES, INC. DBA CIT-JERRIK DIV JERRIK",4KVE4,,,
FIREAWAY LLC DBA STAT-X,4KVS0,,,
TOP TAPE & LABEL INC DBA INCOM MANUFACTURING GROUP,4KVZ1,,,
FRONTIER ELECTRONIC MANUFACTURING SERVICES INC DBA FRONTIER DATAMEDIA,4KW53,,,
FIBER SOLUTIONS INC. USE CAGE CODE 0PNL9 FOR CATALOGING.,4L1B2,,,
"MAHLE ENGINE COMPONENTS USA, INC",4L221,,,
3DSX INC,4L3H7,,,
"BURNETT PROCESS, INC.",4L4L3,,,
MANTALINE CORPORATION,4L685,,,
PAGE BRAKE WAREHOUSE INC.,4L7A7,,,
"ROCKWELL COLLINS, INC. DIV ELECTROMECHANICAL SYSTEMS",4L7R2,,,
"GERARD DANIEL WORLDWIDE, INC. DBA GERARD DANIEL WORLDWIDE",4L7R8,,,
MICRON CORPORATION,4L847,,,
PHOENIX TRADING INC.,4LF36,,,
"ELECTRO-OPTIC INSTRUMENT TECHNOLOGIES, LLC DBA EOITECH",4LJX6,,,
"PERFORMANCE HEALTH SUPPLY, LLC",4LL78,,,
AGAS US INC DIV AMERICAS,4LMC6,,,
"AMRAD, INC",4LNS5,,,
"CONDOR PACIFIC INDUSTRIES, INC.",4LSH0,,,
"RGI MEDICAL MANUFACTURING, INC.",4LY98,,,
RICOH AMERICAS CORPORATION DBA RICOH BUSINESS SOLUTIONS,4M009,,,
ORAN SAFETY GLASS INC DBA ORAN SAFETY GLASS INC,4M0Z0,,,
WEBSTER INSTRUMENT INC,4M1R8,,,
ACME MACHINE PRODUCTS,4M256,,,
WILTON CORP,4M266,,,
"BAD BOY, INC",4M2B9,,,
VARTA BATTERIES INC,4M310,,,
BRONCHO CO,4M333,,,
JETCO PACKAGING SOLUTIONS LLC DBA JETCO FEDERAL SUPPLY,4M3N6,,,
BARBEE VALVE & SUPPLY INC,4M588,,,
LGS INNOVATIONS LLC,4M5K0,,,
BLICKMAN INDUSTRIES LLC DBA BLICKMAN HEALTH INDUSTRIES INC,4M773,,,
"CIREXX INTERNATIONAL, INC.",4MEG7,,,
PARTS LIFE INC,4MJR3,,,
TSI POWER CORP,4MKA4,,,
"CRYOGENIC VESSEL ALTERNATIVES, INC.",4MKL5,,,
FINDTAPE.COM LLC,4MKU3,,,
"EDGE TECHNOLOGY DISTRIBUTORS, INC.",4MN99,,,
EMCORE CORPORATION,4MNP5,,,
"BOWHEAD ENVIRONMENTAL & SAFETY, LLC",4MS69,,,
"ZYRIS, INC.",4MU90,,,
"ENER-CON SYSTEMS, INC",4MUJ0,,,
SPINNER ICT INC,4MUZ6,,,
THE TRANZONIC COMPANIES DBA CCP INDUSTRIES,4N020,,,
REED H B AND CO INC,4N051,,,
"PORTACOOL, LLC",4N0X9,,,
PT COMPONENTS INC POWER TRANSMISSION DIV MARKETING SERVICES OPNS,4N134,,,
"LAZ TOOL AND MANUFACTURING, INC.",4N259,,,
BALLAST TECHNOLOGIES INC,4N2Q3,,,
RICMAR ENGINEERING INC,4N300,,,
PIONEER SCREW AND NUT CO,4N311,,,
COX INSTRUMENTS LLC DBA EXACT FLOW,4N3X7,,,
ARCTIC SLOPE REGIONAL CORPORATION,4N5H5,,,
W E COM INC DBA WECOM,4N605,,,
CHROMATE INDUSTRIAL CORP. DBA INDUSTRIAL PERFORMANCE PRODUCTS,4N632,,,
TECHNICAL CONTROLS INC.,4N689,,,
"ATC LIGHTING & PLASTICS, INC",4N7D4,,,
LAIBE CORP DBA VERSA-DRILL,4N8X6,,,
AUTOMATIC TERMINAL INFORMATION SYSTEMS INC DBA ATIS,4N915,,,
GARDTEC INC,4N9V1,,,
"AVAYA FEDERAL SOLUTIONS, INC",4NCQ6,,,
CTS CEMENT MANUFACTURING CORP DBA CTS CEMENT MANUFACTURING CORP,4NFR3,,,
"JAXXEN, INC",4NHR0,,,
"CLEAR GREASE GUNS, INC",4NJD3,,,
"SYSTEM ONE INTERNATIONAL, INC.",4NJM0,,,
"D.R. TEMPLEMAN COMPANY, THE",4NTL2,,,
"NELSON GLOBAL PRODUCTS, INC.",4NUL7,,,
"NELSON GLOBAL PRODUCTS, INC.",4NUM0,,,
"NELSON GLOBAL PRODUCTS, INC.",4NWG5,,,
FOOTHILLS PRODUCTS INC DBA FOOTHILLS PRODUCTS INC DIV NONE,4NWN1,,,
"B & S ELECTRIC SUPPLY CO., INC.",4P050,,,
"DCX-CHOL ENTERPRISES, INC. DBA SCB DIVISION OF DCX-CHOL DIV SCB DIVISION OF DCX-CHOL ENTERPRISES, INC.",4P070,,,
MILCON CORP,4P198,,,
"CENTURUM INFORMATION TECHNOLOGY, INC. DIV CHARLESTON",4P287,,,
TERMIFLEX LLC DIV TERMIFLEX,4P2N1,,,
SABIC INNOVATIVE PLASTICS US LLC DBA SABIC POLYMERSHAPES,4P365,,,
R P MFG CO,4P402,,,
"RANDOLPH ENGINEERING, INC.",4P520,,,
RUGGED SYSTEMS INC. DBA RUGGED SYSTEMS INC DIV CORE SYSTEMS,4P5G1,,,
"B. C. INDUSTRIAL SUPPLY, INC. DBA BC INDUSTRIAL SUPPLY INC",4P756,,,
"MED-LABEL, INC.",4P7T6,,,
ELOBAU SENSOR TECHNOLOGY INC. DBA FOREIGN PARENT COMPANY IS ELOBAU ELEKTROBAUELEMENTE GM,4P9L5,,,
"SOJOURNER COMMUNICATIONS, INC.",4PER0,,,
"HURRICANE ELECTRONICS, INC. DBA HURRICANE AEROSPACE SOLUTIONS",4PEV0,,,
"BOWEN SCARFF FORD SALES, INC. DBA BOWEN SCARFF FORD",4PFP8,,,
"COVETRUS NORTH AMERICA, LLC DIV COVETRUS",4PG41,,,
PULSE ENGINEERING INC,4PHJ6,,,
"ZERO POINT INC DIV ZERO POINT, INCORPORATED",4PMU6,,,
"FIRST LIGHT LIGHTING SYSTEMS, INC.",4PP99,,,
"MITHIX PRO, LLC DBA MITHIX PRO LLC",4PS02,,,
"ENGINEERED MATERIALS TECHNOLOGY, INC.",4PS57,,,
SCHALLER CORPORATION DIV SCHALLER CORP,4PS65,,,
GRAVOIS ALUMINUM BOATS LLC DBA METAL SHARK BOATS DIV METAL SHARK,4PTF3,,,
VECTOR CONTROLS INC DBA VECTOR CONTROLS INC,4PUW1,,,
"BALL, SCOTT DBA SCOTT'S DRILLING SERVICE",4PVQ8,,,
WILDLIFE CONTROL SUPPLIES LLC,4PWK2,,,
ULTRA PRODUCTS,4PXE7,,,
NIDEC MOTOR CORPORATION DBA CONTROL TECHNIQUES DIV NIDEC MOTOR CORPORATION DBA CONTROL TECHNIQUES,4PXX3,,,
DYNAMIC FLUID COMPONENTS INC,4Q144,,,
"SCIENCE AND ENGINEERING SERVICES, LLC",4Q232,,,
HENDRICKSON TRAILER SUSPENSION SYSTEMS,4Q4K2,,,
MOYNO INC. DIV MOYNO INC.,4Q845,,,
"SPYDERCRANE.COM, LLC",4Q9H5,,,
ELBIT SYSTEMS OF AMERICA LLC,4QDX7,,,
SANDIA AEROSPACE CORPORATION,4QG15,,,
SUPERIOR ELECTRIC HOLDING GROUP LLC DBA SUPERIOR ELECTRIC,4QJ88,,,
ENGINE SCOUT PROFESSIONALS LLC,4QK01,,,
"GRAYBAR ELECTRIC COMPANY, INC.",4QM10,,,
"KATADYN DESALINATION, LLC",4QM71,,,
"HD SUPPLY CONSTRUCTION SUPPLY GROUP, INC.",4QN47,,,
CARNEGIE ROBOTICS LLC DBA CR TACTICAL,4QND3,,,
"OMNI TECHNOLOGIES, INC.",4QQC8,,,
"RAC INTERNATIONAL, INC",4QS05,,,
SUNSOUTH LLC,4QS56,,,
OSHKOSH TENT & AWNING CO INC,4QSU4,,,
METALMITE CORP,4QXQ6,,,
"GENERAL DYNAMICS INFORMATION TECHNOLOGY, INC. DIV CSGOV - CSRA",4R1H0,,,
AMERICAN BRAIDING & MANUFACTURING INC,4R345,,,
DI-EL TOOL & MANUFACTURING INC,4R359,,,
HENDERSON AQUATICS INC,4R507,,,
INDUSTRIAL OPPORTUNITIES INC,4R647,,,
ALLIANCE WINDING EQUIPMENT INC DIV JOYAL,4R6A8,,,
CRISPAIRE CORP DBA MARVAIR CO,4R884,,,
CLEVITE AN IMPERIAL CLEVITE CO ELASTOMER PRODUCTS DIV,4R901,,,
"FIS BLUE, INC.",4RF03,,,
ALTA DATA TECHNOLOGIES LLC,4RK27,,,
RIEGEL STAN DBA ELITE DISTRIBUTORS,4RQS0,,,
"BLACK DIAMOND ADVANCED TECHNOLOGY, LLC",4RRA6,,,
WAUSAU PAPER SPECIALTY PRODUCTS LLC DIV LAKE STATES,4RS69,,,
LADD DISTRIBUTION LLC,4RWU5,,,
"QNC, INC",4RY04,,,
REALLY RIGHT STUFF LLC,4RY43,,,
K-TEK CORP.,4RYP1,,,
TE-CO MANUFACTURING LLC DBA TE-CO MANUFACTURING LLC,4S439,,,
ACE WIRE SPRING & FORM CO INC,4S615,,,
PARKER-HANNIFIN CORPORATION DIV PARFLEX DIVISION,4S681,,,
LENOVO GROUP LTD,4S7Z0,,,
GAMLET INC,4S853,,,
CHESAPEAKE BAY RUBBER & GASKET CO INC,4S908,,,
"ASTRO-TEK INDUSTRIES, LLC",4SC75,,,
"ULTIMATE TRAINING MUNITIONS, INC.",4SC89,,,
"TAYLOR MADE CASES, INC.",4SCP5,,,
"CONDOR OUTDOOR PRODUCTS, INC. DBA CONDOR OUTDOOR PRODUCTS INC",4SEN6,,,
"POINT BLANK ENTERPRISES, INC",4SF58,,,
REDNECK INC. DBA REDNECK TRAILER SUPPLIES,4SGY8,,,
2SAN INC. DBA ACARD TECHNOLOGY,4SJC8,,,
CURRAN MANUFACTURING CORPORATION DBA ROYAL PRODUCTS DIV ROYAL PRODUCTS,4SKD5,,,
"REVERSO PUMPS, INC. DBA REVERSO",4SKQ5,,,
"SPX FLOW TECHNOLOGY USA, INC. DBA KEMP",4SRW6,,,
SARIS CORPORATION DBA CARGO GEAR,4SW08,,,
ARLINGTON ELECTRIC INC,4SWL8,,,
"KANY INNOVATIONS, INC.",4SYR6,,,
URETHANE INNOVATORS INC,4T189,,,
EMCO HIGH VOLTAGE CORPORATION,4T243,,,
LUCID MFG CO DIV OF BIRKEN MFG CO,4T359,,,
"CONNECTICUT TOOL & MANUFACTURING COMPANY, LLC DBA PURSUIT AEROSPACE",4T362,,,
TOWNSHIP OF OHARA MUNICIPAL BUILDING,4T3X5,,,
BUNTING BEARINGS LLC DBA BUNTING BEARINGS CORP,4T3X6,,,
TRU-FLEX METAL HOSE CORP,4T483,,,
"ROXIDE INTERNATIONAL, INC.",4T4V9,,,
"CLEANING TECHNOLOGIES GROUP, LLC DIV BLACKSTONE-NEY ULTRASONICS",4T5B5,,,
GENERAL ELECTRIC CO APPARATUS AND ENGINEERING SERVICE ORGANIZATION DIV,4T674,,,
"NATIONAL SHEET METAL MACHINES, INC.",4T730,,,
"GA-MA & ASSOCIATES, INC",4T743,,,
"WERNER ENGINEERING, INC",4T8H9,,,
"SALISBURY ELECTRICAL SAFETY, LLC. DIV SALISBURY BY HONEYWELL",4TA32,,,
"MULTILIFT, INC. DBA E-ZLIFT CONVEYORS DIV MULTILIFT",4TCB0,,,
CLICKSTOP INC DBA US CARGO CONTROL DIV US CARGO CONTROL,4TCQ5,,,
SOLAR STIK INC,4TFB8,,,
"VALKYRIE ENTERPRISES, LLC DBA VALKYRIE ENTERPRISES LLC",4TGX1,,,
"AUSABLE INDUSTRIES, LLC",4TJP5,,,
"FLUID DEFENSE SYSTEMS, LLC DBA FLUID DEFENSE SYSTEMS",4TLW4,,,
ACCURATE MANUFACTURED PRODUCTS GROUP INC,4TU30,,,
"THOMAS ELECTRONICS, INC",4U430,,,
"BUCKINGHAM MANUFACTURING CO., INC.",4U452,,,
"PROPEL, LLC DBA PROPEL LLC",4U4C7,,,
"PORT CITY INDUSTRIAL AND MARINE SUPPLY, INC. DBA PORT CITY RIGGING",4U534,,,
LINDEN STREET CAPITAL CORP,4U536,,,
P S MANUFACTURING INC DIV PS MANUFACTURING,4U537,,,
MIDAMERICA DESIGN SERVICE INC,4U611,,,
DDR MANUFACTURING INC.,4U6F9,,,
THE EDWARD ORTON JR CERAMIC FOUNDATION,4U774,,,
RAYTHEON COMPANY DBA RAYTHEON CO DIV AIR & SPACE DEFENSE SYSTEMS,4U884,,,
"OMEGA WIRE, INC. DBA BARE WIRE DIV DIV CONTINENTAL CORDAGE",4U897,,,
VIBRATION MOUNTINGS & CONTROLS INC DIV THE VMC GROUP,4U931,,,
"PIEDMONT BUSHINGS AND INSULATORS, LLC",4U971,,,
"PD MYCO TRAILERS, LLC",4UC72,,,
"ARMOR METAL GROUP MASON, INC.",4UE86,,,
ELECTRONIC TECHNOLOGIES CORPORATION USA DBA INGERSOLL RAND SECURITY TECHNOLOGIES DIV IR SECURITY TECHNOLOGIES,4UL30,,,
WAHLCO INC,4UL52,,,
"MFG REPS, L.L.C.",4UPG7,,,
"SPECTRACOM, LLC DBA SPECTRACOM LLC",4UPZ4,,,
REGAL REXNORD CORPORATION,4UU43,,,
MONOPRICE INC.,4UV57,,,
CT MARKETING INC,4UYX9,,,
CITY CARBONIC LLC,4UZ16,,,
WB ENGINEERING INC DIV PRESTO LIFTS,4UZ35,,,
AIRBOSS DEFENSE GROUP LLC,4V009,,,
PETERSON SPRING A PETERSON AMERICAN CO FASTENER AND SPECIAL PRODUCTS,4V120,,,
"U.S. MICRO PRODUCTS, INC. DIV AUSTIN",4V1X5,,,
GENERAL ATOMICS,4V360,,,
ELECTRO KINETICS INC,4V651,,,
"WINTEB USA, INC",4V6A8,,,
"S&S PRECISION, LLC DBA S & S PRECISION LLC",4V6C5,,,
"AEROPARTS MACHINING, LLC DBA WARNKES MACHINING CO LLC",4V995,,,
ENPAC LLC,4VB38,,,
LIGHT OF MINE LLC DBA LOM,4VBX6,,,
EAST COAST SHIELDING LLC,4VDV9,,,
CLARTEC CORPORATION,4VM95,,,
"VALEO NORTH AMERICA, INC.",4VQ57,,,
"CCTV CAMERA PROS, LLC DBA CCTV CAMERA PROS LLC",4VTG3,,,
HYDRO-TUBE CORP,4W169,,,
"SECO MANUFACTURING CO, INC",4W280,,,
CENTER CITY INTERNATIONAL TRUCKS INC DBA ISUZU TRUCK OF COLUMBUS,4W329,,,
"INTEGRITY FASTENERS OC, INC.",4W343,,,
ULTRADENT PRODUCTS INC,4W471,,,
ALLEGHENY FORD STERLING ISUZU,4W594,,,
ROCK EXOTICA,4W5B0,,,
PERMACEL,4W5W5,,,
VIKING SUPPLY CORPORATION,4W775,,,
MCNETT CORPORATION DIV GEAR AID,4W867,,,
"SHOWA BEST GLOVE, INC.",4WGN1,,,
AFFINIA PRODUCTS CORP LLC,4WJN6,,,
BROOKS & MALDINI CORPORATION DBA BROOKS & MALDINI CORP,4WKC9,,,
"SEVA TECHNICAL SERVICES, INC. DIV SEVA TECHNICAL",4WQA9,,,
AXIS PRODUCTS INC,4WQH6,,,
POWERTRAIN CONTROL SOLUTIONS LLC,4WR67,,,
SUPERIOR WASHER & GASKET CORP,4WUG7,,,
"TRAMEC, L.L.C.",4WUJ0,,,
CROSMAN CORPORATION,4WVM9,,,
BULK LIQUID STORAGE SYSTEMS LLC,4WWF6,,,
"YULISTA AVIATION, INC.",4WZ02,,,
PATRIOT TAXIWAY INDUSTRIES INC,4WZN7,,,
B AND B ELECTRONICS MFG CO,4X039,,,
"APPLIED INDUSTRIAL TECHNOLOGIES, INC.",4X136,,,
A. J. KAY CO.,4X305,,,
GNB BATTERIES INC,4X342,,,
"RAN-SHEL, INC.",4X425,,,
"DATAWARE SYSTEMS LEASE, INC. DBA DATAWARE DIV DATAWARE SYSTEMS",4X459,,,
"TERN TECHNOLOGY, INC.",4X560,,,
GUILD ASSOCIATES INC,4X630,,,
RIVERSIDE TANK & MANUFACTURING,4X6B7,,,
NETAM INDUSTRIES INC.,4X818,,,
GENERAL ATOMICS DIV GENERAL ATOMICS ELECTROMAGNETIC SYSTEMS,4XB60,,,
DOMETIC ENVIRONMENTAL CORP,4XB81,,,
"HUPP ONE, LLC",4XJ39,,,
INTERNATIONAL PROCESSING COMPANY OF AMERICA DBA IOSSO PRODUCTS DIV IOSSO PRODUCTS,4XKL6,,,
GIGAMON INC.,4XKN9,,,
DC SIGNS INC DBA ATC INDUSTRIAL SUPPLY,4XMV9,,,
NEWFEIT CORPORATION DBA FEIT COMPANY THE,4XP43,,,
SERVER PARTS WAREHOUSE,4XW03,,,
"TURBO METRICS, L.L.C.",4XZH9,,,
QUALITY INTERCONNECT SYSTEMS INC,4Y149,,,
SYNCO CHEMICAL CORPORATION DBA SYNCO CHEMICAL CORP,4Y181,,,
AMERICAN PIPING ACCESSORIES CO INC,4Y217,,,
CANARE CORPORATION OF AMERICA,4Y264,,,
"MORGAN AERO PRODUCTS, INC.",4Y309,,,
STEYR-DAIMLER PUCH AG,4Y355,,,
HB FULLER CONSTRUCTION PRODUCTS INC DIV FOSTER PRODUCTS,4Y3R5,,,
"MCDONALD TECHNOLOGIES INTERNATIONAL, INC. DIV SAN ANTONIO",4Y407,,,
"SUPER TALENT TECHNOLOGY, CORP. DIV SUPER TALENT",4Y4A4,,,
HECKLER & KOCH DEFENSE INC. DIV HECKLER & KOCH COLUMBUS DISTRIBUTION.,4Y4V5,,,
BROWN PRECISION MACHINE,4Y617,,,
MICHIGAN STEEL FINISHING CO,4Y659,,,
"BAIER MARINE COMPANY, INC.",4Y6Q0,,,
,,,,
GLOBAL MARKET DEVELOPMENT INC DIV ACCUSONIC VOICE SYSTEMS,4Y759,,,
"NORTHERN LIGHTS, INC.",4Y7M3,,,
"ORIZON AEROSTRUCTURES - GROVE, INC",4Y930,,,
PERSISTENT SYSTEMS LLC,4YBU2,,,
MASTERCOOL INC,4YH84,,,
"SHOCKRIDE, LLC DBA ARMORWORKS",4YJ37,,,
"PROPEX, INC.",4YJ55,,,
KD PRECISION MACHINING INC. DBA KD PRECISION MACHINING INC,4YMV9,,,
STRAPWORKS LLC,4YPU4,,,
"MITSUBISHI HEAVY INDUSTRIES AMERICA, INC.",4YQN8,,,
FOUNTAIN SERVICES INC.,4YQR9,,,
AIR LIQUIDE AMERICA SPECIALTY GASES LLC DBA AIR LIQUIDE DIV CORPORATE OFFICE,4YRR6,,,
BGD TECHNICAL SERVICES LLC,4YSR1,,,
"PECKHAM VOCATIONAL INDUSTRIES, INC. DBA PECKHAM, INC.",4Z048,,,
ELECTRONIC DESIGN INC. DIV ELECRTONIC DESIGN INC.,4Z0Y7,,,
MEDLOGIX INC.,4Z2A3,,,
"SPAL-USA, INC. DBA SPAL-USA INC",4Z4S7,,,
"HII UNMANNED SYSTEMS, INC",4Z5A9,,,
DIVERSIFIED MANUFACTURING INC.,4Z668,,,
"PRC - DESOTO INTERNATIONAL, INC DIV ASC-ATLANTA",4Z701,,,
"INFINITE ELECTRONICS INTERNATIONAL, INC. DBA MILESTEK",4Z977,,,
DIAGNOSTIC SOLUTIONS INTERNATIONAL LLC DBA DIAGNOSTIC SOLUTIONS,4Z9A3,,,
MDBEL INC,4ZAG8,,,
"TELEDYNE FLIR DEFENSE, INC. DIV TELEDYNE FLIR DETECTION, INC.",4ZCA0,,,
AFC INDUSTRIES INC DBA ADVANCED FASTENER CORP,4ZD89,,,
RAM MOUNTS NATIONAL PRODUCTS INC,4ZDB6,,,
EAST HILLS INSTRUMENT INC,4ZDL1,,,
MACS CUSTOM TIEDOWNS INC,4ZF82,,,
PLANT SERVICE COMPANY,4ZGP8,,,
"HP LOGIT MANAGEMENT, LLC DBA HP LOGIT MANAGEMENT LLC",4ZJC3,,,
AUBURN BEARING AND MANUFACTURING INC DIV AUBURN BEARING & MANUFACTURING,4ZKN9,,,
ULTRA ELECTRONICS PRECISION AIR AND LAND SYSTEMS INC,4ZP61,,,
ENGINEERED PLASTIC PRODUCTS INC,4ZT22,,,
SHETHWALA INC,4ZU07,,,
"PHOENIX INTERNATIONAL HOLDINGS, INC.",4ZW54,,,
USBGEAR,4ZYN8,,,
"TECHNICAL RESEARCH AND MANUFACTURING, INC.",50021,,,
AFFINITO MACHINE AND TOOL LLC,50049,,,
"MONITEQ, INC.",50053,,,
SATURN ELECTRONICS CORP.,50094,,,
IN-MAR SOLUTIONS LLC DBA IN-MAR SOLUTIONS LLC,500Z9,,,
MIKOL MISSILE-AIR,50134,,,
K&L MICROWAVE LLC,50140,,,
LEAR SIEGLER TRUCK PRODUCTS CORP ANCHORLOK DIV,50153,,,
ENTERPRISE ELECTRONICS CORP,50187,,,
"TRI-WAY INDUSTRIES, INC.",50188,,,
"WASHINGTON CHAIN & SUPPLY, INC. DBA WASHINGTON CHAIN & SUPPLY",50194,,,
WELDMAC MANUFACTURING COMPANY,50213,,,
"ELBITAMERICA, INC. DBA ELBITAMERICA INC",50218,,,
SPECIFIC EQUIPMENT COMPANY,50226,,,
RELIANCE ELECTRIC INDUSTRIAL CO MASTER-REEVES DIV,50228,,,
MINUTEMEN PRECISION MACHINING & TOOL CORPORATION,50234,,,
CAE USA INC.,50237,,,
PERILLO INDUSTRIES INC. DBA CENTURY ELECTRONICS DIV CENTURY ELECTRONICS,50264,,,
MAC HARDWARE PRODUCTS DIV CHS INDUSTRIES,50281,,,
ELECTRO SWITCH CORP. DBA ARGA CONTROLS A UNIT OF ELECTRO SWITCH DIV ARGA CONTROLS A UNIT OF ELECTO SWITCH CORP.,50290,,,
"MINI-SYSTEMS, INC. DBA MINI SYSTEMS INC DIV THICK FILM DIVISION",50316,,,
"COMCO, INC. DBA COMCO INC",50325,,,
"TEAC AMERICA, INC",50356,,,
ELRICK INDUSTRIES INC DIV OF MYERS TIRE SUPPLY CO SUB OF MYERS INDUSTRIES CO,50384,,,
SPS TECHNOLOGIES INC,50392,,,
HEPA CORPORATION,50396,,,
AMERICAN COOLING SYSTEMS LLC,503P9,,,
DELAND MANUFACTURING INC,503V2,,,
"ARGON ST, INC. DIV LEGACY NEWINGTON VA",50406,,,
TEMPTRON ENGINEERING INC,50413,,,
"TAYCO ENGINEERING, INC. DBA TAYCO ENGINEERING",50422,,,
KASTO INC,50471,,,
CPI SATCOM & ANTENNA TECHNOLOGIES INC.,50478,,,
ORR SCREW MACHINE PRODUCTS INC DBA ORRCO,50496,,,
ALUMINUM PRECISION PRODUCTS INC DBA ALUMINUM PRECISION PRODUCTS INC,50502,,,
"DIELECTRIC SCIENCES, INC",50509,,,
CLAROSTAT-RICHMOND INC SUB OF CLAROSTAT MFG CO INC,50516,,,
"MANUFACTURERS INVESTMENT GROUP, LLC DBA MRL INDUSTRIES DIV MRL INDUSTRIES",50540,,,
AEROQUIP CORP INDUSTRIAL CONNECTORS DIV NORWOOD PLANT,50556,,,
"ELECTRONIC CONCEPTS, INC.",50558,,,
"WOVEN ELECTRONICS, LLC DIV COLLINS AEROSPACE - MISSIONS SYSTEMS",50561,,,
SIEMENS MICROELECTRONICS INC OPTOELECTRONICS DIV,50579,,,
A W DYNAMOMETER INC.,50590,,,
"CIRCOR AEROSPACE, INC. DIV CIRCOR",50601,,,
ELWOOD ACQUISITION COMPANY LLC DBA ELWOOD CORPORATION DIV ELWOOD CORP,50610,,,
COLGATE-PALMOLIVE CO STERNO DIV,50616,,,
MILLER PRODUCTS COMPANY,50620,,,
M K PRODUCTS INC,50623,,,
KAMATICS CORPORATION,50632,,,
"NORTHLAKE ENGINEERING, INC.",50638,,,
"L3 TECHNOLOGIES, INC.",50643,,,
MIDDLEBY MARSHALL INC CONVEYOR OVENS AND MIXERS DIV,50703,,,
"BAYLY NETWORKS, INC. DBA COASTCOM NETWORKS",50717,,,
RICHARDS-WILCOX INC,50798,,,
UNITED SUPPLY CO INC,50808,,,
GUEST CO INC THE,50818,,,
CABCO INDUSTRIES INC.,50830,,,
AIRCRAFT METAL PRODUCTS CORP.,50885,,,
AGH INDUSTRIES LLC DBA AGH INDUSTRIES INC,50888,,,
"SEMICONDUCTOR TECHNOLOGY, INC. DBA SEMICONDUCTOR TECHNOLOGY INC",50891,,,
SAN-TRON INC DBA SAN-TRON INC,50896,,,
MERCURY AEROSPACE FASTENERS INC,50945,,,
PARKER HANNIFIN CORP STRATOFLEX DIV AIRCRAFT FITTINGS OPN,50948,,,
"INTOXIMETERS, INC DBA INTOXIMETERS INC",50949,,,
RICHARD WOLF MEDICAL INSTRUMENTS CORP,50958,,,
RITCHIE E S AND SONS INC,50967,,,
M/A-COM TECHNOLOGY SOLUTIONS INC.,50998,,,
"POROBOND PRODUCTS, LLC",50B33,,,
SIEMENS VDO AUTOMOTIVE,50BM8,,,
SUPERIOR SIGNALS INC,50BN0,,,
ATLAS COPCO HURRICANE LLC,50GK4,,,
BRAKEQUIP LLC,50J21,,,
"THOMAS INSTRUMENT, INCORPORATED",50LP4,,,
ANVIL INTERNATIONAL INC COLUMBIA PA FOUNDRY,50M89,,,
"MID-STATE MACHINE COMPANY, LLC",50PS5,,,
"NAVILYST MEDICAL, INC.",50V43,,,
CHIEF ELECTRIC INC,50YJ5,,,
VITOK ENGINEERS INC,51005,,,
ZIAMATIC CORP,51010,,,
LNR TREXCOM INC,51029,,,
"NEW ENGLAND MANUFACTURING GROUP, INC. DBA VALLEY TOOL & MANUFACTURING DIV VALLEY TOOL & MANUFACTURING INC.",51031,,,
FL INDUSTRIES INC PNEUMOTIVE DIV,51034,,,
ROBBINS AND MYERS INC,51064,,,
USA PRODUCTS GROUP INC DBA PROGRIP CARGO CONTROL,510F9,,,
MITCHELL REPAIR INFORMATION CO LLC DBA MITCHELL1,51108,,,
HENNY PENNY CORPORATION,51109,,,
"CHEMCO MANUFACTURING CO., INC. DBA DUO-PADS",51117,,,
BARNEY & WHITE AUTO PARTS INC,51158,,,
ENGINEERED METAL PRODUCTS INC,51168,,,
ROCHE DIAGNOSTICS CORPORATION DBA ROCHE DIAGNOSTICS CORP,51169,,,
BABCOCK INC ELECTRO-MAG DIV,51172,,,
"SOUTH BAY WIRE AND CABLE COMPANY, LLC",51173,,,
VIAVI SOLUTIONSLLC,51190,,,
DANA LIMITED,51205,,,
SCIOTO VALVE AND FITTING CO,51213,,,
"AEROSPACE SUPPLY, INC DIV ASI MARINE & INDUSTRIAL",51214,,,
"BOEING COMPANY, THE DBA BOEING",51215,,,
ECOLAIRE INC BALDWIN-HAMILTON CO DIV,51228,,,
ANRITSU INSTRUMENTS COMPANY DIV MBU,51275,,,
VORTEC CORP,51313,,,
GARLOCK INC FRANCE COMPRESSOR PRODUCTS DIV SUB OF COLTEC INDUSTRIES,51329,,,
"ATRENNE COMPUTING SOLUTIONS, LLC",51398,,,
"MAYHEW INDUSTRIES, INC.",51408,,,
NEWPORT-KLINGER,51413,,,
TOROID CORP,51424,,,
YAMAHA CORP OF AMERICA,51441,,,
SOLIDSTATE CONTROLS LLC,51452,,,
SIMMONS MFG CO,51469,,,
ASTRO-GEO-MARINE INC,51473,,,
RESEARCH DEVELOPMENT MANUFACTURE OF CALIFORNIA DBA RESEARCH DEVELOPMENT MANUFACTURE INC,51512,,,
THUNDER SCIENTIFIC CORP DBA THUNDER SCIENTIFIC CORP,51528,,,
UNITED AIR FILTER CO,51536,,,
"ENCON SAFETY PRODUCTS, INC.",51542,,,
TREVOSE INDUSTRIAL PRODUCTS INC,51557,,,
POWER MAGNE-TECH CORP DBA POWER MAGNETIC,51562,,,
HADES MANUFACTURING CORPORATION DBA HADES MANUFACTURING CORP,51578,,,
FAULHABER MICROMO LLC,51593,,,
COMBAT MEDICAL SYSTEMS LLC,515E6,,,
"REGAL BELOIT AMERICA, INC. DBA ROLLWAY BEARING",51600,,,
ELLEFSON H B CO,51625,,,
GOULD & EBERHARDT GEAR MCHY,51626,,,
ANALOG DEVICES INC MICROELECTRONICS DIV,51640,,,
CENTRE CAPACITOR INC,51642,,,
M. S. KENNEDY CORP.,51651,,,
CONTINENTAL INSTRUMENTS LLC,51677,,,
,,,,
INSULATION SOURCES INC DBA ICO RALLY,51705,,,
MERCURY SYSTEMS INC,51719,,,
"STANCO TOOL & DIE, INC. DBA CURTIS TOOL",51720,,,
"DRESSER, INC. DBA DRESSER ROOTS BLOWERS & COMPRESSORS DIV DRESSER ROOTS",51729,,,
"BETA FUELING SYSTEMS, LLC",51744,,,
CDA INTERCORP LLC,51761,,,
Q-TECH CORP,51774,,,
APOLLO AEROSPACE COMPONENTS LLC,51792,,,
"OWEN ENTERPRISES, INC. DBA OEI",51793,,,
ROSCO MFG CO,51805,,,
LANGS MFG INC DBA ROSE CITH UPHOLSTERY,51810,,,
SSI TECHNOLOGY INC,51819,,,
TESTECH INC DIV ELECTRO-MECHANICAL  SYSTEMS DIV.,51833,,,
A-DEC INC,51840,,,
"SCOTT SPECIALTY GASES, INC. DBA SCOTT MEDICAL PRODUCTS",51847,,,
PELAGIC ELECTRONICS,51848,,,
"GRAY MANUFACTURING COMPANY, INC",51849,,,
"MIDCON CABLES CO., INC.",51880,,,
"SENSO-METRICS, INC.",51895,,,
CHAMPION CHEMICAL CO.OF CALIF. DBA CHAMPION CHEMICAL CO DIV SALES/MARKETING,51902,,,
ARC ABRASIVES INC,51981,,,
GRA-TEC INC,51983,,,
NEC AMERICA INC,51984,,,
BEN MEADOWS COMPANY INC,51985,,,
METRON CORPORATION,51990,,,
"UNION MACHINE CO OF LYNN, INC",51992,,,
"THE CHARLES STARK DRAPER LABORATORY, INC. DIV HEADQUARTERS",51993,,,
"UNIVERSAL PROPULSION COMPANY INC DBA GOODRICH DIV UNIVERSAL PROPULSION CO., INC.",51998,,,
,,,,
"NACRE US, INC.",51BV0,,,
APACER MEMORY AMERICA INC. DBA APACER MEMORY AMERICA INC,51C38,,,
MULTI-WING AMERICA INC.,51HS7,,,
ADVANCED FUEL COMPONENTS INC,51JB4,,,
"FLUID ENERGY CONTROLS, INC. DBA FEC INTERNATIONAL",51KS0,,,
TREBLE CLEF TECHNOLOGIES LLC,51PK6,,,
EPIROC USA LLC,51X99,,,
ELTREX INDUSTRIES INC. DBA MONARCH,52008,,,
"SIEMENS ENERGY & AUTOMATION, INC. DBA SIEMENS AIRFIELD SOLUTIONS DIV SIEMENS ENERGY & AUTOMATION DBA SIEMENS AIRFIELD SOLUTIONS",52025,,,
DRC ACQUISITION INC,52033,,,
PRES-TIGE LABEL CORP,52040,,,
"COAST METAL CRAFT, INC.",52054,,,
MEREX INC.,52078,,,
LOCKHEED MARTIN CORPORATION DIV RMS - MANASSAS,52088,,,
"BRANTNER AND ASSOCIATES, INC.",52115,,,
3M COMPANY DIV AUTOMOTIVE DIVISION,52157,,,
R B AND W CORP,52167,,,
CAROLINA DIELECTRICS INC,52177,,,
AUTAC INC,52179,,,
TAYLOR MANUFACTURING CO INC,52197,,,
MODULAR DEVICES INC DBA MODULAR DEVICES INC,52202,,,
GOODWAY TECHNOLOGIES CORPORATION DBA GOODWAY TECHNOLOGIES CORP,52213,,,
FLEXCO MICROWAVE INC,52214,,,
ABB POWER T AND D CO INC UNDERGROUND DISTRIBUTION TRANSFORMER DIV,52257,,,
"REISS MANUFACTURING, INC.",52265,,,
"NATIONAL MANUFACTURING CO., LLC",52278,,,
ROYERSFORD FOUNDRY AND MACHINE COMPANY INCORPORATED DBA BARD MFG CO,52280,,,
"DIPACO, INC. L",52285,,,
COULTER VENTURES LLC DBA ROGUE FITNESS,522L1,,,
DOOSAN INTERNATIONAL USA INC DIV PORTABLE POWER,522L7,,,
"KEASTER PRODUCTS, INCORPORATED",52316,,,
,,,,
CLIMATRONICS CORP.,52332,,,
C-RAN CORP,52340,,,
ARDEN ROAD ASSOCIATES INC,52341,,,
WESTERN WEATHERSTRIP CO,52344,,,
JENSEN TOOLS INC.,52346,,,
TYCO HEALTHCARE GROUP LP DBA COVIDIEN DIV VALLEYLAB,52385,,,
CORBEAU USA LLC DBA CORBEAU SEEDS,523M1,,,
RECREATIONAL EQUIPMENT INC,52403,,,
ASHLAND INC. DBA ASHLAND WATER TECHNOLOGIES,52454,,,
"ELECTRO-NUMERICS, INC. DIV CRA ENTERPRISES",52463,,,
"MICROSS HI REL POWER SOLUTIONS, INC.",52467,,,
COLEMAN MICROWAVE CO DBA COLEMAN MICROWAVE CORP DIV COLEMAN MICROWAVE COMPANY,52476,,,
HYDRANAUTICS,52484,,,
FXC CORPORATION DBA FXC CORP,52497,,,
"ASTRA PRODUCTS CO., INC. OF TAMPA DBA ASTRA PRODUCTS CO INC OF TAMPA",52512,,,
I-T-E IMPERIAL CORP SUBSIDIARY OF GOULD INC AIRMATIC/BECKETT HARCUM DIV,52545,,,
JACO MANUFACTURING COMPANY DIV ),52547,,,
MEGA INDUSTRIES INC MEGA MICROWAVE DIV,52564,,,
PROFESSIONAL ELECTRONICS CO INC. DBA HALLICRAFTERS,52570,,,
"WESTERN TELEMATIC, INC. DBA WESTERN TELEMATIC INC",52580,,,
"RUTHMAN PUMP AND ENGINEERING, INC DBA FULFLO SPECIALTIES COMPANY",52584,,,
DELTA DATA SYSTEMS CORP,52599,,,
OLSON TECHNOLOGIES,52670,,,
"MEDI-DOSE, INC",52674,,,
"CRITICAL & EMERGENCY POWER SYSTEMS, INC",526J1,,,
PACIFIC PRECISION PRODUCTS MFG. DBA PACIFIC PRECISION PRODUCTS DIV ZODIAC PACIFIC PRECISION PRODUCTS,52713,,,
EMERGENCY BEACON CORP,52727,,,
"AEREOS, INC. DBA EULESS AERO COMPONENTS DIV EULESS AERO COMPONENTS",52743,,,
STIMSONITE CORP,52762,,,
FORTNER ENG. & MFG. INC.,52767,,,
"SPRAGUE-GOODMAN ELECTRONICS, INC.",52769,,,
KENALL MANUFACTURING CO.,52770,,,
SOUTHWEST ELECTRONIC ENERGY CORPORATION DBA SOUTHWEST ELECTRONIC ENERGY CORP DIV SOUTHWEST ELECTRONIC ENERGY,52772,,,
MOUNTAIN SAFETY RESEARCH INC,52781,,,
GAI-TRONICS CORP,52782,,,
GENERAL MOTORS CORP SAGINAW DIV,52788,,,
"SMITHS INTERCONNECT, INC. DIV SMITHS INTERCONNECT INC - THOUSAND OAKS",52791,,,
DUNLIN MANUFACTURING / SKYPEN INDUSTRIES INC DBA DUNLIN MFG CO,52808,,,
KEY BELLEVILLES INC,52826,,,
KEY TRONIC CORP,52833,,,
"AEROGO, INC DBA AEROGO INC",52853,,,
FASTENERS SALES CO DBA DYESS CO INC,52865,,,
LINEAR INSTRUMENTS CORP,52868,,,
ROGERS CORP,52869,,,
SUMMIT MACHINE TOOL LLC DBA SUMMIT MACHINE TOOL MANUFACTURING LLC,52871,,,
PEMCO-NAVAL ENGINEERING WORKS INC,52891,,,
"SPACE ELECTRONICS, LLC",52892,,,
C & E TOOLING INC. DBA CE TOOLING,528H0,,,
"MAHLE ENGINE COMPONENTS USA, INC",528P6,,,
S/W MANUFACTURING CO INC DBA COMMERCIAL ELECTRIC CO DIV S/W ENTERPRISES,52934,,,
ANDONIAN CRYOGENICS INC,52944,,,
BRODERSON MANUFACTURING CORP,52957,,,
"CERADYNE, INC.",52969,,,
ALLIED-SIGNAL INC AUTOLITE DIV,52970,,,
BRUNSWICK CORP DEFENSE DIV,52973,,,
"WELDING METALLURGY, INC.",52977,,,
AR BEE CORP,52993,,,
GLI INTL INC,52998,,,
"STRATA-G SOLUTIONS, LLC",529L6,,,
"KUBOTA OF WEST MICHIGAN, LLC",52AH2,,,
LITE-ON IT CORP AMERICA,52C75,,,
PUTZMEISTER AMERICA INC.,52EX2,,,
THERMO EBERLINE LLC DIV MEASUREMENT CONTROL AND SAMPLE IDENTIFICATION,52GB6,,,
ENSIL TECHNICAL SERVICES INC.,52GG4,,,
"DOCTER USA, INC. DBA DOCTER USA",52MB2,,,
"WILDCAT PROPELLERS, INC",52PK3,,,
NORTH ATLANTIC POWER PRODUCTS,52U69,,,
DANA MARINE PRODUCTS LLC,52W77,,,
HPS FABRICATIONS INC,52YE1,,,
DOALL COMPANY,52ZB3,,,
EPSCO INCORPORATED,53003,,,
"COATINGS FOR INDUSTRY, INC.",53012,,,
OCEAN & ATMOSPHERIC SCIENCE INC,53017,,,
TRULY TUBULAR FITTING CORP,53041,,,
THETA SENSORS INC SUE OF METEOROLOGY RESEARCH INC,53053,,,
ERCONA CORPORATION DBA BELLING LEE,53079,,,
ABC DIGITAL ELECTRONICS INC DBA AUTOMATION DYNAMICS SYSTEMS,53089,,,
BESTOP BAJA LLC,530T0,,,
LOCKHEED MARTIN CORP,53100,,,
"KING PRECISION GLASS, INC. DBA KING PRECISION GLASS INC",53101,,,
AMPHENOL (MARYLAND) INC,53126,,,
ENCODER PRODUCTS CO DIV ENCODER PRODUCTS COMPANY,53136,,,
MICRO-PRECISION OPERATIONS,53144,,,
"KENNETH INDUSTRIAL PRODUCTS, INC. DBA KENNETH INDUSTRIAL PRODUCTS INC",53181,,,
CAES MISSION SYSTEMS LLC,53213,,,
,,,,
"PRODUCTS SUPPORT, LLC DBA VITESSE SYSTEMS - JESSUP, MD",53247,,,
PARKER HANNIFIN CORP FLUIDPOWER GROUP HYDRAULIC VALVE DIV,53248,,,
LOAR MANUFACTURING CORP,53260,,,
DEBS HOSPITAL SUPPLIES INC,53267,,,
HYDRITE CHEMICAL CO.,53270,,,
HARMON CHEVROLET INC,53282,,,
"TELEVISION EQUIPMENT ASSOCIATES, INC",53283,,,
PEGASUS INC,53292,,,
"MEAN WELL USA, INC.",532A1,,,
SCHERING CORP AN AFFIL OF SCHERING-PLOUGH CORP,53300,,,
CARTER DIAMOND TOOL CORP,53301,,,
SCHNEE-MOREHEAD INC,53309,,,
CONMED CORP DBA CONMED LINVATEC DIV CONMED CORPORATION,53321,,,
"THERMON MANUFACTURING COMPANY DIV THERMON HOLDINGS, LLC",53345,,,
LENSCLEAN INC,53353,,,
"FLECK MACHINE COMPANY, INC.",53366,,,
INDUSTRIAL MUNICIPAL EQUIPMENT INC DBA IME,53390,,,
DIMENSIONAL RESEARCH INC,53400,,,
PIPELINE INSPECTION CO LTD,53463,,,
WESTERN EMERGENCY EQUIPMENT CO DIV OF HAWS DRINKING FAUCET CO,53483,,,
VALHALLA SCIENTIFIC,53504,,,
JBF SCIENTIFIC CORP,53529,,,
"AIR TECHNIQUES, INC.",53542,,,
PACIFIC POWERTECH LLC,53546,,,
HOWDEN AMERICAN FAN COMPANY DBA AMERICAN FAN CO DIV HOWDEN USA COMPANY,53555,,,
TRI TOOL INC,53573,,,
A V TECHNOLOGY LLC,53602,,,
FETTEROLF CORPORATION,53631,,,
PRES-ON CORPORATION DBA PRES-ON TAPE & GASKET CORP,53640,,,
"EUROTHERM ACTION, INC DBA ACTION INSTRUMENTS",53651,,,
SULZER PLASMA TECHNIK INC,53654,,,
AVOX SYSTEMS INC DBA AVOX SYSTEMS INC,53655,,,
"APTIV SERVICES 3 (US), LLC",53669,,,
HUGHES AIRCRAFT CO MICROELECTRONIC SYSTEMS DIV,53670,,,
V/S NETWORKS INC,53682,,,
AVION PRODUCTS CO,53701,,,
NAVAL SEA SYSTEMS COMMAND,53711,,,
LEADER INSTRUMENTS CORPORATION,53714,,,
FLAMBEAU INC,53718,,,
GRISWOLD CONTROLS LLC,53725,,,
"FILTRONETICS, INC. DBA FILTRONETICS INC",53733,,,
MARLBORO MANUFACTURING INC,53755,,,
FISCHER CUSTOM COMMUNICATIONS INC,53779,,,
STATE INDUSTRIAL PRODUCTS CORP DBA STATE INDUSTRIAL PRODUCTS DIV STATE CHEMICAL SOLUTIONS,53798,,,
"SEARS, ROEBUCK AND CO. DBA SEARS DIV SEARS COMMERCIAL",53800,,,
LITTLE BEAVER INC,53805,,,
MID-SOUTH INDUSTRIES INC,53853,,,
WIDE RANGE ELECTRONICS CORP,53868,,,
DFF CORP DIV DFF CORPORATION,53885,,,
C & H MACHINE INC DBA SUPPORT EQUIPMENT INC.,53887,,,
FENNER FLUID POWER INC,53899,,,
WEST SALEM MACHINERY COMPANY DBA WEST SALEM MACHINERY DIV GERLINGER CARRIER COMPANY (GCC),53930,,,
RCF TECHNOLOGIES INC,53949,,,
INTRICON CORPORATION,53952,,,
GENERAL SEALANTS INC.,53992,,,
NATIVE GREEN LLC DBA NATIVE GREEN LLC,53A91,,,
AMICO INTERNATIONAL POWER CORP,53J61,,,
"MYERS CONTAINER, LLC",53JG6,,,
"JOSEPH T. RYERSON & SON, INC. DBA RYERSON STEEL",53KZ7,,,
PARKER-HANNIFIN CORPORATION DIV CHOMERICS DIVISION,53TQ8,,,
SERICORE LLC,53UB2,,,
SIEMENS INDUSTRY INC. DBA FLENDER,53W78,,,
WINDLINE MARINE,53XQ1,,,
"RANDOLPH & BALDWIN, INC.",54013,,,
"EXCEL DRYER, INC.",54042,,,
MIL-SPEC SUPPLY INC DBA MIL-SPEC SUPPLY INC,54064,,,
NATIONAL TRANSFORMER CORP,54068,,,
"OSHKOSH AEROTECH, LLC DBA AIRPORT SYSTEMS GROUND EQUIPMENT DIV JETWAY SYSTEMS",54077,,,
AERO SPECIALTIES MANUFACTURING CORP.,54090,,,
THE NOCO COMPANY,54095,,,
RELIABILITY INC,54098,,,
"GASKETS, INC.",54129,,,
RCM INDUSTRIES INC,54135,,,
"MOMENI ENGINEERING, LLC DBA ESSEX INDUSTRIES, INC. DIV MOMENING ENGINEERING LLC",54136,,,
"WYANDOTTE INDUSTRIES, INC.",54151,,,
DENNIS MACHINE CO,54156,,,
TAVIS CORP DBA TAVIS CORP,54174,,,
"ARA, INC",54184,,,
PENN-TROY MFG INC,54188,,,
PACKIQ LLC,541E5,,,
"W. L. GORE & ASSOCIATES, INC.",541Q2,,,
"CUBIC SIMULATION SYSTEMS, INC.",54206,,,
ELECTRO NATIONAL CORP,54208,,,
IOWA MOLD TOOLING CO INC,54209,,,
BOWES MFG INC,54214,,,
"CHEROKEE NATION RED WING, L.L.C.",54216,,,
TEREX AERIALS INC,54217,,,
"MERCURY SYSTEMS, INC. DBA BRIJOT IMAGING",54230,,,
"STANLEY BLACK & DECKER, INC. DBA STANLEY HYDRAULIC TOOLS DIV STANLEY HYDRAULIC TOOLS",54252,,,
"SCHAEFER MARINE, INC.",54256,,,
SCOTT SPECIALTY GASES INC,54262,,,
SHADBOLT AND BOYD CO,54275,,,
GEC MARCONI,54320,,,
AMACON CORPORATION,54330,,,
TRECO ELECTRONICS INC,54343,,,
SHARPE MFG CO,54360,,,
MARVCO TOOL & MANUFACTURING,54366,,,
BEVERAGE-AIR A CO OF TANNETICS INC,54369,,,
,,,,
"MOTOR MAGNETICS, INC. DBA MOTOR MAGNETICS CORP",54374,,,
ELECTROMECH TECHNOLOGIES LLC,54395,,,
POWER-ONE DC POWER SUPPLIES,54407,,,
"DAGE-MTI, INC",54420,,,
ULYSSES INC,54432,,,
"MERIDIAN MEDICAL TECHNOLOGIES, LLC",54452,,,
WALTON TOOL & MANUFACTURING CO INC,54457,,,
"MERCURY COMMERCIAL ELECTRONICS, INC. DBA MICRONETICS",54487,,,
AEROTECH INC,54489,,,
DEPT OF THE ARMY U S ARMY ELECTRONICS COMMAND NIGHT VISION LABORATORY,54490,,,
MARTIN MARIETTA TECHNOLOGIES INC SUB OF MARTIN MARIETTA CORP AERO AND NAVAL SYSTEMS,54497,,,
"APPLIED TEST SYSTEMS, LLC DIV APPLIED TEST SYSTEMS",54505,,,
HARDWARE SPECIALTY CO,54517,,,
AVIATECH CORPORATION DBA AVIATECH CORP,54520,,,
FLUID POWER COMPONENTS INC,54561,,,
U. S. NETTING INC DBA NALTEX,54570,,,
"RED VALVE COMPANY, INC",54584,,,
"ALCATEL VACUUM PRODUCTS, INC.",54586,,,
,,,,
THE SHERWIN-WILLIAMS COMPANY,54636,,,
THERMOELECTRIC COOLING AMERICA CORPORATION,54639,,,
LEAR SIEGLER INC SHERWOOD DIV,54641,,,
"GOLDEN ENGINEERING, INC.",54675,,,
SOSCO CORP,54698,,,
TECH SPRAY INC,54700,,,
FERGUSON MFG AND EQUIPMENT CO INC,54702,,,
"POWER FILM SYSTEMS, INCORPORATED",54703,,,
,,,,
BAE SYSTEMS LAND & ARMAMENTS L.P.,54786,,,
SIGNODE CORP,54807,,,
SILICON SENSORS LLC,54822,,,
AEROFLEX LABORATORIES INC COMSTRON DIV,54832,,,
EBERHARD HARDWARE MFG LTD,54836,,,
CAPCON INTERNATIONAL INC,54841,,,
HOIST LIFTRUCK MFG INC,54845,,,
"PHOENIX, INC",54863,,,
AMEREX CORPORATION DBA AMEREX CORP,54905,,,
CLARK SEALS LTD,54913,,,
SYSTEMS ENGINEERING ASSOCIATES CO DIV OF DAY AND ZIMMERMANN INC DBA SEACOR,54915,,,
E & M EQUIPMENT CO,54918,,,
WOODS T B SONS CO,54934,,,
SIMONDS INDUSTRIES INC,54940,,,
WALTCO TRUCK EQUIPMENT CO INC,54948,,,
"DAVIDSON, JOHN C DBA K I M AEROTECH",54966,,,
ESMA INC,54967,,,
STEPHAN WOOD PRODUCTS INC,54979,,,
BELCO INDUSTRIES INC FAMCO MACHINE DIV,54994,,,
"ADVANCED MEDIA, INC. DBA RITEK USA",549U5,,,
SPECTRAL LABS INCORPORATED,549W5,,,
"LEXMARK GOVERNMENT SOLUTIONS, LLC DIV LEXMARK INTERNATIONAL, INC.",54AJ6,,,
"BRP ACQUISITION GROUP, INC. DBA BLACK RIVER PLASTICS",54AY2,,,
CAD AUDIO LLC,54J13,,,
G-TECHNOLOGY INC,54Q22,,,
"ATI, INC. DBA ALLOY TECHNOLOGY INNOVATION",54QY8,,,
"VFC, INCORPORATED",54SW9,,,
SLOAN TECHNICAL SERVICES CO,54V17,,,
RAYTHEON COMPANY,54X10,,,
EVOLUTION POWER TOOLS L.L.C.,54XQ4,,,
"INNOVATIVE LIGHTING, LLC",54YP5,,,
"STELLAR MICROELECTRONICS, INC. DIV NEOTECH STELLAR",55009,,,
HYDRA-ZORB CO,55017,,,
ACORN ENGINEERING COMPANY DBA WHITEHALL MANUFACTURING CO,55024,,,
"SIMPSON ELECTRIC COMPANY, INC. DBA LAC DU FLAMBEAU BAND OF LAKE SUPERIOR CHIPPEWA INDIANS, LAC",55026,,,
"MALIK CABLE DEVICES, INC",55036,,,
"CONVAL, INC.",55046,,,
HADLEY PRODUCTS CORPORATION DIV HADLEY TRUCK DIVISION,55061,,,
FRASER OPTICS LLC DBA FRASER OPTICS LLC,55096,,,
CAROLINA GROWLER INC DIV GROWLER MANUFACTURING AND ENGINEERING,550C1,,,
DYNAMICSIGNALS LLC,55123,,,
BANNER INDUSTRIES INC SKINNER ENGINE CO DIV,55139,,,
MALCOLITE CORP,55169,,,
MANUFAB PRODUCTS CO,55179,,,
PRECISION METALS & PLASTICS DIV PRECISION METALS & PLASTICS MFG LLC,551F6,,,
AIRCRAFT COMPONENTS AND FASTENERS INC,55213,,,
MILLER CASTINGS INC DBA MILLER CASTINGS INC,55219,,,
SMK ELECTRONICS CORP,55224,,,
"DUPONT SPECIALTY PRODUCTS USA, LLC",55231,,,
,,,,
"ELLMAN INTERNATIONAL, INC.",55240,,,
HOUGH MARINE AND MACHINE INC,55245,,,
KR ELECTRONICS INC,55259,,,
MARCO COMPANY DBA AMERICAN CHEMICAL & FLUX,55278,,,
DOLLINGER CORPORATION,55283,,,
BRUNSWICK CORP DEFENSE DIV,55296,,,
"D B INDUSTRIES, LLC",55297,,,
"RADIANT POWER IDC, LLC",55300,,,
"RADAR TECHNOLOGY, INC.",55304,,,
PREMIER FOODSERVICE DISTRIBUTORS OF AMERICA,55365,,,
BAYONNE STAINLESS PRODUCTS INC,55392,,,
"CAIG LABORATORIES, INC. DBA CAIG LABORATORIES INC",55403,,,
"STI-CO INDUSTRIES, LLC.",55408,,,
COOPER VALVE CO DIV OF TEXSTREAM,55444,,,
"CENTRAL SEMICONDUCTOR, LLC DBA CENTRAL SEMICONDUCTOR CORP",55464,,,
MOONLITE MARINE CORP,55465,,,
MOUNT LOK PRODUCTS INC,55482,,,
COOPER CAMERON CORP AJAX-SUPERIOR DIV,55509,,,
UNITRON INTERNATIONAL SYSTEMS INC.,55535,,,
"LUCKY LINE PRODUCTS, INC DIV LUCKY LINE PRODUCTS",55543,,,
TILT-OR-LIFT INC,55544,,,
DCM SOUNDEX INC,55564,,,
"ARBITER SYSTEMS, INC.",55597,,,
AMERICAN BRISTOL INDUSTRIES INC.,55612,,,
NORLAND PRODUCTS INC.,55636,,,
VALCO INSTRUMENTS CO INC DBA VALCO INSTRUMENTS CO INC,55637,,,
P D I INC,55638,,,
SAFCO PRODUCTS CO DIV OF LIBERTY DIVERSIFIED INDUSTRIES INC,55639,,,
CMJ & ASSOCIATES CORPORATION,55641,,,
"DOWN EAST, INC.",55650,,,
SKC INC,55659,,,
"OMNIYIG, INC.",55682,,,
"WHEELER FLEET SOLUTIONS, CO.",55683,,,
CALIFORNIA DYNAMICS CORP DBA CALDYN LOS ANGELES CA,55687,,,
LIGHTHOUSE MANUFACTURING LLC DBA GIBBON MACHINE CO DIV GIBBON MACHINE,55688,,,
ARCHANGEL UNLIMITED LLC,556S1,,,
"TELEDYNE LECROY, INC.",55716,,,
ALLIED TUBE & CONDUIT CORPORATION DIV BARBED TAPE DIVISION,55722,,,
"SPECTRUM ASSOCIATES, INC. DBA SPECTRUM ASSOCIATES INC",55723,,,
RAM AVIATION SPACE & DEFENSE LLC,55725,,,
"AKORN, INC.",55751,,,
"PRINTRONIX, LLC",55759,,,
BLUE JAY MANUFACTURING CO,55762,,,
SPRAYWAY INC,55772,,,
COMPENSATED DEVICES INC,55801,,,
TEXAS SPECTRUM ELECTRONICS INC,55815,,,
GST INDUSTRIES INC.,55822,,,
ASTRONICS DME LLC DBA ASTRONICS DME,55827,,,
,,,,
EATON CORP ELECTRICAL CONSTRUCTION EQUIPMENT OPNS,55841,,,
M AND K INDUSTRIES INC,55879,,,
TRELLEX MORSE INC,55880,,,
UFP TECHNOLOGIES INC,55900,,,
"DARE ELECTRONICS, INC.",55901,,,
MC GUIRK ELECTRONICS CO INC,55902,,,
"METROPOLE PRODUCTS, INC.",55908,,,
HONEYWELL INTL DBA HONEYWELL DIV BUSINESS AND GENERAL AVIATION,55939,,,
GROZ-BECKERT USA INC,55955,,,
THERMO FISHER SCIENTIFIC (ASHEVILLE) LLC DIV LABORATORY PRODUCTS DIVISION,55957,,,
CARRIER CONSUMER PRODUCTS DIV OF CARRIER CORP,55962,,,
SOUNDSCRIBER CO THE AN INDEPENDENTLY OWNED AND OPERATED BUSINESS,55966,,,
APPLIED RESOURCES CORP,55987,,,
"NORSE, INC. DBA NORSE INC",55997,,,
APC INC,55998,,,
DENT DESIGN HARDWARE LTD. DBA DENT DESIGN + HARDWARE,559M8,,,
GENESEE SCIENTIFIC LLC DBA GENESEE SCIENTIFIC CORP,55AR3,,,
EC COMPANY DBA POWER SYSTEMS WEST,55B93,,,
I.P.I. INTERNATIONAL PRODUCTS INC.,55C89,,,
ARTISAN POWER LLC,55DS4,,,
WOODWARD MACHINE CORPORATION DBA WOODWARD STEERING,55F12,,,
"WMDTECH, LLC DBA WMDTECH LLC",55QZ5,,,
SLINGMAX INC DBA SLINGMAX RIGGING SOLUTIONS,55WA9,,,
,,,,
"PARKS MEDICAL ELECTRONICS, INC DBA PARKS MEDICAL ELECTRONIC",56016,,,
TRANSCO INDUSTRIES INC,56034,,,
ATWOOD MOBILE PRODUCTS DIV,56049,,,
"PRECISION SPEED MANUFACTURING, LLC",56055,,,
WATERLINK TECHNOLOGIES INC. DBA,56075,,,
"R.H. INDUSTRIES, INC.",56089,,,
SOUND POWERED COMMUNICATIONS CORP,56093,,,
JOHN JOHNSON COMPANY,56101,,,
SPARTON CORP,56118,,,
SCHULZ PRODUCTS INC DBA SCHULZ PRODUCTS,56153,,,
GENERAL DYNAMICS LAND SYSTEMS CANADACORP,56161,,,
SPECIALTY MANUFACTURING CO DIV SPECIALTY MFG.,56173,,,
"BIOTEK INSTRUMENTS, INC. DBA BIOTEK DIV BIO-TEK INSTRUMENTS LLC DBA BIOTEK INSTRUMENTS INC.",56198,,,
"THE NORGREN GROUP II, LLC DBA THE NORGREN GROUP II LLC",56215,,,
"MEGGITT (ROCKMART), INC. DIV COMPOSITES & FUEL CONTAINMENT",56221,,,
LOCKHEED MARTIN CORPORATION DIV RMS - MITCHEL FIELD,56232,,,
KETCO INC,56233,,,
"STATE OF THE ART, INC. DBA STATE OF ART INC",56235,,,
HYPERTRONICS CORP SI-TAC CONNECTORS,56249,,,
WESLEY INTERNATIONAL LLC DBA WESLEY INTERNATIONAL CORP,56250,,,
ENM CO,56252,,,
TECHNETICS GROUP LLC DBA TECHNETICS GROUP COLUMBIA DIV TECHNETICS GROUP COLUMBIA,56257,,,
ECOS ELECTRONICS CORP,56273,,,
SQUARE D CO CEDAR RAPIDS MFG PLANT,56302,,,
ASSA ABLOY HIGH SECURITY GROUP INC DBA ASSA ABLOY HIGH SECURITY GROUP INC,56337,,,
"SCHNEIDER ELECTRIC USA, INC.",56365,,,
RAH INDUSTRIES INC,56426,,,
ROPER CORP,56428,,,
UNITED LABORATORIES INC,56433,,,
,,,,
DIAMOND REO TRUCK CO,56442,,,
"STAKMORE CO., INC.",56483,,,
EGD MANUFACTURING INC,56497,,,
"INRAD OPTICS, INC.",56505,,,
INFICON INC DBA INFICON INC DIV ISS,56507,,,
,,,,
CLYDE MACHINES INC,56535,,,
,,,,
"MCENGLEVAN INDUSTRIAL FURNACE MANUFACTURING, INC",56557,,,
"X-RITE GLOBAL, INCORPORATED DIV X-RITE INCORPORATED",56573,,,
"MILCOM SUPPLY, INC. DIV NA",565P3,,,
"FXC CORPORATION DBA GUARDIAN PARACHUTE, A DIVISION OF FXC CORPORATION DIV GUARDIAN PARACHUTE",56600,,,
MASTER CHEMICAL CORP DBA METALWORKING FLUIDS DIV,56626,,,
HIPWELL MANUFACTURING CO INC,56638,,,
,,,,
"FREQUENCY SELECTIVE NETWORKS, INC. DBA FREQUENCY SELECTIVE NETWORKS INC",56662,,,
MERITOR SPECIALTY PRODUCTS LLC,56664,,,
"SYN-TECH SYSTEM, INC.",56672,,,
STANDARD FORGE AND AXLE CO INC,56697,,,
NORTHERN TECHNOLOGIES INTERNATIONAL CORPORATION,56758,,,
,,,,
FISCHER PUMP & VALVE COMPANY DBA FISCHER PROCESS INDUSTRIES,56766,,,
"VISUAL COMMUNICATIONS COMPANY, INC",56769,,,
L & M ELECTRONICS,56782,,,
ELI LILLY CANADA INC,56828,,,
WINCHESTER JOHN H INC,56835,,,
VISHAY DALE ELECTRONICS INC,56845,,,
SEARS MFG CO,56854,,,
"QUALITY THERMISTOR, INC DBA QTI",56866,,,
LARS INDUSTRIES INC DBA MCDONALD TECHNOLOGIES INTL INC,56874,,,
ALTA PRODUCTS CO INC,56876,,,
SIERRA SCIENTIFIC CORP,56881,,,
PENETONE CORPORATION DBA WEST PENETONE,56883,,,
HELLA ELECTRONICS CORP,568M2,,,
METAL FAB AND MACHINE CORP,56908,,,
DIVERS SUPPLY CO INC DBA IKELITE UNDERWATER SYSTEMS LTD,56951,,,
"YOUNG ENGINEERS INC., THE",56958,,,
DEPARTMENT OF THE ARMY HQ U S ARMY ELECTRONICS RESEARCH AND DEVELOPMENT COMMAND,56977,,,
CAPTIVE FASTENERS CORP,56987,,,
DEPARTMENT OF THE ARMY HQ UNITED STATES ARMY COMMUNICATIONS RESEARCH AND DEVELOPMENT COMMAND,56996,,,
JEMNI INC,56CP9,,,
BENTLEY'S MFG INC DBA BENTLEY'S BOAT TOPS & UPHOLSTERY,56D63,,,
A V M INTERNATIONAL LTD DIV CABLES4SURE,56J50,,,
"BORSIGHT, INC",56NH4,,,
FILTER-FAB CORPORATION,56NK5,,,
WILSPEC TECHNOLOGIES INC.,56U82,,,
"REHABMART, LLC DBA REHABMART LLC DIV REHABMART.COM",56Z51,,,
FOOD WARMING EQUIPMENT CO INC DBA F W E,57028,,,
BATESVILLE PRODUCTS INC DIV HUBER INDUSTRIES,57029,,,
"NAVCOM DEFENSE ELECTRONICS, INC.",57057,,,
"MOTOR TECHNOLOGY, INC.",57090,,,
"LIQUID CONTROLS SPONSLER, INC DIV A UNIT OF IDEX CORPORATION",57092,,,
JEMCO ENGINEERING CO,57101,,,
HARBOUR INDUSTRIES (CANADA) LTD,57104,,,
A R E MFG CO INC,57107,,,
JORDAN NUCLEAR CO DBA RADTRONICS,57133,,,
GLENCO-STAR,57135,,,
SALEM MANUFACTURING & SALES INC DIV SALEM MANUFACTURING AND SALES INC,57140,,,
"TRIUMPH GEAR SYSTEMS - MACOMB, INC",57152,,,
PRECISION PRODUCTS INC,57162,,,
AIRBORNE SYSTEMS NORTH AMERICA OF NJ INC. DBA AIRBORNE SYSTEMS OF NO,57172,,,
GULTON-STATHAM TRANSDUCERS INC,57187,,,
"NETCOM, INC",57193,,,
DELTONA TRANSFORMER CORPORATION DBA DELTRAN,57204,,,
UNIQUE LIFT PARTS INC,57214,,,
"4 M COMPANY, INC. DBA PORTER SEAL COMPANY USE CAGE CODE 1K407 FOR CATALOGING",57268,,,
GE AVIATION SYSTEMS LLC,57301,,,
241 HOLDINGS LC,57322,,,
"WALL INDUSTRIES, INC DBA WALL INDUSTRIES OF MA",57347,,,
"NATIONAL HYBRID, INC. DBA N H I DIV API TECNNOLOGIES - NHI",57363,,,
MIL SPEC INC DBA MIL SPEC INC,57368,,,
"BARBER-NICHOLS, LLC",57377,,,
LOCKHEED CORP,57378,,,
"INTERNATIONAL CREATIVE DATA INDUSTRIES, INC. DBA ICDI",57385,,,
PERFORMANCE SYSTEMS,573D9,,,
"INDEPENDENT DESIGN, INC. DIV CHAMPION TOOL STORAGE",573P6,,,
DENTRON RADIO CO INC,57407,,,
HOPKINS MFG CORP,57409,,,
INTERNAV LTD,57425,,,
KB ELECTRONICS INC,57438,,,
STEPHENS-ADAMSON INC A SUB OF ALLIS-CHALMERS CORP,57448,,,
EI ELECTRONICS LLC,57451,,,
"ALL MANUFACTURERS, INC. DBA ALLIED HARBOR AEROSPACE FASTENERS",57472,,,
"TELEDYNE DEFENSE ELECTRONICS, LLC DBA TELEDYNE STORM MICROWAVE DIV TELEDYNE STORM MICROWAVE",57500,,,
STEEGO CORP,57533,,,
"SENTRY SIREN, INC. DBA SENTRY SIREN INC",57590,,,
SEAMAN CORP SEAMAN BUILDING SYSTEMS DIV,57615,,,
"COMSACO, LLC DBA COMSACO INC",57626,,,
AUTOMATED INDUSTRIAL ELECTRONICS CORP DBA AIE,57646,,,
CONBRACO INDUSTRIES INC,57661,,,
BOND CHEMICAL PRODUCTS CO,57687,,,
GANAR INDUSTRIES LLC,57688,,,
ELITECHGROUP INC.,57699,,,
MID-STATE MANUFACTURING CORP,57717,,,
"AZTEC MANUFACTURING, INC",57729,,,
MACHIDA INCORPORATED DBA VISION-SCIENCES DIV INDUSTRIAL,57730,,,
,,,,
NAULT ROBERT DBA TDR ELECTRONICS,57741,,,
POLYSONICS INC,57748,,,
"ARMSTRONG MEDICAL INDUSTRIES, INC",57794,,,
CRYSTAL INSTRUMENTS CORPORATION DBA CRYSTAL INSTRUMENTS,577M0,,,
RAYCOM ELECTRONICS INC,57812,,,
TACTAIR FLUID CONTROLS INC PHOENIX CONTROLS DIV,57817,,,
MOELLER ELECTRIC CORP,57836,,,
"BRANDT ELECTRONICS, INC. DBA BRANDT ELECTRONICS INC",57837,,,
"RICE LAKE WEIGHING SYSTEMS, INC",57859,,,
OTEK CORP DBA OTEK CORP,57861,,,
"FEDERAL PRISON INDUSTRIES, INC DBA UNICOR DIV ELECTRONICS",57865,,,
WHITE WELDING AND MFG INC POWERBRACE AMERICA,57877,,,
INTERNATIONAL EYELETS INC,57885,,,
"SONIC INDUSTRIES, INC. DBA SONIC INDUSTRIES INC DIV SONIC INDUSTRIES",57928,,,
US ARMY COMBAT SURVEILLANCE AND TARGET ACQUISITION LABORATORY,57946,,,
,,,,
SIGNALS WARFARE PROJECT MANAGER,57958,,,
STMICROELECTRONICS INC,57962,,,
FLOWSERVE CORPORATION DBA FLOWSERVE DIV SERVICES BUSINESS UNIT,57994,,,
MOBILE ARMORED VEHICLES LLC,57DJ2,,,
"C4 GROUP, LLC DBA C4 GROUP LLC",57GW9,,,
EMEGEAR LLC,57HB9,,,
"FRESENIUS KABI, LLC",57KZ6,,,
DUFFIELD HOMES LLC,57M21,,,
"LUCAS OIL PRODUCTS, INC. DBA LUCAS OIL",57SY0,,,
"CHEROKEE NATION AEROSPACE AND DEFENSE, L.L.C.",57WW1,,,
THE BERKEBILE OIL COMPANY INC DIV BERKEBILE OIL COMPANY,58011,,,
GETZ FIRE EQUIPMENT COMPANY DBA GETZ FIRE EQUIPMENT CO,58013,,,
MAGNATRONIX CORPORATION,58019,,,
"R F PRODUCTS, INC",58022,,,
DURO-SENSE CORP,58042,,,
TEKA PRODUCTS INC,58050,,,
WILSON PRODUCTS INC,58060,,,
"QORVO FLORIDA, INC. DBA QORVO US",58068,,,
"AIRTRONICS, LLC",58078,,,
FLUOR CORP,58117,,,
"CENTURY PARTS, INC,",58130,,,
"VONBERG VALVE, INC.",58143,,,
"US AIR TOOL CO., INC.",58150,,,
"MEGGITT (NORTH HOLLYWOOD), INC. DBA MEGGITT CONTROL SYSTEMS DIV MEGGITT DEFENSE SYSTEMS, INC.",58163,,,
HF SCIENTIFIC INC.,58177,,,
FOXTRONICS INC,58192,,,
"WESTERN INTEGRATED TECHNOLOGIES, LLC",58217,,,
BALLANTYNE OF OMAHA INC.,58250,,,
FIRST AMERICAN SALES CO INC,58251,,,
PROGRAM MANAGER ADVANCED ATTACK HELICOPTER BARCOM AMCPM-AAH,58260,,,
"QUALITY MATERIAL INSPECTION, INC. DBA QUALITY MATERIAL INSPECTION",58272,,,
SASCO INC CANADIAN DIV,58275,,,
WATLOW WINONA INC,58296,,,
"TACTICAL PARACHUTE DELIVERY SYSTEMS, INC. DBA TACTICAL PARACHUTE DELIVERY SYSTEMS INC",582E2,,,
CENTURY TOOL & EQUIPMENT,582Q6,,,
RULYN INC,58305,,,
"GENERAL ATOMICS ELECTRONIC SYSTEMS, INC. DIV N/A",58307,,,
FILNOR INC,58308,,,
MGS INC,58319,,,
GILMOUR MFG CO,58358,,,
"WILLARD MARINE, INC.",58367,,,
DEVORE AVIATION CORPORATION OF AMERICA,58376,,,
"CANTOL, INC.",58380,,,
DETROIT BULLET TRAP CORP,58388,,,
STOELTING LLC,58411,,,
LANCE VALVES INC,58416,,,
LUSTRA LIGHTING,58425,,,
"NIKKISO PUMPS AMERICA, INC",58442,,,
WINEGARD COMPANY,58450,,,
PRECISION LAMP INC,58451,,,
SUPERIOR ELECTRIC HOLDING GROUP LLC DIV SPECIALTY PRODUCT TECHNOLOGIES,58474,,,
"SUNMED MEDICAL SYSTEMS, LLC",584E7,,,
DAVIS INSTRUMENTS,58502,,,
"POINTER, INC.",58507,,,
SERON MANUFACTURING COMPANY INC,58520,,,
,,,,
"MOD-ELECTRONICS, INC",58524,,,
NU-CONCEPT SYSTEMS INC,58561,,,
TECHNOLOGY DEVELOPMENT CORP,58570,,,
TEMPCO ELECTRIC HEATER CORPORATION,58573,,,
SURFACE COMBUSTION INC,58588,,,
"PARKWAY PRODUCTS, INC.",58592,,,
"FLEETPRIDE WEST, INC.",585S1,,,
"MARCO RUBBER & PLASTICS, LLC",58618,,,
JAQUITH INDUSTRIES INC,58632,,,
DAREX CORP,58656,,,
LEACH INTERNATIONAL CORP DIV LEACH INTERNATIONAL CORPORATION,58657,,,
CRYOMEC INC,58658,,,
"ATHANA INTERNATIONAL, INC.",58662,,,
TITAN ABRASIVE SYSTEMS INC DIV TITAN,58674,,,
LOCKHEED MARTIN CORPORATION,58691,,,
KENDRION (SHELBY) INC.,58723,,,
"AIRBORNE TECHNOLOGIES, INC.",58730,,,
"REVERE SUPPLY CO., INC.",58731,,,
INA BEARING CO,58741,,,
STECK PAUL C INC,58744,,,
LEGRIS INC,58755,,,
BOB KERR'S MARINE TOOL CO. DBA KERRS MARINE TOOL CO,58765,,,
MOPARTS CORP,58786,,,
,,,,
"TECHTROL CYCLONETICS, INC.",58792,,,
"SMITHS INTERCONNECT AMERICAS, INC",58795,,,
"CUNNINGHAM MACHINE, LLC",587V1,,,
"CONTROL DEVICES, INCORPORATED",58818,,,
SIGNS AND GRAPHICS CORP,58820,,,
CFM INTERNATIONAL INC,58828,,,
"F. H. GASKINS COMPANY, INCORPORATED",58837,,,
APPLE INC DIV GOVERNMENT SALES,58839,,,
ABOUNDING SECURITY INC DIV OF MAA CORP,58845,,,
"PLASTIFAB, INC. DBA PLASTIFAB LEED PLASTICS DIV PLASIFAB INC.",58870,,,
"SIHI PUMPS, INC.",58874,,,
KNAACK MFG CO INC,58884,,,
WISCO INDUSTRIES INC.,58896,,,
,,,,
T AND F INDUSTRIES INC,58933,,,
A. W. SPERRY INSTRUMENTS CORP. DBA SPERRY INSTRUMENTS,58935,,,
Q S R INDUSTRIAL SUPPLY INC,58940,,,
STRUCTURAL COMPOSITES INDUSTRIES LLC,58943,,,
TABER ACQUISITION CORP. DBA TABER INDUSTRIES,58949,,,
NETCOM PRODUCTS INC,58959,,,
,,,,
MOORE INDUSTRIES-INTERNATIONAL INC,58979,,,
"NATURE'S BROOM, INC.",58MV5,,,
BEST-TRONICS MANUFACTURING INC,58QC5,,,
ACUMENT GLOBAL TECHNOLOGIES DBA WYTHEVILLE OPERATIONS DIV CAMCAR LLC,58RY4,,,
"HONDA POWER EQUIPMENT MFG., INC.",58TA5,,,
B5 SYSTEMS INC,58VQ8,,,
"SIEMENS INDUSTRY, INC.",58XK6,,,
SENECA ENTERPRISES LLC DBA RF SYSTEM LAB DIV RF SYSTEM LAB,58YR0,,,
,,,,
TACO INC. DIV HEAT TRANSFER PRODUCTS DIVISION,59015,,,
SUPFINA MACHINE CO INC,59025,,,
UNIVERSAL FLOW MONITORS INC,59026,,,
MACROMATIC CONTROLS LLC,59039,,,
GUARDIAN EQUIPMENT CO DIV OF WATER SAVER FAUCET CO,59045,,,
FLUID KENETICS CORP,59051,,,
"BUTLER, INC DBA BUTLER INC",59053,,,
ELECTRODYNE DIV OF GAUSS CORP,59061,,,
SCIENTEMP CORP,59101,,,
"BRANOM INSTRUMENT COMPANY, INC.",59105,,,
EXOTIC RUBBER & PLASTICS CORP,59111,,,
AMERICAN MECHANICAL & ELECTRONIC SERVICE INC,59114,,,
INSTRUMENT TRANSFORMERS INC,59138,,,
GRIPPA ENTERPRISES INC DBA MASTER MACHINING,59142,,,
WILSON COMPANY DBA WILSON CO,59154,,,
ELECTRICAL ASSEMBLY INC. DIV EDDY PRODUCTS,59164,,,
FREDON CORP DIV FREDON CORPORATION,59179,,,
,,,,
"QED SYSTEMS, INC.",591W8,,,
FD JOHNSON CO,59206,,,
ESTERLINE TECHNOLOGIES CORPORATION DBA ESTERLINE,59207,,,
"CENTRAL STATES HOSE, INC",59221,,,
"MATTCO FORGE, INC DBA MATTCO FORGE",59222,,,
"GRATTAN FAMILY ENTERPRISES, LLC DBA UNI-BOND BRAKE",59233,,,
SELCO PRODUCTS INC,59270,,,
REMEC INC. DBA REMEC BROADBAND WIRELESS,59277,,,
ANVIL CASES INC,59288,,,
MOORE COMPANY THE DBA MOELLER MARINE PRODUCTS DIV MOELLER MARINE PRODUCTS,592E0,,,
THE EUCLID PRODUCTS CO INC DBA MAIN FARE BOX DIVISION DIV MAIN FARE BOX CO.,59300,,,
HELLER TRUCK BODY CORP,59306,,,
"TKH SECURITY SOLUTIONS USA, INC.",59338,,,
DILLON SUPPLY COMPANY,59349,,,
"AEROFLEX / METELICS, INC.",59365,,,
RGI INC DBA RGI INC,59375,,,
MICROSEMI CORP-COLORADO,59377,,,
FABCO AIR INC,59378,,,
ATLAS COPCO HOLYOKE INC,59379,,,
HICKSVILLE MACHINE WORKS CORP.,59384,,,
BADGER AIR BRUSH CO,59391,,,
AUFHAUSER CORP,59401,,,
INSTRUMENT TECH CORP. DBA INSTRUMENT TECH CORP,59413,,,
PYRAMID PLASTICS INC TOLBER DIV,59460,,,
"TELEDYNE INSTRUMENTS, INC. DBA TELEDYNE CABLE SOLUTIONS DIV TELEDYNE CABLE SOLUTIONS",59488,,,
AMERICAN NATIONAL RUBBER CO,59502,,,
FULLER H B CO FOSTER PRODUCTS DIV,59503,,,
GLENDEE CORP DBA MGI/METALAGRAPHICS,59518,,,
XIDEX MICROWAVE DISPLAY,59521,,,
INSULATED WIRE INC. DBA INSULATED WIRE,59528,,,
SWITCHING POWER INC. DBA SWITCHING POWER INC,59529,,,
VERTEX RSI INC DBA ANGHEL LABORATORIES DIVISION,59530,,,
MAGNETIC DESIGN LABS INC DBA MAGNETIC DESIGN LABS INC,59533,,,
KMT AQUA-DYNE INC,59542,,,
,,,,
"SPIRENT SYSTEMS WICHITA, INC.",59551,,,
QUALITY MFG COMPANY INC,59565,,,
"VITAL SIGNS, INC.",59567,,,
"EASY VAC, INC. DBA EASY VAC INC",59577,,,
ONTRAK DESIGNS INC,59578,,,
GREAT PLAINS INDUSTRIES INC,59585,,,
"JET INDUSTRIES, INC. DBA JET INDUSTRIES INC",59593,,,
RAIDER OUTBOARDS INC,595K1,,,
ASAHI AMERICA INC,59628,,,
GILIAN INSTRUMENT CORP,59637,,,
"VICI METRONICS, INC.",59638,,,
SUPERTEX INC.,59640,,,
MANUFACTURERS STANDARDIZATION SOCIETY OF THE VALVE AND FITTINGS INDUSTRY INC,59646,,,
"SHAW DEVELOPMENT, LLC",59647,,,
REMTEK CORP,59659,,,
"ADVANCED INPUT DEVICES, INC DBA ADVANCED INPUT SYSTEMS DIV ADVANCED INPUT DEVICES",59666,,,
COMBAT CAPABILITIES DEVELOPMENT COMMAND ARMAMENTS CENTER DBA US ARMY COMBAT CAPABILITIES DEVELOPMENT COMMAND ARMAMENTS CENTER,59678,,,
"NEWGARD INDUSTRIES, INC.",59686,,,
NORAL INC,59687,,,
TACONIC PLASTICS LTD,59688,,,
,,,,
"PCC STRUCTURALS, INC. DBA PCC SCHLOSSER",59703,,,
GULFSTREAM AEROSPACE CORPORATION DIV GOVERNMENT CONTRACTS,59734,,,
MID-CONTINENT INSTRUMENT CO INC,59742,,,
"WORLDWIDE WELDING, INCORPORATED DIV LUMAX LUBRICATION EQUIPMENT",59754,,,
EVDON CORPORATION DBA WASEM PACKAGING & CRATING SERV,59770,,,
CLASSIC MFG,59781,,,
CYPRESS MAGNETICS INC,59791,,,
SAFRAN TRUSTED 4D INC. DBA OROLIA USA INC,59797,,,
MERRYWEATHER FOAM INC,59813,,,
THOMPSON EMERY MACHINE & SUPPLY CO,59870,,,
MTK ELECTRONICS INC,59901,,,
RODELCO ELECTRONICS CORP DBA RODELCO ELECTRONICS CORP,59926,,,
CONDOR ELECTRONICS INC,59940,,,
DIGITAL POWER CORP,59947,,,
"AERO-ELECTRIC CONNECTOR, INC. DBA AERO-ELECTRIC CONNECTOR INC DIV AERO ELECTRIC CONNECTOR",59976,,,
MIDWEST POLYCHEM LTD,59980,,,
SII INC DBA SII INC,59990,,,
"TECH RESOURCES, INC",59991,,,
NEMIX CORP,59AB2,,,
JANKEL TACTICAL SYSTEMS LLC,59AT1,,,
VITEX LLC,59DB1,,,
GEFEN INC,59DD7,,,
"HYDRAFIL, INC.",59E69,,,
"CHUGACH INFORMATION TECHNOLOGY, INC.",59QK3,,,
"KODIAK PRODUCTS CO., INC. DBA KODIAK TRAILER COMPONENTS DIV KODIAK TRAILER COMPONENTS",59QM7,,,
GB II CORPORATION DBA COLUMBIA RIVER KNIFE AND TOOL CO,59TQ1,,,
ABB INC. DIV WESTERVILLE,59U90,,,
VALLEY TOOL AND DIE INC ARTHUR HILLS CO DIV,5A176,,,
"STEELSTRAN INDUSTRIES, INC",5A457,,,
"DELL MANUFACTURING CO., LLC DBA PURSUIT AEROSPACE",5A628,,,
MITI LLC DBA MP INDUSTRIAL,5A6L7,,,
ARR/CRS INC COLUMBUS RESTAURANT SERVICE,5A865,,,
"COLUMBUS TRUCK AND EQUIPMENT COMPANY, INC., THE DBA REM LEASING DIV DIV MARIETTA MACK",5A866,,,
"2 S 2, INC. DBA 2S2",5A8X0,,,
"ABCO WELDING & INDUSTRIAL SUPPLY, INC. DBA ABCO WELDING SUPPLY",5A922,,,
"ADVANTAGE WEST INVESTMENT ENTERPRISES, INC. DBA ADVANTAGE WEST INVESTMENT ENTERPRISES INC DIV ADVANTAGE WEST GOVERNMENT",5ABR1,,,
MILCOTS LLC,5ACD8,,,
"ARMSTRONG WORLD INDUSTRIES, INC. DBA ARMSTRONG WORLD INDUSTRIES",5AMU3,,,
"ES3 PRIME LOGISTICS GROUP, INC. DIV CLEARFIELD UTAH",5B7J6,,,
HEWLETT-PACKARD COMPANY,5B962,,,
"BEACON ADHESIVES, INC DIV BEACON ADHESIVES CO, INC.",5B981,,,
PROLIPHIX LLC,5BB03,,,
BARDAC CORPORATION DIV CHRIS BARDWELL-JONES,5BB37,,,
RIPOFFS DIV RIPOFFS DIVISION OF US ARMOR CORPORATION,5BCE9,,,
"FAIRLEAD INTEGRATED POWER AND CONTROLS, LLC DBA FAIRLEAD IPC DIV FAIRLEAD INTEGRATED POWER & CONTROLS, LLC",5BGG1,,,
"INVENTORY MANAGEMENT SOLUTIONS, LLC",5BMR7,,,
"SUPREME INTEGRATED TECHNOLOGY, INC.",5BN34,,,
MSI DEFENSE SOLUTIONS LLC,5BUA2,,,
MISCO REFRACTOMETER,5BWA7,,,
TURNBULL LLC,5BWU1,,,
,,,,
"CRC MANUFACTURING, INC.",5C255,,,
KIRBY RESEARCH LLC,5C854,,,
V.E.P. MANUFACTURING INC.,5C905,,,
HENDERSON FLUID POWER LLC,5CE01,,,
FIRE FLOW TECHNOLOGY,5CK76,,,
CK-KRILL LLC DBA CK-KRILL LLC,5CL66,,,
"COMMUNICATION NETWORKS, LLC DBA COMMUNICATION NETWORKS LLC",5CPE3,,,
"TELEDYNE INSTRUMENTS, INC. DBA TELEDYNE IMPULSE DIV TELEDYNE IMPULSE, A BUSINESS UNIT OF TELEDYNE INSTRUMENTS",5CRR5,,,
"CP COMPANY, LLC DIV ICEBERG ENTERPRISES CO, LLC",5CVT5,,,
"COMPOSITES WEST, INC.",5CWE2,,,
MCCRONE ASSOCIATES INC,5D342,,,
INTERSTATE INDUSTRIES INC DBA TEXARKANA BOLT DIV TEXARKANA BOLT INC,5D3K9,,,
AERO FLEX CORP,5DA84,,,
"INTERNATIONAL RUBBER PRODUCTS, INC. DBA IRP DIV MIKRON RUBBER PRODUCTS",5DBG2,,,
"W. W. WILLIAMS COMPANY, LLC, THE DBA WILLIAMS CARRIER TRANSICOLD",5DBW3,,,
"BECKER ELECTRONICS, INC.",5DGF8,,,
REL INC,5DLA1,,,
"AIRBORNE VETERANS SERVICES, INC. DIV WESTERN US",5DNX9,,,
"IBUY STORES, INC.",5DPM4,,,
PRECISION GOVERNORS LLC,5DR61,,,
PYROTEK INCORPORATED DBA PYROTEK INC,5DSP9,,,
"BANSBACH EASYLIFT OF NORTH AMERICA, INC. DBA EASYLIFT OF NORTH AMERICA",5DZL5,,,
HOWCO DISTRIBUTING CO. DBA HOWCO DISTRIBUTING CO,5E074,,,
INGERSOLL RAND COMPANY DBA INGERSOLL RAND,5E122,,,
"AVIALL SERVICES, INC",5E547,,,
NUVEEN CORP,5E598,,,
LN CURTIS & SONS DIV CORPORATE HQ AND GOVERNMENT SALES,5E720,,,
"L & E TUBING, LLC",5E724,,,
"GALLAGHER FLUID SEALS INCORPORATED DIV GALLAGHER FLUID SEALS, INC.",5E880,,,
"HYDROAIR HUGHES, LLC DIV HYDROAIR DEES",5E938,,,
"KING SHOCK TECHNOLOGY, INC.",5EJ65,,,
ESSENTRA PLASTICS LLC DBA ESSENTRA COMPONENTS,5EM82,,,
"D. CELLO ENTERPRISES, LLC DBA PROFORMA/GRAPHICWORKS",5EM92,,,
ADJUSTABLE LOCKING TECHNOLOGIES LLC DIV ADJUSTABLE LOCKING TECHNOLOGIES,5ETK4,,,
UFP OPERATING INC DBA UNITED FIRE PROTECTION,5EWV9,,,
"FLOW NETWORK, LLC",5EWW7,,,
TRINITY LOGISTICS LLC,5EYX4,,,
OMEGA TOOL CO,5F247,,,
"GENERAL WIRE PRODUCTS, INC. DBA GENERAL WIRE PRODUCTS INC",5F262,,,
"ALARIN AIRCRAFT HINGE, INC. DBA ALARIN AIRCRAFT HINGE INC DIV ALARIN AIRCRAFT HINGE",5F519,,,
INTERPOWER CORPORATION,5F520,,,
HARVEYS SKIN DIVING SUITS INC,5F561,,,
"LEIDOS, INC. DBA LEIDOS",5F565,,,
"ASF LOGISTICS, LLC",5F5P2,,,
MCGUIRE MFG CO INC,5F860,,,
WIKA SENSOR TECHNOLOGY LP,5FCL9,,,
GARFIELD COUNTY PUBLIC LIBRARY DISTRICT DBA GARFIELD COUNTY LIBRARY,5FFQ4,,,
LUXUL CORP,5FQH2,,,
THE DELAWARE PAINT COMPANY LTD,5FUY6,,,
MARATHON ELECTRIC COMPANY INC,5FWE1,,,
CONVERPOWER INC DBA CONVERTECH,5G0N1,,,
RICHARD K POPPE LASER SAFETY INDUSTRIES LLC DIV LASER SAFETY INNDUSTRIES,5G0Y7,,,
ESI ACQUISITION CORPORATION DIV ENGINEERED SALES,5G568,,,
ZAK & ASSOCIATES INC,5G589,,,
ILLINOIS TOOL WORKS INC DBA ILLINOIS TOOL WORKS INC DIV ITW HEARTLAND,5G804,,,
DANFOSS TURBOCOR COMPRESSORS INC.,5GAA3,,,
"BLACK RAPID, INC DBA BLACK RAPID",5GHQ4,,,
STAHLIN NON-METALLIC ENCLOSURES,5GQM1,,,
COTTERMAN CO,5GQU3,,,
"VISIBILITY GROUP INC., THE",5GRC8,,,
"CHIPTECH, INC. DBA CHIPTECH",5GWA5,,,
NEUCO INC,5H620,,,
CHARLES E. GILLMAN COMPANY DIV CHARLES E. GILLMAN COMPANY A DIVISION OF KSARIA,5H723,,,
"THOMAS INSTRUMENT, INCORPORATED",5H860,,,
FONTAINE TRAILER COMPANY DBA FONTAINE PARTSOURCE,5H8D0,,,
CINCINNATI LAUNDRY EQUIPMENT INC,5H8P8,,,
"PADJACK, INC.",5H8S7,,,
"J & N AUTO ELECTRIC, INC.",5H980,,,
VERTEX,5HBD1,,,
"RCH MANUFACTURING, LLC DIV RCH MANUFACTURING",5HPW4,,,
"INTEGRITY CORPORATION, INC. DBA INTEGRITY SUPPLY & SERVICE",5HQV0,,,
"TAILIFT USA CO., INC.",5HRC8,,,
"TRILOGY MACHINERY, INC.",5HWS0,,,
"SURFACE PREPARATION - TEXAS, LLC DBA ABRASIVE MATERIALS OF TEXAS LLC",5HX04,,,
JANES INFORMATION GROUP INC.,5J983,,,
"MAQUET CARDIOVASCULAR US SALES, LLC",5JAA4,,,
NGK SPARK PLUGS USA INC,5JBM0,,,
"TELEDYNE FLIR DEFENSE, INC.",5JHA8,,,
"HOLOGIC SALES AND SERVICE, LLC",5JP89,,,
"ROBIN INDUSTRIES, INC.",5JVB3,,,
"MICHELL INSTRUMENTS, INC.",5JZU5,,,
HYDRAULIC CONTROLS INC OF LOS ANGELES,5K203,,,
,,,,
"KLEENOIL USA, INC.",5K4G9,,,
CURTIS MFG INDUSTRIAL COMPUTER DIV,5K560,,,
"SATCO PRODUCTS, INC. DBA SATCO LIGHTING",5K7P6,,,
"W.W. WILLIAMS LOGISTICS, L.L.C.",5K8F2,,,
NRD LLC,5K923,,,
FCA US LLC,5KAV0,,,
"STEYR MOTORS NORTH AMERICA, INC.",5KQQ4,,,
FOX FACTORY INC,5KRT7,,,
SPECTEX LLC DIV SPECTEX (A SUR-SEAL COMPANY),5KWN6,,,
"E. O. WOOD CO., INC. DBA RIGID WRAP INSULATION SYSTEMS",5L017,,,
A Y MCDONALD MFG CO,5L037,,,
"WATERWITCH, INC",5L0S5,,,
KAR PRODUCTS LLC,5L381,,,
ANDERSON JACOBSON INC LOS ANGELES BRANCH OFFICE,5L525,,,
LIVINGSTON & HAVEN LLC DIV LIVINGSTON&HAVEN,5L5M9,,,
"PACIFIC PACKAGING PRODUCTS, INC. DBA PACIFIC PACKAGING PRODUCTS INC",5L723,,,
PORTSMOUTH NAVAL SHIPYARD SUPPLY DEPT,5L732,,,
MOTOR APPLIANCE CORPORATION,5L920,,,
"SPECTRO WIRE & CABLE, INC.",5LC29,,,
BROOKSTONE CO,5M149,,,
"QUANTUM MARINE ENGINEERING, INC.",5M2Y6,,,
N-D INDUSTRIES,5M496,,,
ADVANCED STRUCTURES CORPORATION DBA ADVANCED STRUCTURES CORP,5M721,,,
MEMKOR INC,5M8U6,,,
"VALVE CHECK, INC.",5MFK3,,,
ROHE INTERNATIONAL INCORPORATED,5MPW3,,,
PANDUIT CORP DIV PANDUIT CORP - GA,5MST4,,,
"NORA LIGHTING, INC.",5MZM7,,,
HUESTIS MACHINE CORP,5N008,,,
HOLMES DISTRIBUTORS INC,5N089,,,
ELECTROLOCK INC,5N151,,,
NORDCO RAIL SERVICES & INSPECTION TECHNOLOGIES INC,5N576,,,
"PIROEFF, INC",5N683,,,
"BRAKE SYSTEMS, INC.",5N955,,,
THERMA-TECH ENGINEERING INC DBA THERMATECH  AR LINTERN,5N978,,,
"DURA-CAST PRODUCTS, INC.",5NDX2,,,
AVENVIEW CORP.,5NR55,,,
"RIIMIC, LLC DBA RIIMIC LLC",5NW22,,,
DIXIE RUBBER AND BELTING CO,5P167,,,
SALDET SALES AND SERVICES INC,5P2P8,,,
JOINT AND CLUTCH SERVICE INC,5P322,,,
TIMTRONICS,5P4M9,,,
HAPAD INC,5P588,,,
COLE FARMS INC,5P5P2,,,
H&R PARTS COMPANY LLC DIV H & R PARTS CO LLC,5P784,,,
CARLYLE COMPRESSOR DIV CARRIER CORP,5P808,,,
METRO DYNAMIC SCIENTIFIC INSTRUMENT LAB INC DIV METRO DYNAMICS,5P849,,,
DANTE VALVE COMPANY,5P967,,,
"COMMSCOPE, INC. OF NORTH CAROLINA DIV COMMSCOPE ENTERPRISE SOLUTIONS",5P9M3,,,
"ALLOY VALVES & CONTROL, INC. DBA ALLOY VALVES & CONTROLS",5PC96,,,
"HD RAMPS, LLC",5PDJ8,,,
"TORSION CONTROL PRODUCTS, INC.",5PPH9,,,
"ROSSI ENTERPRISES, INC. DBA R.R. EQUIPMENT COMPANY DIV R.R. EQUIPMENT COMPANY",5PS82,,,
"ARCOS, INC.",5PVP8,,,
GMES LLC,5PW73,,,
BURNDY LLC DIV BURNDY,5Q2M7,,,
UNITED SPIRIT OF AMERICA INC DBA WARRIOR -WIN YOUR BATTLES- DIV WARRIOR -WIN YOUR BATTLES-,5QCX2,,,
RHINESTAHL CORPORATION DBA RHINESTAHL,5QE71,,,
"UES PROFESSIONAL SOLUTIONS 29, INC.",5QRL2,,,
ADVANCED MACHINING SOLUTIONS LLC DBA ADVANCED MACHINING SOLUTIONS,5QTA6,,,
CHICAGO AEROSOL,5QXW8,,,
EL-TECH TECHINOLOGY INC,5R321,,,
MURRAY EQUIPMENT INC,5R402,,,
NEUTRONICS INC,5R712,,,
URETHANE PRODUCTS CORPORATION DBA URETHANE PRODUCTS CORP,5R766,,,
SKYLOX LLC,5R8R0,,,
"YETI COOLERS, LLC",5REC4,,,
"MILEGON, LLC DBA MILEGON LLC DIV MILWAUKEE ELECTRONICS AND SCREAMING CIRCUITS",5RNJ1,,,
"AIRGAS - NORTH CENTRAL, INC. DBA AIRGAS",5RQG9,,,
CREMAX U S A CORPORATION DBA ICY DOCK USA DIV CREMAX USA CORP.,5RYD5,,,
DONALDSON TORIT CORPORATE HQ,5RZ14,,,
TRIDENT AUTOMOTIVE INC,5S058,,,
HELMER SCIENTIFIC LLC DBA HELMER,5S161,,,
RADIATION MANAGEMENT CONSULTANTS INC,5S166,,,
"SUPERIOR FABRICATION COMPANY, LLC",5S241,,,
LA GARD INC,5S335,,,
"BIONOSTICS, INC. DIV RNA MEDICAL",5S368,,,
FLEISCHMAN F F CO,5S506,,,
BAKER & ASSOCIATES INC,5S670,,,
FLUID-AIR PRODUCTS INC. DBA FLUID-AIR PRODUCTS INC DIV GOVERNMENT,5S985,,,
"COASTAL SAFETY, INC. DBA BALCO SIGN & SAFETY",5SA38,,,
PATHFINDER DIGITAL LLC DBA PATHFINDER DIGITAL LLC,5SEX0,,,
RHEEM MANUFACTURING COMPANY,5SEZ9,,,
"MERRILL TECHNOLOGIES GROUP, INC. DBA MERRILL AVIATION & DEFENSE DIV MERRILL AVIATION & DEFENSE",5SGQ6,,,
GLOBAL NUCLEONICS LLC DBA GLOBAL NUCLEONICS,5SPS4,,,
"MICRONEL USA, INC.",5SVN8,,,
"ELECTRIC MOTION COMPANY, INC.",5T0Q1,,,
,,,,
"THERM-O-LINK, INC. DBA VULKOR",5T147,,,
"DIESEL EQUIPMENT SALES & SERVICE, INC.",5T151,,,
"CEQUENT PERFORMANCE PRODUCTS, INC.",5T1C4,,,
"JADE MANUFACTURING CO, INC DIV JADE MANUFACTURING COMPANY INC",5T268,,,
FAST GLOBAL SOLUTIONS INC DBA WASP INC,5T389,,,
DUNHAM RUBBER & BELTING CORP,5T4F7,,,
PRECISION ELASTOMERS INC DBA P E I,5T547,,,
"PINTO, INC. DBA PINTO INC",5T5Y6,,,
"WAVENET, INC.",5T6D3,,,
STRUERS INC DIV STRUERS LLC,5T799,,,
MCDANIEL CONTROL INC,5T9T4,,,
WOODWARD INDUSTRIES INC,5TCZ2,,,
SL ELECT INC. DBA STL AND ASSOCIATES,5TDE8,,,
FMJ STORAGE INC DBA FMJ STORAGE INC,5TH47,,,
RING SCREW LLC DBA STERLING HEIGHTS OPERATIONS,5TNA9,,,
"APTIV SERVICES US, LLC",5TQJ3,,,
BOSCH AUTOMOTIVE SERVICE SOLUTIONS INC.,5TVR9,,,
"ACE ELECTRONICS DEFENSE SYSTEMS, LLC",5TWH2,,,
"POWER SYSTEMS AHS, LLC",5TZJ5,,,
KROY LLC,5U1T2,,,
AERO COMPONENTS INC,5U204,,,
"HAYNES INTERNATIONAL, INC",5U296,,,
LANDMARK MANUFACTURING CORPORATION,5U403,,,
CYBERCHRON CORPORATION,5U421,,,
"WALKER & ASSOCIATES, INC.",5U440,,,
ELDON JAMES CORP,5U4Y4,,,
DAYSTAR MFG CO INC,5U540,,,
ORTEL CORPORATION DIV ORTEL DIVISION,5U557,,,
"TECHNICAL RUBBER COMPANY, INC.",5U567,,,
"CRYOGENIC EXPERTS, INC. DBA CEXI",5U575,,,
"CRASH RESCUE EQUIPMENT SERVICE INCORPORATED DIV CRASH RESCUE EQUIPMENT SERVICE, INC.",5U658,,,
"DOVER ENERGY, INC. DBA DE-STA-CO",5UDW3,,,
"CMBF, LLC DBA CMBF LLC",5UE65,,,
"STORAGE CONCEPTS, INC.",5UJD2,,,
"HOSE CONNECTION INC DIV HOSE CONNECTIONS, INC",5UPA4,,,
"CAHON SYSTEMS, INC. DBA CAHON SYSTEMS INC",5UQ50,,,
JO-KELL INC. DBA JO-KELL INC,5V049,,,
WEL-FAB DEFENSE LLC DBA WEL-FAB,5V084,,,
AKON INCORPORATED,5V234,,,
CYKLOP STRAPPING CORP,5V433,,,
"COILING TECHNOLOGIES, INC. DBA COILING TECHNOLOGIES INC",5V437,,,
FILPRO CORP,5V505,,,
S AND S MACHINE CO INC,5V631,,,
ECONO-THERM ENERGY SYSTEMS CORP,5V670,,,
BARNEGAT LIGHT MARINE PRODUCTS,5V6R0,,,
AMERICAN TENTE CASTERS INC,5V760,,,
MAC LEAN-FOGG COMPANY DBA MAC LEAN FASTENERS DIV MACLEAN POWER SYSTEMS,5V824,,,
"INTEGRATED SYSTEMS ANALYSTS, INC. DBA I S A",5V951,,,
"MIDSUN GROUP, INC",5V9R5,,,
WELDEX CORPORATION,5VPT5,,,
"ULTRA ARMORING, LLC",5VR86,,,
LABSTRONG CORP.,5VS36,,,
MODULARM CORPORATION,5VXH6,,,
"PROTO LABS, INC.",5W0A2,,,
LENCO ELECTRONICS INC,5W358,,,
"AMENTUM SERVICES, INC.",5W3V7,,,
SWIFT TEXTILE METALIZING LLC,5W560,,,
"ATSCOTT MFG, INC.",5W897,,,
FLATWATER FLEET INC DBA FLATWATER FLEET INC,5W946,,,
BADGER MILL SUPPLY CORPORATION DBA BADGER MILL SUPPLY CORP DIV BADGER MILL SUPPLY CORP.,5WA62,,,
"GOVSMART, INC. DBA GOVSMART INC",5WFZ8,,,
APS PRESSURE SYSTEMS LLC,5WHF9,,,
"ACUMENTRICS RUPS, LLC",5WJV5,,,
LIFECORE FITNESS INC,5WKC9,,,
"HOUSTON STRUCTURES, INC",5WMK5,,,
"FALCON ELECTRONICS, INC.",5X304,,,
GREGORY THOMAS INC,5X379,,,
GENIE MACHINE AND TOOL CO,5X449,,,
,,,,
ICC INC,5X528,,,
"POWER PLUS, INC DBA POWER PLUS INC",5X557,,,
BATTERIES BY FISHER INC,5X577,,,
"ELENCO ELECTRONICS, INC.",5X699,,,
"PETTER INVESTMENTS, INC. DBA PETTER INVESTMENTS INC DIV RIVEER ENVIRONMENTAL",5X781,,,
PRO BATTERY INC,5X783,,,
"TORCHWEAR OF OHIO, LLC DBA TORCH WEAR",5X7F5,,,
"REV AMBULANCE GROUP ORLANDO, INC. DBA REV AMBULANCE GROUP ORLANDO INC DIV WHEELED COACH INDUSTRIES, INC.",5X824,,,
PATTERSON DENTAL,5XLW0,,,
"AMERICAN EMI SOLUTIONS, INC. DIV NEW ENGLAND DIE CUTTING, INC.",5XM28,,,
JTEKT BEARINGS NORTH AMERICA LLC DIV KBNA - ORD 1,5XMS1,,,
VIGOR WORKS LLC,5Y009,,,
ULTRA ELECTRONICS ICE INC,5Y111,,,
AMAMCO TOOL & SUPPLY CO INC,5Y335,,,
INGERSOLL CUTTING TOOL COMPANY,5Y454,,,
CONSOLIDATED PIPE AND VALVE SUPPLY CO INC,5Y471,,,
THOMAS-LINCOLN MERCURY DATSUN,5Y582,,,
DUOTECH SERVICES LLC,5Y609,,,
MATSUSHITA ELECTRIC CORP OF AMERICA DBA PANASONIC BTSC,5Y727,,,
"USA SAFETY SOLUTIONS, INC. DIV SALES",5Y9X3,,,
KICKER,5YA56,,,
"HD AERO SUPPORT, INC. DBA HD AERO SUPPORT",5YBK9,,,
"BENEQ, INC",5YS55,,,
"MILPOWER SOURCE, INC.",5YWX2,,,
PALADIN TOOLS/CONNECTOOL INC,5Z102,,,
BELMONT INSTRUMENT LLC,5Z133,,,
"PLANAR SYSTEMS, INC.",5Z179,,,
WT FARLEY INC,5Z398,,,
INDUSTRIAL MATERIAL HANDLING SYSTEM,5Z402,,,
APPION INDUSTRIES INC,5Z4H1,,,
"G D SUPPLY, INC DBA JOHNSTONE SUPPLY",5Z512,,,
BATLITE LIGHTING LLC,5Z8E6,,,
HDI LANDING GEAR USA INC,5ZBP4,,,
"PFEIFER WIRE ROPE & LIFTING TECHNOLOGY, INC.",5ZBZ6,,,
PERMA MANFACTURING INC,5ZEM3,,,
"HALTON GROUP AMERICAS, INC.",5ZEW7,,,
ARTHROCARE MEDICAL CORPORATION,5ZJY6,,,
"UNITED AG SERVICES, LLC",5ZKF6,,,
"MEDICAL INSTRUMENT DEVELOPMENT LABORATORIES, INC. DBA MID LABS",5ZL83,,,
COYOTE INTERNATIONAL LLC,5ZQ76,,,
"PORVAIR FILTRATION GROUP, INC. DIV PORVAIR ASHLAND",5ZQQ9,,,
STRAVAL MACHINE CO INC,5ZU03,,,
WILTECH INC,5ZWG7,,,
"DURALAST PRODUCTS, LLC",5ZZQ2,,,
,,,,
,,,,
"ZODIAC OF NORTH AMERICA, INC. DBA ZODIAC OF NORTH AMERICA INC DIV MILPRO",60042,,,
SPIRA MANUFACTURING CORPORATION DBA SPIRA MANUFACTURING CORP,60050,,,
USI INC,60074,,,
MG INDUSTRIES WELDING PRODUCTS DIV,60097,,,
"INTERSTATE DIESEL SERVICE, INC. DBA INTERSTATE-MCBEE",60101,,,
STAR MFG INTL TOASTWELL,60105,,,
SAUNDERS ENTERPRISES INC,60111,,,
PSI WEST INC,60116,,,
NEWVAC LLC DIV AMERICAN DEFENSE INTERCONNECT,60118,,,
"MONADNOCK COMPANY, THE DBA LISI AEROSPACE",60119,,,
RANTEC POWER SYSTEMS INC. DBA RANTEC POWER SYSTEMS,60132,,,
"BUTLER PRODUCTS, INC.",60153,,,
ENJET AERO DAYTON INC,60168,,,
UNITED ENGINES LLC,60169,,,
MARK INDUSTRIES,60178,,,
ALBANY INTL ENGINEERED SYSTEMS DIV,60194,,,
"PRESIDIO COMPONENTS, INC. DBA PRESIDIO COMPONENTS INC",60212,,,
"E O MANUFACTURING COMPANY, INC. DBA E O MANUFACTURING",60223,,,
"L3 TECHNOLOGIES, INC. DBA OCEAN SYSTEMS DIV OCEAN SYSTEMS",60225,,,
"PEERLESS HARDWARE MFG CO, INC",60236,,,
"MOTION CONTROL INDUSTRIES, INC.",60250,,,
ARTEX AIRCRAFT SUPPLIES INC. DBA WULFSBERG ELECTRONICS DIV CHELTON AVIONICS INC.,60253,,,
AMERIBROM INC,60255,,,
"MINCO TECHNOLOGY LABS, LLC",60264,,,
"SUPERWINCH, LLC",60287,,,
B AND M MACHINE CO INC,60308,,,
SOUTH PARK CORP,60319,,,
PHILLIPS RESEARCH CORP,60347,,,
TORO CO THE,60361,,,
PARKER-HANNIFIN CORPORATION DIV O-RING DIVISION,60363,,,
RINGFEDER POWER TRANSMISSION USA CORP DBA RINGFEDER POWER TRANSMISSION USA CORPORATION,60372,,,
,,,,
SPINCO METAL PRODUCTS INC,60390,,,
XICOR INC,60395,,,
REGAL-BELOIT CORPORATION DBA FASCO GROUP DIV CASSVILLE DIVISION,60399,,,
TRI-MACK PLASTICS MANUFACTURING CORP,60402,,,
GENESIS LAMP CORP,60426,,,
"ADI ELECTRONICS, INC.",60430,,,
"QUINTRON SYSTEMS, LLC",60455,,,
PANAVISE PRODUCTS INC,60476,,,
AMERICAN MICROWAVE CORPORATION,60483,,,
INTERNATIONAL MICROWAVE DEVICES,60484,,,
MICREL INC,60496,,,
TRAILMOBILE INC SUB OF THE PULLMAN CO,60528,,,
AUDIOTRONICS VIDEO DISPLAY DIV AUDIOTRONICS CORP,60539,,,
"FLOSCAN INSTRUMENT COMPANY, INC. DBA FLOSCAN",60566,,,
"OLIVER-TOLAS HEALTHCARE PACKAGING, LLC",60585,,,
SCIENCE APPLICATIONS INTERNATIONAL CORPORATION DIV SAIC,60595,,,
ELMO USA CORP,60599,,,
"PRIME ALLOY STEEL CASTINGS, INC.",60600,,,
,,,,
FRANMAR MANUFACTURING INC,60616,,,
GORE W L AND ASSOCIATES INC,60622,,,
ADK PRESSURE EQUIPMENT CORPORATION,60629,,,
"SELF-POWERED LIGHTING, INC",60640,,,
ADVANCED CONVERSION TECHNOLOGY INC DIV ADVANCED CONVERSION TECHNOLOGY,60642,,,
ENTERPRISE RUBBER INC,60648,,,
"DAN-MAR COMPANY, INC. DBA DANMARCO DIV DAN-MAR COMPANY INCORPORATED",60658,,,
K ELECTRONICS INC. DBA KELECTRONICS INC.,60668,,,
ROSEMOUNT AEROSPACE INC. DBA ROSEMOUNT AEROSPACE DIVISION DIV UTAS,60678,,,
V-B MACHINE CO INC,60682,,,
SPECIALTY CABLE CORP,60685,,,
PYRAMID GRANITE & METALS INC DIV NONE,60700,,,
TRINITY TOOL CO DIV TRINCO TRINITY TOOL COMPANY,60730,,,
"SIGMA ELECTRONICS, INC.",60767,,,
"ARROW INTERNATIONAL, INC. DBA TELEFLEX",60791,,,
"ALLEN DATAGRAPH SYSTEMS, INC.",60795,,,
KEVLIN CORPORATION DBA COBHAM SENSOR SYSTEMS DIV KEVLIN DIVISION,60809,,,
MARTIN CAB CO DIV OF MARTIN SHEET METAL INC,60810,,,
LOCKHEED MARTIN CORPORATION DIV LOCKHEED MARTIN INFORMATION SYSTEMS & GLOBAL SOLUTIONS,60854,,,
"SUPPORT SYSTEMS ASSOCIATES, INC. DBA SUPPORT SYSTEMS ASSOCIATES INC",60877,,,
AMETEK INC HEAT TRANSFER DIV,60883,,,
"DRAPER, INC",60891,,,
"AIR RIDE TECHNOLOGIES, INC DBA AIR RIDE TECHNOLOGIES",608W2,,,
MILWAUKEE TOOL & EQUIPMENT COMPANY INCORPORATED DBA MILWAUKEE MALLEABLE & GREY IRON WORKS DIV,60903,,,
DELL LABS INC,60909,,,
"TELLABS OPERATIONS, INC. DBA TELLABS",60915,,,
"K-LINE INDUSTRIES, INC.",60925,,,
ALDRICH CHEMICAL CO INC SUB OF SIGMA ALDRICH CORP,60928,,,
"SHAT-R-SHIELD LIGHTING, INC. DBA SHAT-R-SHIELD LIGHTING INC",60952,,,
"MARWAY POWER SYSTEMS, INC DBA MARWAY POWER SOLUTIONS",60955,,,
"PROSOFT TECHNOLOGY, INC.",60NX3,,,
"CARBIDE COMPANY, LLC DBA MONSTER TOOL COMPANY",60Q62,,,
RACK SOLUTIONS INC,60QH5,,,
"TS SALES, INC. DBA CACTUS USA",60SX2,,,
CUSTOM MARINE INC,60VQ4,,,
"LITEFIGHTER SYSTEMS, LLC",60ZK1,,,
GLOBE FASTENERS INC,61000,,,
SANDVIK INC WELDING AND WIRE DIV,61005,,,
VESCOR CORP,61028,,,
VICKERS INC,61038,,,
FABROTECH INDUSTRIES INC,61054,,,
ADVANCED ELECTROMAGNETICS INC DBA ADVANCED ELECTROMAGNETICS INC,61061,,,
SCHROFF INC,61081,,,
,,,,
"LEIDOS, INC",61099,,,
POLYPHASER CORPORATION,61114,,,
MARMON AEROSPACE & DEFENSE LLC DBA RSCC AEROSPACE & DEFENSE DIV MARMON AEROSPACE & DEFENSE,61123,,,
"POLYCRAFT PRODUCTS, INC.",61126,,,
FILTRONA EXTRUSION USA INC. DBA FILTRONA EXTRUSION INC,61153,,,
UNIFRAX I LLC,61158,,,
JFW INDUSTRIES INCORPORATED DBA JFW INDUSTRIES INC,61162,,,
,,,,
ARMOUR OF AMERICA INCORPORATED,61170,,,
QUINCY LAB CORP,61193,,,
GLAMOX AQUA SIGNAL CORPORATION,61204,,,
"TWIN DISC, INCORPORATED",61208,,,
UMA INC,61225,,,
"RJE INTERNATIONAL, INC. DBA RJE INTERNATIONAL",61257,,,
MTH TOOL COMPANY INC. DBA MTH PUMPS,61260,,,
"PACIFIC AEROSPACE & ELECTRONICS, LLC",61266,,,
"FUJITSU MICROELECTRONICS, INC.",61271,,,
"TASK RESEARCH, INC. DBA TASK RESEARCH",61272,,,
MATER MANUFACTURING INC.,61300,,,
CIRCUIT INTERNATIONAL INC,61301,,,
AAPER ALCOHOL AND CHEMICAL COMPANY,61305,,,
INDUTEC VERTRIEB TECHNISCHER INDUSTRIEPRODUKTE GMBH,6130N,,,
R & M ENERGY SYSTEMS TOMBALL P,61314,,,
"AM-DYN-IC FLUID POWER, INC. DBA ADI",61319,,,
"MICRO-METRICS, INC. DBA AEROFLEX / METELICS - EAST DIV LONDONDERRY OPERATIONS",61322,,,
PRECISION TOOL COMPANY INC,61334,,,
UNIPHASE CORP,61360,,,
"PIERSON LABORATORIES, INC.",61367,,,
INTERNATIONAL CONSTRUCTION EQUIPMENT INC,61370,,,
"LIGHTNING DIVERSION SYSTEMS, LLC DBA LIGHTNING DIVERSION SYSTEMS",61391,,,
GUTIERREZ JOE H DBA FUSION WELDING CO,61392,,,
PANOVA INC,61398,,,
"ATLAS MACHINE COMPANY, INC.",61427,,,
"R & D ELECTRONICS, INC",61434,,,
VAL-MATIC VALVE AND MANUFACTURING CORPORATION,61447,,,
RS MICROWAVE CO INC,61453,,,
TWIN CITY FAN COMPANIES LTD. DBA TC AXIAL DIV,61490,,,
UNITED STATES STEEL CORPORATION,61497,,,
"MARKLOAD SYSTEMS, INC",61500,,,
STONE AND COMPANY,61507,,,
TIMEX CORP,61515,,,
"ADVANCED PACKAGING, INC. DBA ADVANCED PACKAGING INC",61528,,,
AROMAT CORP,61529,,,
EXTECH INSTRUMENTS CORPORATION DBA EXTECH DATA SYSTEMS DIV,61535,,,
SIGTRONICS CORPORATION DBA SIGTRONICS CORP,61547,,,
GAVAZZI CARLO INC ELECTROMATIC BUSINESS UNIT,61563,,,
"HARPER PACKING SALES AND ENGINEERING, INC",61568,,,
"SYSTECH DISPLAYS, INC DBA SYSTECH DISPLAYS INC",61592,,,
SOUTHERN CONNECTICUT TOOL INC,61626,,,
UNIFLOW MANUFACTURING COMPANY DBA KOLD-DRAFT,61633,,,
DYNACO ACQUISITION CORP. DBA DYNACO WEST,61642,,,
,,,,
"ANALOG MODULES, INC",61651,,,
"ANDOVER COILS, LLC",61689,,,
BEMIS MANUFACTURING COMPANY DBA BEMIS HEALTH CARE,61692,,,
"WILL-MANN, INC DBA WILL-MANN INC",61723,,,
MARVAC SCIENTIFIC MFG CO,61746,,,
ACS WIRELESS INC,61754,,,
BUILD-ALL CORP,61755,,,
INTEGRATED DEVICE TECHNOLOGY INC,61772,,,
"BIRSCH INDUSTRIES, INC. DBA BIRSCH INDUSTRIES INC",61781,,,
"DICAR, INC.",61787,,,
ASTEC INDUSTRIES INC DIV ASTEC IND.,61790,,,
MIRA INC,61792,,,
OLYMPIC MEDICAL CORP,61798,,,
TEC CAST INC,61799,,,
,,,,
MOLECULAR GPS ENTERPRISES DBA CLAYTON CHEMICAL,61803,,,
"ATC POWER SYSTEMS, INC",61814,,,
UNIPRESS CORPORATION,61820,,,
ORTHO DIAGNOSTIC SYSTEMS INC,61829,,,
AREA LIGHTING RESEARCH INC,61838,,,
COMPUTER PRODUCTS INC BOSCHERT DIV,61852,,,
RTX CORPORATION DIV CORPORATE HEADQUARTERS,61858,,,
OMNETICS CONNECTOR CORPORATION,61873,,,
BRENNAN EQUIPMENT AND MFG CO INC,61876,,,
"TCM AMERICA, INC SC",61888,,,
NEC ELECTRONICS USA INC MICROCOMPUTER DIV ADVANCED CIRCUITS ENGINEERING,61892,,,
"TRIUMPH ACTUATION SYSTEMS - VALENCIA, INC. DBA TRIUMPH ACTUATION SYSTEMS - VALENCIA INC DIV TRIUMPH ACTUATION SYSTEMS-VAL",61898,,,
"SCHURTER, INC. DBA SCHURTER INC",61935,,,
TOPCON MEDICAL SYSTEMS INC DIV TOPCON MEDICAL SYSTEMS,61946,,,
ITRON CORPORATION DEL,61947,,,
INSPEC FOAMS INC,61969,,,
ELECTROMATIC EQUIPMENT CO. INC. DIV CHECKLINE,61974,,,
ENGLISH ELECTRIC CORP,61982,,,
OVERHEAD DOOR CORP TODCO DIV MARION,61990,,,
HUGHES ESSM CO,61998,,,
"ALTA CONSTRUCTION EQUIPMENT, L.L.C. DIV ALTA EQUIPMENT COMPANY",61AR4,,,
MIL-COTS CORPORATION,61C19,,,
"STILLERS PRECISION FIREARMS LLC DBA SPF, LLC",61JB6,,,
DICKE TOOL CO,61JY5,,,
"FRINGE MOBILITY SERVICES, INC.",61M32,,,
JD SUPPLY & MANUFACTURING,61YT1,,,
HEWITT INDUSTRIES OF L A,62014,,,
UNITED TRUCK AND EQUIPMENT CO INC,62020,,,
ROI DEVELOPMENT CORP. DBA NEWMAR,62028,,,
CMR TECHNOLOGIES INC,62030,,,
"THE BECHDON COMPANY, LLC",62035,,,
HORTON INC.,62038,,,
,,,,
DYNATECH FRONTIER CORP SUB OF DYNATECH CORP,62073,,,
MOCAP LLC,62081,,,
"WELDING METALLURGY, INC DIV COMPAC DEVELOPMENT CORP.",62099,,,
KUHNKE H INC,62105,,,
C A BRIGGS COMPANY INC,62113,,,
UNIVERSAL ELECTRIC CO,62119,,,
UNIVERSAL ENGINEERING CORP.,62137,,,
ITT FLUID TECHNOLOGY CORP,62148,,,
ILLINOIS TOOL WORKS INC. DBA ITW JETLINE ENGINEERING DIV JETLINE ENGINEERING,62162,,,
ARROWSMITH SHELBURNE INC,62165,,,
B & B SPECIALTIES INC,62206,,,
CINECARE INTERNATIONAL,62210,,,
"UNIST, INC.",62214,,,
"SATELLITE AEROSPACE, INCORPORATED DBA SATELLITE AEROSPACE INC",62224,,,
"MEGGITT DEFENSE SYSTEMS, INC. DBA MEGGITT DEFENSE SYSTEMS INC",62228,,,
"EVENTIDE, INC",62264,,,
,,,,
PARISE AND SONS INC,62276,,,
SPEC TOOL CO,62289,,,
TAMPA BRASS AND ALUMINUM CORPORATION. DBA TAMPA BRASS & ALUMINUM CORP,62294,,,
"BER-LOW MFG., INC DBA BUTECH PRESSURE SYSTEMS",62295,,,
THOMAS AND BETTS CORP,62315,,,
GLEN MAGNETICS INC,62317,,,
"REAL-TIME LABORATORIES, LLC",62319,,,
"KRYTAR, INC. DBA KRYTAR INC DIV KRYTAR",62331,,,
RHINESTAHL CORPORATION DBA RHINESTAHL AMG DIV RHINESTAHL  AMG,62340,,,
"APPLE RUBBER PRODUCTS, INC. DBA APPLE RUBBER PRODUCTS INC",62351,,,
"CTRL SYSTEMS, INC",62373,,,
"LFC INDUSTRIES, INC.",62384,,,
"CHEMTREAT, INC.",62400,,,
AIRTEX INDUSTRIES INC,62408,,,
HALES ENGINEERING CO.INC. DIV HALES ENGINEERING,62419,,,
CANOGA PERKINS CORP,62441,,,
PROTEUS INDUSTRIES INC. DBA PROTEUS INDUSTRIES INC,62443,,,
"CASCADE OPTICAL COATING, INC.",62457,,,
BOSWORTH CO,62471,,,
SPEKO PRODUCTS INC,62479,,,
BUFFALOES FIRE PUMP INC. DBA R B PUMP CO,62503,,,
POWER GENERAL CORP,62506,,,
PRES-ON PRODUCTS INC,62513,,,
MORNING PRIDE MANUFACTURING L.L.C. DBA HONEYWELL FIRST RESPONDER PRODUCTS,62520,,,
"ICOM AMERICA, INCORPORATED DBA ICOM AMERICA INC",62526,,,
VEMCO DRAFTING PRODUCTS CORPORATION DBA VEMCOCORP.COM,62527,,,
TILLOTSON CORPORATION DBA BEST MANUFACTURING DIVISION,62528,,,
"VALUE PLASTICS, INC. DIV NORDSON MEDICAL",62532,,,
LUSTRA-LINE INC DBA WARREN ASSOCIATES,62533,,,
PRECISION INDUSTRIES INC SHARPALOY DIV,62535,,,
CARDINAL TOOL INC DBA K.O. COMPONENTS,62538,,,
VACU-BLAST CORP,62555,,,
DOAN MACHINERY & EQUIPMENT CO INC,62561,,,
DESCO INDUSTRIES INC,62576,,,
"ANK TECHNOLOGY, INC",62577,,,
SEARCH UNIT SYSTEMS INC,62585,,,
VIBRO-METER CORP,62587,,,
TRAILER COMPONENT MANUFACTURING INC.,62589,,,
"TDY INDUSTRIES, LLC DBA ATI SPECIALTY MATERIALS DIV ATI SPECIALTY MATERIALS",62592,,,
"LYDALL, INC. DBA LYDALL DIV CORPORATE HEADQUARTERS",62605,,,
PHILIPS ELECTRONICS NORTH AMERICA CORPORATION DBA PHILIPS LIGHTING DIV PHILIPS LIGHTING COMPANY,62607,,,
GREENFIELD COMPRESSION INC.,62618,,,
NEWOPLASTICS LTD,62644,,,
"NTR, INC. DBA NTR INC",62645,,,
"GRENO INDUSTRIES, INC. DBA GRENO INDUSTRIES INC",62654,,,
INTERGRAPH CORPORATION,62657,,,
MIN-MAX MACHINE LTD. DBA MIN-MAX MACHINE LTD,62659,,,
"UNITED ABRASIVES, INC.",62675,,,
FLENDER CORPORATION DBA FOREIGN PARENT IS A FRIEDR FLENDER AG BOCHOLT GERMANY.,62681,,,
UHLIR MANUFACTURING CORP.,62687,,,
JBM ELECTRONICS INC,62694,,,
KOBISHI AMERICA INC DBA ASECO (AMERICAN SECURITY EQUIP. CO.),62695,,,
MILE HIGH SHOOTING ACCESSORIES LLC DIV MILE HIGH SHOOTING ACCESSORIES,626Q9,,,
FILTRATION SYSTEMS PRODUCTS INC. DBA FILTRATION SYSTEMS PRODUCTS,62722,,,
POLHEMUS INCORPORATED,62730,,,
"LEHIGH FLUID POWER, INC.",62748,,,
VAPOR BLAST MANUFACTURING CO,62755,,,
PRJ EQUIPMENT CO,62762,,,
ANVER CORP,62763,,,
"CELLTRON, INC. DBA CELLTRON INC",62765,,,
HITACHI AMERICA LTD DBA HITACHI COMPUTER PRODUCTS AMERICA INC,62786,,,
LITTON NETWORK ACCESS SYSTEMS LITTON ACQUIRED BY NORTHROP GRUMMAN FACILITY CLOSED,62787,,,
BFM ENERGY PRODUCTS CORP,62793,,,
"AR SYSTEMS, INC.",62794,,,
NEC CORPORATION OF AMERICA DBA N E C HOME ELECTRONICS,62803,,,
ACE AERONAUTICS LLC,62810,,,
"GKN DRIVELINE NORTH AMERICA, INC.",62826,,,
ROBOT COUPE USA INC,62829,,,
CHARLES BERONIO DBA HELDOR SPHERE,62830,,,
WILKES & MC LEAN LTD DIV WILKES AND MCLEAN LTD,62834,,,
GARELICK MFG CO,62840,,,
ROBINSON LABORATORIES INC DBA HERLEY NEW ENGLAND,62841,,,
"ALLIED HEALTHCARE PRODUCTS, INC. DBA ALLIED",62842,,,
LITTLE AIR GIANT INC,62864,,,
BALTEK INC DIV BALETK INC.,62878,,,
"INFLATION SYSTEMS, INC. DBA INFLATION SYSTEMS INC",62882,,,
CENTRAL POWER PRODUCTS INC DBA/CENTRAL MFG,62918,,,
ACCRA PAC GROUP,62919,,,
GB ELECTRICAL INC,62933,,,
EXCELTEC INTL CORP,62950,,,
MULTI-TECH SYSTEMS INC,62959,,,
"ABRASIVE BLAST SYSTEMS, INC.",62974,,,
"HAMPTON HYDRAULICS, LLC. DBA GREAT BEND INDUSTRIES DIV HAMPTON HYDRAULICS, LLC.",62982,,,
COTO TECHNOLOGY,62YB5,,,
"BUHLER TECHNOLOGIES, LLC",62YX8,,,
REYNOLDS CONSUMER PRODUCTS INC,63001,,,
ARCOLECTRIC CORP,63006,,,
DONTECH INC DIV DONTECH INCORPORATED,63009,,,
ACV INC.,63018,,,
,,,,
LONG-LOK FASTENERS CORPORATION DBA A AND W SCREW MACHINE PRODUCTS,63035,,,
"MEMCO, INC. DBA MILITARY ELECTRONICS MANUFACTURING",63042,,,
VICTOR PRODUCTS CORP,63045,,,
"SUB AQUATICS, INC. DBA BREATHING AIR SYSTEMS DIV SUB-AQUATICS INC, DBA BREATHING AIR SYSTEMS",63054,,,
AIR-DRIVE INC.,63055,,,
,,,,
COMARCO INC,63062,,,
"DEPUY SYNTHES SALES INC DBA DEPUY SYNTHES TRAUMA DIV DEPUY SYNTHES SALES, INC., D/B/A DEPUY SYNTHES TRAUMA",63075,,,
FELLOWES INC,63090,,,
"SAI INDUSTRIES, INC",63095,,,
CAE USA INC.,63100,,,
SDS BIOTECH INC,63106,,,
TRANSWIND INC DIV OF WATER BONNET INC,63108,,,
"NEWVAC, LLC DIV NEWVAC",63127,,,
DAVTRON,63131,,,
ORAFOL AMERICAS INC,63156,,,
POLYTRON DEVICES INC,63165,,,
RECKITT AND COLMAN INC R AND C PROBRANDS DIV,63180,,,
OMNITHRUSTER INC.,63183,,,
CALIFORNIA LASER CORP SUB OF LASER PHOTONICS INC,63191,,,
,,,,
PARA-GEAR EQUIPMENT CO,63266,,,
WELCH C MARTIN AND CO,63272,,,
"THE VOLLRATH COMPANY, L.L.C. DIV VOLLRATH",63277,,,
HAEMONETICS CORPORATION,63303,,,
FREUDENBERG-NOK GENERAL PARTNERSHIP,63307,,,
VULCAN ELECTRIC CO DIV VULCAN ELECTRIC COMPANY,63325,,,
"MARTINEZ AND TUREK, INC. DBA MARTINEZ & TUREK INC",63330,,,
"A & D ENGINEERING, INC.",63338,,,
IMPACT INSTRUMENTATION INC. DBA IMPACT MEDICAL,63346,,,
"LOMBART BROTHERS, INC DIV MARCO LOMBART",63381,,,
HONEYWELL INTERNATIONAL INC. DIV LORI INC,63389,,,
ATLANTIC INERTIAL SYSTEMS INC DIV CHESHIRE DIVISION,63395,,,
COLEMAN ENGINEERING INC,63397,,,
THERM PROCESSES INC,63427,,,
DOUGLAS BATTERY MANUFACTURING COMPANY,63432,,,
,,,,
ROTO-THRUST CORP,63447,,,
"TR ENGINEERING, INC DIV TR ENGINEERING INCORPORATED",63465,,,
CANTON STOKER CORP WAGENER PUMP DIV,63492,,,
WAHMANN MFG CO,63500,,,
LECTRIC LITES CO INC,63507,,,
VAN PRODUCTS CO,63513,,,
L3 AVIATION PRODUCTS INC,63516,,,
HOCHIKI AMERICA CORPORATION DBA HOCHIKI AMERICA CORP,63528,,,
DELTA INDUSTRIES INC,63538,,,
ANCHOR SCIENTIFIC INC,63541,,,
HALL-MARK ELECTRONICS CORP,63542,,,
RHYTHM INDUSTRIES INC,63564,,,
"HARTMANN CONTROLS, INC DIV HARTMANN CONTROLS",63568,,,
"STARWIN INDUSTRIES, LLC",63592,,,
WEST WEIGH SCALE INC SUB OF WESTERN SCALE CO INC,63598,,,
"ANESTHESIA ASSOCIATES, INC DIV AINCA",63616,,,
"DELPHI POWERTRAIN SYSTEMS, LLC",63632,,,
HUNTER DOUGLAS INC WOTAN MACHINE TOOLS DIV,63635,,,
SQUARE D CO PINELLAS PLANT,63638,,,
VAISALA INC.,63653,,,
CEF INDUSTRIES INC ENVIRON DIV,63665,,,
VANCE PRODUCTS INC DBA COOK UROLOGICAL,63671,,,
"APEX TOOL GROUP, LLC DBA NICHOLSON",636D0,,,
"L-3 SERVICES, INC. DBA COMMAND & CONTROL SYSTEMS SOFTWARE & EXPEDITIONARY OPERATION",63702,,,
"TRANSPORTATION PRODUCTS, INC.",63708,,,
"AMERICAN HOSE & INDUSTRIAL RUBBER, INC.",63711,,,
"ROSELM INDUSTRIES, INC. DBA ROSELM IND INC",63715,,,
SEALCRAFT CORPORATION,63728,,,
WARD LEONARD CT LLC,63743,,,
TELEDYNE SOLID STATE PRODUCTS DIV TELEDYNE INDUSTRIES SUB OF TELEDYNE INC,63745,,,
RADIALL INCORPORATED DBA RADIALL/LARSEN ANTENNA TECHNOLOGIES,63747,,,
J D S PRODUCTS INC DIV NA,63752,,,
BAE SYSTEMS CONTROLS INC,63760,,,
AERO TEC LABORATORIES INC DBA AERO TEC LABORATORIES INC,63775,,,
DURACAP INTERNATIONAL INCORPORATED,63778,,,
MICROWAVE ADVANCE COMPONENT TECHNOLOGY INC,63782,,,
TRIPLE H INDUSTRIES INC,63788,,,
"COLEMAN COMPANY, INC., THE DBA COLEMAN",63806,,,
WARNER ELECTRIC BRAKE AND CLUTCH CO HQ,63810,,,
FRONTIER ELECTRONIC SYSTEMS CORP,63812,,,
OLYMPIC WIRE & CABLE CORP,63830,,,
WARREN-SHERER DIV OF KYSOR INDUSTRIAL CORP,63840,,,
WARREN INDUSTRIES INC DBA WARREN INDUSTRIES INC DIV WARREN-KNIGHT INSTRUMENT CO. AND N. AMER. SURVEY SUPPLY CO.,63848,,,
QUANTUM CORP,63852,,,
POLLY-PIG BY KNAPP CORP,63853,,,
CIRCOR NAVAL SOLUTIONS LLC DBA WARREN PUMPS,63857,,,
"SENSIDYNE, LP DBA SENSIDYNE",63882,,,
"JARP INDUSTRIES, INC. DBA JARP INDUSTRIES INC",63899,,,
GROVE GEAR DIV OF REGAL BELOIT CORP,63940,,,
KAY PARK-REC CORPORATION DBA KAY PARK REC CORP DIV KAY PARK-REC CORP.,63968,,,
GTE PRODUCTS CORP SYLVANIA LIGHTING EQUIPMENT DIV,63974,,,
"SPANCO, INC.",63978,,,
EZPNP-USA,63BG5,,,
"HEXAGON US FEDERAL, INC",63CL1,,,
AMERICAN METAL & RUBBER INC DBA AMERICAN METAL AND RUBBER INC,63DL2,,,
THE CARY CO,63EQ1,,,
"MUSTANG SURVIVAL MFG, INC. DBA MUSTANG SURVIVAL",63G68,,,
"C & K COMPONENTS, LLC DIV C & K COMPONENTS",63HW9,,,
"SPEER OPERATIONAL TECHNOLOGIES, LLC",63M48,,,
QBM OHIO INC,63V53,,,
G E MCCLAIN ENTERPRISES INC DBA MC CLAIN ENTERPRISES,64017,,,
ARRAL INDUSTRIES INC DBA ARRAL INDUSTRIES,64031,,,
3 COM CORPORATION DBA 3COM,64034,,,
WATSON MCDANIEL CO,64042,,,
ALFLEX CORP,64044,,,
SOURCEAMERICA,64067,,,
TRICOR SYSTEMS INC,64117,,,
BEI MOTION SYSTEMS CO INC INDUSTRIAL ENCODER DIV,64127,,,
FILTER CONCEPTS INCORPORATED DBA AUDIO POWER INDUSTRIES,64135,,,
KAELITE CORPORATION,64158,,,
OHIO HYDRAULICS INC,64160,,,
ELISHA WEBB & SON COMPANY,64171,,,
ADVANCE WHEEL CORPORATION,64197,,,
NORDON LLC DBA COOLER SOLUTIONS,641L0,,,
"ADHESIVE PACKAGING SPECIALTIES, INC. DBA APS DIV ADHESIVE PACKAGING SPECIALTIES, LLC",64201,,,
P D C ASSOCIATES INC,64217,,,
ARTCRAFT MACHINE CORP. DBA ARTCRAFT MACHINE CORP.,64226,,,
MAGEE PLASTICS COMPANY,64235,,,
HENKEL INC. DBA KEEN OVENS,64244,,,
LIFESAVING SYSTEMS LLC,64249,,,
R M MATERIALS HANDLING INC,64261,,,
"J M L OPTICAL INDUSTRIES, INC. DBA J M L DIRECT OPTICS DIV JML OPTICAL INDUSTRIES LLC",64281,,,
ABLE COMMUNICATIONS,64287,,,
SYCON CORP WESTON INSTRUMENT DIV,64317,,,
"MID MOUNTAIN MATERIALS, INC.",64321,,,
STOCKER & YALE INC MFE INSTRUMENTS DIV,64331,,,
DSS PRODIESEL PARTNERS LLC,64349,,,
FEDDERS CORPORATION,64363,,,
DEROYAL INDUSTRIES INC,64374,,,
NORWICH AERO PRODUCTS INC,64375,,,
GREAT LAKES RUBBER & SUPPLY INC DBA GREAT LAKES RUBBER & SUPPLY INC,643A6,,,
E-Z FASTENING SOLUTIONS INC DBA E-Z FASTENING SOLUTIONS INC,643K4,,,
DIVERSIFIED TECHNOLOGY INC,64409,,,
"COPP INDUSTRIAL MANUFACTURING, INC. DBA COPP INDUSTRIAL MANUFACTURING",64420,,,
DELTA INDUSTRIES DBA DELTA  HYDRO/U S HYDROTEST DIV N/A,64447,,,
"SAFRAN POWER UNITS DALLAS, INC.",64460,,,
,,,,
"MICROTEK MEDICAL, INC.",64472,,,
"WELCH ALLYN HOLDINGS, INC.",64475,,,
INTERTRACTOR AMERICA CORP,64478,,,
PACKING & SEALS INC DBA PACKING & SEALS INC,64480,,,
"PACIFIC INDUSTRIAL COMPONENTS, INC.",64488,,,
TRANSLOGIC INCORPORATED DBA TRANSLOGIC INC,64491,,,
REGAL-BELOIT CORP DURST DIV,64493,,,
CLAUSING INDUSTRIAL INC DBA CLAUSING CORP,64501,,,
FAHRINGER T L CO INC,64524,,,
MAJOR LITING INC,64533,,,
DISCOVERY CORP,64546,,,
"HONEYWELL INTERNATIONAL, INC DIV AEROSPACE-TUCSON",64547,,,
E G POWER CO,64552,,,
"PRESSURE SYSTEMS, INC. DBA PSI",64563,,,
TWIN MANUFACTURING CO DBA TWIN MRO,64564,,,
"TSE INTERNATIONAL, INC",64565,,,
AFE VICTORY INC.,64578,,,
INDUSTRIAL THERMOFORM INC,64590,,,
CRAFT PRECISION PRODUCTS INC,64593,,,
WELLINGTON INDUSTRIES INC CASTER AND TRUCK MFG DIV,64598,,,
"COOPER INTERCONNECT, INC. DBA USE CAGE CODE 0D0V6 FOR CATALOGING",64600,,,
DATEX INSTRUMENTS INC,64606,,,
"BUCK SCIENTIFIC, INC",64610,,,
AERO RUBBER CO INC,64665,,,
H.M. DUNN COMPANY INC DBA NEX-TECH AEROSPACE,64666,,,
ETCON CORP. DBA ELECTRIC SUPPLY DIRECT,64668,,,
API INMET INC,64671,,,
,,,,
DEPCO INC,64687,,,
"FABRICATION DYNAMICS, INC.",64702,,,
LORENCE MFG CORP,64712,,,
ARGENCORD MACHINE CORP INC,64724,,,
AEROSPACE RIVET MFRS CORP,64728,,,
"AVALON INDUSTRIES, INC",64730,,,
PULSAFEEDER INC,64743,,,
"ENDICOTT PRECISION, INC. DBA ENDICOTT PRECISION INC",64754,,,
WESSELS COMPANY DBA RNK INTL C/O,64759,,,
ELANTEC INC,64762,,,
GLENDO LLC,64766,,,
BOFREBO INDUSTRIES INC ENDUSTRA FILTERS MFRS DIV,64774,,,
"C.A.E., INC. DBA LITTLITE DIV LITTLITE LLC",64777,,,
MARLO MANUFACTURING CO INC,64789,,,
TAYLOR HOBSON INC,64790,,,
SPINTECH HOLDINGS INC,647M4,,,
PROGRESSIVE ELECTRONICS INC,64805,,,
FLUID COMPONENTS INTERNATIONAL LLC DBA FLUID COMPONENTS INTERNATIONAL LLC DIV AEROSPACE DIVISION,64818,,,
COMMONWEALTH MACHINING LLC DBA JEWETT MACHINE,64853,,,
VELCON FILTERS INC,64863,,,
FOUNDATION EQUIPMENT CORP,64866,,,
"TELEDYNE FLIR, LLC DIV CORPORATE",64869,,,
STARK MANUFACTURING CO DBA STARK MANUFACTURING CO,64873,,,
FASTENING SYSTEMS INTERNATIONAL,64878,,,
PENTAIR TECHNICAL PRODUCTS DBA MCLEAN THERMAL USE CAGE CODE 61154 FOR CATALOGING DIV HOFFMAN ENCLOSURES INC,648R8,,,
"COOPER POWER SYSTEMS, INC. DBA COOPER POWER SYSTEMS, INC.",64916,,,
VALLEY INDUSTRIAL PRODUCTS INC,64918,,,
,,,,
SYMBOL TECHNOLOGIES INC. DBA SYMBOL TECHNOLOGIES OF DELAWARE DIV GOVERNMENT SYSTEMS - ENTERPRISE MOBLITY BUSINESS,64928,,,
BETA TRANSFORMER TECHNOLOGY LLC,64948,,,
AMERICAN TELEPHONE AND TELEGRAPH CO,64959,,,
WESTERN ELECTRO MECHANICAL CO INC,64963,,,
FUJINON INC. DIV SPECIAL PRODUCTS - ENDOSCOPIC EQUIPMENT,64991,,,
"INTERTHOR, INC.",64994,,,
"APPLIED SPECIALTIES, INC. DBA R F DEPOT.COM",64998,,,
LINDE GAS & EQUIPMENT INC. DBA LINDE GAS & EQUIPMENT,649M0,,,
BTG INTERNATIONAL INC,64CJ4,,,
BASERS ENGINEERING LLC,64FG3,,,
SPANAWAVE CORPORATION,64H64,,,
TESSEC LLC,64HT6,,,
INGENICO CORP. (DELAWARE),64KZ7,,,
"SOUTHWEST SYNERGISTIC SOLUTIONS, LLC DBA SOUTHWEST SYNERGISTIC SOLUTIONS",64U68,,,
TIGRE USA INC.,64V24,,,
"THE SAIL WORKS, INC. DBA SAILWORKS",64V48,,,
"HVAC/R INTERNATIONAL, INC.",64WL2,,,
"VIKING SATCOM, LLC",64Y12,,,
"BERRY, JOHN DBA BERRY MANUFACTURING",65003,,,
CIRCUIT COMPONENTS INC.,65026,,,
TANDEMLOC INC,65059,,,
"WOODWARD FST, INC",65065,,,
AMOCO CHEMICAL CORP ENGINEERING RESINS DEPT,65077,,,
AIRBORNE SUPPLY DBA TRIUMPH FABRICATIONS-HOT SPRINGS DIV TRIUMPH FABRICATIONS - HOT SPRINGS,65088,,,
"PETER BRASSELER HOLDINGS, LLC. DIV DENTAL",65096,,,
HILTEBRANT INDUSTRIAL SALES CO. DBA HI POWER PRODUCTS CO. DIV HILTBRANT INDUSTRIAL SALES CO.,65111,,,
"ALL FLEX SOLUTIONS, INC.",65114,,,
"W. KINTZ PLASTICS, INC. DBA K P I PLASTICS",65124,,,
"U.S. AEROTEAM, INC.",65141,,,
BARBER-COLMAN CO ENVIRONMENTAL CONTROLS DIV,65149,,,
BENNON GROUP A. S.,6515G,,,
PATTERSON PUMP CO DIV PATTERSON PUMP COMPANY,65177,,,
"CLARKE MOSQUITO CONTROL PRODUCTS, INC.",65183,,,
"WIRELESS TELECOM GROUP, INC. DBA NOISECOM DIV NOISECOM",65185,,,
"VERMONT CIRCUITS, INC.",65200,,,
ELECTRO-MAG,65209,,,
WHIRLWIND LAWN MOWER CORP,65216,,,
"SEAL SCIENCE, INC.",65219,,,
VALVE SPECIALISTS INC DIV OF PROCESS SALES INC,65221,,,
"INGLESIDE MACHINE CO., INC. DBA INGLESIDE MACHINE CO INC",65227,,,
"MEMORY PROTECTION DEVICES, INC.",65249,,,
COMPTECH,65273,,,
WHITE MOTOR CORP,65282,,,
EMERSON ELECTRIC CO WHITE RODGERS CO DIV,65289,,,
"ARNOLD'S WELDING SERVICE, INC.",65304,,,
DAYTEL MFG INC,65325,,,
PRO-LIGHT CORP SUB OF SIRCHIE FINGER PRINT LABORATORIES,65343,,,
CONOFLOW REGULATORS AND CONTROLS DIV ITT GRINNELL VALVE CO,65373,,,
DOTRONIX TECHNOLOGY INC,65374,,,
ROZENDAL ASSOCIATES INC,65376,,,
AERO-TEC INDUSTRIES INC,65392,,,
THERMOCONTROL INC DBA THERMOCONTROL INC DIV TCI,65410,,,
DC FABRICATORS INC,65427,,,
RALSTON INSTRUMENTS LLC,65428,,,
HYVAIR CORP DBA HYDRAULIC AND PNEUMATIC EQUIPMENT,65429,,,
"RW ACQUISITION, LLC DBA ROPER WHITNEY COMPANY",65434,,,
X-L ENGINEERING CORP DBA CNC INDUSTRIES A DIV OF OF X-L ENGINEERING CORP,65437,,,
CENTURION WIRELESS TECHNOLOGIES INC,65451,,,
PYR- OLEX CORPORATION,65469,,,
"NEWTEX INDUSTRIES, INC. DBA NEWTEX INDUSTRIES INC",65471,,,
"GORE, W L & ASSOCIATES INC DIV ELECTRONIC PRODUCTS DIVISION",65475,,,
KEEN MANUFACTURING INC,65493,,,
COMMERCIAL COMPONENTS,65504,,,
GORE W L AND ASSOCIATES INC ELECTRONIC PRODUCTS DIV,65512,,,
BROTHER INTERNATIONAL CORPORATION DIV FEDERAL SALES,65533,,,
CONSOLINK CORP,65542,,,
PRIVATEER LLC DBA PRIVATEER LTD,65561,,,
DAVONG SYSTEMS INC,65574,,,
"ADHESIVES RESEARCH, INC.",65592,,,
CAES SYSTEMS LLC,65628,,,
STAFFORD MANUFACTURING CORP. DBA STAFFORD MANUFACTURING CORP,65646,,,
NEUHAUS LP,65666,,,
RITTAL CORP,65671,,,
COMPAQ COMPUTER CORP.,65685,,,
CHASE GROUP INC.,65694,,,
HEIDELBERG USA INC,65713,,,
"PIONEER CIRCUITS, INC DBA PIONEER CIRCUITS INC",65723,,,
"VT MARITIME DYNAMICS, INC",65742,,,
DATAPROBE INC,65752,,,
P. V. TOOL COMPANY INC,65768,,,
TEK PRECISION CO LIMITED DIV TEK PRECISION CO. LTD.,65780,,,
"THIERICA, INC. DIV DISPLAY PRODUCTS",65785,,,
CYPRESS SEMICONDUCTOR CORPORATION,65786,,,
URDAN INDUSTRIES USA INC,65793,,,
WILLIAMS HARDWARE CO,65795,,,
VERSA-MATIC TOOL INC,65797,,,
WARD MACHINERY CO,65802,,,
CROWN PRECISION TECHNOLOGIES INC,65808,,,
"WYMAN-GORDON INVESTMENT CASTINGS, INC. DBA PCC STRUCTURALS OGDEN, UT - ALUMINUM DIVISION",65815,,,
"PRISMS UNLIMITED, INC",65818,,,
PIERCE AIRROW INTL INC,65822,,,
TRUMPF INC,65826,,,
PROMINENT FLUID CONTROLS INC,65886,,,
"GALLADE CHEMICAL, INC. DBA GALLADE CHEMICAL INC",65888,,,
AMBU INC.,65891,,,
LINAHAN MANUFACTURING CO OF CALIFORNIA,65919,,,
S AND S MACHINE CO INC,65926,,,
SHOOK MFG CO INC,65945,,,
JOHN CHADWICK CORPORATION DBA CHADWICK JOHN CORP,65956,,,
"APOTHECARY PRODUCTS, LLC",65961,,,
"MACROLINK, INC. DIV COLLINS AEROSPACE - MISSIONS SYSTEMS",65994,,,
TACTICAL COMMUNICATIONS CORPORATION DBA TACTICAL COMMUNICATIONS CORP,659L0,,,
HARTZELL ENGINE TECHNOLOGIES LLC DBA KELLY AEROSPACE ENERGY SYSTEMS,65PY1,,,
"A.M.S. NETWORK, LLC DBA AMS NETWORK LLC",65S22,,,
"MAGNA POWERTRAIN OF AMERICA, INC. DBA MPT MUNCIE EAST DIV MPT MUNCIE EAST",65U15,,,
FASTENER SUPERSTORE INC,65XX0,,,
PARKER HANNIFIN CORPORATION DIV COMPOSITE SEALING SYSTEMS DIVISION,66001,,,
DETECTOR ELECTRONICS CORPORATION DBA DET-TRONICS,66008,,,
MARTIN AEROSPACE CORPORATION DBA MARTIN CO,66016,,,
"ALCO INDUSTRIES, INC. DBA HAYSITE REINFORCED PLASTICS DIV",66019,,,
OHIO GENERATOR REMANUFACTURING,66022,,,
FILTERTEK INC,66036,,,
SOUTHERN AMBULANCE BUILDERS CO INC DBA SABC INC,66037,,,
DEE-BLAST CORPORATION,66060,,,
Q A SPECIAL SERVICES INCORPORATED DBA GRANIER & ASSOCIATES,66063,,,
"DUPREE, INC DBA STAKE FASTENER CO DIV STAKE FASTENER CO.",66071,,,
"GLOBAL PHOTONICS, INC",66083,,,
"KRATOS MICROWAVE, INC. DIV KRATOS MICROWAVE ELECTRONICS",66087,,,
GREENE TECHNOLOGIES INCORPORATED,66096,,,
ADRIAN SUPPLY,66109,,,
ACE TUBE BENDING,66119,,,
"L3HARRIS FUZING AND ORDNANCE SYSTEMS, INC.",66126,,,
PORTA DRILL INC,66155,,,
"MAMMUT SPORTS GROUP, INC.",66165,,,
"MOTIVEPOWER, INC. DBA FULMER DIV FULMER",66166,,,
DOSKOCIL MANUFACTURING COMPANY INC DIV DOSKOCIL (SPORTING DIVISION),66170,,,
ACTUS MANUFACTURING INC,66173,,,
INTERFET CORPORATION,66182,,,
"CARLISLE INTERCONNECT TECHNOLOGIES, INC.",66197,,,
"SAE PRODUCTS, LLC DBA SAE PRODUCTS",661A4,,,
UNICOM ELECTRIC INC DBA UNICOM ELECTRIC,661L1,,,
"SZYMCZAK ENTERPRISES, INC.",66201,,,
BAY STATE CONTROLS CORPORATION,66208,,,
"NAVICO, INC. DBA NAVICO INC DIV SIMRAD - NAVICO",66210,,,
THE SEABERG COMPANY INC DBA SAM MEDICAL PRODUCTS DIV SAM MEDICAL PRODUCTS,66215,,,
TECHNOLOGY MARKETING INC DBA TECHNOLOGY MARKETING INC,66229,,,
JMK INC DBA JMK INC,66239,,,
"HIGHLAND LABS, INC",66240,,,
MEADOWLANDS FIRE SECURITY & ELECTRIC SUPPLY CO INC,66244,,,
"ASEPTICO, INC. DBA ASEPTICO INC",66250,,,
MODERN CONTROLS CORPORATION,66258,,,
FULTON BOILER WORKS INC,66291,,,
"CONTROL TECHNOLOGY, INC.",66318,,,
INTERROLL CORPORATION,66320,,,
"WOLF X-RAY, CORPORATION",66335,,,
"TRI-MAC MFG , INC DBA TRI-MAC MFG & SERV",66351,,,
"PROGRAMMED TEST SOURCES, INC. DBA PTS",66381,,,
WC BRANHAM INC,66405,,,
"PAUL N. GARDNER CO, INC",66420,,,
MESA CAPITAL COMPANY OF CALIFORNIA DBA INSTRUMENT ENGINEERS,66427,,,
CVI LASER LLC DBA CVI OPTICAL COMPONENTS,66429,,,
RICHMOND TECHNOLOGY INC,66442,,,
GENERAL ELECTRIC CO,66464,,,
HARTZELL ENGINE TECHNOLOGIES LLC,664K1,,,
CONEJO CIRCUITS INC,66505,,,
ADAPTIVE TECHNOLOGIES INC,66524,,,
FRONTGRADE TECHNOLOGIES INC.,66544,,,
XTAR ELECTRONICS INC,66554,,,
"CUSTOM POWER, LTD.",66577,,,
WAFERSCALE INTEGRATION INC,66579,,,
,,,,
BESWICK CORPORATION,66583,,,
"BERING TECHNOLOGY, INC.",66608,,,
TRW INC REPLACEMENT PARTS DIV,66614,,,
TVH PARTS CO.,66654,,,
CASTOLEUM CORP,66662,,,
"D. M. T., INC.",66673,,,
,,,,
COAXIAL COMPONENTS CORP. DBA COAXIAL COMPONENTS CORP,66702,,,
CARLSON COMPANY INC THE DBA CARLSON,66753,,,
"SPECTRON ENGINEERING, INC. DBA SPECTRON ENGINEERING INC",66782,,,
"WINDSOR INDUSTRIES, INCORPORATED DBA QUADRA DIV WINDSOR INDUSTRIES A MEMBER OF KARCHER FLOOR CARE",66787,,,
SHOALS INTERNATIONAL CORPORATION DBA SHOALS AMERICAN INDUSTRIES USE CAGE CODE 0WGN0 FOR CATALOGING,66788,,,
"THOSANI, INC.",66791,,,
BRUNSON INSTRUMENT COMPANY,66796,,,
SPECIALTY TIRES OF AMERICA INC,66798,,,
TITAN TIRE CORP OF TENNESSEE,66799,,,
"GLAXOSMITHKLINE, LLC",667E9,,,
LOUISVILLE LADDER INC,667R1,,,
RITCHIE BROS RESEARCH AND DEVELOPMENT INC,66803,,,
MAGNUM ABRASIVES INC,66811,,,
ENERFAB INC,66813,,,
"POLY-AMERICA, LP DBA POL-TEX INTERNATIONAL DIVISION",66830,,,
JOHN DEERE COMPONENT WORKS SUB OF DEERE AND CO,66834,,,
DEERE & COMPANY DIV DEERE POWER SYSTEMS GROUP,66836,,,
DRS C3 & AVIATION COMPANY DBA FKA DRS ELECTRONIC SYSTEMS,66839,,,
"ENON MICROWAVE, INC",66864,,,
ARMIN PLASTICS OF CALIFORNIA INC SUB OF TYCO LABORATORIES,66865,,,
S S PRECISION GEAR & INSTR,66881,,,
ABELCONN LLC DBA ABELCONN ELECTRONICS,66886,,,
ACCUSPLIT INC,66892,,,
"PACIFIC SKY SUPPLY, INC. DBA PACIFIC SKY SUPPLY INC",66905,,,
"LABSPHERE, INC.",66921,,,
OMNI MACHINE CORPORATION,66922,,,
"DATRON WORLD COMMUNICATIONS, INC.",66943,,,
"L3HARRIS TECHNOLOGIES, INC. DBA HARRIS DIV L3HARRIS TECHNOLOGIES INC DBA HARRIS CORPORATION",66948,,,
STMICROELECTRONICS INC,66958,,,
,,,,
SHARP CARBIDE TOOL CO INC,66960,,,
CHEMAX CORPORATION,66968,,,
"FERCO TECH, LLC",66970,,,
"YOST VISES, LLC",66983,,,
LIFT SYSTEMS INC,66D15,,,
"WESTONE LABORATORIES, INC.",66DB7,,,
"COLD ZONE, INC.",66JB3,,,
MOXA AMERICAS,66UQ2,,,
BRANDY LANE ENTERPRISES INC,66V68,,,
"SPECTRUM SEI MICROWAVE, INC.",67021,,,
THE ALLENSWORTH CO,67033,,,
CONLEY GROUP INC DBA I B MOORE COMPANY INC,67048,,,
MARMON AEROSPACE & DEFENSE LLC,67050,,,
SORENSEN CO DIV OF SWITCHCRAFT INC SUB OF RAYTHEON CO,67051,,,
HYDRA RIG CRYOGENICS INC,67053,,,
"JOHNSON FILTRATION PRODUCTS, INC.",67064,,,
"TRIVENT ENGINEERING, INCORPORATED DIV TRIVENT ENGINEERING INC.",67074,,,
"HART & COOLEY, INC.",67085,,,
NIDEC-TORIN CORP,67088,,,
DAPRA CORP,67103,,,
"TRICOR DIRECT, INC. DBA EMEDCO DIV EMEDCO INC",67105,,,
OPTO DIODE CORPORATION OPTO DIODE CORP,67109,,,
"POMPANETTE, LLC DBA GRAY ENTERPRISES",67113,,,
SPENAX CORP,67143,,,
"ASSOCIATED EQUIPMENT CO, INC DBA PROFAX DIVISION",67145,,,
"ZOOK ENTERPRISES, LLC DIV ZOOK",67158,,,
BECO INC,67159,,,
BRO TECH CORP DBA PUROLITE CO,67168,,,
ZENITH ELECTRONICS CORPORATION,67177,,,
"ZEPHYR MANUFACTURING CO., INC. DBA ZEPHYR MANUFACTURING CO INC",67179,,,
PARKER-HANNIFIN CORPORATION DIV ELECTROMECHANICAL AUTOMATION DIVISION,67187,,,
"SPECTRUM FSY MICROWAVE, INC. DIV API TECHNOLOGIES - SPECTRUM MICROWAVE",67195,,,
FOAM MOLDERS,671F5,,,
"NORTHEAST RUBBER PRODUCTS, INC.",67221,,,
"ZIMMER, INC. DBA Z HOTEL",67239,,,
PLENTY INC,67248,,,
VIDENT,67251,,,
"BEI SENSORS & SYSTEMS COMPANY, INC. DBA KIMCO MAGNETICS DIV INDUSTRIAL ENCODER DIVISION",67252,,,
PRECO EQUIPMENT CO DBA PRECO MARINE,67258,,,
NORTHLAND CORP DBA AGA MARVEL DIV MARVEL SCIENTIFIC,67263,,,
"MCC HOLDINGS, INC. DBA CRANE VALVE NORTH AMERICA USE CAGE CODE 59309 FOR CATALOGING",67266,,,
LEMOINE'S MARINE REFRIGERATION INC.,67272,,,
PRESSURE SPECIALTIES INCORPORATED,67289,,,
"CRONATRON WELDING SYSTEMS, INC.",67292,,,
"HEROTEK, INC. DBA HEROTEK INC",67297,,,
"CRADLEPOINT, INC. DBA CRADLEPOINT INC",672R1,,,
AERO GEAR INCORPORATED,67309,,,
F M BRICK INDUSTRIES INC DBA PHOENIX RESCUE EQUIPMENT,67311,,,
"THE ULTRA-MET COMPANY DIV ULTRA-MET COMPANY, THE",67313,,,
J & E MANUFACTURING LLC DIV J&E MANUFACTURING CO. LLC,67323,,,
"BOND OPTICS, LLC",67328,,,
ALPINE MACHINE & TOOL CORPORATION,67339,,,
"SIMULAIDS, INC. DIV SIMULAIDS",67342,,,
NEPTUNE RESEARCH INC,67377,,,
"BREEZER HOLDINGS, LLC DBA BREEZER MOBILE COOLING",673Q7,,,
INTERNATIONAL CALCULATOR SALES INC,67431,,,
FIBEROPTIC ENGINEERING CORPORATION,67612,,,
,,,,
,,,,
RADIO HOLLAND USA INC DBA RADIO-HOLLAND USA,67900,,,
KADANT INC. DBA WEBB SYSTEMS DIV KADANT SOLUTIONS,67BP2,,,
"JST SALES AMERICA, INC.",67D17,,,
RD PLASTICS CO INC,67TR4,,,
"POWERTHRU, INC.",67UT1,,,
KONECRANES INC DBA MILWAUKEE PARTS DIV CRANE PRO PARTS,67WG8,,,
"HUBBELL LIGHTING, INC.",67XG9,,,
"MICROGATE SYSTEMS, LTD. DBA MICROGATE SYSTEMS LTD",67ZW9,,,
WELCH ALLYN INC LAMP DIV,68045,,,
PROVANTAGE LLC,68053,,,
"BERG ENGINEERING & SALES CO., INC.",68062,,,
"LION APPAREL, INC.",68219,,,
"PACIFIC WESTERN TECHNOLOGY, INC.",68237,,,
"PATTON, LLC",68268,,,
CLASSEN GOVERNMENT SERVICES INC,68500,,,
SCHAABS ILLUMINATING SERVICE DBA SIS LIGHTING & PLASTIC PRODUCTS,68570,,,
PORTER CABLE,68821,,,
XILINX INC.,68994,,,
SHADOW TECH LLC,68AX1,,,
"CS SYSTEMS COMPANY, INC. DBA MILSPEC PLASTICS DIV MILSPEC PLASTICS",68D01,,,
PETERSON MANUFACTURING COMPANY,68H58,,,
MOOG MILITARY AIRCRAFT LLC DIV SANTA BARBARA,68J03,,,
"FIRSTSPEAR, LLC",68M91,,,
D. GILLETTE INDUSTRIAL SERVICE'S INC,68ME8,,,
,,,,
MAGNE CORP,69098,,,
WIKA INSTRUMENT CORP,69232,,,
"JBK MANUFACTURING, LLC DBA J B K MANUFACTURING & DEVELOPMENT",69282,,,
"HO-HO-KUS, INC",69370,,,
GLENTECH INC,69374,,,
SYBA MULTIMEDIA INC. DBA SYBA TECHNOLOGIES,693M5,,,
"FORESIGHT PRODUCTS, LLC",69403,,,
ALL-STATE WELDING PRODUCTS INC,69482,,,
NICHOLS WIRE INCORPORATED,69523,,,
POLLUTION SYSTEMS INC,69536,,,
TRU-FAB INC,69606,,,
ELSCOTT MANUFACTURING LLC,69745,,,
GRASSLIN CONTROLS CORP,69798,,,
HH TOOL,69922,,,
"CUSTOMTIEDOWNS.COM, INC. DBA CUSTOM TIE DOWNS CO",69E32,,,
"STEGO, INC.",69HU5,,,
BARRY E. WALTER SR. COMPANY,69K66,,,
"MAVTECH USA, INCORPORATED DBA MAVTECH USA",69L84,,,
MAIDA DEVELOPMENT COMPANY,69LD7,,,
K PUMP INC,69MJ7,,,
RAYSONS TECHNOLOGIES INC,69NU3,,,
"SURVITEC SURVIVAL PRODUCTS, INC.",69P35,,,
MID STATE BOLT AND NUT,6A108,,,
"MIDWEST FIBERGLAS FABRICATORS, INCORPORATED",6A252,,,
"MIL-LIT, INCORPORATED",6A270,,,
ELECTRONIC EXPEDITERS INC DBA ELECTRONIC EXPEDITERS INC,6A361,,,
"AYALYTICAL INSTRUMENTS, INC",6A3N6,,,
"PANAKEIA, LLC",6A4F9,,,
MONROE AUTO EQUIPMENT,6A983,,,
PENZ PRODUCTS INC,6ACP4,,,
"AUTOZONE, INC. DBA AUTOZONE DIV AUTOZONE COMMERCIAL",6AEL1,,,
KEARNY STEEL CONTAINER CORP,6ALP9,,,
CROSS MANUFACTURING INC.,6AX45,,,
"RATERMANN MANUFACTURING, INC",6AZN1,,,
HORIZONS INCORPORATED DBA CAMCODE DIV CAMCODE DIVISION OF HORIZONS INCORPORATED,6B023,,,
RICHCO INC. DIV HARVARD MOLDING OPERATIONS,6B3V9,,,
MOORE PAUL CO,6B565,,,
"MPR ASSOCIATES, INC. DBA MPR ASSOCIATES INC",6B701,,,
MAREMONT CORP GABRIEL DIV,6B719,,,
MILITARY AND RESCUE SUPPLY LLC,6BDU1,,,
MATBOCK LLC,6C3T1,,,
LAU INDUSTRIES,6C5F0,,,
AVSPARES INTERNATIONAL CORP DBA AVIATION AVIONICS DIV WESTON INSTRUMENT SERVICE,6CFH7,,,
"DANA DRIVESHAFT MANUFACTURING, LLC DBA DANA DRIVESHAFT PRODUCTS",6CH03,,,
"MAXBOTIX, INC.",6CS26,,,
"INDUSTRIAL GAS SPRINGS, INC. DBA INTERNATIONAL GAS SPRINGS",6CSH4,,,
ACCURACY 1ST DG INC DBA ACCURACY 1ST DG INC DIV ACCURACY 1ST DG,6CSP8,,,
MQP MACHINING LLC,6CTH8,,,
RICHARDSON COOLING PACKAGES LLC,6CWR2,,,
WELDEX CORP,6D252,,,
GLENAIR INC ANDERSON BRAIDING AND EXTRUSION DIV,6D470,,,
C D L SPRING CO,6D505,,,
PAXTON CO,6D887,,,
PENN-AIR & HYDRAULICS CORP,6D904,,,
"FORCE SHIELD, LLC DBA US YOUTH SPORTS",6D9S9,,,
MOLEX PREMISE NETWORKS INC,6DAS3,,,
MX ENTERPRISE INC. DBA MX SECURITY S OLUTIONS,6DLV6,,,
CDW GOVERNMENT LLC,6DNY3,,,
"AYON CYBERSECURITY, INC.",6DP27,,,
"ENVISTACOM, L.L.C",6DQ79,,,
DEXTER INNOVATIVE SOLUTIONS LLC,6DQD2,,,
RYAN HERCO FLOW SOLUTIONS INC DBA MENSCO DIV,6E097,,,
PELTON SHEPHERD INDUSTRIES INC,6E358,,,
HALLEN SPECIALTIES INC,6E4U6,,,
SEATTLE MARINE & FISHING SUPPLY CO. DBA SEATTLE MARINE & FISHING SUPPLY CO,6E541,,,
CALICO LADDERS LLC,6EAK2,,,
CLEAN CONCEPTS GROUP INC DIV NORTHSTAR CLEAN CONCEPTS,6EDQ3,,,
HEAT TRANSFER PRODUCTS GROUP LLC DIV HEAT TRANSFER PRODUCTS GROUP,6EF09,,,
SUN DISPLAY SYSTEMS LLC,6ELP9,,,
OMNI LUBRICANTS LTD.,6EM87,,,
GATES & GATES,6EPE2,,,
L & H ENTERPRISES,6EXE6,,,
IVES EQUIPMENT CORPORATION,6F024,,,
C. H. REED INC.,6F028,,,
MICHAELS OF OREGON CO DBA UNCLE MIKES,6F045,,,
"COONER SALES COMPANY, LLC DBA COONER WIRE COMPANY",6F142,,,
JOWA USA INC,6F198,,,
AVANTI PRODUCTS INC DIV OF MACKLE CO INC THE,6F215,,,
HUMPHREE USA LLC,6F2P0,,,
TRICAB INC DBA TRICAB INC,6F6G8,,,
"BROOKWOOD GROUP ACQUISITION COMPANY, INC DBA SCHAUER BATTERY CHARGERS DIV SCHAUER BATTERY CHARGERS",6F9D6,,,
BUNKER CORP. DBA ENERGY SUSPENSION DIV ENGERGY SUSPENSION,6FE44,,,
BATTERY AXXESSORIES INC,6FZT1,,,
"LEGACY MANUFACTURING, INC.",6G0X3,,,
BLACKBOX BIOMETRICS INC,6G3L8,,,
"FISCHER PANDA GENERATORS, LLC",6GSH0,,,
C 3CONTROLS,6GVF1,,,
TELEDYNE FLIR COMMERCIAL SYSTEMS INC.,6GY45,,,
"JAMES DOORCHECK, INC.",6H333,,,
MIDWEST MOTOR SUPPLY CO. DBA MIDWEST MOTOR SUPPLY CO DIV KIMBALL MIDWEST,6H404,,,
TRANSIT PARTS CO,6H608,,,
ZATKOFF SEALS AND PACKINGS,6H792,,,
"SOUTHWEST INDUSTRIAL SERVICE, INC DBA SOUTHWEST INDUSTRL SERVICES",6H920,,,
RELIABLE SALES & SERVICES LLC,6H9W2,,,
"ACME AEROSPACE, INC. DBA ACME AEROSPACE INC",6HAR8,,,
M. L. KISHIGO MANUFACTURING COMPANY,6HB08,,,
KENJER INDUSTRIES,6HEG7,,,
MORNINGSTAR SOLAR LLC,6HN51,,,
TURNING POINT INDUSTRIAL DBA TURNING POINT,6HRH5,,,
"SOLCON, INC. DBA QUICK MEDICAL GS",6J2M1,,,
PAWLING ENGINEERED PRODUCTS LLC,6J3K5,,,
ADVANCED ADAPTERS INC,6J560,,,
AMERICAN CASTING AND MANUFACTURING CORPORATION DBA AMERICAN CASTING & MANUFACTURING CORP,6J629,,,
"API MARINE SALES, INC",6JMD8,,,
"WELLMAN DYNAMICS MACHINING AND ASSEMBLY, INC.",6JRD9,,,
XYLEM INC.,6JUY0,,,
ALL AMERICA THREADED DIV MID-ATLANTIC,6JV30,,,
"RICARDO DEFENSE SYSTEMS, LLC",6JWM1,,,
VALLEY BOLT CO,6K083,,,
LUMITEC INC.,6K1W2,,,
"CESCO, INC. DBA CESCO INC",6K233,,,
HOJ INNOVATIONS LLC,6K285,,,
MIDWEST CONTROL PRODUCTS CORP,6K430,,,
GOODRICH CORPORATION,6K4C8,,,
"METRIC BOLT & NUT CO, INC. OF SOUTH CAROLINA DBA METRIC BOLT & NUT CO. INC.",6K580,,,
HELIBASKET LLC,6K5F7,,,
MYERS AND HENLEY INC,6K856,,,
FLOW LINE OPTIONS CORP.,6K9E6,,,
"GUSCO SILICONE RUBBER & SERVICES, LLC",6KAF6,,,
TACTICAL WHEELED LLC,6KBW1,,,
ZIP-CHEM PRODUCTS,6KCJ9,,,
ASES LLC,6KCS9,,,
WALTERSCHEID INC WOODRIDGE,6KED7,,,
"WHITTAKER MOUNTAINEERING, INC",6KF01,,,
LEGACY COMPONENTS LLC,6KK31,,,
"THE ARMORED GROUP, LLC DBA ARMORED GROUP LLC DIV TAG TECHNICAL CENTER",6KKF7,,,
"ANTIGO MACHINERY SALES, INC.",6KPU2,,,
BIRDON AMERICA INC,6KT72,,,
KYOCERA AVX COMPONENTS CORPORATION,6KUV2,,,
BAHFED CORP,6KZA1,,,
"TITUSVILLE TOOL & ENGINEERING COMPANY, INC.",6L110,,,
SASH SERVICE CO,6L234,,,
MVF PROCESS CONTROLS DBA MOBILE VALVE & FITTING CO.,6L381,,,
LANCS INDUSTRIES HOLDINGS LLC,6L608,,,
NATIONAL MACHINE COMPANY DBA NMG AEROSPACE,6L817,,,
ULTRALIFE CORP DIV COMMUNICATIONS SYSTEMS,6LBA7,,,
MARITOOL,6LL30,,,
COMROD INC,6LM77,,,
FTG AEROSPACE INC.,6LMJ1,,,
"NEWARK CORPORATION DBA NEWARK, AN AVNET COMPANY",6LV12,,,
"STERLING EDGE, INC.",6LYM4,,,
TENNMAX AMERICA INC DBA TENNMAX AMERICA INC,6LZY1,,,
KS INTERNATIONAL LLC,6LZZ5,,,
NMB TECHNOLOGIES CORPORATION,6M1S6,,,
"PLACID INDUSTRIES, INC.",6M401,,,
SAFARILAND LTD,6M741,,,
AMERICAN CAN CO TECHNICAL CENTER,6M873,,,
COLUMBUS WINNELSON CO.,6M931,,,
"CSG PARTS, LLC",6MAL3,,,
"PANOLAM INDUSTRIES INTERNATIONAL, INC. DBA PANOLAM SURFACE SYSTEMS",6MUL1,,,
"INSINK ERATOR DIVISION OF EMERSON NYSE,EMR",6MWC4,,,
C&H HYDRAULICS INC DBA C & H HYDRAULICS INC,6N016,,,
HENDRICKSON USA LLC,6N039,,,
"PATRIOT ELECTRONICS, INC. DBA PATRIOT ELECTRONICS INC",6N069,,,
ROBERTS F L AND CO INC,6N106,,,
ANSELL INC. DBA ANSELL ALABAMA,6N175,,,
SCOTT LEASING COMPANY INC. DBA HOFFMAN BROTHERS DIV,6N264,,,
"ARROWHEAD ELECTRICAL PRODUCTS, INC.",6N2K2,,,
E. J. VARHOLY & SONS INC.,6N389,,,
INTERSTATE POWER SYSTEMS INC,6N512,,,
TEX-A-DRAULICS INC,6N659,,,
"WALTER USA, LLC",6N7W5,,,
ATK SPACE SYSTEMS LLC DBA ATK AEROSPACE STRUCTURES TEST FACILITY DIV AERONAUTICS SYSTEMS,6N808,,,
JML LOGISTICS LLC,6NRE7,,,
"KELSIFAHR, INC. DBA BUSCH ELECTRONICS DIV O.E.M. HEATERS",6NZP4,,,
BREHOB CORP,6P288,,,
WILLOUGHBY INDUSTRIES INC,6P798,,,
"SEATBELT SOLUTIONS, LLC.",6P7Q8,,,
NORTH SUPPLY CO,6P952,,,
"RIGAKU ANALYTICAL DEVICES, INC.",6PJ15,,,
REGULUS GLOBAL LLC,6PRD9,,,
TRUE POSITION INC.,6PRP1,,,
"DOMTAR PAPER COMPANY, LLC",6PXC2,,,
LARKOS PACKING AND DISTRIBUTION INC.,6PZL1,,,
ALION SCIENCE AND TECHNOLOGY CORPORATION,6Q186,,,
"BOUGHTON II, ROLAND M DBA INVISIBLE STEREO",6Q7D2,,,
"MICROFLEX WIRE AND CABLE, INC. DBA MICROFLEX WIRES & CABLES",6Q7G1,,,
RAPP- HYDRA PRO LLC,6QGH4,,,
"TRIPWIRELESS, INC. DIV TRIPWIRELESS",6QH04,,,
"CLEARFIELD, INC",6QHZ1,,,
"EVOLUTION SORBENT PRODUCTS, LLC",6QLC3,,,
SALT & LIGHT HOUSING I INC,6QTD2,,,
"NIVISYS, LLC",6QUG2,,,
LOGITECH INC.,6QZR6,,,
SHUR-KUT SUPPLY CORPORATION DIV SHUR-KUT SUPPLY CORP.,6R002,,,
BRAKE DRUM AND EQUIPMENT CO,6R187,,,
BRYANT NEW ENGLAND INC,6R464,,,
"HYDROAIR HUGHES, LLC",6R468,,,
NEDERMAN LLC,6R4F3,,,
BRETT CALEB USA INC,6R647,,,
VANGUARD PRODUCTS CORPORATION DBA VANGUARD PRODUCTS,6R663,,,
"SUMMIT CHEMICAL OF PENNSYLVANIA, INC. DBA SUMMIT RESPONSIBLE SOLUTIONS",6R717,,,
PHILLIPS 66 COMPANY,6R7Y6,,,
"STEMCORP, INC.",6R8C6,,,
ALAMO GROUP TEXAS LLC,6RAY2,,,
JOHNSTONE SUPPLY,6RH90,,,
PEAK SOLUTIONS CORP,6RMC7,,,
CREATIVE LIGHTING SOLUTIONS,6RZH0,,,
UNISYS CORP,6S074,,,
"DBE SURVEYING, L.L.C.",6S1G3,,,
IPC INDUSTRIES INC DIV PRESTIGE GOLF CARS,6S1H9,,,
CAVOTEC INET US INC.,6S1M4,,,
"GIESTING & ASSOCIATES, INC.",6S313,,,
"V2R4, LLC DBA BFG MARINE DIV BFG MARINE",6S506,,,
AMRON INTERNATIONAL INC,6S753,,,
THERADYNE CORP,6S930,,,
WYATT SEAL INC,6S979,,,
NEXGEN COMPOSITES LLC,6SD02,,,
TACKLE TECHNOLOGIES LLC,6SGP2,,,
ASCENIX CORPORATION,6SL35,,,
"MID-ATLANTIC COMPUTER SERVICES, LLC DIV PROCUSTOM GROUP",6SNA2,,,
"FLOWLINE VALVE AND CONTROLS, L.L.C.",6SPR5,,,
NAMJET LLC,6SQ46,,,
"GARD DAWG INDUSTRIES, INC. DBA MANUFACTURING",6STK2,,,
MILNEC INTERCONNECT SYSTEMS LLC DIV MILNEC INTERCONNECT SYSTEMS,6STX5,,,
CITY ELECTRIC SUPPLY COMPANY DBA CITY ELECTRIC SUPPLY,6SU48,,,
NAV SYSTEMS INC.,6SUK3,,,
HEAT SENSOR TECHNOLOGIE LLC,6SVM8,,,
"FAIRLEAD PRECISION MANUFACTURING AND INTEGRATION, LLC DBA FAIRLEAD PMI DIV FAIRLEAD PRECISION MANUFACTURING & INTEGRATION LLC",6SWY7,,,
UTC AEROSPACE SYSTEMS,6SXW8,,,
"COLBERT MANUFACTURING COMPANY, INC. DBA COLBERT MANUFACTURING CO INC DIV COLBERT MANUFACTURING CO., INC.",6T048,,,
LOUISIANA ASSOCIATION FOR THE BLIND,6T075,,,
ALLIED DEFENSE INDUSTRIES INC,6T114,,,
PIONEER SCIENTIFIC INC,6T341,,,
"WALLCO, INC.",6T427,,,
"VINYL TECHNOLOGY, LLC",6T584,,,
WABTEC COMPONENTS LLC,6T589,,,
DUDLIK INDUSTRIES INC.,6T658,,,
"SPRING WORKS UTAH, INC DBA SPRING WORKS UTAH",6T798,,,
BARREL ACCESSORIES & SUPPLY CO INC,6T853,,,
UNLIMITED SCREW PRODUCTS INC.,6T970,,,
DELAWARE MANUFACTURING INDUSTRIES CORPORATION,6TB35,,,
"MELLANOX FEDERAL SYSTEMS, LLC",6TC38,,,
"TELEDYNE FLIR DEFENSE, INC.",6TCQ5,,,
"FABCO WELDING & MACHINE, INC.",6TD95,,,
VISIONPRO SHOP LLC,6TEH5,,,
"MOTION AND FLOW CONTROL PRODUCTS, INC.",6THH6,,,
SWIFT ALTURAIR INC DBA ALTURAIR,6TZ77,,,
"A. E. PETSCHE COMPANY, INC.",6U027,,,
"DAMON COMPANY OF SALEM, INC. DBA DAMON CO OF SALEM INC",6U099,,,
"SEAL GLOVE MFG., INC. DBA ARK SAFETY DIV ARK SAFETY",6U188,,,
"ROCKWELL COLLINS, INC. DBA COLLINS AEROSPACE HEADS UP GUIDANCE DIV COLLINS AEROSPACE - HEADS UP GUIDANCE",6U346,,,
UNITED METAL TECHNOLOGIES INC DBA UNIRULE INDUSTRIES,6U349,,,
"B.E. MEYERS & CO., INC. DBA BEMEYERS CO",6U501,,,
BEACON POINT ASSOCIATES LLC DBA BEACON POINT ASSOCIATES,6U5B7,,,
"GREEN BULL, INC",6U795,,,
MOREHEAD SOLUTIONS LLC,6U7X8,,,
ARTEXT USA,6UBT0,,,
"SAFETY SYSTEMS AND SIGNS HAWAII, INC.",6UC04,,,
EMBOLON TECHNOLOGY INC,6UDK6,,,
"MAIN FILTER U.S., INC. DIV MAIN FILTER INC US",6UHY7,,,
"LINDER CASTER AND TRUCK, INC.",6UQK6,,,
"THALES VISIONIX, INC",6UQP0,,,
COLD LLC,6UY05,,,
KOWA OPTIMED INC,6V082,,,
"KONECRANES NUCLEAR EQUIPMENT & SERVICES, LLC",6V1C7,,,
GET ENGINEERING CORP. DBA GET ENGINEERING CORP DIV GET ENGINEERING CORPORATION,6V412,,,
WALTHAM AIRCRAFT CLOCK CORPORATION DIV PRIME TIME CLOCKS,6V542,,,
"FLOW CONTROLS, INC. DBA FLOW CONTROLS INC",6V567,,,
ATC DISTRIBUTION GROUP DIV DIVERCO,6V570,,,
TAYLOR INSTRUMENT A DIV OF COMBUSTION ENGINEERING,6V630,,,
"PENTAX OF AMERICA, INC. DBA PENTAX MEDICAL DIV PENTAX MEDICAL",6V936,,,
"DANFOSS, LLC",6VBL2,,,
"HEAT TRACE PRODUCTS, LLC",6VMW6,,,
"COLLINS ELBIT VISION SYSTEMS, LLC DIV JHMCS",6VSE4,,,
BZ DEFENSE LLC DBA BZ TACTICAL,6VZ45,,,
MINXRAY INC,6W040,,,
"TRIAD FLUID POWER, INC",6W091,,,
"CENGAGE LEARNING, INC. DIV NETLEARNING",6W131,,,
LAMINATED FABRICATORS INC,6W270,,,
CALIFORNIA MARINE SUPPLY INC DBA CALIFORNIA MARINE SUPPLY INC,6W438,,,
GRANITE CITY ELECTRIC SUPPLY CO.,6W624,,,
MCCRONE WALTER C ASSOCIATES INC MCCRONE ACCESSORIES AND COMPONENTS DIV,6W649,,,
BAE SYSTEMS SURVIVABILITY SYSTEMS LLC,6W728,,,
HYTORC WIND LLC,6W8G2,,,
KRIPAROS CYNTHIA DBA CUSTOM POWER SOLUTIONS,6WCZ7,,,
"CANNON & REFERMAT, L.L.C. DBA CANNON & REFERMAT",6WE76,,,
"THE SCALE PEOPLE, INC.",6WJ43,,,
USCC SERVICES LLC,6WNA7,,,
WIRECARE INC DBA TUFFSTUFFDIRECT COM DIV WIRECARE,6WPB8,,,
"THOMAS C. WILSON, LLC DBA THOMAS C WILSON INC",6WSR6,,,
"XYLEM WATER SOLUTIONS U.S.A., INC. DBA PHELPS EDUCATION WEST LLC II",6WU02,,,
MITAS GROUP INC,6WUK2,,,
COOPER INDUSTRIES INDUSTRIAL MACHINERY DIV,6X081,,,
WILDWOOD ELECTRONICS INC,6X173,,,
"METRI-TECH ENGINEERING, INC.",6X224,,,
LAUREL TECHNOLOGIES PARTNERSHIP DIV DRS LAUREL TECHNOLOGIES,6X365,,,
AVERY INTL CORP FASSON REFLECTIVE PRODUCTS DIV,6X465,,,
COMBINED SYSTEMS INC,6X503,,,
"ACD, LLC",6X7F1,,,
"CURT MANUFACTURING, LLC",6X8Q7,,,
"HERE BE DRAGONS, LLC",6X8T1,,,
ARIMON TECHNOLOGIES INC,6X9F5,,,
DARBONNIER TACTICAL SUPPLY LLC DBA DTS,6XC33,,,
MELLING LLC DBA MELLING MEDICAL DIV MELLING MEDICAL,6XD62,,,
BAD WOLF TECHNOLOGIES LLC,6XSP8,,,
"PROAIR, LLC",6XSY2,,,
"TRIGON TECHNOLOGIES, INC.",6XWE5,,,
COASTAL SEAT CUSHIONS INC,6XYT9,,,
"LEIDOS ENGINEERING & SCIENCES, LLC",6Y128,,,
MICRON TECHNOLOGY INC,6Y440,,,
OPTICAL CABLE CORP,6Y528,,,
FABORY USA LTD.,6Y603,,,
DESCO INDUSTRIES INC ESD SYSTEMS DIV,6Y703,,,
MICROSEMI CORP. - RF SIGNAL PROCESSING,6Y858,,,
"BISHOP ENTERPRISES, INC.",6Y882,,,
"GARMIN INTERNATIONAL, INC.",6YA78,,,
"KRAMER ELECTRONICS USA, INC",6YB19,,,
MAGNETOSPEED LLC,6YBF0,,,
COAST-LINE INTERNATIONAL DISTRIBUTORS LTD. DIV ATLANTA FACILITY,6YD92,,,
"STAINLESS FLOW TECHNOLOGIES, INC. DIV STAINLESS FLOW TECHNOLOGIES INC",6YNL6,,,
CRANE WARNING SYSTEMS ATLANTA INC,6YQ96,,,
"FAIRLEAD INTEGRATED, LLC",6YQC9,,,
"BUBENZER BREMSEN AMERICA, LLC DIV PINTSCH BUBENZER USA",6YSB4,,,
EMERGENT PROTECTIVE PRODUCTS USA INC,6YZC1,,,
"DOLPHIN MACHINE, LLC",6Z158,,,
LIBERTY PUMPS,6Z1U3,,,
HUGHES CORP DIV WESCHLER ELECTRIC,6Z382,,,
STOLBERGER INCORPORATED DBA WARDWELL BRAIDING CO DIV WARDWELL BRAIDING CO,6Z3C0,,,
"FMI CHEMICAL, INC",6Z3U3,,,
"LASTAR, INC. DIV C2G/QUIKTRON",6Z426,,,
ALLEIMA SPECIAL METALS LLC,6Z485,,,
CAROLINA POWER SYSTEMS OF SUMTER INC,6Z538,,,
CHAMPION CONTAINER CORPORATION,6Z600,,,
"VOGELSANG FASTENER SOLUTIONS, INC.",6Z6N2,,,
"THALES VISIONIX, INC.",6ZJM6,,,
POWERTRONIC SYSTEMS FLORIDA INC,6ZMJ9,,,
"MEASUREMENT TECHNOLOGY GROUP, INC. DIV MEASUREMENT DIVISION",6ZQM1,,,
"UNBRAKO, LLC",6ZRX6,,,
DORMAKABA USA INC.,6ZZG1,,,
,,,,
"W.A. HAMMOND DRIERITE CO, LIMITED",70000,,,
ILSCO CORPORATION DBA UTILCO DIV,70016,,,
"LINEAR INDUSTRIES, LTD. DBA LINEAR INDUSTRIES LTD",70094,,,
,,,,
AIR PARTS INC,70177,,,
GTAA LLC DBA GTAA LLC,70214,,,
TOMS FIRE EQUIPMENT,70268,,,
ALLEN MFG CO SUB OF CHICAGO PNEUMATIC TOOL CO,70276,,,
"TRIUMPH ENGINEERED SOLUTIONS, INC. DBA TRIUMPH FABRICATIONS - PHOENIX DIV TRIUMPH FABRICATIONS - PHOENIX",70281,,,
,,,,
HONEYWELL INTERNATIONAL INC DIV ENVIRONMENTAL SYSTEMS & SERVICES,70308,,,
ALTER HARRY CO THE DIV OF T E C,70334,,,
TRIPLE B CORP,70380,,,
COOPER INDUSTRIES INC ANCO DIV,70412,,,
ANTI-FRICTION BEARING MFG ASSN INC THE,70413,,,
CHRYSLER CORP AMPLEX DIV,70417,,,
URO VEHICULOS ESPECIALES SA,7041B,,,
"TRIVANTAGE, LLC",70470,,,
EMHART INDUSTRIES INC HARDWARE DIV,70494,,,
INDRA USA INC,704U5,,,
"SPEC-BUILT SYSTEMS, INC. DBA SPEC-BUILT SYSTEMS INC",70516,,,
ATLAS TACK CORP,70528,,,
"AMGLO KEMLITE LABORATORIES, INC. DIV XENON",70558,,,
ARROWHEAD PRODUCTS CORP,70628,,,
ATLAS BRASS FOUNDRY INC,70651,,,
ATLAS INSTRUMENT CO INC,70654,,,
ATLAS/SOUNDOLIER DIV OF AMERICAN TRADING AND PRODUCTION CORP,70661,,,
"SOLAR PRECISION PRODUCTS, INC.",70682,,,
AUTO GEAR AND PARTS INC,70694,,,
MARISON INDUSTRIES INC BARCO DIV,70709,,,
FORT DEFIANCE INDUSTRIES LLC,70784,,,
NEWELL RUBBERMAID INC DBA NEWELL DIV BERNZOMATIC,70785,,,
"AVANTOR PERFORMANCE MATERIALS, INC.",70829,,,
BALKAMP INC,70842,,,
HEARTHMARK CORP DBA JARDEN HOME BRANDS,70843,,,
"BAUER, INC.",70882,,,
BECKER BROTHERS GRAPHITE CORP,70894,,,
BIJUR LUBRICATING CORP,70925,,,
"SAM CARBIS SOLUTIONS GROUP, LLC",70LK5,,,
"SPARTON AYDIN, LLC DIV SPARTON AYDIN LLC, DBA AYDIN DISPLAYS",70MF8,,,
SACHS-BOGE OF AMERICA,71000,,,
BRIDGEPORT FABRICATORS INC,71025,,,
BLILEY TECHNOLOGIES INC,71034,,,
"BRANICK INDUSTRIES, INC",71082,,,
PRYSMIAN GROUP SPECIALTY CABLES LLC,71102,,,
"PRYSMIAN CABLES AND SYSTEMS USA, LLC DIV MANUFACTURING PLANT",71124,,,
BOUND BROOK BEARING CO,71129,,,
BRISTOL SOCKET SCREW CO,71159,,,
BURGESS-NORTON MFG CO DIV OF AMSTED INDUSTRIES INC,71238,,,
"BUTTERWORTH, INC.",71251,,,
INTERCONNECTION PRODUCTS INC,71279,,,
BUDD CO THE,71282,,,
WHEELING CORRUGATING CO,71293,,,
KIMDU CORP,712U1,,,
CAPEWELL AERIAL SYSTEMS LLC,71304,,,
SIERRACINSYLMAR CORPORATION DIV TRANSTECH,71355,,,
HENDRICKSON SPRING P O BOX 458 JOLIET IL 60434-0458,71388,,,
ITT CANNON DIV OF INTERNATIONAL TELEPHONE AND TELEGRAPH,71389,,,
"GOVMOBILE, LLC DBA GOVMOBILE LLC",713Z1,,,
CLARY CORP DBA CLARY CORP DIV CLARY CORPORATION,71503,,,
CBS INC,71575,,,
CRL COMPONENTS INC,71590,,,
ALFRED CONHAGEN INC.,71639,,,
"SARGENT AEROSPACE & DEFENSE, LLC DBA AIRTOMIC DIV SARGENT",71687,,,
COYNE & DELANY COMPANY DBA DELANY PRODUCTS DIV DELANY PRODUCTS,71718,,,
CHICAGO MINIATURE LIGHTING LLC DBA CHICAGO MINIATURE OPTOELECTRON,71744,,,
CORY COMPONENTS INC,71771,,,
CUNNINGHAM MANUFACTURING CO,71777,,,
"AMERICAN AIRWORKS, INC",71819,,,
CONSOLIDATED ELECTRICAL DISTRIBUTORS INC DBA DAUPHIN ELECTRIC SUPPLY,71829,,,
DAVOL INC,71855,,,
DELAVAL CO THE LTD,71870,,,
DEZURIK CO A UNIT OF GENERAL SIGNAL CORP,71879,,,
"COLLINS ENGINE NOZZLES, INC",71895,,,
DOUBLE SEAL RING CO,71975,,,
AQYR TECHNOLOGIES INC,71HU5,,,
"CLIAWAIVED, INC.",71KD9,,,
"HGST, INC.",71VB1,,,
DUTTON-LAINSON COMPANY,72031,,,
"EASTERN INDUSTRIAL PRODUCTS, INC.",72038,,,
,,,,
ESCO CORPORATION,72113,,,
"HUCK INTERNATIONAL, INC. DIV KINGSTON OPERATIONS",72139,,,
CHAMBERLAIN MFG CORP COLLIS DIV,72151,,,
ELGIN INDUSTRIES INC. DBA,72156,,,
WESTWARD HOSE,72173,,,
"RUGGED, SCIENCE, LLC DBA RUGGED SCIENCE LLC",721H9,,,
STELLAR-1 COMMUNICATIONS INC,721N2,,,
"AALBERTS INTEGRATED PIPING SYSTEMS AMERICAS, INC.",72219,,,
EXCEL CORP,72286,,,
"VOSTERMANS VENTILATION, INC.",722S6,,,
"CRESCENT METAL PRODUCTS, INC. DBA CRESCOR",72346,,,
FLAGG STANLEY G & CO INC DBA FLAGG BRASS,72423,,,
FLATON MACHINE WORKS INC.,72426,,,
MISSION SYSTEMS DAVENPORT INC.,72429,,,
BRAD FOOTE GEAR WORKS INC,72452,,,
PALL CORPORATION DBA PALL LIFE SCIENCES DIV LIFE SCIENCES,724K0,,,
DAVIES MOLDING LLC DBA HARRY DAVIES MOLDING CO,72512,,,
PEGASUS CABLE INC,72532,,,
GLACIER VANDERVELL INC,72546,,,
ROLLS-ROYCE SOLUTIONS AMERICA INC,72582,,,
POTOMAC CYNERGETICS INC,72589,,,
"POWER GREAT LAKES, INC.",72643,,,
GENERAL MOTORS OVERSEAS DISTRIBUTION CORP DIV OF GENERAL MOTORS CORP,72712,,,
TVO ACQUISITION CORPORATION DBA JOHN GILLEN COMPANY,72750,,,
EAGLE MFG CO,72798,,,
"SESOLINC GRP, INC.",727H9,,,
EASTERN CO THE,72804,,,
EIDAL INTERNATIONAL CORPORATION,72869,,,
GRANCO MANUFACTURING  INC. DIV GRANCO PUMP,72878,,,
HARVARD INDUSTRIES INC,72962,,,
,,,,
ESSEX BROWNELL INC. DIV ESSEX GROUP INC,72983,,,
ELCO INC. DBA METALS DEPOT,72JM4,,,
MARKFORGED INC,72VZ3,,,
,,,,
"JOHNSON OUTDOORS GEAR, INC.",73005,,,
HAGO PRODUCTS CO,73007,,,
,,,,
HANSEN MFG CO INC,73061,,,
"HAYES PUMP, INC. DBA HAYES PUMP INC DIV HEADQUARTERS",73122,,,
,,,,
ACCURIDE CORPORATION,73195,,,
HI-SHEAR CORPORATION,73197,,,
STELLANT SYSTEMS INC,73293,,,
,,,,
GENERAL MOTORS CORP FISHER GUIDE DIV,73331,,,
,,,,
DEERE AND CO,73353,,,
HONEYWELL INTERNATIONAL INC DBA HONEYWELL DIV CONSUMER PRODUCTS GROUP,73370,,,
"ELECTRONIC MARINE SYSTEMS, INC.",73396,,,
AMSCO PRODUCTS CAMCAR DIV TEXTRON INC,73439,,,
GO/DAN INDUSTRIES,73540,,,
DANIEL EDWARD W CO,73634,,,
"DIAMOND MANUFACTURING COMPANY, INC DIV DIAMOND MANUFACTURING",73653,,,
DRAKE R L CO,73664,,,
"R & M FLUID POWER, INC.",73699,,,
SCOTT AND FETZER CO FRANCE MFG DIV,73757,,,
,,,,
GREENE RUBBER CO INC DIV GREENE RUBBER COMPANY INC,73801,,,
"CONTINENTAL TIRE THE AMERICAS, LLC DBA CONTINENTAL TIRES",73808,,,
"BURNS INDUSTRIAL SUPPLY COMPANY, INC.",73848,,,
LOWEN MARINE & INDUSTRIAL LLC,738V7,,,
KELSEY-HAYES CO GUNITE DIV,73972,,,
"NAVICO GROUP AMERICAS LLC DBA POWER PRODUCTS OF DELAWARE, LLC DIV NAVICO GROUP, PREVIOUSLY POWER PRODUCTS LLC",73JL3,,,
VISTA OUTDOOR SALES LLC DBA THE KINETIC GROUP SALES,73JN6,,,
"DEFENSE PRODUCTS AND SERVICES GROUP USA, INC DBA DPSG USA DIV DPSG USA",73T77,,,
"EASTERN INDUSTRIAL SERVICES, INC. DBA EISI",73TF0,,,
RELIANCE COMM/TEC CORP LORAIN PRODUCTS DIV,74006,,,
ROCHESTER CORP THE ENVIRONCON CONNECTORS DIV,74015,,,
,,,,
HASTINGS MANUFACTURING CO,74069,,,
MOTOR MASTER PRODUCTS CORP,74090,,,
NEW ENGLAND WIRE TECHNOLOGIES CORP.,74116,,,
QUAM NICHOLS CO,74199,,,
SMITH THOMAS CO,74289,,,
"U.S. RUBBER TECH, INC.",74293,,,
EASTMAN CHEMICAL COMPANY,74364,,,
ULANET GEORGE CO,74389,,,
,,,,
EPN CORP,74482,,,
NORTH SAFETY PRODUCTS,74526,,,
"HOYT ELECTRICAL INSTRUMENT WORKS, INC. DBA HOYT ELECTRICAL INSTRUMENT WORKS INC",74542,,,
FORT WALTON MACHINING INC,74627,,,
ROLLS BATTERY ENGINEERING,74648,,,
LOCKHEED MARTIN AERONAUTICAL SYSTEMS SUPPORT COMPANY DBA LMASSC,74703,,,
SENIOR OPERATIONS LLC DIV SENIOR FLEXONICS PATHWAY,74713,,,
"ZEUS INDUSTRIAL PRODUCTS, INC.",747L1,,,
FRUEHAUF CORP FRUEHAUF TRAILER OPNS,74841,,,
ILLINOIS LOCK CO,74842,,,
"CHARLES INDUSTRIES, LLC DIV TELECOM",74861,,,
INDUSTRIAL PRESS INC,74867,,,
INDUSTRIAL SYNTHETICS CORP,74871,,,
ILC DOVER LP,74897,,,
ROBERTSON INC,74931,,,
"VIKING TECHNOLOGIES, LTD.",74970,,,
"ARC MACHINES, INC. DBA A M I",74976,,,
AEROBASE GROUP INC,74B05,,,
LENCO MARINE INC,74NF9,,,
AJAX TOCCO MAGNETHERMIC CORPORATION DBA PINES ENGINEERING DIV PINES ENGINEERING,74QK6,,,
SCIENCE APPLICATIONS INTERNATIONAL CORPORATION DIV AIRCRAFT OPERATIONS,74RJ4,,,
ALFONSO JARAMILLO DIV ACXESS SPRING,74U39,,,
"ALEPH OBJECTS, INC.",74UH2,,,
"BLUE MOON DESIGNS, LLC DBA BLUE MOON DESIGNS",74XB0,,,
"TULSA WINCH, INC.",75096,,,
JENKINS BROS,75144,,,
JOHNS MANVILLE INTL,75165,,,
SEALED POWER CORP HY-LIFT DIV,75167,,,
KEELER BRASS CO,75198,,,
BAHR MACHINE COMPANY INC DBA BAHR MACHINE CO,75201,,,
HIGH VOLTAGE COMPONENTS INC,75225,,,
KEYSTONE BRASS WORKS,75307,,,
KILGORE FLARES COMPANY LLC,75324,,,
KINGSBURY INC.,75333,,,
WAYNE DALTON CORP KINNEAR DIV,75339,,,
KNAPE AND VOGT MFG CO,75358,,,
OTTO KONIGSLOW MFG. CO THE DIV OTTO KONIGSLOW MFG CO,75372,,,
KURZ-KASCH INC,75376,,,
"KOPP GLASS, INC.",75393,,,
LAMSON AND SESSIONS CO THE,75497,,,
AMETEK INC LAMB ELECTRIC DIV,75511,,,
LANGEVIN CO INC,75536,,,
"LAWLER MANUFACTURING COMPANY, INC.",75545,,,
PERFORMANCE SEMICONDUCTOR CORP,75569,,,
MC KECKNIE CORP,75730,,,
LIBBEY OWENS FORD CO,75829,,,
LINCOLN BRASS WORKS INC,75833,,,
PACIFIC CONSOLIDATED INDUSTRIES LLC,75906,,,
DATA ENTRY INC,75919,,,
"LUDECA, INC. DBA LUDECA INC",75957,,,
"STRYKER SALES, LLC DIV STRYKER MEDICAL",75AF1,,,
"SYNTRON MATERIAL HANDLING, LLC DIV MATERIAL HANDLING SOLUTIONS",75EH6,,,
OSHKOSH DEFENSE LLC,75Q65,,,
"CONTAINERS PLUS, INC.",75V02,,,
"LUXFER MAGTECH, INC.",75VA0,,,
"SOUTHCO & ASSOC., INC.",75VH2,,,
LORD CORPORATION,76005,,,
DIVERSIFIED MARKETING GROUP INC DBA DIVERSIFIED MARKETING GROUP INC,76007,,,
,,,,
MICROFILM SERVICE CORPORATION DBA MSC,76031,,,
MACDERMID INC,76071,,,
MACK TRUCKS INC,76084,,,
ELMA ELECTRONIC INCORPORATED,76096,,,
MAREMONT CORP,76110,,,
MAYSTEEL PRODUCTS CORP PO BOX 1240 MENOMONEE FALLS WI 53052,76185,,,
CROSBY GROUP INC THE MCKISSICK PLANT DIV,76257,,,
CESSNA AIRCRAFT CO MCCAULEY ACCESSORY DIV,76275,,,
THE BOEING COMPANY DIV DEFENSE,76301,,,
MILLER PRODUCTS CO INC,76348,,,
"MILWAUKEE VALVE CO, INC DIV MILWAUKEE VALVE COMPANY, LLC",76364,,,
"MECHANICAL RUBBER PRODUCTS COMPANY, INC. DBA MECHANICAL RUBBER PRDTS CO INC DIV MECHANICAL RUBBER PRODUCTS CO., INC.",76376,,,
VALIN CORP WESTERN METRO DIV,76427,,,
TENNECO INC,76445,,,
SYBRON CHEMICALS INC.,76465,,,
MONSANTO CO,76541,,,
MOSEBACH MANUFACTURING CO,76569,,,
ENTECH CONTROLS CORP,76572,,,
MUSKEGON PISTON RING CO MUSKEGON PRODUCTS DIV,76602,,,
NATIONAL BEARINGS COMPANY,76620,,,
NATIONAL FORGE COMPANY,76657,,,
NATIONAL TELEPHONE SUPPLY CO,76691,,,
,,,,
NEW ENGLAND TRAWLER EQUIPMENT CO,76727,,,
DATA SOLVERS INC,76740,,,
"VARIDESK, LLC",767J1,,,
"ELLIS & WATTS GLOBAL INDUSTRIES, INC DIV ELLIS & WATTS",767R6,,,
NORTHROP GRUMMAN SYSTEMS CORPORATION DIV NORTHROP GRUMMAN AERONAUTICS SYSTEMS,76823,,,
"OCEANIC ELECTRICAL MFG. CO., INC. DBA OCEANIC ELECTRICAL MANUFACTURING CO INC",76857,,,
OIC VALVE CORP,76873,,,
OPERATING & MAINTENANCE SPECIALTIES INC,76906,,,
ORO MANUFACTURING CO,76912,,,
OSTBY BARTON TEST PROBES DIVISION DBA EVERETT CHARLES TECHNOLOGIES,76918,,,
CP CASES INC.,76EG0,,,
CLEARFIX AEROSPACE INC,76ZM2,,,
ALLIED-SIGNAL INC DBA ALLIED-SIGNAL AEROSPACE CO ELECTRODYNAMICS DIV,77068,,,
PALMER ELECTRIC CO DIV TABET MFG CO INC,77096,,,
WW PATTERSON CO,77134,,,
"WIREROPE WORKS, INC",77141,,,
PEABODY COAL CO,77146,,,
THE PEELLE COMPANY,77156,,,
STANCO METAL PRODUCTS INC,77168,,,
DANA CORP ENGINE PRODUCTS DIV,77220,,,
PM CRAFTSMAN DBA T & C CREATIONS,77230,,,
,,,,
,,,,
T K I CORP,77343,,,
MACOGA SA,7737B,,,
COOPER INDUSTRIES INC H K PORTER/COOPER TOOLS DIV,77428,,,
CREST INDUSTRIAL CHEMICALS INC,77513,,,
REED AND PRINCE MFG CO,77545,,,
ROBERTSON MANUFACTURING INC,77570,,,
RICHLAND CONTROLS INC,77574,,,
RADIATOR SPECIALTY COMPANY,77628,,,
ZF ACTIVE SAFETY AND ELECTRONICS US LLC DIV TRW COMMERCIAL STEERING SYSTEMS,77640,,,
NORTHROP GRUMMAN SYSTEMS CORPORATION DBA AEROSPACE SYSTEMS DIV AERONAUTICS SYSTEMS,77646,,,
"UNITED FILTERS, INC.",77807,,,
ROBERT MANUFACTURING COMPANY INC,77844,,,
HUBBELL-RACO INC,77881,,,
,,,,
ROHM AND HAAS COMPANY,77902,,,
SIMPLEX MFG CO,77940,,,
FAXON ENGINEERING CO INC DBA FAXON ENGINEERING CO INC,77994,,,
"CINCINNATI RADIATOR, INC.",779K5,,,
"HANNA INSTRUMENTS, INC.",77AV5,,,
MASTER ELECTRONIC SOLUTIONS LLC,77CB3,,,
KEYSTONE TECHNOLOGIES LLC DIV KEYSTONE,77JS0,,,
ORLACO INC.,77L32,,,
VIDEO RIVER NETWORKS LLC DIV VIDEO RIVER NETWORKS,77MP5,,,
BIG W SALES,77PW9,,,
CAPITOL ENGINE CO INC DBA SALMINI WORLDWIDE,78047,,,
,,,,
"JOHNSON WELDED PRODUCTS, INC DBA J W P",78117,,,
ST PIERRE MANUFACTURING CORP DIV ST PIERRE CHAIN & WIRE ROPE,78171,,,
,,,,
"MOTOROLA SOLUTIONS, INC. DIV U.S. FEDERAL GOVERNMENT MARKETS REGION",78205,,,
STAR EXPANSION CO,78206,,,
"R. H. SHEPPARD CO., INC. DBA SHEPPARD",78222,,,
STOUGHTON TRAILERS LLC,78257,,,
SIKORSKY AIRCRAFT CORPORATION DBA SIKORSKY AIRCRAFT CORP,78286,,,
AEROTECH ENTERPRISES DBA K AND F MFG CORP,78289,,,
"SIMS PUMP VALVE CO, INC",78314,,,
WITCO CHEMICAL CORP SONNEBORN CHEMICAL AND REFINING CO,78369,,,
UNIVERSAL INDUSTRIAL PRODUCTS CO DIV OF CORE INDUSTRIES INC,78372,,,
SWIFT GLASS CO INC,78392,,,
J. W. SPEAKER CORPORATION DBA JW SPEAKER CORP,78422,,,
TIFFIN METAL PRODUCTS CO.,78468,,,
,,,,
"ELECTRONIC INDUSTRIES, INC. DBA ELECTRONIC INDUSTRIES",78505,,,
GT DEVELOPMENT CORP,78528,,,
IRIS TECHNOLOGY CORPORATION DBA IRIS TECHNOLOGY CORP,78535,,,
,,,,
SPECO CORP,78567,,,
"SMITHS TUBULAR SYSTEMS-LACONIA, INC.",78570,,,
STEWART STAMPING CORP SUB OF INSILCO CORP,78584,,,
TOUREK J J MFG CO,78643,,,
SURRETTE AMERICA,78657,,,
SWENDEMAN INC,78671,,,
"SWITLIK PARACHUTE COMPANY, INC. DBA SWITLIK PARACHUTE CO INC",78673,,,
WADE ANTENNA INC DIV TACO ANTENNA,78702,,,
,,,,
"TEX-TECH ENGINEERED COMPOSITES, LLC",78741,,,
ALL WEST CONTAINER CO.,78761,,,
BOLTON METAL PRODUCTS CO. INC.,78764,,,
"TRANSMISSION ENGINEERING CO., INC. DBA TECO",78791,,,
TRICO CORPORATION DIV TRICO CORP,78801,,,
,,,,
UNIONTOOLS INC,78925,,,
PROVERBS 31 INVESTMENTS LLC DBA GATEWAY STRATEGIC SOURCING DIV GATEWAY STRATEGIC SOURCING,78945,,,
COMDIAL BUSINESS COMMUNICATIONS CORP REPAIR DEPT,78957,,,
SAMTECH LLC DBA MASSIF DIV MASSIF,78EE2,,,
"COASTAL RELIABILITY SOLUTIONS, LLC",78L98,,,
PRO FLIGHT GEAR LLC,78LH4,,,
REMOTE DIAGNOSTIC TECHNOLOGIES LLC,78N80,,,
SEASTAR SOLUTIONS INC,78UL2,,,
THE UNITED TOOL & DIE COMPANY DBA UNITED TOOL & DIE CO,79043,,,
VITA MOTIVATOR CO INC DIV VITA MOTIVATOR COMPANY,79102,,,
VON DUPRIN INC DBA GLYNN JOHNSON AND/OR IVES AND/OR VON DUPRIN,79108,,,
VULCAN CO INC THE,79115,,,
ROBERT H WAGER CO INC,79128,,,
,,,,
"VELLUMOID, INC.",79144,,,
"DANA AUTOMOTIVE SYSTEMS GROUP, LLC DBA DANA SEALING PRODUCTS",79150,,,
CARROLL COATINGS CO INC,79158,,,
"JAMES WALKER MFG., CO.",79159,,,
WALL-LENK CORPORATION DBA CRAFTMARK,79165,,,
VAUGHAN & BUSHNELL MANUFACTURING COMPANY,79171,,,
SIEMENS WATER TECHNOLOGIES CORP. DIV WALLACE & TIERNAN PRODUCTS,79172,,,
WARWICK MACHINE CO,79200,,,
WALKER MFG CO,79260,,,
WESTERN GASKET AND PACKING CO,79274,,,
E-SYSTEMS INC MONTEK DIV FLUID CONTROLS OPNS,79294,,,
WHITNEY VINCENT CO INC,79313,,,
SPECTRA SYSTEMS INC,79329,,,
WILLIAM E WILLIAMS VALVE CORP,79342,,,
,,,,
MILLS WHOLESALE MEAT CO INC,79386,,,
"LIBERTY VENTURES INTI, LLC",79410,,,
YARROW INDUSTRIAL SUPPLY CO,79455,,,
LYDALL INC WESTEX DIV,79499,,,
,,,,
,,,,
ELECTRO SWITCH CORP DIV ELECTROSWITCH,79692,,,
ADORAMA INC.,79702,,,
ELECTRO SWITCH CORP. DIV CW INDUSTRIES,79727,,,
EAGLE-PICHER INDUSTRIES INC WOLVERINE GASKET DIV,79788,,,
"PERMATEX, INC. DIV ITW PERMATEX",797C1,,,
CLIFTON ADHESIVE INCORPORATED,79833,,,
EMERSON ELECTRIC CO U S ELECTRICAL MOTORS DIV,79938,,,
BATTELLE MEMORIAL INSTITUTE,79986,,,
BRAINARD RIVET CO,79987,,,
"LUXFER MAGTECH, INC.",79GC7,,,
BEL POWER SOLUTIONS INC.,79Q43,,,
"BKW GSE CONSULTING, INC. DBA BKWSGE CONSULTING DIV BKWGSE CONSULTING",79Q47,,,
NORTHROP GRUMMAN SYSTEMS CORPORATION,79RG9,,,
NORTHROP GRUMMAN SYSTEMS CORPORATION,79U29,,,
"ELCON PRECISION, LLC DBA ELCON PRECISION LLC",79XW9,,,
HUMAN SYSTEMS INTEGRATION INC,79ZQ2,,,
MONTES EQUIPMENT CO INC,7A287,,,
"STANLEY M. PROCTOR COMPANY, LLC",7A368,,,
JELD-WEN DBA PAXTON/PATTERSON,7A663,,,
LACOJA INC DIV PENN FLUID SYSTEM TECHNOLOGIES,7A717,,,
"STEFFENS-SHULTZ, INC.",7A842,,,
MUNCY CORP,7A850,,,
SAGER ELECTRICAL SUPPLY CO INC DBA SAGER ELECTRONICS,7A884,,,
HARRIS WELDING AND MACHINE COMPANY,7A8G4,,,
HILL MFG CO (INC),7A964,,,
ABB INSTALLATION PRODUCTS INC. DIV THOMAS & BETTS CORPORATION,7APC4,,,
NORTHROP GRUMMAN SPACE & MISSION SYSTEMS CORP.,7B220,,,
"FLUID MECHANICS, INC.",7B484,,,
"QED SYSTEMS, INC. DBA QED SYSTEMS INC",7B572,,,
INDUSTRIAL SALES COMPANY INC,7B912,,,
"MAC MOTORS, INC",7B922,,,
CEVIANS LLC,7B9T2,,,
RPM INDUSTRIES LLC DBA RPM INDUSTRIES LLC,7BLK0,,,
"INNOVATIVE SATCOM ENGINEERING, INC",7BUG0,,,
NANOSONICS INC,7C8F4,,,
LAW TACTICAL LLC,7C9Y9,,,
"ARTESYN EMBEDDED TECHNOLOGIES, INC. DBA ARTISAN EMBEDDED TECHNOLOGY",7CD31,,,
"IDENTIV, INC.",7CFE1,,,
HYDRO-QUIP MANUFACTURING & SUPPLY INC,7CSD4,,,
"TRI-STATE PLASTICS, INC.",7D058,,,
TURA MACHINE CO DBA TURA MACHINE,7D072,,,
KINGFISHER MEDICAL INC,7D0X9,,,
BENNETT INDUSTRIES INC,7D170,,,
FORESTRY SUPPLIERS INC,7D560,,,
"W. W. GRAINGER, INC.",7D664,,,
GRAINGER DIV OF W W GRAINGER INC,7D665,,,
HAMPTON RUBBER COMPANY,7D712,,,
THE DUROL COMPANY,7D869,,,
"MEASUREMENT SPECIALTIES, INC.",7DHL3,,,
PARKER-HANNIFIN CORPORATION DBA PNEUTRONICS DIV QUICK COUPLING DIVISION,7DU54,,,
"TRIDENT MARITIME SYSTEMS, INC.",7DZK0,,,
TUTTLE AND BAILEY DIV ALLIED THERMAL CORP,7E417,,,
MARTECH FIRE SOLUTIONS INC,7EL13,,,
HAVIS INC,7F200,,,
"MONROE MACHINED PRODUCTS, INC.",7F311,,,
RESSVEN INC DBA E JAMES & CO,7F461,,,
TRIDOX PRODUCTS,7F549,,,
"BLAKE & PENDLETON, INC. DBA BLAKE & PENDLETON INC",7F790,,,
"LADISH VALVE COMPANY, LLC",7FD54,,,
ROCKFORD ACROMATIC PRODUCTS CO,7G079,,,
ASRC FEDERAL SYSTEM SOLUTIONS LLC,7G0F7,,,
PTC PRECISION LLC,7G119,,,
LUMENTUM OPERATIONS LLC,7G1W5,,,
"C.H. REED, INC",7G690,,,
"2S TECHNOLOGIES, INC. DBA 2S TECHNOLOGIES INC",7G7M2,,,
"WESTIN AUTOMOTIVE PRODUCTS, INC. DBA WESTIN AUTOMOTIVE PRODUCTS INC DIV WESTIN AUTOMOTIVE PRODUCTS",7GA98,,,
"LEXTM3 SYSTEMS, LLC DBA LEXTM3 SYSTEMS LLC",7GFW9,,,
VERTEX LLC,7GL31,,,
UNIPHOS ENVIROTRONIC INC,7GPS9,,,
I3 ASSEMBLY LLC,7GSN0,,,
PUCEL ENTERPRISES INC.,7H144,,,
ARI PHOENIX INC,7H2W1,,,
CONTINENTAL ELECTRIC MOTORS INC.,7H468,,,
SIDEWINDERS LLC,7H4U0,,,
GLOBAL INCORPORATED,7H596,,,
"CUESTA J E & CO, INC",7H711,,,
"HYNES & WALLER, INCORPORATED DBA HYNES AND WALLER INC",7H798,,,
CHOCTAW DEFENSE MANUFACTURING LLC,7H9J3,,,
HEART OF MAINTENANCE EXCELLENCE LLC,7HHZ4,,,
"AIRNESCO - USA, LLC",7HW12,,,
"PRIBBS STEEL & MFG., INC.",7J015,,,
"MACHINE SERVICE, INC. DBA MACHINE SERVICE INC",7J132,,,
U.S. RIGGING SUPPLY CORP. DBA US RIGGING SUPPLY CORP,7J136,,,
ARCAL PRECISION COMPONENTS INC,7J244,,,
MILLER CENTRIFUGAL CASTING CO,7J254,,,
KNESS MFG CO INC,7J381,,,
HII MISSION TECHNOLOGIES CORP.,7J3K1,,,
"TACTICAL GLOBAL SOLUTIONS, CORP DBA TACTICAL GLOBAL SOLUTIONS CORP",7J5C5,,,
NELCO PRODUCTS INC DBA NELCO WIRING ACCESSORIES,7J603,,,
SPRAY SOK INC,7J718,,,
"PHB INC DBA PHB DIE CASTING, INC",7J752,,,
BACO CONTROLS INC,7J764,,,
"KRATOS UNMANNED AERIAL SYSTEMS, INC DIV UNMANNED SYSTEMS DIVISION",7J998,,,
"RELEVANT SOLUTIONS, LLC DIV RELEVANT INDUSTRIAL, LLC",7JC77,,,
TC MACHINE DESIGN INC DBA TC MACHINE DESIGN INC,7JCX8,,,
"HAMILTON LABORATORY SOLUTIONS, LLC DBA HAMILTON LABORATORY SOLUTION DIV HAMILTON LABORATORY SOLUTIONS",7JT32,,,
"TRUATLANTIC MFG., LLC",7JWD2,,,
"HDT EXPEDITIONARY SYSTEMS, INC.",7JYX1,,,
SANDBAG STORE LLC,7K1M2,,,
REGAL PLASTIC SUPPLY CO. DBA REGAL PLASTIC SUPPLY OF COLORADO,7K333,,,
CHANT ENGINEERING CO INC DBA CHANT ENGINEERING CO INC,7K419,,,
AVNET ELECTRONICS MARKETING,7K545,,,
,,,,
"GRAYHILL, INC",7K6C6,,,
"BLUETIDE COMMUNICATIONS, INC.",7K7Y7,,,
"FERGUSON ENTERPRISES, LLC DBA FERGUSON INDUSTRIAL",7K915,,,
FAIRLANE CO.,7K9D0,,,
RESILIENCE TACTICAL LLC,7KBF8,,,
"WINDROSE GROUP LLC, THE",7KFS1,,,
STREAMLINE FILTRATION SYSTEMS LLC,7KHY1,,,
"TELEDYNE FLIR UNMANNED GROUND SYSTEMS, INC",7KJ69,,,
"RAPTOR TACTICAL, LLC DBA RAPTOR TACTICAL LLC DIV RAPTOR TACTICAL",7KTT7,,,
DRIP DROP HYDRATION INC. DBA DRIP DROP HYDRATION INC DIV DRIP DROP HYDRATION,7KYZ6,,,
MID-ATLANTIC ENGINE SUPPLY CORP DBA MIDATLANTIC ENGINE SERVICE,7L005,,,
SNAP-ON TOOLS CORP,7L414,,,
BLAKO INC. DBA BLAKESLEE,7L611,,,
DUKANE CORPORATION DIV DUKANE IAS,7L616,,,
COLUMBUS SERVICE SUPPLY CORP,7L685,,,
"R. A. MUELLER, INC.",7L816,,,
"DYNETICS, INC.",7L855,,,
CUSTOM CABLE CORP,7L904,,,
"TRIPLE HAVEN TECHNOLOGIES, LLC DBA TRIPLE HAVEN TECHNOLOGIES LLC",7LL72,,,
"TUCKER TIRE COMPANY, INC. DBA TUCKER TIRE CO",7LWQ9,,,
"BRASWELL SERVICES, LLC DBA BRASWELL DEFENSE SERVICES",7LZT3,,,
"ILLUMINATED INSIGHTS, LLC",7LZV9,,,
ROCKWELL INTERNATIONAL COLLINS RADIO GROUP,7M130,,,
"DONOVAN MARINE, INC. DBA DONOVAN MARINE INC",7M258,,,
"TOMAHAWK LIVE TRAP, LLC",7M680,,,
PABCO FLUID POWER CO DBA SUNSOURCE - PABCO DIV SUNSOURCE,7M751,,,
BOURDON FORGE CO INC,7M835,,,
BLUE CORD LOGISTIC STRATEGIES INC,7MBP0,,,
"SCHLEGEL ELECTRONIC MATERIALS, INC. DIV SCHLEGEL USA",7MG37,,,
ERICKSON INC,7MH41,,,
THYSSENKRUPP BILSTEIN OF AMERICA INC DIV THYSSENKRUPP BILSTEIN OF AMERICA,7MN00,,,
HUMPHREE USA INC.,7MUE8,,,
"LEIDOS, INC.",7MWC4,,,
ZIPCO INC DBA ZIP,7N306,,,
DIBERT VALVE & FITTING CO INC,7N351,,,
"AIR CRAFTORS ENGINEERING, INC.",7N480,,,
BRANNON HYDRAULICS,7N564,,,
LEIDOS INC DBA LEIDOS QTC HEALTH SERVICES,7N6D2,,,
"ACE CLEARWATER ENTERPRISES, INC. DBA ACE CLEARWATER ENTERPRISES INC",7N843,,,
"USA SEALING, INC.",7NC51,,,
"ANRO LOGISTICS, INC",7NDY5,,,
"MILDEF, INC.",7NK16,,,
ELGINEX CORP DBA TARTAN GROUP,7P112,,,
"BEI DEFENSE SYSTEMS COMPANY, INC.",7P129,,,
S & S TOOL & MACHINE CO DBA S & S TOOL & MACHINE CO,7P154,,,
RED HILL MOBILITY GROUP LLC,7P1K7,,,
SUPERIOR COMPRESSOR COMPANY DBA GRIMMER SCHMIDT SMITH COMPRESSORS,7P354,,,
ENEGREN ELECTRONICS INC,7P399,,,
BERKOWITZ A CO,7P534,,,
ZEMARC CORPORATION,7P915,,,
"MITOGRAPHERS INC., THE",7P969,,,
BANKS TECHNOLOGIES,7PMZ4,,,
"L3HARRIS GLOBAL COMMUNICATIONS, INC.",7QAK7,,,
JEDBURGH ENTERPRISES LLC,7QN94,,,
VIRVATULI LIGHTING DESIGN DBA VIRVATULI LIGHTING DESIGN,7QPF8,,,
SAFESMART LLC DBA ALLFASTENERS USA LLC DIV SAFESMART ACCESS,7QPS5,,,
"FUTUREFLITE, INC",7QT37,,,
HARDWARE SPECIALTY CO INC,7R019,,,
NORTH AMERICAN CRANE AND EQUIPMENT CO LLC,7R117,,,
COMARK LLC,7R197,,,
"CHAMPION'S CHOICE, INC. DBA CHAMPIONS CHOICE INC",7R212,,,
"CMI RUBBER COMPANY, INC.",7R245,,,
"GAUMER COMPANY, INC. DBA GAUMER PROCESS",7R305,,,
BAE SYSTEMS TECHNOLOGY SOLUTIONS & SERVICES INC. DBA BAE SYSTEMS APPLIED TECHNOLOGIES INC ELECTRONIC SYSTEMS DIV,7R348,,,
CHEM-TAINER INDUSTRIES INC. DBA TODD ENTERPRISES DIV CHEM-TAINER,7R531,,,
WEICO WIRE & CABLE INC DIV WEICO WIRE,7R617,,,
SENNHEISER ELECTRONIC CORP,7R839,,,
VYAIRE MEDICAL INC DIV VYAIRE RESPIRATORY DIAGNOSTICS LLC,7RDL2,,,
"IC3D, INC.",7RS73,,,
AMERICAN DEFENSE GROUP LLC,7S2M4,,,
JOHNSTON INTERNATIONAL CORPORATION DBA GRAND RESEARCH & MFG CO,7S348,,,
MARTIN MERKEL PACKINGS AND SEALS INC,7S370,,,
"CONTRX INDUSTRIES, INC. DBA U S SLING & SUPPLY DIVISION USE CAGE CODE 2T600 FOR CATALOGING",7S407,,,
"JB INDUSTRIES, INC.",7S444,,,
SCIENTIFIC SPECIALTIES SERVICE INC,7S566,,,
L-3 COMMUNICATIONS INTEGRATED SYSTEMS L.P. DBA INTEGRATED SYSTEMS-SPECIAL SUPPORT PROGRAMS DIVISION DIV SSPD:  ADVANCED TECHNICAL,7S976,,,
HYPERTHERM INC,7SA31,,,
ROYAL PURPLE LLC,7SGQ4,,,
"BLOOD DEPOT, INC.",7SPF5,,,
"NAUTIC-SPORT, INC. DBA NAUTIC SPORT INC",7STY8,,,
"LIVEWIRE BATTERY SUPPLY, INC",7SXT0,,,
SUBURBAN MANUFACTURING INC,7T076,,,
CROSSROADS REHABILITATION CENTER INC DIV CROSSROADS INDUSTRIAL SERVICES,7T134,,,
"CAL-JUNE, INC. DBA JIM-BUOY DIV JIM-BUOY",7T351,,,
EG AND G INC ELECTRONIC AND FREQUENCY PRODUCTS DIV,7T714,,,
"SPECIAL PROJECTS OPERATIONS, INC",7T7T1,,,
MATRX MEDICAL INC,7T923,,,
"MARKETIQUETTE, INC DIV LOCH SCIENCES",7T9X9,,,
"PRINCETEL, INC DBA WENDON ENG DIV WENDON ENGINEERING",7TCS1,,,
T W P CO,7U010,,,
"CANYON ENGINEERING PRODUCTS, INC.",7U055,,,
RICHARD NAJARIAN,7U091,,,
"DEJANA TRUCK & UTILITY EQUIPMENT CO, LLC DIV DEJANA TRUCK & UTILITY EQIPMENT CO LLC",7U0T1,,,
NES RENTALS DBA NES EQUIPMENT SERVICES DIV NES RENTALS,7U115,,,
ANTRIM MACHINE PRODUCTS INC,7U154,,,
"SEXTON WELDING SUPPLY CO., INC.",7U226,,,
CUMMINS ENGINE CO INC DIESEL RECON CO DIV,7U263,,,
UNIMETRIC CORP,7U319,,,
"AUTOMATIC TRAP COMPANY, INC",7U3A8,,,
PHOTOVOLT CORP,7U623,,,
"ICM PRODUCTS, INC.",7UAN3,,,
"HALEY STRATEGIC PARTNERS, LLC",7UGT7,,,
"MISCO/MINNEAPOLIS SPEAKER COMPANY, INC. DBA OAKTRON",7URX3,,,
INVISIO COMMUNICATIONS INC,7UU93,,,
MINNESOTA MINING AND MFG CO,7V059,,,
VIRTIUM LLC,7V1X9,,,
LABREPCO LLC DIV LABREPCO,7V416,,,
WILLIAMS AEROSPACE & MANUFACTURING INC,7V438,,,
"CARE LINE INDUSTRIES, INC.",7V464,,,
SMART TOOLS PLUS LLC,7V6A4,,,
BEE INDUSTRIES,7V765,,,
DORMAKABA USA INC,7V8X7,,,
BERENDSEN FLUID POWER INC,7V940,,,
REGAL PROTOTYPES INC,7V995,,,
"GAIA ENTERPRISES, INC. DBA SAFE PAW",7VJ69,,,
AVITEST LLC,7VM91,,,
"MAGLOGIX, LLC DBA MAGLOGIX LLC",7VNP7,,,
"CALIFORNIA AIR TOOLS, INC.",7VRJ0,,,
GOWER MACHINE LLC,7VRU2,,,
QUICKSILVER ANALYTICS INC,7VVA5,,,
PHILADELPHIA ELECTRICAL EQUIPMENT CO,7W024,,,
THE BELTING COMPANY OF CINCINNATI DBA BELTING CO OF CINCINNATI,7W105,,,
SHELTON INDUSTRIAL PATTERN INC.,7W315,,,
EATON CORP AXLE DIV GLASGOW PLANT,7W346,,,
GENERAL DYNAMICS LAND SYSTEMS INC. DIV GDLS GLOBAL LLC,7W356,,,
WINSLOW AUTOMATICS INC DBA WINSLOW AUTOMATICS INC,7W515,,,
INTERCOMP CO,7W667,,,
ASSOCIATED TRANSFORMER CORP,7W688,,,
"CURTISS-WRIGHT FLOW CONTROL SERVICE, LLC DBA CURTISS-WRIGHT NUCLEAR DIVISION DIV CURTISS-WRIGHT NUCLEAR DIVISION",7W8H7,,,
CPS SOLUTIONS LLC,7WDZ2,,,
FIBROTEX USA INC.,7WNE0,,,
VOITH SCHNEIDER AMERICA INC,7X044,,,
GOLDEN EAGLE MFG,7X111,,,
HYDRAULIC SPECIALTY CO,7X167,,,
DEMAREE INFLATABLE BOATS INC,7X236,,,
"SUN MICROSYSTEMS, INC. DBA SUN MICROSYSTEMS",7X430,,,
,,,,
SAFT AMERICA INC DBA SAFT AMERICA INC DIV CIVIL ELECTRONICS,7X634,,,
"F-K BEARINGS, INC. DBA FK BEARING CO-5",7X635,,,
"CHEMRING ENERGETIC DEVICES, INC",7X664,,,
"PORTSMOUTH TRAILER SUPPLY, INC",7X822,,,
WINER SURPLUS LLC,7XAU5,,,
"VESTDAVIT, INC. DBA VESTDAVIT INC",7XBX2,,,
"ENOVA ILLUMINATION, INC.",7XPY9,,,
MOTION & FLOW CONTROL PRODUCTS INC,7XVK3,,,
SAFEGUARDS TECHNOLOGY LLC,7Y065,,,
WESTERVILLE MANUFACTURING CORP.,7Y162,,,
GALACTIC TECHNOLOGIES INC DIV N/A,7Y185,,,
"TAYLOR DEFENSE PRODUCTS, LLC DBA TAYLOR DEFENSE PRODUCTS LLC",7Y1R3,,,
WILSON CASE INC,7Y240,,,
DIXIE DIAMOND MANUFACTURING INC,7Y241,,,
RIAVAN MFG AND RESEARCH INC,7Y262,,,
HENSOLDT INC DBA HENSOLDT INC,7Y2U0,,,
"MERRYWEATHER FOAM , INC.",7Y395,,,
"D. B. ROBERTS, INC. DBA DB ROBERTS INC",7Y433,,,
"M & S SPRING COMPANY, INC.",7Y914,,,
"ACE ELECTRONICS OF N.J., INC.",7Y943,,,
ACU-TEC INDUSTRIES INC,7Y945,,,
"A A ELECTRIC S.E., INC",7Y971,,,
NELLCOR PURITAN BENNETT LLC DBA COVIDIEN DIV COVIDIEN,7Y988,,,
"KENCO HYDRAULICS, INC.",7YAQ9,,,
INTEGRATED MEDCRAFT LLC,7YLA3,,,
"TEAL, LLC DBA TEAL LLC DIV IDEAL ENVIRONMENTAL",7YNL7,,,
B & T USA LLC,7YTU7,,,
"CUSTOM GLASS SOLUTIONS TRUMBAUERSVILLE, LLC",7YVM4,,,
VTE INC,7Z043,,,
"ACCURATE ELECTRONICS, INC.",7Z140,,,
"GETINGE USA SALES, LLC",7Z1K6,,,
EMERGENCY LIGHTING CO INC,7Z320,,,
"SKEDCO, INC. DBA SKEDCO INC",7Z446,,,
WADEMAN INSTRUMENT SERVICES,7Z448,,,
DELTA PROFESSIONAL SERVICES LLC,7Z5A7,,,
PROCESS PIPING SPECIALTIES INC,7Z661,,,
"MAC TAGGART, SCOTT & CO LTD",7Z668,,,
ENGILITY CORPORATION,7Z726,,,
"GOULD & BASS COMPANY, INC.",7Z769,,,
IMPACT LABEL CORPORATION,7Z924,,,
SECHAN ELECTRONICS INC DBA SECHAN ELECTRONICS INC,7Z941,,,
VECTRONIX INC.,7Z946,,,
FABTEK INDUSTRIES LLC. DBA FABTEK INDUSTRIES,7ZAG1,,,
"BRAVO COMPANY MFG, INC.",7ZU86,,,
LITTON SYSTEMS INC AIRTRON DIV,80006,,,
ELECTRO ENGINEERING WORKS INC,80008,,,
,,,,
NAVAL AIR WARFARE CENTER AIRCRAFT DIVISION JOINT BASE JBMDL,80020,,,
VISHAY HIREL SYSTEMS LLC DIV MARSHALL,80023,,,
JOINT ELECTRONICS TYPE DESIGNATION SYSTEM,80058,,,
,,,,
BOSTON NAVAL SHIPYARD,80060,,,
US ARMY COMMUNICATIONS & ELECTRONICS MATERIEL READINESS COMMAND LOGISTICS ENGINEERING DIR,80063,,,
NAVAL SHIP SYSTEMS COMMAND,80064,,,
LOCKHEED MARTIN CORPORATION DIV RMS- C6ISR,80070,,,
H20 TANK INC U S MOTORS DIV,80072,,,
EMERSON ELECTRIC CO WHITE-RODGERS DIV,80089,,,
,,,,
ELECTRONIC INDUSTRIES ASSOCIATION,80131,,,
KAY ELEMETRICS CORPORATION,80138,,,
QUICKSET DEFENSE TECHNOLOGIES LLC,80175,,,
,,,,
TEK BEARING CO INC,80202,,,
AMERICAN NATIONAL STANDARDS INSTITUTE INCORPORATED DBA AMERICAN NATIONAL STANDARDS INSTITUTE,80204,,,
NATIONAL AEROSPACE STANDARDS COMMITTEE AEROSPACE INDUSTRIES ASSOCIATION OF AMERICA INC NOT FOR RFQ OR SOLICITATION USE,80205,,,
AVCO CORP,80210,,,
BAE SYSTEMS LAND & ARMAMENTS L.P.,80212,,,
,,,,
"COLEMAN COMPANY, INC., THE DBA COLEMAN DIV THE COLEMAN COMPANY, INC.",80309,,,
DORSEY TRAILERS INC,80328,,,
"HAYNES INTERNATIONAL, INC.",80357,,,
MARINE CORPS,80372,,,
AVERY DENNISON CORPORATION,80509,,,
CAMEL MANUFACTURING COMPANY LLC,80515,,,
FKI INDUSTRIES INC ACCO CONTROLS DIV,80523,,,
COOPER TIRE & RUBBER COMPANY DBA COOPER,80540,,,
AMETEK/HUNTER SPRING AN AMETEK CO,80545,,,
CINAUDAGRAPH DIV OF INDIANA STEEL PRODUCTS CO,80559,,,
,,,,
FULLER INDUSTRIES INC.,80572,,,
EXTREME FEDERAL INC DBA EXTREME FEDERAL INC,805X8,,,
"STRIPPIT, INC DIV STRIPPIT",80651,,,
HUBBELL HARVEY INC LIGHTING DIV,80704,,,
"J.O. GALLOUP COMPANY DBA SMITH INSTRUMENT DIV DBA: GALLOUP, MERLO ENERGY, SMITH INSTRUMENT",80712,,,
PRESTOLITE BATTERY DIV AN ELTRA CO,80719,,,
COVALENCE SPECIALTY ADHESIVES LLC DIV TAPES AND COATINGS,80769,,,
STEALTH MANUFACTURING & SERVICES LLC,807A2,,,
ARNOLD MACHINERY CO,80832,,,
AUSA CENTER SL,8084B,,,
,,,,
BLAW-KNOX CONSTRUCTION EQUIPMENT CO DIV OF WHITE CONSOLIDATED INDUSTRIES INC,80906,,,
THE WALTER MACHINE CO INC,80956,,,
WIRECO WORLDGROUP INC.,80967,,,
ITT GRINNELL CORP,80996,,,
"VOGT VALVES, INC. DBA VOGT VALVES INC",80KX3,,,
VISUAL COMMUNICATIONS COMPANY LLC,80X53,,,
,,,,
"JAPLAR GROUP, INC. DBA JAPLAR SCHAUER",81071,,,
"CD SNOW HILL, LLC",81133,,,
"BOSCH SECURITY SYSTEMS, INC DBA USE CAGE CODE 25734 FOR CATALOGING DIV COMMUNICATIONS DIVISION",81134,,,
EATON CORP AXLE DIV,81142,,,
FOSTER TRANSFORMER COMPANY,81160,,,
WALLACE-MURRAY CORP ELJER PLUMBINGWARE DIV VITREOUS CHINA PLANT,81179,,,
TELEDYNE FIRTH STERLING TELEDYNE INDUSTRIES SUB OF TELEDYNE INC,81191,,,
INDUSTRIAL NUT CORP DIV INDUSTRIAL NUT CORPORATION,81198,,,
,,,,
NASH BROS CONSTRUCTION CO INC,81216,,,
KICKHAM BOILER INC. DBA VAPORPHASE,81253,,,
MOOG AUTOMOTIVE INC,81285,,,
PUROLATOR PRODUCTS INC,81321,,,
CHIEF OF ENGINEERS DEPT OF ARMY,81336,,,
W1D1 NATICK SOLDIER CENTER DBA US ARMY CCDC SOLDIER CENTER DIV COMBAT CAPABILITIES DEVELOPMENT COMMAND - SOLDIER CENTER,81337,,,
EVANS SIGNAL LABORATORY,81342,,,
MILITARY SPECIFICATIONS PROMULGATED BY MILITARY DEPARTMENTS/AGENCIES UNDER AUTHORITY OF DEFENSE STANDARDIZATION MANUAL 4120 3-M,81349,,,
AIR FORCE-NAVY AERONAUTICAL SPECIFICATIONS PROMULGATED BY AERONAUTICAL STANDARDS GROUP,81352,,,
EDGEWOOD CHEMICAL BIOLOGICAL CENTER ECBC,81361,,,
BASHLIN INDUSTRIES INC.,81362,,,
BAE SYSTEMS INFORMATION AND ELECTRONIC SYSTEMS INTEGRATION INC.,81395,,,
TREADWELL CORPORATION (DELAWARE) DBA TREADWELL CORP,81412,,,
NATIONAL SAFETY COUNCIL,81484,,,
SQUARE D CO MILWAUKEE MFG PLANT,81487,,,
DENTSPLY SIRONA INC. DBA MIDWEST DENTAL DIV MIDWEST,81490,,,
PHOENIX PRODUCTS LLC DBA PHOENIX LIGHTING PRODUCTS LLC,81493,,,
PERKIN-ELMER CORP THE,81511,,,
,,,,
"SENSATA TECHNOLOGIES MARYLAND, INC",81541,,,
"AUBURN MANUFACTURING COMPANY, THE DBA AUBURN",81567,,,
MCCULLOCH CORP,81580,,,
KORRY ELECTRONICS CO,81590,,,
,,,,
NORFOLK NAVAL SHIPYARD,81601,,,
,,,,
CHAMBERS GASKET & MANUFACTURING CO,81738,,,
LOCKHEED MARTIN CORPORATION DIV LOCKHEED MARTIN AERONAUTICS COMPANY,81755,,,
APEX MACHINE CO,81769,,,
GENERAL CABLE CORPORATION DIV CORPORATE,81774,,,
"COMMUNICATION COIL, INC. DIV -",81815,,,
MONUMENT ENGINEERING CO INC,81819,,,
MENASHA MATERIAL HANDLING CORP ORBIS A DIV OF,81841,,,
"COOPER INTERCONNECT, INC. DBA BURTON ELECTRICAL ENGINEERING",81861,,,
TELAIR US LLC DBA US CARGO SYSTEM,81868,,,
LA FAVORITE INDUSTRIES INC.,81876,,,
LOS ANGELES RUBBER CO,81889,,,
SUPERVISOR OF SHIPBUILDING CONVERSION AND REPAIR USN,81898,,,
KEGERISE R G AND SON,81928,,,
TRW INC BEARINGS DIV PLAINVILLE PLANT,81965,,,
"G.W. LISK CO, INC DIV G.W. LISK COMPANY, INC.",81983,,,
ROLLSON INC,81988,,,
US ARMY AVIATION AND MISSILE COMMAND,81996,,,
ROADKING SHOCKS LLC,81G66,,,
"FALCOM, LLC",81SA7,,,
"PCX AEROSTRUCTURES, LLC",82001,,,
GIBBONS INC,82003,,,
"ALLARD NAZARIAN GROUP, INC. DBA ALLARD NAZARIAN GROUP INC",82005,,,
BUCKINGHAM MFG CO INC,82063,,,
"GEIER & BLUHM, INC.",82084,,,
STANDARD GRIBSBY INC,82104,,,
WILLIAM SPENCER,82181,,,
"DAY-RAY PRODUCTS, INC.",82255,,,
WEBB MACHINE AND TOOL CO,82327,,,
"W.F. WELLS, INC.",82331,,,
"L3HARRIS TECHNOLOGIES, INC. DIV SPACE AND AIRBORNE SYSTEMS",82340,,,
NOTT COMPANY DBA NOTT,82375,,,
GMA GARNET USA CORP DIV GMA GARNET (USA) CORP. - FAIRLESS PLANT,823K2,,,
KLEINSCHMIDT INC,82423,,,
DETROIT COIL CO.,82450,,,
F W LANG CO,82523,,,
INSULFAB PLASTICS INC,82568,,,
RAYTHEON COMPANY DBA RAYTHEON DIV RAYTHEON AIRBORNE RADARS,82577,,,
DESARROLLO TECNICAS INDUSTRIALES DE GALICIA SA,8260B,,,
S&C ELECTRIC COMPANY,82621,,,
"STRATAFLO PRODUCTS, INC",82667,,,
MACK ELECTRIC DEVICES INC,82691,,,
"MACKAY COMMUNICATIONS, INC",82692,,,
PHILLIPS-ADVANCE CONTROL CO DIV OF PHILLIPS-ECKARDT ELECTRONIC CORP,82768,,,
MILWAUKEE RESISTOR CORPORATION,82807,,,
THE ERICSON MANUFACTURING COMPANY,82832,,,
SOUTHWORTH PRODUCTS CORP,82844,,,
NATIONAL MFG CO DBA NATIONAL MFG SALES CO,82851,,,
ROWE INDUSTRIES INC,82878,,,
VECTOR ELECTRONICS & TECHNOLOGY INC,82893,,,
SAFETY SOCKET LLC,82896,,,
CELLBLOCK FCS LLC,828C4,,,
AERODRI CORP KECO INDUSTRIES INC DIV,82990,,,
"JACK WEST CNC, INC.",82F03,,,
CHEROKEE NATION AEROSPACE & DEFENSE LLC,82ML8,,,
USSC ACQUISITION CORP,82TL6,,,
"T & T DISTRIBUTION, LLC DIV T & T DISTRIBUTION",82ZB0,,,
"TURNBULL ENTERPRISES, INC.",83002,,,
ONEIL & ASSOCIATES INC,83007,,,
STACO ENERGY PRODUCTS CO,83008,,,
MERCURY AIRCRAFT INC DIV MERCURY CORPORATION,83034,,,
PRESSED METALS OF AMERICA INC,83120,,,
"MURDOCK WEBBING COMPANY, INC.",83219,,,
EMERSON ELECTRIC CO DBA FUSITE DIVISION,83241,,,
WM S HAYNES CO INC,83252,,,
PARKER-HANNIFIN CORPORATION DIV COMPOSITE SEALING SYSTEMS DIVISION,83259,,,
MASTER APPLIANCE CORPORATION DBA MASTER APPLIANCE CORP,83284,,,
AMERICAN CYANAMID CO CYTEC INDUSTRIES DIV CHEMICAL LIGHT DEPT,83289,,,
ARROW FASTENER CO INC,83294,,,
SNC MANUFACTURING CO INC DBA SNC MANUFACTURING CO INC,83325,,,
"SAFE FLIGHT INSTRUMENT, LLC",83326,,,
"CHANDLER PRODUCTS, LLC",83386,,,
HAMBLIN MFG CORP,83413,,,
BALLY RIBBON MILLS,83435,,,
GAVITT WIRE & CABLE CO INC,83501,,,
"HETTICH AMERICA, L.P.",83508,,,
WORTH CO INC,83511,,,
LANGDON MFG CO,83548,,,
PICKERING CONTROLS INC DBA PICKERING CONTROLS - A CURTISS WRIGHT CO.,83550,,,
SERVO-TEK PRODUCTS COMPANY INC. DBA SERVO-TEK PRODUCTS,83555,,,
NELLCOR PURITAN BENN SYSTEM CO,83564,,,
BULLDOG HOSE COMPANY LLC,835J5,,,
ILLINOIS AUTO ELECTRIC CO. DBA MIDWEST ENGINE WAREHOUSE,83600,,,
KIRKHILL INC,83613,,,
"BALDT, INC.",83644,,,
S V M GROUP INC DBA STORM VULCAN MATTONI,83658,,,
MOTIVE PARTS CO OF AMERICA INC,83778,,,
NATIONAL ELECTRONICS DIV OF RICHARDSON ELECTRONICS LTD,83781,,,
"RANDALL MFG. CO., INC.",83790,,,
THOMAS & SKINNER INC,83833,,,
SUNDSTRAND CORP ELECTRIC POWER SYSTEMS DIV,83843,,,
"ACCURATE PERFORATING CO., INC.",83906,,,
ACME TRANSFORMER CO,83920,,,
AERO TRADES MFG. CORP. DBA AERO TRADES MANUFACTURING CORP,83938,,,
B E AEROSPACE INC SERVICES DIV,83945,,,
ALLIED REFRIGERATION INC DBA ALLIED REFRIGERATION INC DIV SIGNAL HILL,83994,,,
INFINITY SOLUTIONS CONSULTANT AGENCY LLC DIV INFINITY SOLUTIONS CONSULTANT AGENCY,83A83,,,
SHADOW GROUP INC,83F54,,,
SUNPOWER TECHNOLOGY CORP. DBA SUNPOWER TECHNOLOGY CORP,83FW6,,,
"GRAVOIS ALUMINUM BOATS, LLC DIV METAL SHARK",83X43,,,
ALLEGHENY PLASTICS INC,84010,,,
"LGG INDUSTRIAL, INC.",84047,,,
VERNITRON CORP VRN INTERNATIONAL DIV,84048,,,
CROUSE-HINDS LIGHTING DIV OF COOPER INDUSTRIES INC,84076,,,
AGSCO CORPORATION,84083,,,
WOODSTREAM CORP,84155,,,
"AVIBANK MFG., INC. DBA AVIBANK MANUFACTURING INC",84256,,,
JELLIFF CORPORATION DBA JELLIFF,84276,,,
"HERMAN GOLDNER CO, INC.",84409,,,
GRAPHITE METALLIZING CORPORATION DBA GRAPHITE METALLIZING CORP,84431,,,
GRAY AND PRIOR MACHINE CO,84437,,,
"FERRY CAP & SET SCREW COMPANY, THE",84513,,,
PARKER HANNIFIN CORPORATION DIV CYLINDER DIVISION,84561,,,
FRANCHE D C AND CO,84581,,,
"AVIATION MANUFACTURING GROUP, LLC DBA THE FREEMAN COMPANY",84596,,,
FIC CORPORATION,84613,,,
HARVEY SID INC,84768,,,
"HILL, FRED AND SON CO.",84814,,,
"SAMUEL LEVINE PLUMBING AND HEATING SUPPLIES, INC. DIV SLPHS INC",84849,,,
FORMED PLASTICS INC,84902,,,
INDUSTRIAL DESIGN LABORATORIES INC,84987,,,
INDUSTRIAL FASTENERS CORP,84992,,,
INDUSTRIAL SUPPLY CO INC,85002,,,
INGERSOLL PRODUCTS CORP,85005,,,
NATIONAL FILTER MEDIA CORP,85072,,,
"NAVAL COMPANY, INC",85097,,,
CAST-RITE CORPORATION,85109,,,
,,,,
AIR PRODUCTS AND CHEMICALS INC RIVERSIDE STA,85164,,,
"DEUBLIN COMPANY, LLC",85181,,,
"L.C.DOANE COMPANY,THE DBA LC DOANE CO",85213,,,
DURO-TEST CORP,85271,,,
EAGLEPICHER CORP,85283,,,
BARNES & REINECKE INC,85336,,,
BEARIUM METALS CORP METAL TECH INTL,85373,,,
BVR TECHNOLOGIES CO DBA ESTERLINE CONTROLS SYSTEMS,85374,,,
"BORGESON UNIVERSAL CO, INC",85457,,,
BRADY UNITED STATES,85480,,,
MARK CONTROLS CORP PACIFIC VALVES DIV,85578,,,
KNOPP INCORPORATED,85914,,,
"ELECTROFILM MANUFACTURING COMPANY, LLC DBA ELECTROFILM MANUFACTURING CO LLC",85932,,,
,,,,
MAGELLAN AEROSPACE NEW YORK INC,85941,,,
ONSRUD CUTTER INC,85996,,,
MILITARY OPERATIONAL SYSTEMS LLC,85D75,,,
"VISION MANUFACTURING TECHNOLOGIES, INC.",85MV4,,,
CRACO INDUSTRIES LLC,85NE1,,,
ESSENTIUM INC,85YX7,,,
AUBURN LEATHER COMPANY,86034,,,
CALGON CORP,86035,,,
CALIFORNIA GASKET AND RUBBER CORPORATION DBA CALIFORNIA GAKET & RUBBER CORP,86044,,,
,,,,
CHEMATAR INC,86140,,,
INTOOL INC,86188,,,
,,,,
CLEMCO INDUSTRIES CORP,86192,,,
COLONIAL HARDWARE CORP. DIV COLONIAL HARDWARE CORPORATION,86227,,,
CRATEX MANUFACTURING CO INC,86297,,,
FIRE END & CROKER CORP.,86303,,,
PARKER-HANNIFIN CORP DIV GAS TURBINE FUEL SYSTEMS DIVISION,86329,,,
WOLVERINE TUBE INC. DBA WOLVERINE JOINING TECHNOLOGIES,86337,,,
RIEKE CORPORATION DBA RIEKE PACKAGING SYSTEMS DIV RIEKE PACKAGING SYSTEMS,86343,,,
PANISH CONTROLS INCORPORATED,86376,,,
PFIZER INC,86491,,,
PRECISION METAL PRODUCTS CO,86577,,,
"PRENTISS, LLC DBA ENVINCIO",86586,,,
J C RENFROE & SONS INC,86760,,,
ROFLAN ASSOCIATES INC,86796,,,
ROGAN CORPORATION,86797,,,
,,,,
ROBECO INC,86813,,,
,,,,
"SAFRAN ELECTRONICS & DEFENSE, AVIONICS USA, LLC DBA USE CAGE CODE 879B2 FOR CATALOGING",86831,,,
"SIGMA TEK, INC.",86887,,,
SIER-BATH GEAR CO INC SUB OF INGERSOLL-RAND CO,86988,,,
ABB INC DIV ELECTRIFICATION,86CP7,,,
MAGNOLIA METAL CORP,87012,,,
EDGE ELECTRONICS CORPORATION DBA MC INTYRE COIL,87103,,,
,,,,
LANDE PRODUCTS CO,87213,,,
SPARKLET DEVICES INC,87286,,,
,,,,
WELLS MFG CORP SUB OF UIS INC,87502,,,
STANDARD KEIL HARDWARE MFG CO INC,87518,,,
STANDARD REFRIGERATION CO,87531,,,
"STEINEN, WM MFG CO (INC) DBA HAHN INDUSTRIES DIVISION",87566,,,
"SRC ELASTOMERICS, INC. DBA SRC ELASTOMERICS INC",87585,,,
"SUPERIOR TUBE COMPANY, INC.",87627,,,
VICTOR-BALATA BELTING COMPANY,87679,,,
"OMNIPOYNT, LLC DBA OMNIPOYNT LLC",876P4,,,
"VULCAN GLOBAL MANUFACTURING SOLUTIONS, INC. DBA VULCAN GLOBAL MANUFACTURING SOLUTIONS INC DIV VULCAN GMS",87704,,,
COOPER INDUSTRIES INC FLOW CONTROL DIV,87708,,,
"PARMELEE INDUSTRIES, INC. DBA U S SAFETY",87743,,,
,,,,
DATRON INC TECH SYSTEMS DIV TECHNICRAFT OPN,87864,,,
GALVION SOLDIER POWER LLC,878G9,,,
QUARTERMASTER GENERAL,87990,,,
"SAFRAN ELECTRONICS & DEFENSE, AVIONICS USA, LLC",879B2,,,
"FGILL ENTERPRISES, L.L.C. DBA SHOCK STRAP DIV FGILL ENTERPRISES",87RU8,,,
NVENT THERMAL LLC,87ZG1,,,
STEWART-WARNER ALEMITE SALES CO INC,88033,,,
AERONAUTICAL STANDARDS GROUP DEPT OF NAVY AND AIR FORCE,88044,,,
,,,,
CASHCO INC,88078,,,
COOPER CAMERON CORP COOPER BESSEMER RECIPROCATING PRODUCTS DIV,88080,,,
SMITH INDUSTRIES INC DBA JAY R SMITH MFG DIV JAY R. SMITH MFG. CO.,88150,,,
PARKER HANNIFIN CORPORATION DBA SCHRAEDER BELLOWS DIV PNEUMATIC DIVISION,88233,,,
NIELSEN TOOL AND DIE CO,88240,,,
,,,,
THE BOEING COMPANY,88277,,,
,,,,
AIR METHODS CORPORATION DIV UNITED ROTORCRAFT,882Q5,,,
BOMBARDIER INCCANADAIR,88308,,,
"POWERS FASTENERS, INC.",88367,,,
CONNOR ENGINEERING CORP,88371,,,
HUGHES CORP,88416,,,
SQUARE D CO,88434,,,
"ESSEX INDUSTRIES, INC.",88535,,,
DEPARTMENT OF THE NAVY NAVAL UNDERSEA WARFARE CENTER NEW LONDON DIV,88594,,,
GENERAL BINDING CORP,88640,,,
DRESSER-RAND CO INGERSOLL-RAND OPNS A JOINT VENTURE,88663,,,
TRAULSEN AND CO INC,88715,,,
ANDERSON COPPER AND BRASS CO DIV OF THE MARMON GROUP INC,88763,,,
NEAC COMPRESSOR SERVICE USA INC,88807,,,
KROHN-HITE CORP,88865,,,
"MIRACLE PAINT REJUVENATOR COMPANY, INC.",88883,,,
THE JOHNS HOPKINS UNIVERSITY APPLIED PHYSICS LABORATORY LLC,88898,,,
UPRIGHT INC,88900,,,
BRUNSWICK CORP DBA MERCURY MARINE DIV MERCURY MARINE,88907,,,
PITTSBURGH PLATE GLASS CO,88944,,,
PRESTOLITE WIRE LLC,88945,,,
TDK-LAMBDA AMERICAS INC. DIV HIGH POWER DIVISION,89022,,,
GARLAND MANUFACTURING CO DBA GARLAND MANUFACTURING CO DIV UHMW POLYETHYLENE DIVISION,89063,,,
TYCO VALVES & CONTROLS LP DBA PENBERTHY,89117,,,
ARINC INCORPORATED DBA ARINC INC DIV CONNECTED AVIATION SOLUTIONS,89185,,,
NAVY ELECTRONICS LABORATORY,89199,,,
,,,,
"FRIGIDAIRE HOME PRODUCTS DIVISION, WHITE CONSOLIDATED INDUST",89254,,,
HAMMERBLOW CORP THE,89257,,,
Q V S INC,89280,,,
,,,,
STENOGRAPH LLC DIV STENOGRAPH,89308,,,
ROCKWELL INTERNATIONAL CORP NORTH AMERICAN AIRCRAFT OPNS,89372,,,
HILLER AIRCRAFT CORPORATION,89446,,,
BOBRICK WASHROOM EQUIPMENT INC,89488,,,
BORG-WARNER CORP AUTOMOTIVE PARTS DIV,89574,,,
GOODALL RUBBER COMPANY,89588,,,
"ERASER COMPANY INC., THE DBA LUXTHERM INFRARED HEATERS",89630,,,
SANSTORM INC,89646,,,
WESTINGHOUSE ELECTRIC CORP SURFACE DIV,89661,,,
THE BREWER-GARRETT COMPANY,89791,,,
ALACO LADDER COMPANY,89893,,,
ALTEC INDUSTRIES INC EASTERN DIV,89925,,,
TIME MANUFACTURING COMPANY DBA TIME MANUFACTURING COMPANY,89939,,,
EATON CORPORATION,89946,,,
BAE SYSTEMS CONTROLS INC. DBA BAE SYSTEMS CONTROLS INC,89954,,,
"STEELSTRAN INDUSTRIES, INC. DBA A.L. DON COMPANY DIV A. L. DON CO.",89990,,,
ENMET LLC,899J0,,,
DVC CLEANER INC.,89N91,,,
NYF/NEW YORK FASTENERS/CORP,8A015,,,
NAPA AUTOMOTIVE PARTS CO,8A026,,,
"GUERRERO PROFESSIONAL SERVICES, INC. DBA DR. DIESEL TECHNOLOGIES",8A1P5,,,
L-3 COMMUNICATIONS,8A246,,,
CREARE LLC,8A287,,,
FOXTEC CORPORATION DIV GOVT SALES,8A3M9,,,
"SEALTRONICS, INC. DBA PLATRONICS SEALS",8A459,,,
POWER ASSOCIATES INC,8A516,,,
PRECISION SPECIALTY CORP,8A549,,,
OHIO TRANSMISSION LLC,8A634,,,
NORMAN MACHINE TOOL LTD DBA NORMAN MACHINE TOOL LTD,8A790,,,
"GTA DRUM, INC",8A8A5,,,
"HUMBOLDT MACHINE SHOP, INC",8A932,,,
HYDROTECH INC DBA HYDROTECH ENGINEERING INC,8A969,,,
MCINTOSH SAFE CORP,8ABX9,,,
EASYLIFT OF NORTH AMERICA INC,8AES8,,,
"ATLAS ELECTRIC, INC. DBA ATLAS ELECTRIC INC",8AM52,,,
NORTH AMERICA CONTROLS CO LTD,8AMP8,,,
AJC SOLUTIONS LLC,8AWN6,,,
"SONFARREL AEROSPACE, LLC DBA SONFARREL AEROSPACE LLC",8B0V2,,,
"IMENCO, LLC",8B4E5,,,
BAE FLIGHT SYSTEMS INC,8B676,,,
"MIAMI WIIPICA, LLC DBA MIAMI WIIPICA LLC",8B6Y9,,,
J & S PRECISION PRODUCTS CO (INC),8B865,,,
KONSTANCE PNEUMATICS INC,8B898,,,
TAYLOR INVESTMENTS LLC DIV TAYLOR INVESTMENTS LLC DBA GLOBAL PRECISION MANUFACTURING AN,8BGY9,,,
"WESTERMO DATA COMMUNICATIONS, INC",8BM43,,,
"TEMPO COMMUNICATIONS, INC. DBA TEMPO COMMUNICATIONS INC",8BN44,,,
TELEFLEX LLC,8BXN8,,,
"FREEDOM DEFENSE GROUP, LLC DBA FREEDOM DEFENSE GROUP LLC",8BZZ1,,,
"ATLANTIC LIFT SYSTEMS, INC. DBA ATLANTIC LIFT SYSTEMS INC",8C280,,,
GE PLASTICS/GENERAL ELECTRIC DBA GE POLYMERSHAPES DIV GE POLYMERSHAPES,8C487,,,
QCC LLC,8CL60,,,
"SEELEY, J. T. & CO., INC.",8D130,,,
PALM INDUSTRIES INC,8D136,,,
ALLIED FLUID PRODUCTS CORP. DBA ALLIED FLUID PRODUCTS CORP,8D327,,,
"JUDGE TOOL & GAGE, INC. DBA JUDGE TOOL & GAGE CO INC",8D486,,,
"MAZZELLA LIFTING TECHNOLOGIES, INC.",8D826,,,
I & I SLING INC,8D865,,,
"C2DX, INC.",8DAE3,,,
"WARTECH INDUSTRIES, LLC DBA WARTECH INDUSTRIES LLC",8DB45,,,
CELLTRION USA INC,8DHW3,,,
"C & C FABRICATION COMPANY, INC",8E180,,,
THE COUNCIL TOOL COMPANY,8E259,,,
ALLEN AND WEBB,8E384,,,
LOWE ELECTRIC SUPPLY CO DBA LOWE ELECTRIC SUPPLY CO DIV LOWE ELECTRIC SUPPLY COMPANY,8E527,,,
FISHER SCIENTIFIC COMPANY L.L.C. DBA DOMESTIC DIVISION,8E930,,,
LIVE WIRE LLC DBA LIVE WIRE LLC,8EPK9,,,
PENN VENTILATOR CO INC,8F091,,,
MAY INDUSTRIES INC,8F270,,,
"STEVENS MANUFACTURING CO., INC.",8F781,,,
PRECISE POWER SYSTEMS LLC,8F8V5,,,
EPOS USA INC,8FAX3,,,
CURTISS-WRIGHT ELECTRO-MECHANICAL CORP DBA STEAM & AIR SOLUTIONS DIV CURTISS-WRIGHT STEAM AND AIR SOLUTIONS,8FGX3,,,
GENELCO INDUSTRIES INC. DBA GENELCO INDUSTRIES,8G055,,,
"ONTIC ENGINEERING AND MANUFACTURING, INC.",8G4X8,,,
MANCHESTER TANK AND EQUIPMENT,8G526,,,
"UNIPOWER, LLC",8G5N6,,,
"COMMERCIAL GROUP, INC., THE DBA COMMERCIAL GROUP LIFTING PRODUCTS DIV COMMERCIAL GROUP LIFTING PRODUCTS",8G827,,,
"GENEVA, LLC DBA COVINGTON POWER SERVICES",8G877,,,
"MUSTANG SURVIVAL MFG, INC",8GFM5,,,
"CHESTER SUPPLY, LLC DIV CHESTER SUPPLY",8GZU3,,,
"HANES SUPPLY, INC. DBA HANES SUPPLY INC",8H112,,,
HUSKY CORP,8H186,,,
HEPHAESTUS TECHNOLOGIES LLC DBA GRAY TECH INTERNATIONAL DIV GRAY TECH INTERNATIONAL,8H280,,,
MECHANICAL PRODUCTS INC,8H694,,,
"ALTRO USA, INC. DBA COMPASS FLOORING",8H6T4,,,
E W YOST COMPANY,8H739,,,
O C O TOOL CO. INC,8H907,,,
ADVANTAC TECHNOLOGIES INC,8HF28,,,
TESSCO TECHNOLOGIES INC,8J168,,,
LINZER PRODUCTS CORP.,8J196,,,
SCRIP INC DBA SCRIP COMPANIES,8J575,,,
SKYTRON LLC,8J631,,,
LUNA LABS USA LLC,8JML8,,,
WULCO INC,8K076,,,
"UNIREX, INC.",8K160,,,
"PRICE ENGINEERING COMPANY, LLC",8K266,,,
GIRARD EQUIPMENT INC,8K828,,,
PHYSICAL SCIENCES INC. DBA PHYSICAL SCIENCES INC,8K901,,,
NORTHROP GRUMMAN SYSTEMS CORP DIV WEAPON SYSTEM,8KP69,,,
LIPPERT COMPONENTS INC,8KWS2,,,
ARGONAUT TECHNOLOGY LLC,8L2E7,,,
"AIR INDUSTRIES MACHINING, CORP. DBA AIR INDUSTRIES MACHINING CORP",8L513,,,
JOHNSON BRASS & MACHINE FOUNDRY INC DBA JOHNSON BRASS & MACHINE FOUNDRY INC,8L525,,,
NORTHERN LIGHTS INC,8L945,,,
COLE-PARMER INSTRUMENT CO DBA BARNANT CO,8L995,,,
"DANBURY MISSION TECHNOLOGIES, LLC",8LAC5,,,
SEQUE INFRATECH INC. DIV SEQUE INFRATECH INCORPORATION,8LH32,,,
"SUN MANUFACTURING, LLC",8LRF9,,,
"PD POWER SYSTEMS, LLC",8LTM4,,,
"CURRENT LIGHTING SOLUTIONS, LLC DIV CURRENT CHEMICALS",8LTW0,,,
"CONSOLIDATED AIRCRAFT SUPPLY CO., INC.",8M168,,,
"AEROFORGE, INC",8M213,,,
GOMACO CORP,8M585,,,
PRIMETECH INC DBA PRIMETECH INC DIV DYNAMIC TECHNOLOGY,8M665,,,
BOUND TREE MEDICAL LLC DIV BOUND TREE MEDICAL,8M694,,,
VIP MANUFACTURING & ENGINEERING CORP.,8M774,,,
"THYSSENKRUPP MATERIALS NA, INC.",8M792,,,
"TELEDYNE ETM, INC. DBA ETM ELECTROMATIC INC",8M906,,,
"APPLIED COMPOSITE STRUCTURES, INC.",8N007,,,
OVERSEAS HARDWOODS CO INC DBA OHC INTERMODAL,8N013,,,
MCNICHOLS COMPANY DBA MCNICHOLS CO,8N032,,,
"OMNIMED, INC. DIV OMNI ACQUISITION",8N291,,,
WIRING ANALYZERS INC DBA POWER CONVERSION INTERNATIONAL,8N466,,,
"SUPREME SCREW PRODUCTS, INC.",8N777,,,
NORRIS CYLINDER COMPANY,8N807,,,
,,,,
"NEWMANS VALVE, LLC",8NLR3,,,
LLAMAS PLASTICS INC,8P093,,,
JEGS HI-PERFORMANCE CENTER INC,8P145,,,
"THURO METAL PRODUCTS, INC. DBA THURO METAL PRODUCTS",8P242,,,
FAB TECH HOLDINGS LLC DIV ADVENT INDUSTRIAL TECHNOLOGIES,8P243,,,
"EDR INDUSTRIES, INC. DBA EDR INDUSTRIES",8P827,,,
DUMBO DEFENSE INC,8PGY8,,,
"RENOVO PARTS, INC.",8QP94,,,
3DXTECH LLC DBA 3DXTECH DIV 3DXTECH,8QU92,,,
"KENT ASSOCIATES, INC",8R034,,,
NATIONAL ORDNANCE AUTOMOTIVE MANUFACTURING LLC,8R214,,,
"CRAFTECH INDUSTRIES, INC. DBA CRAFTECH INDUSTRIES INC",8R302,,,
"THE KINGSFORD PRODUCTS COMPANY, LLC DIV THE KINGSFORD COMPANY",8R329,,,
ARTISTIC GLASS PRODUCTS CO.,8R542,,,
RICHARD VAJS DBA DEVICE ENGINEERING COMPANY,8R846,,,
BROUDY PRECISION EQUIPMENT CO INC,8R932,,,
OMNI DEFENSE TECHNOLOGIES CORP,8RXP8,,,
CHICAGO SPENCE TOOL & RUBBER CO.,8S008,,,
CHESTERTON A W CO TECHNICAL PRODUCTS DIV,8S090,,,
"PAC INDUSTRIES, LLC",8S370,,,
PREMIER INDUSTRIAL CORP PREMIER FASTENERS DIV,8S469,,,
MCARDLE & WALSH INCORPORATED DBA MCARDLE & WALSH INC,8S602,,,
SHIGMA INC,8S746,,,
VYPER ENGINEERING LLC DIV VYPER INDUSTRIAL,8SAT7,,,
CARGO LIFT USA LLC,8SHN1,,,
HUSQVARNA PROFESSIONAL PRODUCTS INC,8SRD0,,,
CARDWELL CONDENSER CORP MULTRONICS DIV,8T424,,,
JARP INDUSTRIES,8T716,,,
INTERTRADE AVIATION CORP,8T729,,,
DRAVO WELLMAN CO DIV OF DRAVO CORP,8T787,,,
FLINT EQUIPMENT CO.,8T815,,,
SOLO INCORPORATED DIV SOLO,8T840,,,
AL-VALL ENGINEERING CO. INC.,8T882,,,
"PORTERSVILLE PRD, LLC",8T901,,,
"FORMWORKS PLASTICS, INC. DBA FORMWORKS PLASTICS INC",8T953,,,
WRH INDUSTRIES INC,8U002,,,
WOLFE B J ENTERPRISES,8U447,,,
"DELTA FLEXIBLE PRODUCTS, INC.",8U591,,,
SYNCRO AIR LIFT CORP,8U626,,,
"ACE AND COMPANY, INC. DBA SHANE INDUSTRIES",8U710,,,
ENGILITY LLC DIV SAIC,8U724,,,
"METADURE PARTS & SALES, INC. DBA WORLDWIDE AERONAUTICAL COMPONENTS",8U755,,,
"MICRO PRECISION, LLC DBA MICRO PRECISION INC",8U766,,,
CENTRAL FABRICATORS INC,8U941,,,
"INTROTEK INTERNATIONAL, L.P. DBA INTROTEK",8V139,,,
SHWAYDER CO,8V160,,,
"SEKAI ELECTRONICS, INC.",8V398,,,
TURBOPOWER LLC,8V404,,,
SONY ELECTRONICS INC.,8V413,,,
"T. F. HUDGINS, INCORPORATED DBA SPINNER II PRODUCTS DIV",8V655,,,
MOOG INC DIV MOOG CSA,8V815,,,
DUNCAN BOLT CO. DIV DUNCAN BOLT COMPANY,8V863,,,
MCALLISTER MILLS INC.,8V954,,,
"JOHNSON PACKINGS & INDUSTRIAL PRODUCTS, LLC DBA GALLAGHER FLUID SEALS",8W064,,,
DIESEL EQUIPMENT COMPANY DBA DIESEL EQUIPMENT CO,8W076,,,
SCIENCE APPLICATIONS INTERNATIONAL CORPORATION DBA SAIC DIV SAIC,8W138,,,
"SCIENCO FAST, INC.",8W173,,,
B & E MACHINE SHOP,8W179,,,
"PIONEER & CO., INC. DBA PIONEER DIV PIONEER RESEARCH",8W201,,,
"TROLA-DYNE, INC.",8W625,,,
ATLAS STAMPING & MANUFACTURING CORP DBA ATLAS STAMPING & MANUFACTURING CORP,8W686,,,
CVD EQUIPMENT CORPORATION DBA RESEARCH INTERNATIONAL,8W867,,,
AIRBUS US SPACE & DEFENSE INC,8W891,,,
"NORBAR TORQUE TOOLS, INC",8W899,,,
SWIFT INSTRUMENTS INC DBA SWIFT INSTRUMENTS INC DIV SWIFT INSTRUMENTS INC,8W912,,,
"FLUIDOL, INC.",8W983,,,
"MORRIS MACHINE TOOL AND SUPPLY, INC.",8W990,,,
INTRIVO HOLDINGS CORP,8WC97,,,
TRUCK & EQUIPMENT PARTS CO,8X479,,,
"SIERRA NEVADA COMPANY, LLC",8X691,,,
ALGEN SCALE CORP,8X695,,,
HORTON INDUSTRIES INC,8X715,,,
"PIPING SPECIALTIES, INC. DBA PIPING SPECIALTIES INC",8X997,,,
"PRPV INDUSTRIES, LLC",8XJ33,,,
"CALSPAN SYSTEMS, LLC DIV NORTH WIND SYSTEMS LLC",8Y173,,,
"POWERS HOLDINGS, INC DIV FILTER NETWORKS",8Y425,,,
HEXCEL CORP,8Y518,,,
ACTRON MANUFACTURING COMPANY,8Y672,,,
BIRMINGHAM FASTENER & SUPPLY INC,8Y757,,,
SEALED AIR CORP,8Y800,,,
"AOCLSC, INC. DIV TECHNOLUBE",8Y842,,,
INDUSTRIAL CONSORTIUM INC DIV RICHARD S. RAFFAUF JR,8Y943,,,
"TANKINETICS, INC.",8Z037,,,
MASSIE R P AND SONS INC,8Z057,,,
BARKER'S FOOD MACHINERY SERVICE INC.,8Z144,,,
TECHNICAL ASSOCIATES INC,8Z172,,,
"MACKAY COMMUNICATIONS, INC DIV GOVERNMENT",8Z275,,,
"AIRCRAFT & COMMERCIAL ENTERPRISES, INC",8Z281,,,
HARMONY ENTERPRISES INC DBA HARMONY ENTERPRISES INC,8Z350,,,
QUALITY STAMPING & TUBE CORP. DBA QS&T,8Z3C7,,,
CALIFORNIA SCREW PRODUCTS CORP.,8Z507,,,
POLYURETHANE PRODUCTS CORP,8Z525,,,
DEXTER AXLE CO INC DIV PHILIPS INDUSTRIES INC,8Z635,,,
"BRATWEAR INC DIV ALPHA PARTS & SUPPLY, INC",8Z642,,,
PRESSURE COMPONENTS INC,8Z734,,,
WILLIAMS J H INDUSTRIAL PRODUCTS INC,8Z799,,,
,,,,
,,,,
GENERAL ELECTRIC CO HOTPOINT CO,90080,,,
"INRCORE, LLC DIV INRCORE",90095,,,
TWIN DISC INC,90192,,,
SUSSMAN-AUTOMATIC CORPORATION DBA MR STEAM DIV SUSSMAN ELECTRIC BOILERS,90224,,,
BLOOMFIELD INDUSTRIES,90275,,,
ILLINOIS TOOL WORKS INC. DBA DIAGRAPH MSP - ITW DIV DIAGRAPH MARKING & STENCILING PRODUCTS,90316,,,
QUIETAIRE CORP,90426,,,
3M UNITEK CORP DIV 3M UNITEK CORPORATION,90444,,,
"HARMAN PROFESSIONAL, INC.",90555,,,
MOREHOUSE INSTRUMENT COMPANY DBA MOREHOUSE INSTRUMENT CO INC,90562,,,
GULTON INDUSTRIES INC,90634,,,
"HAUSMANN ENTERPRISES, LLC",90694,,,
MIDMARK CORPORATION DBA MIDMARK CORP,90768,,,
DYNA-EMPIRE INC,90827,,,
CORRY MANUFACTURING CO DBA CORRY MANUFACTURING CO DIV CORRY MANUFACTURING COMPANY,91037,,,
CRESSKILL/STILLMAN RUBBER CO INC DIV OF STAR GLO INDUSTRIES INC,91041,,,
FARGO MFG CO INC,91046,,,
WOODWARD-WANGER CO,91050,,,
ESSEX GROUP INC SUFLEX/IWP DIV,91094,,,
DAVIDSON OPTRONICS INC. DBA DOI VENTURE,91141,,,
FLEET READINESS CENTER SOUTHWEST,91145,,,
"NORTH ERIE ELECTRONICS, INC DBA FISHER ENGINEERING",91196,,,
,,,,
FREUDENBERG-NOK GENERAL PARTNERSHIP DBA FREDENBERG-NOK SEALS DIVISION,91251,,,
CONNOR SPRING AND MFG CO DIV OF SLOSS AND BRITTAIN INC,91260,,,
"LEEDAL, INCORPORATED DIV AVANT",91313,,,
LOEFFLER CORP,91319,,,
"MILLER DIAL, LLC",91345,,,
OSBORNE COINAGE CO,91371,,,
QUALITROL COMPANY LLC DIV QUALITROL,91415,,,
"L3HARRIS TECHNOLOGIES, INC.",91417,,,
FORMSPRAG LLC,91422,,,
ESSEX GROUP INC CONTROLS DIV,91495,,,
"ASHEVILLE-SCHOONMAKER MICA CO., LLC",91500,,,
"AUTO-VALVE, INC",91511,,,
BIERSACH AND NIEDERMEYER CO,91534,,,
"HORBERG INDUSTRIES, INC. DBA HORBERG INDUSTRIES INC",91596,,,
CURTIS INDUSTRIES INC,91636,,,
ARMEL DE LLC DBA ARMEL ELECTRONICS LLC,91663,,,
G A L MFG CORP,91711,,,
GEORATOR LLC,91723,,,
ILLINOIS TOOL WORKS INC. DBA ACME DIV ITW STRAPBINDER,91725,,,
"THE HANDY TOOL & MFG. CO., INC DBA HANDY TOOL & MANUFACTURING CO INC",91750,,,
"HURLEY MANUFACTURING COMPANY, THE",91792,,,
,,,,
"JETRONIC INDUSTRIES, INC. DBA JETRONIC INDUSTRIES, INC. DIV CONTRACTS",91820,,,
MALCO TECHNOLOGIES LLC,91886,,,
"MSP AVIATION, INC. DBA MSP MAUFACTURING",91893,,,
HONEYWELL INTERNATIONAL INC. DBA HONEYWEEL SENSING & CONTROLS,91929,,,
"HALSIT HOLDINGS LLC DIV HALSIT HOLDINGS, LLC DBA ABBATRON",91967,,,
NEPTUNE PUMP MFG P O BOX 389 PHOENIXVILLE PA 19460,91972,,,
"WOODS ACQUISITION, LLC",91BM3,,,
PARKER HANNIFIN CORPORATION DIV AEROSPACE GROUP HEADQUARTERS,92003,,,
PITTSFIELD PRODUCTS INC,92023,,,
ARTHUR I PLATT INC,92026,,,
ESSNER PRECISION MANUFACTURING LLC,92037,,,
,,,,
"KAMAN AEROSPACE CORPORATION DIV KAMAN PRECISION PRODUCTS, A DIVISION OF KAMAN AEROSPACE CORP",92059,,,
CENTRAL CITY MANUFACTURING INC,92398,,,
"ADAMS MANUFACTURING COMPANY, THE DBA DORNBACK FURNACE DIVISION DIV DORNBACK FURNACE",92468,,,
AJAX WIRE SPECIALTY CO INC,92477,,,
"COOLEY, INCORPORATED",92508,,,
CUSTOM CRAFT PRODUCTS INC,92541,,,
,,,,
"NELSON STUD WELDING, INC",92595,,,
STERN & STERN INDUSTRIES INC,92602,,,
FEDERAL PUMP CORPORATION,92676,,,
EG AND G INC,92678,,,
LOCKHEED MARTIN CORPORATION DBA LM AERONAUTICS COMPANY,92685,,,
THE WHITMOR CO. INC.,92772,,,
WHEELER INDUSTRIES INC,92781,,,
SUMMERS FERTILIZER CO,92796,,,
B/E AEROSPACE INC DBA INTERTURBINE,92802,,,
DAYTON APPLIANCE PARTS CO,92806,,,
KIDDE CONSUMER DURABLES CORP PROGRESS LIGHTING DIV,92817,,,
,,,,
AMERICAN MOTORS SALES CORP,92871,,,
LEAR SIEGLER INC METAL PRODUCTS DIV,92902,,,
GTE PRODUCTS CORP LIGHTING PRODUCTS GROUP HILLSBORO MINIATURE LAMP PLANT,92966,,,
"STITCH IT INTERNATIONAL, INC.",92UY6,,,
O & S ACQUISITION LLC DBA O & S AMERICA LLC,93019,,,
CLOROX CO THE HEADQUARTERS,93098,,,
BUFFALO TURBINE DEFENSE LLC,93146,,,
"VALLEY POWER SYSTEMS, INC.",93209,,,
"TRIUMPH AEROSTRUCTURES,  LLC DIV VOUGHT AIRCRAFT INDUSTRIES",93221,,,
TRACTECH INC,93251,,,
GE AVIATION SYSTEMS LLC DBA GE AVIATION,93322,,,
CAES SYSTEMS LLC,93346,,,
NATIONAL AUTO GLASS SPECIFICATIONS INC,93395,,,
JOHN BEAN TECHNOLOGIES CORPORATION DBA JBT AEROTECH-MILITARY PROGRAMS DIV JBT AEROTECH,93408,,,
CHEMRING ENERGETIC DEVICES INC,93455,,,
,,,,
BLISSFIELD MANUFACTURING COMPANY,93480,,,
KERNS MANUFACTURING CORP. DBA KERNS MANUFACTURING CORP,93596,,,
LUG-ALL CORPORATION,93601,,,
"I T I ELECTRONICS, INC.",93663,,,
"DRS NAVAL POWER SYSTEMS, INC",93742,,,
MERITOR HEAVY VEHICLE SYSTEMS LLC TRUCK AXLE DIV,93799,,,
"METALTEK INTERNATIONAL, INC. DBA METALTEK INTERNATIONAL INC DIV WISCONSIN CENTRIFUGAL DIVISION",93812,,,
,,,,
"KAHN AND COMPANY, INCORPORATED",93842,,,
CARLON A LAMSON AND SESSIONS CO,93908,,,
HEISEY MACHINE WORKS INC,93939,,,
CLIMAX METAL PRODUCTS COMPANY DBA CLIMAX METAL PRODUCTS COMPANY,93990,,,
"MURRAY VENTILATION PRODUCTS, LLC DBA MURRAY VENTILATION PRODUCTS LLC",93D13,,,
CARDWELL CONDENSER CORP LAPOINTE-ADMIRAL DIV,94033,,,
TELEPLEX INC DBA ALFORD DIVISION DIV ALFORD,94099,,,
CRUCIBLE SERVICE CENTERS,94131,,,
DICO INC SUB OF DYNEER CORP,94189,,,
,,,,
TESTRITE INSTRUMENT CO INC,94225,,,
LOCKHEED MARTIN CORP,94271,,,
CANADIAN ARSENALS LTD,94285,,,
JSN INC,94330,,,
SABRE AVIATION EQUIPMENT CO,94352,,,
DOW CORNING CORP,94499,,,
CPI SATCOM & ANTENNA TECHNOLOGIES INC.,94661,,,
,,,,
"VAN AIR, INC.",94766,,,
"GLOBE DYNAMICS INTERNATIONAL, INC.",94821,,,
LABCONCO CORP,94841,,,
MALABAR,94861,,,
OMNIPURE FILTER CO INC,94903,,,
CRANEVEYOR CORP DBA CRANEVEYOR CORP,94933,,,
"DUKANE SEACOM, INC. DBA DUKANE SEACOM INC",94970,,,
"CUBIC DEFENSE APPLICATIONS, INC.",94987,,,
MOTOROLA INC. DBA INTEGRATED INFORMATION SYSTEMS GROUP,94990,,,
"NARDA HOLDINGS, INC. DIV DBA NARDA-MITEQ",94S46,,,
AHEARN AND SOPER CO INC,95011,,,
GLASER STEERS CORP,95078,,,
CURTISS-WRIGHT FLOW CONTROL CORPORATION DBA CURTISS-WRIGHT FLOW CONTROL CO DIV TARGET ROCK DIVISION,95169,,,
"PEERLESS INSTRUMENT CO., INC.",95210,,,
ROIS MFG CO INC,95244,,,
VITRAMON INC PO BOX 544 BRIDGEPORT CT 06601,95275,,,
ITT INDUSTRIAL AND AUTOMATION SYSTEMS,95304,,,
ALWIN MANUFACTURING CO INC,95324,,,
ATLANTIC RESEARCH CORP,95335,,,
GORDOS ARKANSAS INC,95348,,,
METHODE ELECTRONICS INC DIV POWER SOLUTIONS GROUP,95354,,,
JOHN ZINK COMPANY LLC,95398,,,
GENERAL DYNAMICS CORP,95403,,,
"PAULUHN ELECTRIC MANUFACTURING, LLP DBA PAULUHN ELECTRIC",95405,,,
,,,,
"HOTSTART SALES, LLC",95408,,,
AR-EX PRODUCTS CO,95565,,,
LAB-LINE INSTRUMENTS INC DIV BARNSTEADTHERMOLYNE CORP.,95632,,,
GOULD J D CO INC,95717,,,
NALFLEET INC DBA FOREIGN PARENT IS ONDEO NALCO LTD NORTHWICH CHESHIRE UK-,95719,,,
R E DYE MANUFACTURING CORP,95737,,,
STAR HYDRAULICS LLC,95745,,,
AIR SYSTEMS COMPONENTS INC DIV TRION IAQ DIV,95802,,,
"COLLIFLOWER, INC. DBA COLLIFLOWER INC",95826,,,
MTE CORP MILWAUKEE TRANSFORMER CO,95970,,,
"ULVEN MACHINERY CO, INC DIV DBA SKOOKUM",95975,,,
JULIAN A. MCDERMOTT CORPORATION DBA JULIAN A MCDERMOTT CORP,96021,,,
AVX CORPORATION DBA OLEAN ADVANCED PRODUCTS DIV OLEAN ADVANCED PRODUCTS,96095,,,
,,,,
WISCONSIN GASKET AND MFG CO,96114,,,
,,,,
SENIOR HOLDINGS INC.,96142,,,
KAMAN COMPOSITES - WICHITA INC,96145,,,
EXMET CORP,96171,,,
SAFRAN ELECTRONICS & DEFENSE AVIONICS USA LLC,96182,,,
,,,,
,,,,
"FLEXFIRM PRODUCTS, INC.",96258,,,
ENSIGN-BICKFORD AEROSPACE & DEFENSE COMPANY DBA ENSIGN-BICKFORD AEROSPACE & DEFENSE CO,96336,,,
NI INDUSTRIES INC THERMADOR/WASTE KING DIV,96371,,,
RICHARDS BRUSH COMPANY,96383,,,
DEVERE MFG CO DIV OF BOSLEY INC,96431,,,
GENERAL TOOL COMPANY,96454,,,
"JAMES IPPOLITO & CO. OF CONNECTICUT, INC. DBA IPPOLITO JAMES & CO OF CT INC",96458,,,
MORRISON PRODUCTS INC,96459,,,
DIAMOND WIRE SPRING COMPANY DIV CATALOG DIVISION,96565,,,
INTERNATIONAL AEROSPACE TUBES LLC,96593,,,
"PARAMOUNT PANELS, INC. DIV CALIFORNIA PLASTECK",96655,,,
ASSOCIATED EQUIPMENT CORPORATION DBA ASSOCIATED EQUIPMENT CORP,96658,,,
AGC ACQUISITION LLC DBA ANDREWS GLASS COMPANY,96678,,,
GENISCO TECHNOLOGY CORPORATION,96682,,,
THE DOW CHEMICAL COMPANY DIV PERFORMANCE CHEMICALS,96717,,,
PACIFIC TRANSDUCER CORP. DBA PTC INSTRUMENTS DIV PTC INSTRUMENTS,96739,,,
HONEYWELL INTERNATIONAL INC. DIV SENSING AND SAFETY TECHNOLOGIES,96774,,,
HESSE CORP,96821,,,
POLLEY INC DBA KELCO SALES & ENGINEERING,96822,,,
BUSHINGS INC,96867,,,
IVES DIVISION OF LEIGH PRODUCTS INC,96873,,,
,,,,
SEAMAN H P CO,96878,,,
FLEET READINESS CENTER EAST DIV DEPARTMENT OF NAVY,96916,,,
P G MFG CO,96919,,,
"UNISON INDUSTRIES, LLC",96941,,,
MODERN ALUMINUM CASTINGS CO INC,96952,,,
"MCNALLY INDUSTRIES, LLC",96953,,,
ALTAMIL CORP,96967,,,
AMERICAN GREASE STICK CO DBA AGS,96980,,,
SALFORM INC,96SH0,,,
FRASER MANUFACTURING CORP,97001,,,
HELPER PAINT REMOVING SERVICE INC,97006,,,
NAVAL AIR REWORK FACILITY NAVAIRSYSCOM HQ,97057,,,
PRINCE RUBBER AND PLASTICS CO INC,97073,,,
"AIRCRAFT PRECISION PRODUCTS, INC. DBA AIRCRAFT PRECISION PRODUCTS INC",97123,,,
DANVILLE METAL STAMPING CO INC,97126,,,
AIR FORCE LIFECYCLE MANAGEMENT CENTER ELECTRONIC COMPONENTS (AFLCMC/EZSS),97151,,,
"EDMUND OPTICS, INC",97197,,,
"C.H. ELLIS CO., INC. DBA HOWE INDUSTRIES",97200,,,
"DAYTON PARTS, LLC DBA STANLEY SPRING WORKS",97220,,,
ARTCREST PRODUCTS CO INC,97221,,,
ROCKWELL INTERNATIONAL CORP INDUSTRIAL PRODUCTS GROUP,97286,,,
CHAMPLAIN CABLE LEEDS CORPORATION,97324,,,
BREY AND KRAUSE MFG CO,97339,,,
"AIR-LOCK, INCORPORATED",97375,,,
TEXTRON SYSTEMS CORPORATION,97384,,,
SPS TECHNOLOGIES LLC DIV AEROAPACE ENGINEERED PRODUCTS DIVISION,97393,,,
TURBO SYSTEMS US INC,973S4,,,
CECOM LR CENTER,97403,,,
"TRIUMPH ACTUATION SYSTEMS - YAKIMA, LLC DBA TRIUMPH ACTUATION SYSTEMS - YAKIMA LLC",97415,,,
STANDARD CONDENSER CORP,97419,,,
INTERNATIONAL SPRING CO,97472,,,
IDV USA INC.,974H3,,,
NATIONAL SEATING COMPANY,97532,,,
MORTON MACHINE WORKS,97557,,,
KENNEDY NAME PLATE CO DBA KENNEDY NAME PLATE CO INC,97620,,,
AXIL CORPORATION DBA ITRAN RUBBER,97705,,,
PCA ELECTRONICS INC,97722,,,
,,,,
ROOT-LOWELL MANUFACTURING CO DBA RL FLO-MASTER,97776,,,
YSI INC,97794,,,
STARLITE INDUSTRIES INC DBA STARLITEINDUSTRIES DIV NONE,97853,,,
RAYTHEON COMPANY DIV INTELLIGENCE & SERVICES,97871,,,
HONEYWELL INTERNATIONAL INC. DBA HONEYWELL DIV AEROSPACE ? REDMOND COMMERCIAL,97896,,,
IEH CORPORATION,97913,,,
AIR FILTERS INC,97914,,,
LINEMASTER SWITCH CORPORATION DBA LINEMASTER SWITCH CORP,97918,,,
"INDUSTRIAL GLASS PRODUCTS, INC.",97925,,,
NORTHROP GRUMMAN SYSTEMS CORPORATION DIV NORTHROP GRUMMAN SYSTEMS CORPORATION ELECTRONIC SYSTEMS,97942,,,
GE AVIATION SYSTEMS LLC,97953,,,
"PACEMAKER STEEL AND PIPING CO., INC. DBA PACEMAKER HOTEL SUPPLY",97974,,,
PRICE D W CORP,97978,,,
AQ TRANSFORMER SOLUTIONS INC.,97E38,,,
TRI-TEC MANUFACTURING LLC,98032,,,
MARINETTE MARINE CORPORATION DBA MARINETTE MARINE CORP DIV FINCANTIERI - MARINETTE MARINE,98042,,,
,,,,
BFM TRANSPORT DYNAMICS CORP,98076,,,
"COX & COMPANY, INC. DBA COX & CO INC",98085,,,
"ELECTRO-TEC CORP DBA MOOG INC., COMPONENTS GROUP",98089,,,
NASSAU CORP,98093,,,
LOCKREY COMPANY LLC,98113,,,
AIRMARK PLASTICS CORP,98140,,,
H.E.F. CORPORATION,98182,,,
"ILLINOIS TOOL WORKS, INC. DIV EH WACHS",98198,,,
DIXON AUTOMATIC TOOL INC,98201,,,
NATIONAL SECURITY AGENCY,98230,,,
"W.A. KATES COMPANY, THE DBA W A KATES COMPANY",98235,,,
CANADIAN COMMERCIAL CORPORATION,98247,,,
BARBOUR THREADS INC,98252,,,
"THALES USA, INC DIV AMS-SLC",982P6,,,
"GREENFIELD MANUFACTURING CO., INC.",98320,,,
,,,,
"ACCURATE ELASTOMER PRODUCTS, INC.",98388,,,
"ARKWIN INDUSTRIES, INC. DBA ARKWIN INDUSTRIES INC",98391,,,
R.W. FERNSTRUM & COMPANY,98396,,,
SNYDER TANK CORP,98440,,,
SAI INDUSTRIES DIV STANDARD ARMAMENT INC.,98459,,,
LMI AEROSPACE INC,98465,,,
JOYAL PRODUCTS INC.,98488,,,
AGC ACQUISITION LLC DIV AGC ACQUISITON LLC,98500,,,
HYDRA-ELECTRIC COMPANY DBA HYDRA-ELECTRIC CO,98505,,,
DONEL SYSTEMS LLC,98659,,,
MILWAUKEE ELECTRONICS CORPORATION DBA MEC MIDWEST DIV MILWAUKEE ELECTRONICS,98664,,,
ESPEY MFG. & ELECTRONICS CORP.,98675,,,
,,,,
OGDEN AIR LOGISTICS CENTER,98747,,,
AIR FORCE UNITED STATES DEPARTMENT OF THE DBA TINKER AFB OC ALC DSP,98748,,,
SACRAMENTO AIR LOGISTICS CENTER SM-ALC/LIIL,98749,,,
SAN ANTONIO AIR LOGISTICS CENTER,98750,,,
WARNER ROBINS AIR LOGISTICS CENTER,98752,,,
SENIOR OPERATIONS LLC DIV SENIOR AEROSPACE SSP,98769,,,
PHILIPS LIGHTING ELECTRONICS COMPANY DBA ADVANCE TRANSFORMER,98775,,,
"GATEWAY SAFETY, INC DBA GATEWAY SAFETY",98832,,,
"HANSEN ENGINEERING AND MACHINERY CO., INC. DIV HANSEN ENGINEERING & MACHINERY CO., INC.",98839,,,
"LAVELLE INDUSTRIES, INC. DBA LAVELLE",98893,,,
LOCKHEED MARTIN CORP DIV LOCKHEED MARTIN AERONAUTICS COMPANY,98897,,,
SEAMAN PRODUCTS OF CALIFORNIA,98900,,,
TECHNICAL COMPONENTS CO INC SUB OF METHODE ELECTRONICS INC,98923,,,
ELECTRONIC SPECIALTY CORP RELAY DIV,98927,,,
HYDRAULIC ACCESSORIES CO,98942,,,
MINNEAPOLIS WROUGHT WASHER CO,98961,,,
WAGNER ENGINEERING CO,98993,,,
OLYMPIC FASTENING SYSTEMS INC,98996,,,
NELSON L R CORP,99000,,,
TUTHILL CORPORATION DBA REYCO/GRANNING DIV REYCO GRANNING,99062,,,
BRUNQUELL IRON WORKS INC,99073,,,
"INDUSTRIAL TEST EQUIPMENT COMPANY, INC. DBA INDUSTRIAL TEST EQUIPMENT CO",99074,,,
MC FARLAND PUMP CO LLC,99094,,,
AMERICAN AIRCRAFT PARTS MFG. CO.,99106,,,
"FREEMAN MANUFACTURING & SUPPLY COMPANY, THE (INC)",99113,,,
"HONEYCOMB COMPANY OF AMERICA, INC.",99115,,,
METAVAC LLC,99117,,,
VAN BUREN MFG CORP,99125,,,
,,,,
COUPLINGS CO INC,99203,,,
GENERAL ELECTRIC COMPANY,99207,,,
STA-RITE PRODUCTS,99218,,,
"TAVCO, INC. DIV WILLIAMS AEROSPACE & MANUFACTURING INC.",99221,,,
"FLUID POWER, INC.",99227,,,
PLANET PRODUCTS CORPORATION,99296,,,
"MICROWAVE POWER PRODUCTS, INC. DBA CPI INTERNATIONAL DIV MICROWAVE POWER PRODUCTS DIVISION",99313,,,
,,,,
CHRYSLER CORP ENGINE AND COMPONENTS SALES DIVERSIFIED PRODUCTS DIV,99343,,,
,,,,
"THOMAS ELECTRONICS, INC. DBA THOMAS ELECTRONICS OF NEW YORK INCORPORATED",99409,,,
H KOCH & SONS CO,99449,,,
HIGH PRECISION INCORPORATED DBA MINICLUTCH DIV HIGH PRECISION INC.,99467,,,
BOWMAR LLC,99479,,,
RADIAL BEARING CORPORATION DBA RADIAL BEARING CORP OF CONNECTICU,99528,,,
SYSTEMES DE CONTROLES GOODRICH LTEE,99595,,,
MAROTTA CONTROLS INC,99657,,,
CARTER CONTROLS A FIGGIE INTL CO,99682,,,
,,,,
LOCKHEED MARTIN CORPORATION DIV LOCKHEED MARTIN SYSTEMS & GLOBAL SOLUTIONS,99696,,,
DRI RELAYS INC. DBA DRI RELAYS INC,99699,,,
"ACUTEK, INC.",99717,,,
APEX MOLDED PRODUCTS CO,99751,,,
"TEIKOKU USA INC. DIV CHEMPUMP, A DIVISION OF TEIKOKU USA INC",99827,,,
SCOTT HUBER ESSICK A CO OF FIGGIE INTERNATIONAL INC,99832,,,
MERCURY ELECTRONICS DIV OF DIVERSIFIED TRAFFIC PRODUCTS INC,99844,,,
ADOBEAIR INC.,99882,,,
SWEETLAND ENGINEERING CO,99895,,,
ADVANCE MACHINE AND MFG CO,99897,,,
"NARDA HOLDINGS, INC. DBA NARDA-MITEQ DIV NARDA-MITEQ",99899,,,
DEPENDABLE MACHINE CO INC,99991,,,
OTW HOLDING COMPANY DBA OTW SAFETY,99QK3,,,
,,,,
GARDNER INC,9A017,,,
"AVNET, INC. DBA AVNET COMPUTERS",9A810,,,
GENERAL ELECTRIC CO DISTRIBUTION SUPPORT OPN CUSTOMER SERVICE AND DISTRIBUTION,9A859,,,
AM GENERAL LLC,9C234,,,
PRECISION STEEL WAREHOUSE INC PRECISION BRAND PRODUCTS DIV,9C303,,,
OWENS & MINOR DISTRIBUTION INC DBA OM HEALTHCARE SOLUTIONS MAIN STREET,9C381,,,
HALSEY TAYLOR CO,9C620,,,
HEIDELBERG USA INC,9C628,,,
ADVEX CORPORATION DBA ADVEX CORP,9D415,,,
CE THURSTON & SONS INC,9D472,,,
CHESAPEAKE MARINE REFRIGERATION CORP DBA CHESAPEAKE MARINE REFRIGERATION CORP,9D672,,,
ARCET EQUIPMENT CO DIV ARCET EQUIPMENT COMPANY,9D800,,,
EMF INC DBA ENGRAVERS METAL FABRICATORS,9E076,,,
CAMBRIDGE SPECIALTY CO. INC. DBA CAMBRIDGE SPECIALTY CO INC,9E232,,,
STEWARD MACHINE CO INC,9E328,,,
HOWARD AIRCRAFT CORP,9E598,,,
HYDRAQUIP CORP,9E788,,,
"SHERMAN & SCHRODER EQUIPMENT CO., INC.",9F141,,,
IAI NORTH AMERICA INC. DBA IAI NORTH AMERICA INC,9F398,,,
BODE-FINN CO THE,9F588,,,
WASHINGTON MARINA COMPANY INC. DBA WASHINGTON MARINA CO INC,9F717,,,
Q C ELECTRONICS INC,9F789,,,
NORTHROP GRUMMAN SYSTEMS CORPORATION DIV DEFENSE SYSTEMS,9F909,,,
"FILTER PRODUCTS COMPANY, LLC",9G040,,,
"E & E SPECIAL PRODUCTS, LLC",9G138,,,
"GENERAL PRODUCTS, AEROSPACE AND DEFENSE LLC",9G394,,,
TECHNI-BRAZE,9G482,,,
EHMKE MANUFACTURING CO INC,9G536,,,
EXCEL RUBBER CORP,9G590,,,
HONEMATIC MACHINE CORPORATION DBA PCX AEROSYSTEMS - BOYLSTON DIV PCX AEROSYSTEMS - BOYLSTON,9G619,,,
FUTURE METALS LLC DIV FM FLORIDA,9G696,,,
FRICTION PRODUCTS CO. DBA HAWK PERFORMANCE DIV CARLISLE BRAKE & FRICTION,9G780,,,
SHULTZ & JAMES INC,9G904,,,
TRANSTAR METALS CORP DBA TRANSTAR METALS CORP,9H279,,,
MICROPHOTO INCORPORATED,9H327,,,
PARAGON MACHINE INC.,9J254,,,
"REEL RESEARCH & DEVELOPMENT, INC. DBA REEL RESEARCH & DEVELOPMENT",9J481,,,
"AUBURN ARMATURE, INC. DBA AAI",9J616,,,
"CIRCOR AEROSPACE, INC. DBA CIRCOR AEROSPACE MACHINING CENTER",9K006,,,
ALLWIRE INC,9K081,,,
HUCK FASTENERS DBA HUCK INTL INC,9K475,,,
GREENLEAF CORPORATION,9L174,,,
HODGE MACHINE COMPANY,9L226,,,
EUCLID SPRING CO,9L373,,,
"SCIENTIFIC DEVELOPMENTS, INC.",9L752,,,
CUSTOMER METAL FABRICATION INC.,9L835,,,
CACI INC - FEDERAL,9M062,,,
"NORTH COAST FORD INDUSTRIAL, INC DBA ENGINE CENTER",9M091,,,
WESTFIELD SPRING MANUFACTURING,9M152,,,
ADVANCED GROUND SYSTEMS ENGINEERING LLC DIV ADVANCED GROUND SYSTEMS ENGINEERING,9M323,,,
PERATON INC.,9M715,,,
"BARLOW METAL STAMPING, INC. DBA BARLOW METAL STAMPING INC",9M944,,,
APPLIED COMBUSTION TECHNOLOGY INC DIV MARINE PROPULSION DIVISION,9N201,,,
YALE CORDAGE INC,9N532,,,
"LAPEER INDUSTRIES, INC",9N623,,,
POINT MACHINE CO DIV POINT MACHINE COMPANY,9N716,,,
GARRETT CORP AIRSUPPLY CO DIV,9N752,,,
UNITED FIRE SAFETY CO LTD DBA UNITED FIRE SAFETY CO LTD,9N809,,,
VENCO VENTURO INDUSTRIES LLC,9Q3C4,,,
"BISCO INDUSTRIES, INC. DIV BISCO INDUSTRIES",9R107,,,
ARLO CORPORATION,9R205,,,
MILITARY & COMMERCIAL FASTENERS CORP,9R350,,,
"THE MONROE CABLE COMPANY, INC. DBA MONROE CABLE CO INC",9R393,,,
"CABLE MOORE, INC. DIV CABLE MOORE",9R404,,,
"POLO CUSTOM PRODUCTS, INC.",9R594,,,
NORTHLAND REFRIGERATION CO,9R633,,,
PURE RUBBER PRODUCTS CO INC,9R907,,,
MINNESOTA WIRE & CABLE CO,9R948,,,
"SUPPORT SYSTEMS ASSOCIATES, INC.",9S037,,,
"JERAMES INDUSTRIES, INC",9S124,,,
BRAKE AND WHEEL PARTS INDUSTRIES,9S143,,,
INVENTIVE SYSTEMS INC,9S280,,,
ECO-AIR PRODUCTS INC,9S286,,,
CORTINA TOOL AND MOLD CO,9S444,,,
VISION BLOCKS INC,9S670,,,
REILLY FOAM CORP,9S680,,,
L. A. MARTIN CO,9S775,,,
"J J S, INC DBA ADVANCED INDUSTRIAL PRODUCTS",9S831,,,
"LOGISTIC SERVICES INTERNATIONAL, INC. DBA LOGISTIC SERVICES INTERNATIONAL INC",9S850,,,
"LEE AEROSPACE PRODUCTS, INC. DBA LEE AEROSPACE PRODUCTS INC",9S874,,,
AIM INC,9T525,,,
TDK-LAMBDA AMERICAS INC. DIV TDK-LAMBDA AMERICAS-LOW POWER,9T790,,,
"FORE MACHINE COMPANY, INC.",9U098,,,
PATTERSON COONEY INC,9U103,,,
JAY-TEX AVIATION LLC.,9U226,,,
"AVIO CORPORATION DBA AVIOSUPPORT, INC. DIV AVIOSUPPORT INC",9U239,,,
"L3 TECHNOLOGIES, INC. DBA L-3 TELEMETRY & RF PRODUCTS DIV L3 TECHNOLOGIES, TELEMETRY & RF PRODUCTS",9U244,,,
"A F B SYSTEMS, INC. DBA SIERRA TECH",9U283,,,
MICRO LAMBDA LLC,9U335,,,
ASHBY MANUFACTURING CO INC,9U336,,,
LOVERIDGE MACHINE & TOOL INC,9U449,,,
AUSTER RUBBER CO INC,9U673,,,
"SHEFFORD-MEADE INC, JUDITH M. WAYNE, WALTER HERBSTER",9U847,,,
TK VALVE AND MFG INC,9U848,,,
LOGAN A GRESHAM CO LTD,9V257,,,
"AERO CNC, INC DBA AERO CNC",9V479,,,
US VENTURE INC DIV U.S. LUBRICANTS,9V710,,,
SKF USA INC,9V902,,,
COOPER INDUSTRIES INC ELECTRICAL CONSTRUCTION MATERIALS DIV,9V965,,,
"EIC SOLUTIONS, INC.",9W159,,,
SPENRO INDUSTRIAL SUPPLY CO. DBA SPENRO INDUSTRIAL SUPPLY CO,9W326,,,
"A.G.A. PRECISION SYSTEMS, INC.",9W561,,,
LUXTRON CORP,9W874,,,
"FACTOR II, INC. DBA FACTOR II INC",9X013,,,
DIVERSIFIELD MFG INC,9X028,,,
PARAMOUNT SUPPLY CO. DBA PARAMOUNT SUPPLY,9X106,,,
PRINCETON TECTONICS DIV PRINCETON TEC,9X319,,,
AE OPCO II LLC DBA AEROMATRIX COMPOSITES,9X645,,,
AXION CORP DIV AXION CORPORATION,9X850,,,
DELFIN SYSTEMS DBA TITAN SYSTEMS CORPORATION,9X870,,,
ATLAS COPCO,9X873,,,
RENAU CORPORATION DBA RENAU ELECTRONIC LABS,9Y131,,,
ACRODYNE MFG. CO,9Y179,,,
"REX-HIDE INDUSTRIES, INC.",9Y199,,,
NORMAN ENGINEERING CORPORATION,9Y204,,,
DG ENGINEERING CORP,9Y257,,,
SEPARATION TECHNOLOGIES A DIV OF FLEETGUARD NELSON INC DBA SEPARATION TECHNOLOGIES A DIVISION OF FLEETGUARD INC,9Y277,,,
RPL ELECTRONICS CO,9Y279,,,
MAGNAFLUX CORP,9Y340,,,
GENERAL MANUFACTURING INC,9Y344,,,
"QUAKER CITY, INC. DBA QC LUBRICANTS DIV D/B/A QC LUBRICANTS",9Y364,,,
ELECTRO SCIENTIFIC INDUSTRIES INC,9Y504,,,
"SEELER ENTERPRISES, INC.",9Y747,,,
ROSELLE PRECISION PRODUCT INC DIV ROSELLE PRECISION PRODUCTS INC.,9Y767,,,
PALL PROCESS FILTRATION CORP,9Y875,,,
TENNESSEE VALLEY SERVICE CO,9Y917,,,
AMERICAN DIAGNOSTICS CO,9Z130,,,
"ROBERT BROWN ASSOCIATES, INC. DBA ROBERT BROWN ASSOCIATES INC",9Z144,,,
CAROLINA SWITCHGEAR INC,9Z145,,,
REGAL-BELOIT CORPORATION DIV REGAL CUTTING TOOLS,9Z213,,,
"SKARDA EQUIPMENT COMPANY, INC.",9Z321,,,
"RECO EQUIPMENT, INC.",9Z443,,,
MICROSEMI CORP- RF INTEGRATED SOLUTIONS,9Z454,,,
"SIRCHIE ACQUISITION COMPANY, LLC DBA SIRCHIE FINGER PRINT LABORATORIES DIV SIRCHIE",9Z665,,,
CROMWELL BUILDERS MANUFACTURING INC DBA JC.NET/CROMWELL/BUILDERS,9Z677,,,
SOUSA BROS AND DEMAYO INC,9Z992,,,
PATRIA LAND OY,A001G,,,
THALES ITALIA S.P.A.,A0071,,,
DUCATI ELETTROTECNICA SPA,A0081,,,
VAISALA OYJ,A012G,,,
LEONARDO SPA AEROSTRUCTURE DIVISION,A0170,,,
LEONARDO S.P.A. - ELECTRONICS DIVISION - DEFENCE BUSINESS AREA,A0199,,,
KONE INDUSTRIAL OY,A029G,,,
CALZONI SRL,A0461,,,
GLOMEX SRL,A0500,,,
FASTER SRL,A0559,,,
EVAC OY,A088G,,,
BOSCH REXROTH AB,A094N,,,
INTERPUMP HYDROCAR SPA,A1043,,,
LEONARDO SPA DIVISIONE SISTEMI DI DIFESA,A1140,,,
TTS MARINE AB,A132N,,,
POLARTHERM OY DBA THERMOGATE,A138G,,,
POSEIDON DIVING SYSTEMS AKTIEBOLAG,A152N,,,
PRIMUS-SILVA SWEDEN AB,A154N,,,
AEREA SPA,A1577,,,
ANGST PFISTER SPA,A1579,,,
LEONARDO S.P.A LAND & NAVAL DEFENCE ELECTRONICS DIVISION,A1615,,,
POLYAMP AKTIEBOLAG DIV POLYAMP AB,A163N,,,
MANITOU ITALIA S.R.L.,A1686,,,
SAAB DYNAMICS AKTIEBOLAG DIV DYNAMICS,A175N,,,
MARIOFF CORPORATION OY,A186G,,,
ANDRITZ NAF AB,A205N,,,
ROXTEC INTERNATIONAL AKTIEBOLAG,A209N,,,
SAAB AKTIEBOLAG DIV RADAR SOLUTIONS,A210N,,,
SCANIA CV AKTIEBOLAG,A213N,,,
LEONARDO SPA AIRCRAFT DIVISION,A2142,,,
LIDAN MARINE AB,A244N,,,
UNI ENTE NAZIONALE ITALIANO DI UNIFICAZIONE,A2666,,,
AIMPOINT AKTIEBOLAG,A267N,,,
LOGIC SPA,A2829,,,
BENEQ GROUP OY,A285G,,,
SPEICH SRL,A2926,,,
KOH-I-NOOR HARDTMUTH SPA,A2942,,,
ABB SPA,A2946,,,
LOVATO ELECTRIC SPA,A3103,,,
FINCANTIERI S.P.A. DIV DIREZIONE NAVI MILITARI,A3121,,,
MARES SPA,A3237,,,
GE AVIO SRL,A3460,,,
BUMAX AB,A355N,,,
MP FILTRI SPA,A3765,,,
BREVINI SPA,A3834,,,
CIMBERIO SPA,A3892,,,
ASTRA VEICOLI INDUSTRIALI SPA,A3963,,,
C.O.B.O. SPA,A4032,,,
OLAER ITALIANA SPA,A4066,,,
IVECO DEFENCE VEHICLES S.P.A.,A4249,,,
UFI FILTERS SPA,A4408,,,
BREMBO SPA,A4435,,,
MECC ALTE SPA,A4626,,,
M.E.P. MARINE EQUIPMENT PELLEGRINI SRL,A4867,,,
FRATELLI TOGNELLA SPA,A4876,,,
REGGIANA RIDUTTORI SRL,A4913,,,
FINNCONT OY,A496G,,,
DENSO THERMAL SYSTEMS SPA,A5100,,,
BONDIOLI & PAVESI SPA,A5246,,,
FORANI & PECORARI IDROMECCANICA SNC,A5384,,,
COSTANTE SESINO SPA,A5395,,,
ALFAGOMMA INDUSTRIAL SPA,A5413,,,
ELSEL SRL,A5516,,,
CARRARO ANTONIO SPA,A5523,,,
EMMEGI SPA,A5570,,,
CEIA SPA DIV CEIA S.P.A.,A5681,,,
AKTIEBOLAGET VOLVO,A571N,,,
VIRGIS FILTER S.P.A.,A6477,,,
THALES ITALIA S. P. A.,A6719,,,
METALCOSTRUZIONI DI GIAROLA S. & C.SAS,A7483,,,
G-TEK AB,A796N,,,
NORDIC TRACTION OY,A810G,,,
THESI TECNOLOGIE SRL,A8652,,,
SAFIM SPA,A9067,,,
GORIZIANE GROUP SPA,A9271,,,
C.S.E. DI SERENA ING. CARLO & C. SAS,A9607,,,
RECOTECH AKTIEBOLAG,AA18N,,,
,,,,
DEPARIA ENGINEERING SRL,AF042,,,
COMER INDUSTRIES SPA,AF479,,,
CEME SPA DIVISIONE INDUSTRIAL,AG104,,,
ITALWATT S.R.L.,AG311,,,
CARRARO DRIVE TECH SPA,AG999,,,
BERSY SRL UNIPERSONALE,AJ898,,,
HYDRASPECMA AB,AL48N,,,
FLUCOM SRL,AL907,,,
TAPFLO AB,AM36N,,,
OMB VALVES,AN206,,,
ILLCA S.M.I S.R.L.,AQ083,,,
MCC EUROPE AB,AQ15N,,,
OPTRONIC INSTRUMENTS AND PRODUCTS,B0012,,,
ATLAS COPCO AIRPOWER,B0552,,,
TAKE MOTO ELECTRICAL,B0857,,,
FN HERSTAL DBA FABRIQUE NATIONALE NOUVELLE HERSTAL,B0897,,,
ANGLO BELGIAN CORPORATION NV,B1151,,,
ATELIERS DE CONSTRUCTION DE HERSTAL,B1317,,,
VAREC NV,B1478,,,
SCHILTZ SA,B2599,,,
EUROWHEEL BVBA,B2670,,,
OUTILAC,B4664,,,
SIMTECH,B5604,,,
,,,,
JOHNSON CONTROLS SYSTEMS & SERVICE GMBH,C0292,,,
PARKER HANNIFIN GMBH O-RING DIVISION,C0308,,,
ZABEL TECHNIK GMBH,C0350,,,
BUSCHJOST MAGNETVENTILE GMBH & CO. KG,C0380,,,
AIRBUS HELICOPTERS DEUTSCHLAND GMBH,C0417,,,
AIRBUS HELICOPTERS DEUTSCHLAND GMBH - ENTWICKLUNG,C0418,,,
OTTO GANTER GMBH & CO. KG NORMTEILEFABRIK,C0488,,,
AUTOPAN THOMAS STAEBLER GMBH & CO,C0503,,,
BENDER GMBH & CO. KG,C0537,,,
ROTELMANN GMBH,C0549,,,
EBM-PAPST MULFINGEN GMBH & CO. KG,C0574,,,
EUCHNER GMBH + CO. KG,C0634,,,
BELL - HERMETIC ARMATURENWERK GMBH & CO. KG,C0668,,,
PINTSCH BAMAG ANTRIEBS- UND VERKEHRSTECHNIK GMBH,C0713,,,
"LAMPERTZ, OTTO GMBH & CO KG",C0741,,,
BESSEY TOOL GMBH & CO. KG,C0774,,,
ITT BORNEMANN GMBH,C0913,,,
VALLON GMBH,C1032,,,
PFANNENBERG GMBH,C1059,,,
OTTO ENTSORGUNGSSYSTEME GMBHGESCHAFTSBEREICH ENTSORGUNGSBEHALTER,C1076,,,
BANSBACH EASYLIFT GMBH,C1087,,,
KOMATSU GERMANY GMBH,C1100,,,
GEBR. BECKER GMBH,C1556,,,
OPTIBELT GMBH,C1562,,,
KIEKERT AG,C1583,,,
SCHROTH SAFETY PRODUCTS GMBH,C1624,,,
KONTRON EUROPE GMBH,C1834,,,
HYDAC SYSTEMS & SERVICES GMBH,C1861,,,
"BLOHM, ROBERT - NORMTEILWERK -",C2045,,,
AKG THERMOTECHNIK INTERNATIONAL GMBH & CO. KG,C2112,,,
ARI-ARMATUREN ALBERT RICHTER GMBH & CO. KG,C2133,,,
IFM ELECTRONIC GMBH,C2241,,,
HERION SYSTEMTECHNIK GMBH,C2301,,,
GEORG SCHLEGEL GMBH & CO. KG,C2506,,,
WIRA FAHRZEUG- UND MASCHINENTEILE GMBH,C2741,,,
VOGTMANN - HEROLD + CO.GMBH,C3023,,,
K.A. SCHMERSAL GMBH & CO. KG,C3088,,,
GOPFERT AG ARMATURENFABRIK UND METALLGIESSEREI,C3116,,,
GREENE TWEED & CO. GMBHDICHTUNGSSYSTEME,C3125,,,
LENZE AG,C3163,,,
MHA ZENTGRAF GMBH & CO. KG,C3180,,,
SEEPEX GMBH + CO KG,C3186,,,
GMT GUMMI-METALL-TECHNIK GMBH DIV SALES DEPARTMENT,C3199,,,
WILLIBRORD LOSING FILTERTECHNIK EINGETRAGENE KAUFFRAU,C3328,,,
BEDIA MOTORENTECHNIK GMBH & CO. KG,C3731,,,
THK GMBH,C4053,,,
GSR VENTILTECHNIK GMBH & CO KG,C4208,,,
FAIRCHILD FASTENERS EUROPE - VSD GMBH,C4293,,,
BEKO TECHNOLOGIE GMBH,C4406,,,
CONCENTRIC GERMANY GMBH,C4505,,,
JK DEFENCE & SECURITY PRODUCTS GMBH,C4680,,,
DEUTSCHE VAN RIETSCHOTEN & HOUWENS GMBH,C4717,,,
BRUKER OPTICS GMBH & CO. KG,C5048,,,
AIRTEC GMBH & CO. KG SAFETY SYSTEMS,C5088,,,
ROTORCOMP VERDICHTER GMBH,C5751,,,
SCHISCHEK GMBH,C5804,,,
GHH-RAND SCHRAUBENKOMPRESSOREN GMBH & CO KG,C5833,,,
MICHAEL RIEDEL TRANSFORMATORENBAU GMBH -WERK 1-,C5913,,,
TROPACK PACKMITTEL GMBH,C5953,,,
KTR SYSTEMS GMBH,C6146,,,
KID-SYSTEME GMBH,C6253,,,
"STIEFEL, FRITZ GMBH",C6582,,,
SCHOTTEL GMBH NIEDERLASSUNG WISMAR,C6601,,,
MPR SYSTEMTECHNIK GMBH,C6730,,,
CAT PUMPS DEUTSCHLAND GMBH,C7041,,,
TELE STEUERGERAETE GMBH,C7136,,,
HOKE HANDELSGESELLSCHAFT MBH,C7155,,,
FLUKE DEUTSCHLAND GMBH,C7158,,,
OK INTERNATIONAL GMBH,C7207,,,
LINETA ENGINEERING UND HANDELSGESELL-SCHAFT MBH,C7220,,,
IV-ELECTRONIC KLAUS VESPERMANN KG,C7407,,,
POWER COMPONENTS (DEUTSCHLAND) GMBH,C7432,,,
KNDS DEUTSCHLAND GMBH & CO. KG GESCHAFTSBEREICH SERVICE,C7535,,,
IBD DEISENROTH ENGINEERING GMBH,C7607,,,
MP FILTRI GERMANY GMBH,C7797,,,
HUBA-CONTROL AG ZWEIGNIEDERLASSUNG DEUTSCHLAND,C7823,,,
RUBIX GMBH,C7981,,,
HID GLOBAL GMBH,C8072,,,
ATLAS ELEKTRONIK GMBH,C8328,,,
DURA-SAT GMBH & CO.KG,C8903,,,
ROCHEM WATER TREATMENT GMBH,C9308,,,
RASCHIG GMBH,CA563,,,
UNIVERSAL HYDRAULIK GMBH,CB574,,,
IDENTIVE GMBH,CC394,,,
MISUMI EUROPA GMBH,CF861,,,
FRIEDL & MULLER GERATEBAU GMBH,CG409,,,
ATLAS ELEKTRONIK GMBH - ASD S2000M,CH290,,,
"BAUMO, MOTORENGESELLSCHAFT MIT BESCHRANKTER HAFTUNG",CN0M3,,,
THK RHYTHM AUTOMOTIVE GMBH,CN1H2,,,
"GEBR. STEIMEL GMBH & CO., MASCHINENFABRIK",D0016,,,
DIEHL DEFENCE GMBH & CO. KG,D0078,,,
LEACH INTERNATIONAL GERMANY GMBH,D0080,,,
KNAPP SERVICE KOBLENZ GMBH,D0094,,,
GENERAL ATOMICS AEROTEC SYSTEMS GMBH,D0216,,,
TOTAL FEUERSCHUTZ GMBH,D0243,,,
WEISS TECHNIK GMBH,D0274,,,
GOSSEN METRAWATT GMBH DIV GMC-I GOSSEN-METRAWATT GMBH,D0290,,,
INSTITUT DR. FOERSTER GMBH & CO. KG,D0438,,,
CONTITECH VIBRATION CONTROL GMBH,D0578,,,
BUCHER MUNICIPAL GMBH,D0589,,,
SCHMITTER HYDRAULIK GMBH,D0696,,,
KERB-KONUS-VERTRIEBS-GMBH,D0716,,,
ELNO GMBH,D0800,,,
MANKENBERG GMBH,D0805,,,
HOPPECKE BATTERIEN GMBH & CO. KG,D0911,,,
"BAUER, CHRISTIAN GMBH & CO. KG",D0914,,,
BITZER KUHLMASCHINENBAU GMBH,D1013,,,
J.D. NEUHAUS GMBH & CO. KG,D1196,,,
"BECKER, J.A. & SOEHNE",D1225,,,
DIEHL AEROSPACE GMBH,D1347,,,
STEINBACH & VOLLMANN GMBH & CO. KG,D1455,,,
STOPFIX BREMSE SCHROTER & CO. GMBH,D1458,,,
TE CONNECTIVITY KISSLING PRODUCTS GMBH,D1510,,,
KRUPP ATLAS ELEKTRONIK GMBH,D1518,,,
AIM INFRAROT-MODULE GMBH,D1597,,,
SCHMITZ CARGOBULL AG,D1671,,,
DUESTERLOH FLUIDTECHNIK GMBH,D1686,,,
HUGRO-ARMATUREN GMBH,D1690,,,
SPOHN & BURKHARDT GMBH & CO. KG ELEKTROTECHNISCHE FABRIK,D1714,,,
HAGENUK MARINEKOMMUNIKATION GMBH,D1765,,,
HENSCHEL WEHRTECHNIK GMBH,D1785,,,
METZ AERIALS GMBH & CO. KG,D1791,,,
HENSOLDT SENSORS GMBH DIV SEPS,D1901,,,
THYSSENKRUPP BILSTEIN SUSPENSION GMBH,D1967,,,
TYCO ELECTRONICS RAYCHEM GMBH,D1973,,,
KNDS DEUTSCHLAND GMBH & CO. KG,D1983,,,
HERBORNER PUMPENFABRIK J. H. HOFFMANN GMBH & CO. KG,D1995,,,
KNOTT GMBH,D2006,,,
KIRSCH GMBH,D2117,,,
BORGWARNER BERU SYSTEMS GMBH,D2212,,,
AUTOFLUG GMBH,D2277,,,
"DIEHL AEROSPACE GMBH, STANDORT FRANKFURT",D2439,,,
STEINER-OPTIK GMBH,D2483,,,
SCHALLER-AUTOMATION INDUSTRIELLE AUTOMATIONSTECHNIK GMBH & CO. KG,D2508,,,
SCHROFF GMBH DIV SCHROFF GMBH,D2613,,,
DENISON HYDRAULIK GMBH,D2614,,,
TELEGARTNER KARL GARTNER GMBH,D2630,,,
EME ELEKTRO-METALL EXPORT GMBH,D2638,,,
KNDS DEUTSCHLAND GMBH & CO. KG - WERK KASSEL -,D2692,,,
EBERSPACHER HEIZUNG VERTRIEBS-GMBH & CO. KG,D3020,,,
KODAK GMBH,D3026,,,
MAN TRUCK & BUS SE,D3273,,,
"GILGEN, MULLER & WEIGERT (GMW) GMBH & CO. KG",D3294,,,
MTU AERO ENGINES AG,D3309,,,
SEIBT + KAPP GMBH & COMASCHINENFABRIK KG,D3319,,,
RUD KETTEN RIEGER & DIETZ GMBH U. CO. KG DIV MILITARY SALES ET DEVELOPMENT,D3800,,,
CONTINENTAL AUTOMOTIVE TECHNOLOGIES GMBH,D4276,,,
HOERBIGER SERVICE GMBH,D4339,,,
KIDDE-DEUGRA BRANDSCHUTZSYSTEME GMBH,D4394,,,
RENK AKTIENGESELLSCHAFT,D4405,,,
BRIGGS UND STRATTON GERMANY,D4932,,,
FINDER GMBH,D5353,,,
RECARO GMBH & CO. KG,D5411,,,
GLAMOX MARINE AND OFFSHORE GMBH,D6046,,,
SEIBOLD + SCHWAB GMBH,D6609,,,
AIRROBOT GMBH & CO.KG,D6614,,,
MAXIMATOR GMBH,D7614,,,
,,,,
DAIMLER AG,D8046,,,
,,,,
SCHOTTEL GMBH,D8056,,,
IVECO MAGIRUS AG,D8060,,,
,,,,
ZF FRIEDRICHSHAFEN AG,D8075,,,
PIERBURG GMBH,D8085,,,
MANN + HUMMEL GMBH,D8086,,,
MAHLE INDUSTRIAL THERMAL SYSTEMS GMBH & CO. KG,D8093,,,
GOODRICH LIGHTING SYSTEMS GMBH & CO KG DIV UTAS,D8095,,,
REFLEXALLEN DEUTSCHLAND GMBH,D8115,,,
VALEO WISCHERSYSTEME GMBH,D8130,,,
MOTOMETER GMBH,D8153,,,
ELRINGKLINGER AG,D8175,,,
AD. STRUVER KG (GMBH & CO.),D8246,,,
J.P. SAUER & SOHN MASCHINENBAU GMBH,D8265,,,
AMPHENOL-TUCHEL ELECTRONICS GMBH,D8311,,,
THALES DEUTSCHLAND GMBH DIV CUSTOMER SERVICES,D8385,,,
WILBAR-WILHELM BACKER GMBH & CO. KG,D8400,,,
FLUX-GERATE GMBH,D8430,,,
EBERSPACHER CLIMATE CONTROL SYSTEMS GMBH & CO. KG,D8435,,,
TECALEMIT GMBH & CO. KG,D8462,,,
HELLERMANN TYTON GMBH,D8527,,,
NORMA GERMANY GMBH,D8773,,,
AKG ACOUSTICS GMBH,D8784,,,
HERTH UND BUSS GMBH & CO. KG,D8814,,,
J.M. VOITH SE & CO. KG,D8829,,,
THYSSENKRUPP ROTHE ERDE GMBH,D8856,,,
E-T-A ELEKTROTECHNISCHE APPARATE GMBH,D8885,,,
GREAVES FARYMANN DIESEL GMBH,D8889,,,
HAPPICH GMBH,D8905,,,
TRIUMPH CONTROLS-GERMANY GMBH,D8913,,,
"MEDICON EG, CHIRURGIEMECHANIKER-GENOSSENSCHAFT",D8955,,,
NORIS AUTOMATION GMBH,D8962,,,
WAGO KONTAKTTECHNIK GMBH (NACH SCHWEIZER RECHT) & CO. KG,D8969,,,
SCHAEFFLER TECHNOLOGIES AG & CO. KG,D8984,,,
WESTFALIA SEPARATOR MINERALOIL SYSTEMS GMBH,D8995,,,
STROMAG GMBH,D8996,,,
VULKAN KUPPLUNGS- UND GETRIEBEBAU BERNHARD HACKFORT GMBH & CO KG,D9090,,,
ZOPPAS INDUSTRIES GERMANY GMBH,D9208,,,
WABCO RADBREMSEN GMBH,D9215,,,
GLEASON-HURTH MASCHINEN UND WERKZEUGE GMBH,D9298,,,
RENK GMBH,D9434,,,
HONEYWELL REGELSYSTEME GMBH GESCHAFTSBEREICH SONDERTECHNIK,D9444,,,
RHEINMETALL LANDSYSTEME GMBH,D9448,,,
"SCHNORR, ADOLF GMBH + CO.KG",D9532,,,
LEISTRITZ PUMPEN GMBH,D9550,,,
SUCO ROBERT SCHEUFFELE GMBH & CO. KG,D9707,,,
"HENGST, WALTER ING. GMBH & CO. KGFILTERWERKE",D9741,,,
WACKER NEUSON SE,D9912,,,
GENERAL DYNAMICS EUROPEAN LAND SYSTEMS-BRIDGE SYSTEMS GMBH,D9913,,,
ENGIE REFRIGERATION GMBH,D9955,,,
TEREX CRANES GERMANY GMBH,DE524,,,
SEMIC RF ELECTRONIC GMBH,DG438,,,
B UND T MARKETING GMBH DIV B AND T MARKETING GMBH,DL435,,,
THYRACONT VACUUM INSTRUMENTS GMBH,DN050,,,
HS-COOLER,DN264,,,
FRANZ GOTTWALD GMBH & CO. KG,DN618,,,
RHEINMETALL LANDSYSTEME GMBH,DRMV1,,,
VETUS - MAXWELL APAC LTDMAXWELL MARINE INTERNATIONAL LTD,E1052,,,
BLANC AERO INDUSTRIES - GROUPE LISI AEROSPACE,F0188,,,
AIRBUS HELICOPTERS (ETS DE MARIGNANE),F0210,,,
SAFRAN ELECTRONICS & DEFENSE (EX SAFRAN ELECTRONICS & DEFENSE COCKPIT SOLUTIONS),F0214,,,
LE JOINT FRANCAIS,F0229,,,
SKF FRANCE,F0272,,,
SAFRAN AIRCRAFT ENGINES,F0301,,,
ZODIAC MILPRO INTERNATIONAL,F0308,,,
SOC ALSACIEN REGLAGE THERMIQUE VON ROHR,F0494,,,
SAFRAN AEROSYSTEMS EX SAFRAN AEROTECHNICS PLAISIR,F0553,,,
ARESIA-VALENTON,F0554,,,
MBDA FRANCE,F0555,,,
THALES LAS FRANCE SAS,F0556,,,
MAN ENERGY SOLUTIONS FRANCE,F0579,,,
SOCIETE DE MARQUAGE ET DE SIGNALISATION (NEC AERO),F0656,,,
THE TIMKEN COMPANY,F0704,,,
RADIALL,F0987,,,
HAULOTTE GROUP,F1150,,,
MGI COUTIER,F1372,,,
ARTUS DIV PACIFIC SCIENTIFIC ARTUS,F1549,,,
BOLLHOFF OTALU,F1699,,,
2H ENERGY,F1797,,,
ETABLISSEMENTS PAILLARD,F2161,,,
AUXITROL SA,F2276,,,
MATISA,F2377,,,
JEHIER,F2538,,,
CNH INDUSTRIAL FRANCE,F2758,,,
SERVICE LOGISTIQUE DE LA MARINE,F3012,,,
NAVAL GROUP SITE DE LORIENT,F3015,,,
COMROD FRANCE,F3435,,,
RBC FRANCE SAS,F3754,,,
BOULONNAISE ELECTRONIQUE ET COMPOSANTS,F3781,,,
THALES AIR DEFENCE,F3880,,,
NYCO,F4101,,,
FAPMO,F4460,,,
SIEMENS S.A.S,F4620,,,
GALI FRANCE SA,F5900,,,
SAFRAN AEROSYSTEMS,F6101,,,
SAFRAN LANDING SYSTEMS,F6137,,,
SAFRAN,F6151,,,
AMPHENOL SOCAPEX,F6162,,,
THALES SA,F6481,,,
VANEL,F6772,,,
MERITOR INDUSTRIAL PRODUCTS SAINT-ETIENNE,F6869,,,
BEX,F6938,,,
WELCO INDUSTRIES,F7373,,,
KLX AEROSPACE SOLUTIONS II SAS,F7652,,,
SEIMI,F7889,,,
CRYOSTAR SAS,F7914,,,
MOLYDAL SA,F7940,,,
THALES DMS FRANCE SAS,F8294,,,
COMPAGNIE DEUTSCH ORLEANS,F8410,,,
HECKLER & KOCH FRANCE SAS,F8463,,,
PETZL DISTRIBUTION,F8695,,,
AXIMA REFRIGERATION FRANCE,F8905,,,
L'HOTELLIER SAS,F9211,,,
AGIDET INDUSTRIES,F9571,,,
SLCE WATERMAKERS,F9758,,,
HEMERIA SERVICES,F9858,,,
SEAGATE TECHNOLOGY (NETHERLANDS) B.V.,FA0T8,,,
TECHNIC AVIATION,FA1D6,,,
MECC ALTE INTERNATIONALE SA,FA6A8,,,
AVON COMMUNICATIONS,FADZ3,,,
FAZIM GROUP,FAMC1,,,
WENEX EQUIPEMENTS,FAQU5,,,
EVOLIS,FARS6,,,
INSTITUT DE SOUDURE,FB551,,,
SIELMAN S.A.,G1005,,,
FLUID POWER ENGINEERING LTD,G2017,,,
HORIZON TANKERS LIMITED SA,G2100,,,
,,,,
DAF TRUCKS N.V.,H0001,,,
INDUSTRIAL TECHNOLOGIES & SERVICES ETTEN-LEUR,H0570,,,
,,,,
VIBA B.V.,H0910,,,
HYTECH B.V.,H0F47,,,
WIBA ZEVENAAR B.V.,H0G87,,,
ROTORK GEARS B.V.,H0R19,,,
CATEC B.V.,H0V27,,,
RH MARINE,H1E29,,,
DOEDIJNS B.V.,H1F54,,,
IFM ELECTRONIC B.V.,H1M52,,,
VETH PROPULSION,H1N16,,,
OTT HYDROMET,H2045,,,
RDM TECHNOLOGY B.V.,H2229,,,
VAF INSTRUMENTS B.V.,H2293,,,
DRAGER NEDERLAND B.V.,H2405,,,
MEAN WELL EUROPE B.V.,H2CA0,,,
ELECTROTECHNISCHE INDUSTRIE 'ETI' B.V.,H3052,,,
LEEBUR MULTILIFT B.V.,H5C26,,,
WOUTER WITZEL EUROVALVE B.V.,H6590,,,
ROTOR B.V.,H7043,,,
FLUICONNECTO B.V.,H7762,,,
KRAMP NEDERLAND B.V.,H7877,,,
,,,,
COMITE EUROPEEN DE NORMALISATION,I9006,,,
INTERNATIONAL ORGANIZATION FOR STANDARDIZATION (ISO),I9008,,,
,,,,
KOITO MFG CO. LTD,J1871,,,
FURUNO ELECTRIC CO LTD,J3208,,,
"JAPAN RADIO CO., LTD.",J3664,,,
HONDA MOTOR CO LTD,J4109,,,
YUKEN KOGYO CO LTD,J4548,,,
MITSUBISHI MOTORS CORPORATION,J5410,,,
"KAWANISHI AERO-PARTS PRODUCTS CO.,LTD. DIV ENGINEERING DEPARTMENT",J5538,,,
"THK CO., LTD.",J7241,,,
JAMCO CORPORATION,JA050,,,
,,,,
RHEINMETALL BAE SYSTEMS LAND LIMITED,K0030,,,
FLEXELLO LIMITED,K0044,,,
MPE LTD,K0065,,,
OXLEY DEVELOPMENTS CO LTD,K0066,,,
STOTHERT & PITT,K0073,,,
EDWARDS HIGH VACUUM (PART OF BOC LTD),K0086,,,
MEGGITT (UK) LIMITED,K0100,,,
MACTAGGART SCOTT & CO LTD,K0107,,,
GOODRICH LIMITED DIV GOODRICH LTD,K0131,,,
SERVOMEX GROUP LTD,K0143,,,
THALES UK LIMITED DBA THALES UK LTD OPTRONICS,K0233,,,
M L AVIATION LTD (INCORPORATING M L WALLOP DEFENCE SYSTEMS LTD),K0349,,,
GOODRICH ACTUATION SYSTEMS LTD,K0377,,,
WESTON AEROSPACE LTD DIV WESTON AEROSPACE LTD,K0405,,,
CENTRONIC LTD,K0422,,,
M & I MATERIALS LTD,K0430,,,
JOHNSON CONTROL SYSTEMS LTD,K0460,,,
PLASTICABLE LTD,K0488,,,
TRACTION TECHNOLOGIES EUROPE,K0496,,,
DARCHEM ENGINEERING LTD,K0510,,,
ROCOL LUBRICANTS,K0567,,,
BOSCH AUTOMOTIVE SERVICE SOLUTIONS LTD,K0598,,,
AERONAUTICAL & GENERAL INSTRUMENTS LIMITED,K0639,,,
MOOG WOLVERHAMPTON LIMITED DIV WOLVERHAMPTON,K0648,,,
SAFRAN LANDING SYSTEMS UK LTD DIV SAFRAN LANDING SYSTEMS UK,K0654,,,
BAE SYSTEMS (OPERATIONS) LIMITED,K0656,,,
,,,,
LEONARDO MW LTD,K0662,,,
APPH LTD,K0667,,,
TT ELECTRONICS - BI TECHNOLOGIES LTD,K0718,,,
TRIDENT MARITIME SYSTEMS UK LIMITED,K0735,,,
CIRTEQ LTD,K0745,,,
PARKER HANNIFIN UK LTD - BALSTON,K0770,,,
HONEYWELL AEROSPACE YEOVIL,K0872,,,
MBDA UK LTD,K0967,,,
ALBERT JAGGER LTD,K1038,,,
RACAL ACOUSTICS LIMITED,K1057,,,
ULTRA DYNAMICS LTD,K1076,,,
TRUCK-LITE EUROPE LIMITED,K1078,,,
AMPHENOL LIMITED,K1100,,,
HEAT TRANSFER PRESSURISATION,K1116,,,
CROSS MANUFACTURING COMPANY (1938) LIMITED,K1209,,,
GKN AEROSPACE SERVICES LTD,K1294,,,
TYCO ELECTRONICS UK LTD,K1316,,,
UNIPART AUTOMATIVE T/ASERCKMINTERTRUCK,K1392,,,
AIRPEL FILTRATION,K1411,,,
STEATITE LTD,K1439,,,
VT SHIPSBUILDING LTD,K1447,,,
AWARE SIMULATION LTD,K1459,,,
GOODRICH CONTROL SYSTEMS LTD T/A GOODRICH ENGINE CONTROL SYSTEMS,K1464,,,
LONDON NAME PLATE MANUFACTURING CO LTD THE,K1484,,,
LOCKHEED MARTIN UK AMPTHILL LIMITED,K1562,,,
GKN SINTER METALS,K1590,,,
SEETRU LIMITED,K1695,,,
WALTON ENGINEERING CO LTD,K1750,,,
PERMALI GLOUCESTER LTD,K1789,,,
"MINISTRY OF DEFENCE, DE&S UNDERWATER AND ELECTRONIC WARFARE PT (UEW IPT)",K1806,,,
MUNSTER SIMMS ENGINEERING LTD,K1840,,,
A B CONNECTORS LTD DIV AB CONNECTORS LTD,K2323,,,
AMSAFE BRIDPORT LTD,K2429,,,
MINISTRY OF DEFENCE (NAVY) SHIPS SUPPORT AGENCY,K2516,,,
BELDAM CROSSLEY LIMITED,K2812,,,
DELTA FLUID PRODUCTS LTD,K3013,,,
HENRY TECHNOLOGIES LIMITED,K3070,,,
GINGE-KERR,K3094,,,
UNITED MOULDERS LTD,K3135,,,
GKN AEROSPACE SERVICES LIMITED T/A FPT INDUSTRIES,K3259,,,
FBM BABCOCK MARINE LTD,K3335,,,
HEWLETT-PACKARD LTD,K3464,,,
ITW LIMITED T/A HOUCHIN AEROSPACE DIV HOUCHIN AEROSPACE,K3470,,,
WELIN LAMBIE LTD DIV WELIN LAMBIE LTD.,K3602,,,
ALLEN-VANGUARD LTD,K3751,,,
ROTORK CONTROLS LTD,K3767,,,
DENNIS EAGLE LTD,K3825,,,
MOSS PLASTIC PARTS LTD,K3860,,,
E. P. BARRUS LIMITED DIV SPECIAL PRODUCTS,K3891,,,
TEXTRON GROUND SUPPORT EQUIPMENT UK LIMITED DIV AIRCRAFT HANDLING AND AIRPORT EQUIPMENT,K4234,,,
BOWTECH ELECTRONICS INTERNATIONAL,K4243,,,
BAE SYSTEMS GCS INTERNATIONAL LTD,K4244,,,
"PSM THREADLOCKING & SEALING, A DIVISION OF MCKECHNIE LTD",K4251,,,
CLEAR SUB UK LIMITED,K4269,,,
BRITAX PMG LIMITED,K4449,,,
HYSTER (EUROPE) LTD,K4733,,,
DETROIT DIESEL (OVERSEAS DISTRIBUTION CORP),K4914,,,
,,,,
MERITOR HEAVY VEHICLE SYSTEMS LTD,K4998,,,
"ELECTROLUX PROFESSIONAL LTD,(ELECTROLUX FOODSERVICE)",K5080,,,
REPAIRCRAFT PLC,K5138,,,
RELIANCE PRECISION LIMITED,K5150,,,
DMI YOUNG & CUNNINGHAM LTD,K5206,,,
COOPER ROLLER BEARING CO LTD,K5212,,,
BRIGGS & STRATTON UK LTD,K5261,,,
PERKINS ENGINES CO LTD,K5436,,,
MEGGITT (UK) LIMITED,K5524,,,
DANA AUTOMOTIVE LTD,K5667,,,
BEAKBANE LTD,K5729,,,
"KRAUS & NAIMER, UK SOLENOID LTD",K5787,,,
MP FILTRI UK LTD,K5F33,,,
KUBOTA UK LTD,K5F98,,,
BROOK CROMPTON LTD,K6243,,,
RFD BEAUFORT LIMITED,K6287,,,
PROTEX FASTENERS LTD,K6291,,,
ELLARD SLIDING DOOR GEARS LTD,K6303,,,
TMD FRICTION UK LIMITED,K6327,,,
KAB SEATING LTD,K6469,,,
BROOKSBANK VALVES LTD,K6496,,,
H R SMITH (TECHNICAL DEVELOPMENTS) LTD,K6543,,,
ANDREW LTD,K6608,,,
AIRNESCO GROUP LTD,K6754,,,
ASPEN ELECTRONICS LTD,K6761,,,
TECHMATION LTD,K6854,,,
ALLSPEEDS LIMITED,K6930,,,
WAGO LTD,K6F01,,,
DACO SCIENTIFIC LTD,K7060,,,
CATHELCO LTD,K7239,,,
PARKER HANNIFIN LTD,K7513,,,
B/E AEROSPACE CONSUMABLES MANAGEMENT II LIMITED,K7548,,,
JC BAMFORD EXCAVATORS LTD,K7599,,,
KNDS DEFENCE UK LIMITED,K7705,,,
KAWASAKI PRECISION MACHINERY UK LTD,K7764,,,
"ANIXTER COMPONENTS, DIVISION OF ANIXTER LTD",K7817,,,
MEL AVIATION LIMITED DIV MEL AVIATION LTD,K7974,,,
IMI NORGREN SALES LTD,K7986,,,
IRVIN GQ LTD T/S AML,K8286,,,
MOOG FERNAU LTD,K8329,,,
WARTSILA UK LIMITED,K8495,,,
3M UNITED KINGDOM PLC,K8767,,,
BROYCE CONTROL LIMITED,K8915,,,
WOLF SAFETY LAMP COMPANY LIMITED(THE),K8950,,,
ALTAIR (UK) LTD,K8990,,,
IPECO HOLDINGS LIMITED,K9075,,,
CALEY OCEAN SYSTEMS LTD,KA522,,,
SHELL AVIATION LIMITED,KA832,,,
QUALITY MONITORING INSTRUMENTS LTD,KA960,,,
COOPER MEDC LIMITED,KA984,,,
MICROSET PRODUCTS LIMITED,KB134,,,
LINK MICROTEK LIMITED,KC018,,,
FIBRECO LTD,KC035,,,
A.T.S.I. LIMITED DIV ATSI,KC088,,,
FISCHER PANDA U K LIMITED,KC184,,,
TRAFAG (UK) LIMITED,KC192,,,
PARAMOUNT PANELS (UK) DIV PARAMOUNT PANELS UK,KC1D0,,,
PARKBURN PRECISION HANDLING SYSTEMS LTD DIV PARKBURN PRECISION HANDLING SYSTEMS,KC2P8,,,
BELLE ENGINEERING (SHEEN) LTD,KC3P0,,,
"AMETEK AIRTECHNOLOGY GROUP LTD, TRAXSYS INPUT PRODUCTS",KC515,,,
MAWDSLEYS BER LTD,KC5G2,,,
LEAFIELD LOGISTICS & TECHNICAL SERVICES LIMITED,KC6K3,,,
FASTTRAX LTD,KC7A1,,,
AMINO COMMUNICATIONS LTD,KC8F9,,,
HYDROTECHNIK UK LTD,KC990,,,
E K INVESTMENTS LTD,KCBV4,,,
MEGGITT INTERNATIONAL LTD,KCDW6,,,
BLUE HELIX LIMITED,KCMS9,,,
UNIPART AUTOMOTIVE LIMITED,KCPW7,,,
TVS SUPPLY CHAIN SOLUTIONS LIMITED,KCQ24,,,
BATT CABLES PLC,KCV65,,,
COOPER ANTENNAS LTD,KCVB4,,,
APPLIED ACOUSTIC ENGINEERING LIMITED,KCYG0,,,
ATLAS ELEKTRONIK UK LIMITED,KCZ69,,,
SOVEREIGN LUBRICANTS (UK) LTD T/A SOVEREIGN LUBRICANTS & SEAL,KD4V0,,,
FAREHAM AERO AGENCIES LTD,KD643,,,
CLIFFORD & SNELL ALARMS,KE105,,,
UTM LTD,KE396,,,
HOVERWORK LIMITED,KE487,,,
PORVAIR FILTRATION GROUP LIMITED DIV PORVAIR FILTRATION GROUP - SEGENSWORTH,KE550,,,
,,,,
MRH MARINE LTD,KJ910,,,
PREMIER SHIPPING & PACKAGING LTD DIV PREMIER MARINE SPARES,KK168,,,
DUNCAN ROGERS (ENGINEERING) LTD,KK758,,,
NOVATEC BRAIDS LTD,L0042,,,
NEWCON INTERNATIONAL LTD DBA NEWCON OPTIK,L0076,,,
IMPACT RADIO ACCESSORIESCAPE COMMUNICATIONS INTERNATIONAL INC,L00C9,,,
CORONA INTEGRATED TECHNOLOGIES INC,L0106,,,
WELIN LAMBIE NORTH AMERICA INC,L0145,,,
SENNHEISER (CANADA) INC,L02L2,,,
BARBER INDUSTRIAL INC,L0376,,,
HI-TECH SEALS INC,L0404,,,
LED SMART INC,L04B3,,,
AXIOMATIC TECHNOLOGIES CORPORATION,L0521,,,
PRECISION MOUNTING TECHNOLOGIES LTD,L05E2,,,
HENSOLDT CANADA,L0618,,,
ANALYTIC SYSTEMS WARE (1993) LTD DBA ANALYTIC SYSTEMS,L0694,,,
RODA DEACO VALVE INC,L06R4,,,
ARMATEC SURVIVABILITY CORP DIV ARMATEC SURVIVABILITY,L0782,,,
MIRCOM TECHNOLOGIES LTD,L07C3,,,
"MED-ENG HOLDINGS, ULC",L07F6,,,
WR SHEAVE GAUGES LTD,L07P7,,,
ARMAMENT TECHNOLOGY INCORPORATED,L0922,,,
WAJAX POWER SYSTEMS,L0CL7,,,
EURO-PRECISION INC,L0F01,,,
PHASE ANALYZER COMPANY LTD,L0G00,,,
FASTCUT CNC INC,L0HP9,,,
ULTRA ELECTRONICS TCS INC,L1084,,,
CANCORE INDUSTRIES INC,L1268,,,
HIGHLINER TRAILERS LTD,L1291,,,
AIRBOSS DEFENSE GROUP LTD DBA AIRBOSS ENGINEERED PRODUCTS DIV AIRBOSS-DEFENSE,L1719,,,
SAMLEX AMERICA INC,L1785,,,
DEC MANUFACTURING INC,L1863,,,
CANADIAN BEARINGS LTD,L2662,,,
JASTRAM ENGINEERING LTD,L2798,,,
ADVANTEC MANUFACTURING CANADA INC,L3280,,,
HAMMOND POWER SOLUTIONS INCDBA HPSI,L3771,,,
THORNHILL RESEARCH INC DBA THORNHILL MEDICAL,L4049,,,
PHASE ANALYZER COMPANY LTD,L4118,,,
CHECKFLUID INC,L4342,,,
NEWMAN TOOLS INC,L4451,,,
HENDERSON VALVE AND SPECIALTIES,L4551,,,
ALAZAR TECHNOLOGIES INC DBA ALAZARTECH,L4856,,,
ARNPRIOR AEROSPACE INC,L4858,,,
UNIMOTORDIV OF STANDARD MOTOR PRODUCTS LTD,L5176,,,
WESTWARD TOOLS,L5418,,,
MDS POWER INC,L5658,,,
PYROGENESIS CANADA INC,L5954,,,
EPIPHAN SYSTEMS INC DBA EPIPHAN VIDEO,L5975,,,
ICOR TECHNOLOGY INC,L6265,,,
ESW CANADA INC,L6368,,,
D & V ELECTRONICS LTD,L7027,,,
TECTRAN MANUFACTURING INCORPORATED,L7171,,,
MATTR CORP. DIV CONNECTION SYSTEMS,L7603,,,
LUCERIX INTL CORP,L7635,,,
IMPACTO PROTECTIVE PRODUCTS INC,L8046,,,
LUBECORP MANUFACTURING INC,L8071,,,
STEEPLE INCORPORATED,L8266,,,
AB TECHNOLOGY GROUP,L8347,,,
ALLSALT MARITIME CORPORATION,L8836,,,
TLD CANADA INC,L9215,,,
KONGSBERG DEFENCE & AEROSPACE AS,N0013,,,
MUNCK CRANES A/S,N0061,,,
FRICO AS,N0196,,,
RHEINMETALL NORWAY AS,N0598,,,
ATLAS COPCO KOMPRESSORTEKNIKK A/S,N0809,,,
SERVI AS AVD KONGSBERG,N0819,,,
SERVI AS,N0917,,,
SPERRE AIR POWER AS,N1016,,,
IMENCO BAUER HYDRAULICS AS,N1137,,,
TESS VEST AS,N1593,,,
HATTELAND TECHNOLOGY AS,N1773,,,
SCANELEC AS,N2085,,,
FREMO A/S,N2610,,,
JETS VACCUM AS,N2756,,,
NORVALVES AS,N2894,,,
KEPPEL NORWAY AS,N3789,,,
KONGSBERG PROTECH AS,N4277,,,
HONEYWELL HEARING TECHNOLOGIES AS,N4380,,,
KVH INDUSTRIES NORWAY AS,N4842,,,
BARCO FREDRIKSTAD AS,N4986,,,
FLIR UNMANNED AERIAL SYSTEMS AS,N5387,,,
BERGEN ENGINES AS,N5768,,,
NORWEGIAN DEFENCE/CODIFICATION SECTION,N9995,,,
,,,,
,,,,
,,,,
,,,,
,,,,
,,,,
,,,,
,,,,
,,,,
,,,,
,,,,
,,,,
,,,,
,,,,
,,,,
,,,,
,,,,
,,,,
,,,,
,,,,
,,,,
,,,,
,,,,
,,,,
,,,,
,,,,
,,,,
,,,,
,,,,
,,,,
,,,,
,,,,
,,,,
,,,,
,,,,
,,,,
,,,,
,,,,
REPLACED - USE R1443,R0003,,,
DANOTHERM ELECTRIC A/S,R0022,,,
ATLAS INCINERATORS A/S,R0544,,,
TERMA A/S,R0567,,,
REPLACED; USE: R8649,R0598,,,
CLORIUS CONTROLS A/S,R0602,,,
OBSOLETE,R0652,,,
MOTORFABRIKEN BUKH A/S,R0662,,,
HELLA A/S,R0760,,,
SATAIR A/S,R1120,,,
KAEHLER & BREUMBEHOLDER- OG MASKINFABRIK K/S,R1179,,,
WARTSILA LYNGSO MARINE A/S,R1443,,,
ULSTEIN DANMARK A/SFORMERLY: A/S MOTORFABRIKKEN DAN,R1451,,,
DANISH AEROTECH A/S,R1775,,,
TERMA AEROSTRUCTURES A/S,R2189,,,
ATLAS INCINERATORS A/S,R2394,,,
BURKERT DANMARK A/SFORMERLY: BURKERT-CONTROMATIC A/S,R2434,,,
BUKH A/S,R2934,,,
KLINGER DANMARK A/S,R3010,,,
COBHAM SATCOM,R3323,,,
THANNER A/S DBA THANNER A/S,R3478,,,
DANISH AEROTECH A/S,R3504,,,
DC-SUPPLY A/S,R3684,,,
INVISIO COMMUNICATIONS AS,R3741,,,
MINIBOOSTER HYDRAULICS A/S,R4155,,,
LOPOLIGHT APS DBA LOPOLIGHT APS,R6087,,,
FRED RASMUSSEN APS,R6359,,,
SCHMITZ CARGOBULL DANMARK A/S,R8141,,,
PALFINGER MARINE DENMARK A/S,R8649,,,
FALCOM A/S,R9004,,,
ELBIT SYSTEMS LTD,S0123,,,
HERMES AG,S0199,,,
ISUZU MOTOR CO. LTD,S0226,,,
JAPAN RADIO CO. LTD,S0232,,,
MINEBEA MITSUMI INC.,S0352,,,
TADIRAN LTD,S0522,,,
TOKYO SHIBAURA ELECTRIC CO. LTD,S0557,,,
FURUNO ELECTRIC CO LTD,S0622,,,
TEAC CORPORATION,S0633,,,
"GENERAL DYNAMICS EUROPEAN, LAND-SYSTEMS-MOWAG GMBH DBA GDELS",S3002,,,
SOLTAM SYSTEMS LTD. DBA SOLTAM LTD.,S3151,,,
HUEBNER VAMAG AG,S3352,,,
HUBER AND SUHNER LTD,S3708,,,
CONTELEC SA,S3720,,,
HUBA CONTROL AG,S3896,,,
SAAB KOCKUMS AB - KARLSKRONA,S3934,,,
GKN AEROSPACE SWEDEN AB,S3956,,,
MEGGITT SA (FORMERLY VIBRO-METER SA),S3960,,,
KATADYN PRODUKTE AG,S4023,,,
BESTA AG,S4221,,,
POSEIDON INDUSTRI AB,S4563,,,
BERINGER HYDRAULIK GMBH,S4769,,,
ZURICHER BEUTELTUCHFABRIK AG,S4886,,,
KOITO MFG CO. LTD,S5006,,,
MIBA GLEITLAGER AG,S5082,,,
ISRAEL AEROSPACE INDUSTRIES LTD. SHL - AERO ASSEMBLIES DIVISION,S5495,,,
ORBIT COMMUNICATION SYSTEM LTD,S5496,,,
CYCLONE AVIATION PRODUCTS LTD,S5503,,,
KOCKUM SONICS AB,S5794,,,
YOKOHAMA RUBBER COMPANY AEROSPACE DIVISION,S5825,,,
SUNONWEALTH ELECTRIC MACHINE INDUSTRY CO. LTD,S5844,,,
ELBIT SYSTEMS ELECTRO-OPTICS-ELOPLTD DBA MERGERS 1999 LTD - FORMERLY,S6070,,,
CRYOSTAR,S7003,,,
NIKKISO EIKO LTD,S7004,,,
BOSSARD LTD FASTENERS,S7023,,,
RSL ELECTRONICS LTD,S7040,,,
STORK-KWANT BV,S7050,,,
ELBIT SYSTEMS EW AND SIGINT ELISRALTD. DBA ELECTRONIC EQUIPMENT MANUFACTURER DIV MICROWAVE DIVISION,S7341,,,
AIDC/AEROSPACE INDUSTRIAL DEVELOPMENT CORP. DBA AIDC,S7549,,,
SPRECHER-SCHUHVERKAUF AG,S7657,,,
SUN HYDRAULIK AG,S7662,,,
MEAN WELL ENTERPRISES CO LTD,S8116,,,
FLAKT MARINE AB,S8314,,,
K G KNUTSSON HANDLES AB,S8819,,,
SAUTER AUTOMATION AB,S8859,,,
CARLINGSWITCH INC. INTERRUPTORES DEMEXICO SA DE CU,S9026,,,
PATRIA VEHICLES OY,S9620,,,
SPECMA DUNLOP HYDRAULIC AB,SA277,,,
ISRAEL AIRCRAFT INDUSTRIES LTDTAMAM PRECISION INSTRUMENTS DBA TAMAM DIV TAMAM DIVISION,SA383,,,
ELTAM EIN HASHOFET,SAR77,,,
POLARTHERM OY,SB808,,,
DCD PROTECTED MOBILITY,SB853,,,
WABCO AUTOMOTIVE SA,SBB57,,,
MAN-DIRK (PTY) LTD,SBC28,,,
WURTH S.A. UNIT G1,SBC59,,,
CONTROL INSTRUMENTS AUTOMOTIVE (PTY)LTD,SBC73,,,
AERO SERVICES (PTY) LTD.,SBD41,,,
ROCA INDUSTRY AB,SBF87,,,
LEGRIS SA DIV LEGON,SBM09,,,
OAL SPRING MANUFACTURERS,SBM14,,,
PROAUTO RUBBER,SBM16,,,
BRADBRI PTY LTD,SBS57,,,
MOXA TECHNOLOGIES CO. LTD,SC037,,,
"EATON CONTROLS, S. DE R.L. DE C.V. DIV VEHICLE CONTROLS BUSINESS UNIT",SCT67,,,
ELBIT SYSTEMS SAR AND DATA LINKS -ELISRA LTD.,SD454,,,
,,,,
GIOTTOS INDUSTRIAL INC.,SDN15,,,
PRO-HYDRAULICS CC,SEG82,,,
ACARD TECHNOLOGY (OPERATED BY EXIN INTERNATIONAL CO.),SEW03,,,
NAMMO SWEDEN AKTIEBOLAG - KARLSBORG,SF411,,,
SAAB DYNAMICS AB,SF413,,,
SP AIR CORPORATION,SFE79,,,
WP FASTENERS & SERVICES CC,SFQ81,,,
,,,,
TAILIFT,SGA37,,,
"MICROSS CORPUS CHRISTI, S.A. DE C.V. DIV SEMTECH CORPUS CHRISTI CORPORATION",SH879,,,
VISHAY ISRAEL LTD DBA ELECTRONIC COMPONENT MANUFACTURER DIV TANTALUM CAPACITORS DIVISION,SH905,,,
MTI WIRELESS EDGE LTD,SJ038,,,
TTS MARINE AB FORMERLY TTS SHIPS EQUIPMENT AB DIV DRY CARGO HANDLING,SJ648,,,
JONATHAN MFG DE MEXICO S.DE R.L. DE C.V. DIV JONATHAN ENGINEERED SOLUTIONS,SK721,,,
TONGIL HEAVY INDUSTRIES CO. LTD,SL003,,,
LEHAVOT FIRE PROTECTION,SL592,,,
CACTUS TECHNOLOGIES LIMITED,SQU47,,,
"FMV, SWEDISH DEFENCE MATERIEL ADMINISTRATION",SZ003,,,
DENEL VEHICLE SYSTEMS,SZ177,,,
ORAN - PALMACH TZUBA AGRICULTURALCOOPERATIVE COMMUNITY LTD. DBA ORAN PALMACH TZUBA ACC LTD.,SZ937,,,
PARTS CENTER,U0095,,,
RENOLD POWER TRANSMISSION LIMITED,U0096,,,
BRANSON ULTRASONICS (A DIVISION OF EMERSON ELECTRIC),U0226,,,
B M COATINGS LTD,U0354,,,
DRUCK LIMITED,U0427,,,
TORRINGTON COMPANY LTD,U0440,,,
"ULTRA ELECTRONICS LIMITED, T/A PRECISION AIR & LAND SYSTEMS",U04L5,,,
DOOSAN INFRACORE PORTABLE POWER & ATTACHMENTS,U04M1,,,
ICON AEROSPACE TECHNOLOGY LTD,U0619,,,
PACCAR PARTS U.K. LIMITED,U0747,,,
SCAMMELL MOTORS BRITISH LEYLAND UK LTD,U0759,,,
QINETIQ,U0795,,,
H & S AVIATION LTD,U0796,,,
KLAXON SIGNALS LTD,U0800,,,
BRADFORD CYLINDERS LTD,U0817,,,
HAMWORTHY BELLISS & MORCOM LTD,U0832,,,
MILLER H & CO LTD,U0846,,,
RTL MATERIALS LIMITED DIV ROLATUBE EXPEDITIONARY SYSTEMS,U0910,,,
TWIFLEX LTD,U0912,,,
LEVEL PEAKS ASSOCIATES LIMITED,U09S8,,,
B. HEPWORTH & CO LTD,U0AE1,,,
BSL EXPRESS SERVICE LTD,U0F31,,,
FOERSTER UK LIMITED,U0F98,,,
OXTED TRIMMING,U0H10,,,
OCEAN SIGNAL,U0J02,,,
PREMIER CONTROL TECHNOLOGIES LTD,U0N12,,,
PFANNENBERG (UK) LTD,U0QH0,,,
SIMPSON STRONG TIE LTD,U0YQ0,,,
NASMYTH TECHNOLOGIES LIMITED DIV NASMYTH TECHNOLOGIES FERNDOWN,U0Z75,,,
AEROGLOW INT LIMITED,U0ZL4,,,
INVERTEK DRIVES LTD.,U1046,,,
THOMSON THOMAS (BARRHEAD) LTD,U1064,,,
GREENWOOD ELECTRONIC COMPONENTS LIMITED,U1144,,,
QUICK HYDRAULICS LTD,U1398,,,
SPAREX LTD,U1448,,,
BROOK CROMPTON,U1454,,,
FLOWSERVE FLOCONTROL,U1462,,,
ARCOLECTRIC LTD,U1487,,,
GILBERT GILKES & GORDON LTD,U1494,,,
"MEGGITT (UK) LTD, T/A MEGGITT CONTROL SYSTEMS",U1596,,,
HS MARSTON AEROSPACE LTD DIV HS MARSTON AEROSPACE LIMITED,U1603,,,
SIMPSON-LAWRENCE LTD JOHNSON AND EVI RUDE OUTBOARD MOTORS,U1621,,,
CAMBERLEY RUBBER MOULDINGS LTD (CAMLOCK UK LTD),U1644,,,
FOREST RUBBER CO LTD,U1651,,,
MOFLASH SIGNALLING LTD,U1692,,,
MINISTRY OF DEFENCE (AIR) (DOMESTIC REFERENCE NUMBER USE ONLY),U1725,,,
GE POWER CONVERSION UK LTD,U1758,,,
GOODYEAR (GB) LTD,U1777,,,
TURNER POWERTRAIN SYSTEMS LTD,U1809,,,
UNBRAKO (A DIVISION OF S P S TECHNOLOGIES LTD),U1811,,,
FIRE PROTECTION RECYCLING LIMITED,U1814,,,
L3HARRIS RELEASE & INTEGRATED SOLUTIONS LTD DIV NVCS,U1816,,,
BUDENBERG GAUGE COMPANY LIMITED,U1902,,,
CHELTON LIMITED DIV COBHAM ANTENNAS BU,U1907,,,
MISSION SYSTEMS WIMBORNE LIMITED DIV COBHAM MISSION SYSTEMS WIMBORNE LTD,U1918,,,
FORD MOTOR CO LTD,U1980,,,
NICHOLSONS SEALING TECHNOLOGIES LIMITED,U1982,,,
ADVANCED ELECTRONICS & LOGISTICS LTD,U1DQ6,,,
ACROW GLOBAL LIMITED,U1JN7,,,
A.T. JUNIPER (LIVERPOOL) LIMITED,U2066,,,
FLAKTWOODS LTD,U2144,,,
OVIVO UK LIMITED,U2204,,,
KING TRAILERS LTD,U2282,,,
BAE SYSTEMS INTEGRATED SYSTEM TECHNOLOGIES LTD,U2290,,,
SABRE ENGINES LTD,U2340,,,
ELE ADVANCED TECHNOLOGIES LIMITED,U2432,,,
MITCHELL DIESEL LIMITED T/A MITCHELL POWERSYSTEMS,U2477,,,
MARINE & INDUSTRIAL TRANSMISSIONS LTD,U2621,,,
CELAB LTD,U2888,,,
MARL INTERNATIONAL LTD,U3054,,,
DENISON HYDRAULICS UK LTD,U3058,,,
FIRE FIGHTING ENTERPRISES LTD,U3061,,,
STAUFF UK,U3154,,,
SEMELAB LIMITED,U3158,,,
OK INTERNATIONAL LTD,U3306,,,
CATERPILLAR TRACTOR CO LTD,U3363,,,
CONVERTEAM LTD (UK),U3387,,,
LEWMAR LTD,U3431,,,
HI-PRESS HYDRAULICS LTD,U3470,,,
"RACAL INSTRUMENTS WIRELESS SOLUTIONS LTD, AN AEROFLEX COMPANY",U3577,,,
ALPHA CONTROLS LTD,U3585,,,
BOLLFILTER UK LTD,U3658,,,
INSYS LTD,U3674,,,
OSHKOSH AEROTECH UK LIMITED,U3731,,,
CLARON HYDRAULIC SEALS LTD,U3732,,,
CLAMCLEATS LTD,U3827,,,
ULTRA ELECTRONICS LTD (ELECTRONICS DIVISION),U3979,,,
GIRO ENGINEERING LTD,U4104,,,
SURVITEC SERVICE & DISTRIBUTION LIMITED,U4207,,,
ANRITSU EMEA LIMITED,U4252,,,
ROLLS-ROYCE CONTROLS AND DATA SERVICES LIMITED,U4271,,,
ROLLS-ROYCE CONTROLS AND DATA SERVICES LIMITED,U4287,,,
ALLEN GEARS LTD,U4352,,,
SPECTRUM CONTROL LTD DIV API MICROELECTRONICS LTD,U4388,,,
WIXROYD INTERNATIONAL LTD,U4430,,,
SMC PNEUMATICS (UK) LTD,U4463,,,
SUPACAT LIMITED,U4542,,,
FNH UK LTD,U4574,,,
ELTIME LTD (T/A ELTIME CONTROLS),U4630,,,
INDUSTRIAL GAS SPRINGS LIMITED,U4646,,,
DAWMEC LTD,U4755,,,
BROWN DAVID/TEXTRON POWER TRANSMISSIONS,U5065,,,
SELEX ES LTD,U5115,,,
THALES OPTRONICS STAINES LTD,U5266,,,
HOULDER LTD,U5365,,,
APOLLO FIRE DETECTORS LTD,U5395,,,
IFM ELECTRONIC LTD,U5429,,,
LEYLAND TRUCKS LTD (FOR SPARE PARTS SEE U6425),U5612,,,
DAVID BROWN HYDRAULICS LTD,U5679,,,
AEROFLEX HOSE AND ENGINEERING LIMITED,U5688,,,
TYCO ELECTRONICS (UK) LIMITED DIV POLAMCO PRODUCTS,U5792,,,
BETA VALVE SYSTEMS LIMITED,U5911,,,
THORNYCROFT ENGINES LTD,U5912,,,
JARVIS MANUFACTURING LIMITED,U6046,,,
CRESSALL RESISTORS LTD,U6177,,,
ATLANTIC INERTIAL SYSTEMS LIMITED,U6441,,,
ULTRALIFE BATTERIES (UK) LTD,U6734,,,
SOIL MACHINE DYNAMICS LIMITED,U6749,,,
HESCO BASTION LIMITED,U6800,,,
HYPRO DEVELOPMENTS LTD T/A HYPRO MARINE,U6927,,,
ROBNOR RESINS LTD,U7218,,,
GALGO (UK) LTD,U7304,,,
LLOYD WORRALL (NEWCASTLE) LTD,U7338,,,
MANN & HUMMEL (UK) LTD,U7450,,,
CANFORD AUDIO PLC,U7474,,,
W.L. GORE AND ASSOCIATES (U.K.) LIMITED,U7676,,,
PAMARGAN PRODUCTS LTD,U7689,,,
WALKER FILTRATION LTD,U7699,,,
MCNAUGHTON DYNAMICS LIMITED,U7709,,,
PAILTON ENGINEERING LTD,U7775,,,
BCF DESIGNS LIMITED,U7927,,,
AMS AIRCRAFT RECOVERY LIMITED,U7972,,,
BOMAG (GB) LTD,U8326,,,
PERPLAS,U8623,,,
TECH OPTICS LIMITED,U8793,,,
TEXTRON SYSTEMS ELECTRONIC SYSTEMS UK LTD,U8939,,,
BAE SYSTEMS (OPERATIONS) LIMITED,U9143,,,
ERA TECHNOLOGY LIMITED T/A COBHAM TECHNICAL SERVICES,U9184,,,
KEYMED (MEDICAL & INDUSTRIAL EQUIPMENT) LIMITED,U9207,,,
SILVERTRONIC LIMITED,U9346,,,
KITTIWAKE DEVELOPMENTS LIMITED,U9579,,,
DALTON POWER PRDOUCTS LTD,U9666,,,
EUROPEAN ANTENNAS LTD T/A COBHAM ANTENNA SYSTEMS DIV COBHAM DEFENSE SYSTEMS,U9736,,,
PERCIVAL AVIATION LTD,U9987,,,
JFD AUSTRALIA PTY LTD,Z01M1,,,
SEALITE PTY. LTD. DIV AVLITE SYSTEMS,Z05F7,,,
THALES AUSTRALIA - BENDIGO LAND & JOINT SYSTEMS,Z0655,,,
TRICO PRODUCTS PTY LTD,Z0867,,,
SEASCAPE TECHNOLOGY,Z0DB8,,,
CFC HOLDINGS PTY LTD,Z0GH5,,,
ISUZU AUSTRALIA LTD,Z0X96,,,
LEIDOS AUSTRALIA PTY LIMITED,Z0YR8,,,
BASIL V R GREATREX PTY LTD,Z1076,,,
EBSRAY PUMPS PTY LTD,Z1286,,,
HIGHCOM LIMITED,Z1B07,,,
SNAP-ON TOOLS (AUSTRALIA) PTY LTD,Z1F72,,,
CHEMRING AUSTRALIA PTY LTD,Z3487,,,
JLG INDUSTRIES INC,Z3C29,,,
JAMES GLEN PTY LTD,Z4484,,,
HAULMARK TRAILERS (AUSTRALIA) PTY LTD,Z4732,,,
MPOWER PROJECTS PTY LIMITED,Z4781,,,
BEAVER ENGINEERING PTY LTD,Z4C07,,,
INTERNATIONAL SEAL CO AUST PTY LTD,Z5287,,,
AUSTAL SHIPS PTY LTD,Z5723,,,
TELLUS RADIO PTY LTD,Z5765,,,
KAB SEATING SYSTEMS,Z5U20,,,
WILTRADING STACE PTY LTD,Z7G81,,,
BAE SYSTEMS AUSTRALIA LIMITED,Z8518,,,
DARONMONT TECHNOLOGIES PTY LTD,Z9965,,,
BROWN DAVIS AUTOMOTIVE PTY LTD,ZAL46,,,
MCINTYRE EQUIPMENT PTY LTD,ZAU39,,,
ADELAIDE HYDRAULICS PTY LTD,ZBB84,,,
W & E PLATT PTY LTD,ZG731,,,
FLEETGUARD FILTERS,ZS373,,,
KAB SEATING PTY LTD,ZW711,,,
